Product_ID,Region,Category,Base_Cost,Brand_Strength_Score,Price_Tier,Max Allowed Mark up%,Recommended_selling_price,Mark up % Used,Warning,Target_revenue,Target_margin
10001,Germany,Food & Refreshment,12.72,2,Value,12,14.2464,12.00000000000001,OK,460000,0.31
10002,Spain,Food & Refreshment,6.97,4,Standard,28,8.9216,28.0,OK,410000,0.3
10003,UK,Food & Refreshment,10.77,2,Value,12,12.0624,12.00000000000001,OK,520000,0.32
10004,Germany,Food & Refreshment,11.11,3,Value,12,12.4432,12.00000000000001,OK,460000,0.31
10005,Germany,Food & Refreshment,3.02,4,Standard,28,3.8656,28.0,OK,460000,0.31
10006,Spain,Personal Care,5.74,4,Standard,30,7.462000000000001,30.0,OK,410000,0.3
10007,UK,Food & Refreshment,9.74,10,Premium,55,15.097,55.00000000000001,OK,520000,0.32
10008,UK,Food & Refreshment,1.53,9,Premium,55,2.3715,55.00000000000001,OK,520000,0.32
10009,Germany,Personal Care,5.74,10,Premium,60,9.184000000000001,60.00000000000001,OK,460000,0.31
10010,France,Personal Care,8.25,6,Standard,30,10.725,30.0,OK,430000,0.29
10011,Germany,Personal Care,14.95,9,Premium,60,23.92,60.00000000000001,OK,460000,0.31
10012,Germany,Personal Care,7.38,4,Standard,30,9.594,30.0,OK,460000,0.31
10013,Germany,Personal Care,12.33,9,Premium,60,19.728,60.00000000000001,OK,460000,0.31
10014,Germany,Personal Care,6.76,9,Premium,60,10.816,60.00000000000001,OK,460000,0.31
10015,Spain,Food & Refreshment,12.05,6,Standard,28,15.424,28.0,OK,410000,0.3
10016,UK,Food & Refreshment,9.13,5,Standard,28,11.6864,28.0,OK,520000,0.32
10017,Spain,Home Care,13.36,3,Value,10,14.696,10.00000000000001,OK,410000,0.3
10018,Spain,Food & Refreshment,6.46,5,Standard,28,8.2688,28.0,OK,410000,0.3
10019,Spain,Food & Refreshment,9.26,3,Value,12,10.3712,12.00000000000001,OK,410000,0.3
10020,Germany,Personal Care,9.64,5,Standard,30,12.532,30.0,OK,460000,0.31
10021,France,Personal Care,6.55,5,Standard,30,8.515,30.0,OK,430000,0.29
10022,UK,Food & Refreshment,2.59,2,Value,12,2.9008,12.00000000000001,OK,520000,0.32
10023,France,Home Care,1.86,9,Premium,50,2.79,50.0,OK,430000,0.29
10024,Spain,Personal Care,0.74,7,Standard,30,0.962,30.0,OK,410000,0.3
10025,Spain,Food & Refreshment,13.17,6,Standard,28,16.8576,28.0,OK,410000,0.3
10026,France,Food & Refreshment,3.93,5,Standard,28,5.0304,28.0,OK,430000,0.29
10027,France,Home Care,3.57,4,Standard,25,4.462499999999999,25.0,OK,430000,0.29
10028,France,Home Care,11.17,8,Premium,50,16.755,50.0,OK,430000,0.29
10029,Spain,Personal Care,5.14,2,Value,15,5.911,14.99999999999999,OK,410000,0.3
10030,Spain,Home Care,7.84,8,Premium,50,11.76,50.0,OK,410000,0.3
10031,UK,Food & Refreshment,2.86,1,Value,12,3.2032,12.00000000000001,OK,520000,0.32
10032,UK,Food & Refreshment,14.42,10,Premium,55,22.351,55.00000000000001,OK,520000,0.32
10033,Spain,Home Care,12.85,1,Value,10,14.135,10.00000000000001,OK,410000,0.3
10034,France,Home Care,13.02,3,Value,10,14.322,10.00000000000001,OK,430000,0.29
10035,France,Home Care,6.4,5,Standard,25,8.0,25.0,OK,430000,0.29
10036,UK,Home Care,11.55,6,Standard,25,14.4375,25.0,OK,520000,0.32
10037,Spain,Personal Care,2.59,4,Standard,30,3.367,30.0,OK,410000,0.3
10038,UK,Home Care,0.62,7,Standard,25,0.775,25.0,OK,520000,0.32
10039,UK,Personal Care,0.79,7,Standard,30,1.027,30.0,OK,520000,0.32
10040,Germany,Food & Refreshment,9.01,2,Value,12,10.0912,12.00000000000001,OK,460000,0.31
10041,Germany,Home Care,7.1,2,Value,10,7.81,10.00000000000001,OK,460000,0.31
10042,Germany,Personal Care,8.01,2,Value,15,9.2115,14.99999999999999,OK,460000,0.31
10043,France,Home Care,0.61,2,Value,10,0.671,10.00000000000001,OK,430000,0.29
10044,Spain,Food & Refreshment,6.63,9,Premium,55,10.2765,55.00000000000001,OK,410000,0.3
10045,Spain,Food & Refreshment,10.91,5,Standard,28,13.9648,28.0,OK,410000,0.3
10046,Spain,Food & Refreshment,6.92,8,Premium,55,10.726,55.00000000000001,OK,410000,0.3
10047,Spain,Home Care,11.12,5,Standard,25,13.9,25.0,OK,410000,0.3
10048,Germany,Home Care,3.88,5,Standard,25,4.85,25.0,OK,460000,0.31
10049,France,Personal Care,12.29,1,Value,15,14.1335,14.99999999999999,OK,430000,0.29
10050,France,Food & Refreshment,9.03,6,Standard,28,11.5584,28.0,OK,430000,0.29
10051,Germany,Home Care,3.56,4,Standard,25,4.45,25.0,OK,460000,0.31
10052,France,Food & Refreshment,3.93,3,Value,12,4.4016,12.00000000000001,OK,430000,0.29
10053,Germany,Food & Refreshment,9.61,6,Standard,28,12.3008,28.0,OK,460000,0.31
10054,Spain,Personal Care,12.53,2,Value,15,14.4095,14.99999999999999,OK,410000,0.3
10055,Germany,Personal Care,6.53,8,Premium,60,10.448,60.00000000000001,OK,460000,0.31
10056,Spain,Personal Care,4.25,1,Value,15,4.887499999999999,14.99999999999999,OK,410000,0.3
10057,Spain,Personal Care,13.07,9,Premium,60,20.912,60.00000000000001,OK,410000,0.3
10058,UK,Food & Refreshment,10.2,8,Premium,55,15.81,55.00000000000001,OK,520000,0.32
10059,Germany,Personal Care,7.0,1,Value,15,8.049999999999999,14.99999999999999,OK,460000,0.31
10060,UK,Personal Care,7.57,10,Premium,60,12.112,60.00000000000001,OK,520000,0.32
10061,Germany,Personal Care,3.46,9,Premium,60,5.536,60.00000000000001,OK,460000,0.31
10062,Germany,Personal Care,9.59,2,Value,15,11.0285,14.99999999999999,OK,460000,0.31
10063,UK,Food & Refreshment,5.7,3,Value,12,6.384000000000001,12.00000000000001,OK,520000,0.32
10064,UK,Personal Care,14.94,2,Value,15,17.181,14.99999999999999,OK,520000,0.32
10065,Germany,Food & Refreshment,7.46,8,Premium,55,11.563,55.00000000000001,OK,460000,0.31
10066,France,Home Care,7.55,2,Value,10,8.305,10.00000000000001,OK,430000,0.29
10067,Spain,Food & Refreshment,8.7,10,Premium,55,13.485,55.00000000000001,OK,410000,0.3
10068,UK,Food & Refreshment,13.79,2,Value,12,15.4448,12.00000000000001,OK,520000,0.32
10069,Spain,Personal Care,12.11,1,Value,15,13.9265,14.99999999999999,OK,410000,0.3
10070,France,Home Care,7.04,7,Standard,25,8.8,25.0,OK,430000,0.29
10071,France,Home Care,10.92,2,Value,10,12.012,10.00000000000001,OK,430000,0.29
10072,France,Home Care,9.0,10,Premium,50,13.5,50.0,OK,430000,0.29
10073,UK,Home Care,7.64,5,Standard,25,9.549999999999999,25.0,OK,520000,0.32
10074,France,Food & Refreshment,3.29,5,Standard,28,4.2112,28.0,OK,430000,0.29
10075,UK,Home Care,7.23,3,Value,10,7.953000000000001,10.00000000000001,OK,520000,0.32
10076,France,Food & Refreshment,4.06,3,Value,12,4.5472,12.00000000000001,OK,430000,0.29
10077,Spain,Food & Refreshment,13.77,3,Value,12,15.4224,12.00000000000001,OK,410000,0.3
10078,Spain,Food & Refreshment,5.36,6,Standard,28,6.8608,28.0,OK,410000,0.3
10079,Germany,Home Care,14.31,4,Standard,25,17.8875,25.0,OK,460000,0.31
10080,Spain,Personal Care,8.23,3,Value,15,9.4645,14.99999999999999,OK,410000,0.3
10081,Germany,Personal Care,9.66,2,Value,15,11.109,14.99999999999999,OK,460000,0.31
10082,Spain,Home Care,8.37,3,Value,10,9.207,10.00000000000001,OK,410000,0.3
10083,UK,Personal Care,2.38,4,Standard,30,3.094,30.0,OK,520000,0.32
10084,Spain,Personal Care,5.95,6,Standard,30,7.735,30.0,OK,410000,0.3
10085,Germany,Food & Refreshment,1.94,4,Standard,28,2.4832,28.0,OK,460000,0.31
10086,Germany,Food & Refreshment,9.53,8,Premium,55,14.7715,55.00000000000001,OK,460000,0.31
10087,France,Home Care,6.98,3,Value,10,7.678000000000001,10.00000000000001,OK,430000,0.29
10088,UK,Home Care,11.78,3,Value,10,12.958,10.00000000000001,OK,520000,0.32
10089,Spain,Personal Care,3.7,3,Value,15,4.255,14.99999999999999,OK,410000,0.3
10090,France,Food & Refreshment,2.89,8,Premium,55,4.479500000000001,55.00000000000003,OK,430000,0.29
10091,Spain,Home Care,6.39,4,Standard,25,7.9875,25.0,OK,410000,0.3
10092,Spain,Home Care,13.94,1,Value,10,15.334,10.00000000000001,OK,410000,0.3
10093,France,Home Care,10.8,2,Value,10,11.88,10.00000000000001,OK,430000,0.29
10094,France,Home Care,6.57,10,Premium,50,9.855,50.0,OK,430000,0.29
10095,France,Home Care,8.0,2,Value,10,8.8,10.00000000000001,OK,430000,0.29
10096,France,Home Care,1.72,3,Value,10,1.892,10.00000000000001,OK,430000,0.29
10097,France,Personal Care,14.78,6,Standard,30,19.214,30.0,OK,430000,0.29
10098,Spain,Food & Refreshment,10.16,8,Premium,55,15.748,55.00000000000001,OK,410000,0.3
10099,France,Food & Refreshment,4.64,1,Value,12,5.196800000000001,12.00000000000001,OK,430000,0.29
10100,UK,Home Care,8.99,9,Premium,50,13.485,50.0,OK,520000,0.32
10101,Germany,Food & Refreshment,2.09,1,Value,12,2.3408,12.00000000000001,OK,460000,0.31
10102,France,Food & Refreshment,14.5,10,Premium,55,22.475,55.00000000000001,OK,430000,0.29
10103,France,Food & Refreshment,3.03,2,Value,12,3.3936,12.00000000000001,OK,430000,0.29
10104,Spain,Home Care,9.9,3,Value,10,10.89,10.00000000000001,OK,410000,0.3
10105,France,Home Care,4.06,7,Standard,25,5.074999999999999,25.0,OK,430000,0.29
10106,France,Food & Refreshment,10.9,9,Premium,55,16.895,54.99999999999999,OK,430000,0.29
10107,France,Food & Refreshment,11.76,3,Value,12,13.1712,12.00000000000001,OK,430000,0.29
10108,Spain,Home Care,10.26,8,Premium,50,15.39,50.0,OK,410000,0.3
10109,France,Personal Care,9.41,9,Premium,60,15.056,60.00000000000001,OK,430000,0.29
10110,Germany,Food & Refreshment,13.44,10,Premium,55,20.832,55.00000000000001,OK,460000,0.31
10111,Spain,Personal Care,1.64,7,Standard,30,2.132,30.0,OK,410000,0.3
10112,Germany,Food & Refreshment,5.3,4,Standard,28,6.784,28.0,OK,460000,0.31
10113,Spain,Personal Care,4.1,4,Standard,30,5.33,30.0,OK,410000,0.3
10114,France,Personal Care,14.83,4,Standard,30,19.279,30.0,OK,430000,0.29
10115,Germany,Personal Care,6.15,6,Standard,30,7.995000000000001,30.0,OK,460000,0.31
10116,Spain,Home Care,11.12,4,Standard,25,13.9,25.0,OK,410000,0.3
10117,UK,Personal Care,10.43,5,Standard,30,13.559,30.0,OK,520000,0.32
10118,France,Personal Care,3.58,9,Premium,60,5.728000000000001,60.00000000000001,OK,430000,0.29
10119,Spain,Personal Care,3.97,7,Standard,30,5.161,30.0,OK,410000,0.3
10120,UK,Food & Refreshment,4.58,8,Premium,55,7.099,55.00000000000001,OK,520000,0.32
10121,Spain,Personal Care,6.46,5,Standard,30,8.398,30.0,OK,410000,0.3
10122,UK,Food & Refreshment,3.9,5,Standard,28,4.992,28.0,OK,520000,0.32
10123,France,Personal Care,0.78,7,Standard,30,1.014,30.0,OK,430000,0.29
10124,Germany,Personal Care,13.25,8,Premium,60,21.2,60.00000000000003,OK,460000,0.31
10125,UK,Home Care,14.5,9,Premium,50,21.75,50.0,OK,520000,0.32
10126,Spain,Food & Refreshment,5.45,2,Value,12,6.104000000000001,12.00000000000001,OK,410000,0.3
10127,France,Personal Care,5.41,3,Value,15,6.2215,14.99999999999999,OK,430000,0.29
10128,UK,Food & Refreshment,0.6,2,Value,12,0.672,12.00000000000001,OK,520000,0.32
10129,Spain,Food & Refreshment,10.36,10,Premium,55,16.058,55.00000000000001,OK,410000,0.3
10130,Spain,Home Care,12.47,7,Standard,25,15.5875,25.0,OK,410000,0.3
10131,Spain,Home Care,2.63,2,Value,10,2.893,10.00000000000001,OK,410000,0.3
10132,UK,Home Care,2.82,2,Value,10,3.102,10.00000000000001,OK,520000,0.32
10133,UK,Home Care,11.96,2,Value,10,13.156,10.00000000000001,OK,520000,0.32
10134,UK,Home Care,9.44,4,Standard,25,11.8,25.0,OK,520000,0.32
10135,Germany,Home Care,1.15,1,Value,10,1.265,10.00000000000001,OK,460000,0.31
10136,UK,Home Care,9.53,2,Value,10,10.483,10.00000000000001,OK,520000,0.32
10137,UK,Home Care,4.98,3,Value,10,5.478000000000001,10.00000000000001,OK,520000,0.32
10138,UK,Personal Care,5.85,7,Standard,30,7.605,30.0,OK,520000,0.32
10139,Germany,Food & Refreshment,11.66,10,Premium,55,18.073,55.00000000000001,OK,460000,0.31
10140,UK,Home Care,12.26,1,Value,10,13.486,10.00000000000001,OK,520000,0.32
10141,Spain,Home Care,6.31,6,Standard,25,7.887499999999999,25.0,OK,410000,0.3
10142,UK,Food & Refreshment,14.23,3,Value,12,15.9376,12.00000000000001,OK,520000,0.32
10143,Spain,Personal Care,6.39,3,Value,15,7.348499999999999,14.99999999999999,OK,410000,0.3
10144,Spain,Food & Refreshment,11.69,4,Standard,28,14.9632,28.0,OK,410000,0.3
10145,Spain,Food & Refreshment,7.52,4,Standard,28,9.6256,28.0,OK,410000,0.3
10146,Germany,Home Care,13.51,7,Standard,25,16.8875,25.0,OK,460000,0.31
10147,Germany,Food & Refreshment,13.66,3,Value,12,15.2992,12.00000000000001,OK,460000,0.31
10148,Germany,Food & Refreshment,1.77,8,Premium,55,2.7435,55.00000000000001,OK,460000,0.31
10149,UK,Home Care,14.08,8,Premium,50,21.12,50.0,OK,520000,0.32
10150,Spain,Home Care,12.47,7,Standard,25,15.5875,25.0,OK,410000,0.3
10151,Germany,Home Care,11.97,2,Value,10,13.167,10.00000000000001,OK,460000,0.31
10152,Germany,Home Care,3.41,5,Standard,25,4.2625,25.0,OK,460000,0.31
10153,UK,Food & Refreshment,12.17,6,Standard,28,15.5776,28.0,OK,520000,0.32
10154,Germany,Food & Refreshment,12.83,10,Premium,55,19.8865,55.00000000000001,OK,460000,0.31
10155,UK,Personal Care,4.69,4,Standard,30,6.097,30.0,OK,520000,0.32
10156,France,Personal Care,14.31,10,Premium,60,22.896,60.00000000000001,OK,430000,0.29
10157,Germany,Food & Refreshment,1.22,5,Standard,28,1.5616,28.0,OK,460000,0.31
10158,France,Personal Care,2.67,9,Premium,60,4.272,60.00000000000001,OK,430000,0.29
10159,UK,Food & Refreshment,8.29,7,Standard,28,10.6112,28.0,OK,520000,0.32
10160,Spain,Personal Care,8.85,2,Value,15,10.1775,14.99999999999999,OK,410000,0.3
10161,Germany,Home Care,9.85,1,Value,10,10.835,10.00000000000001,OK,460000,0.31
10162,UK,Personal Care,0.75,2,Value,15,0.8624999999999999,14.99999999999999,OK,520000,0.32
10163,Spain,Home Care,14.43,3,Value,10,15.873,10.00000000000001,OK,410000,0.3
10164,Spain,Home Care,1.15,2,Value,10,1.265,10.00000000000001,OK,410000,0.3
10165,France,Home Care,2.57,3,Value,10,2.827,10.00000000000001,OK,430000,0.29
10166,UK,Home Care,0.7,10,Premium,50,1.05,49.99999999999998,OK,520000,0.32
10167,Spain,Personal Care,8.72,9,Premium,60,13.952,60.00000000000001,OK,410000,0.3
10168,Germany,Food & Refreshment,14.02,4,Standard,28,17.9456,28.0,OK,460000,0.31
10169,Germany,Home Care,10.16,9,Premium,50,15.24,50.0,OK,460000,0.31
10170,France,Personal Care,12.43,3,Value,15,14.2945,14.99999999999999,OK,430000,0.29
10171,Spain,Home Care,0.69,1,Value,10,0.759,10.00000000000001,OK,410000,0.3
10172,UK,Personal Care,8.36,5,Standard,30,10.868,30.0,OK,520000,0.32
10173,Germany,Personal Care,7.16,10,Premium,60,11.456,60.00000000000001,OK,460000,0.31
10174,Spain,Personal Care,7.74,10,Premium,60,12.384,60.00000000000001,OK,410000,0.3
10175,Spain,Food & Refreshment,1.55,2,Value,12,1.736,12.00000000000001,OK,410000,0.3
10176,France,Personal Care,10.42,4,Standard,30,13.546,30.0,OK,430000,0.29
10177,Germany,Personal Care,7.8,2,Value,15,8.969999999999999,14.99999999999999,OK,460000,0.31
10178,Germany,Food & Refreshment,11.59,2,Value,12,12.9808,12.00000000000001,OK,460000,0.31
10179,UK,Food & Refreshment,7.54,3,Value,12,8.4448,12.00000000000001,OK,520000,0.32
10180,Germany,Personal Care,2.67,5,Standard,30,3.471,30.0,OK,460000,0.31
10181,UK,Food & Refreshment,9.9,4,Standard,28,12.672,28.0,OK,520000,0.32
10182,Germany,Home Care,3.0,2,Value,10,3.3,10.00000000000001,OK,460000,0.31
10183,France,Home Care,13.15,10,Premium,50,19.725,50.0,OK,430000,0.29
10184,Germany,Food & Refreshment,9.39,2,Value,12,10.5168,12.00000000000001,OK,460000,0.31
10185,UK,Food & Refreshment,2.78,6,Standard,28,3.5584,28.0,OK,520000,0.32
10186,UK,Personal Care,14.45,7,Standard,30,18.785,30.0,OK,520000,0.32
10187,France,Food & Refreshment,8.02,10,Premium,55,12.431,55.00000000000001,OK,430000,0.29
10188,Germany,Personal Care,1.56,6,Standard,30,2.028,30.0,OK,460000,0.31
10189,Germany,Home Care,9.59,7,Standard,25,11.9875,25.0,OK,460000,0.31
10190,France,Food & Refreshment,4.17,1,Value,12,4.670400000000001,12.00000000000001,OK,430000,0.29
10191,Germany,Personal Care,12.15,6,Standard,30,15.795,30.0,OK,460000,0.31
10192,Germany,Personal Care,12.36,3,Value,15,14.214,14.99999999999999,OK,460000,0.31
10193,UK,Home Care,14.69,1,Value,10,16.159,10.00000000000003,OK,520000,0.32
10194,Germany,Food & Refreshment,7.78,8,Premium,55,12.059,55.00000000000001,OK,460000,0.31
10195,Germany,Home Care,7.1,4,Standard,25,8.875,25.0,OK,460000,0.31
10196,France,Personal Care,11.43,10,Premium,60,18.288,60.00000000000001,OK,430000,0.29
10197,France,Personal Care,2.42,8,Premium,60,3.872,60.00000000000001,OK,430000,0.29
10198,Spain,Food & Refreshment,8.43,10,Premium,55,13.0665,55.00000000000001,OK,410000,0.3
10199,UK,Personal Care,8.42,4,Standard,30,10.946,30.0,OK,520000,0.32
10200,Germany,Food & Refreshment,1.8,4,Standard,28,2.304,28.0,OK,460000,0.31
10201,Germany,Home Care,6.56,10,Premium,50,9.84,50.0,OK,460000,0.31
10202,Spain,Food & Refreshment,12.87,4,Standard,28,16.4736,27.99999999999998,OK,410000,0.3
10203,Germany,Food & Refreshment,12.91,6,Standard,28,16.5248,27.99999999999998,OK,460000,0.31
10204,UK,Personal Care,1.94,9,Premium,60,3.104,60.00000000000001,OK,520000,0.32
10205,Spain,Personal Care,1.82,5,Standard,30,2.366,30.0,OK,410000,0.3
10206,UK,Food & Refreshment,4.31,10,Premium,55,6.680499999999999,55.00000000000001,OK,520000,0.32
10207,Spain,Personal Care,13.18,8,Premium,60,21.088,60.00000000000001,OK,410000,0.3
10208,Spain,Personal Care,2.37,8,Premium,60,3.792,60.00000000000001,OK,410000,0.3
10209,France,Personal Care,10.94,4,Standard,30,14.222,30.0,OK,430000,0.29
10210,UK,Food & Refreshment,1.97,10,Premium,55,3.0535,55.00000000000001,OK,520000,0.32
10211,Germany,Personal Care,9.54,9,Premium,60,15.264,60.00000000000001,OK,460000,0.31
10212,Germany,Food & Refreshment,5.66,9,Premium,55,8.773,54.99999999999999,OK,460000,0.31
10213,UK,Personal Care,11.94,5,Standard,30,15.522,30.0,OK,520000,0.32
10214,Germany,Home Care,3.89,6,Standard,25,4.8625,25.0,OK,460000,0.31
10215,Germany,Personal Care,9.77,5,Standard,30,12.701,30.0,OK,460000,0.31
10216,UK,Personal Care,3.92,3,Value,15,4.508,15.00000000000001,OK,520000,0.32
10217,Spain,Food & Refreshment,10.85,8,Premium,55,16.8175,55.00000000000001,OK,410000,0.3
10218,UK,Food & Refreshment,13.17,9,Premium,55,20.4135,55.00000000000001,OK,520000,0.32
10219,Spain,Personal Care,2.34,4,Standard,30,3.042,30.0,OK,410000,0.3
10220,Germany,Home Care,13.07,9,Premium,50,19.605,50.0,OK,460000,0.31
10221,Germany,Personal Care,9.11,9,Premium,60,14.576,60.00000000000001,OK,460000,0.31
10222,Germany,Personal Care,2.34,7,Standard,30,3.042,30.0,OK,460000,0.31
10223,France,Home Care,6.7,8,Premium,50,10.05,50.0,OK,430000,0.29
10224,Spain,Food & Refreshment,2.83,3,Value,12,3.1696,12.00000000000001,OK,410000,0.3
10225,France,Personal Care,10.66,5,Standard,30,13.858,30.0,OK,430000,0.29
10226,France,Food & Refreshment,11.5,3,Value,12,12.88,12.00000000000001,OK,430000,0.29
10227,UK,Food & Refreshment,2.03,7,Standard,28,2.5984,28.0,OK,520000,0.32
10228,France,Home Care,7.84,6,Standard,25,9.8,25.00000000000002,OK,430000,0.29
10229,UK,Home Care,12.31,3,Value,10,13.541,10.00000000000001,OK,520000,0.32
10230,UK,Food & Refreshment,14.07,9,Premium,55,21.8085,55.00000000000001,OK,520000,0.32
10231,France,Personal Care,7.95,1,Value,15,9.1425,14.99999999999999,OK,430000,0.29
10232,Spain,Food & Refreshment,14.28,10,Premium,55,22.134,55.00000000000001,OK,410000,0.3
10233,Spain,Personal Care,8.27,3,Value,15,9.510499999999999,14.99999999999999,OK,410000,0.3
10234,Spain,Personal Care,6.22,10,Premium,60,9.952,60.00000000000001,OK,410000,0.3
10235,Spain,Home Care,12.8,7,Standard,25,16.0,25.0,OK,410000,0.3
10236,Spain,Personal Care,7.65,3,Value,15,8.7975,14.99999999999999,OK,410000,0.3
10237,France,Personal Care,7.34,3,Value,15,8.440999999999999,14.99999999999999,OK,430000,0.29
10238,France,Food & Refreshment,7.61,2,Value,12,8.523200000000001,12.00000000000001,OK,430000,0.29
10239,Germany,Home Care,12.78,9,Premium,50,19.17,50.0,OK,460000,0.31
10240,Spain,Personal Care,12.56,4,Standard,30,16.328,30.00000000000003,OK,410000,0.3
10241,France,Personal Care,6.35,10,Premium,60,10.16,60.00000000000001,OK,430000,0.29
10242,Germany,Home Care,5.33,6,Standard,25,6.6625,25.0,OK,460000,0.31
10243,Spain,Food & Refreshment,7.63,2,Value,12,8.5456,12.00000000000001,OK,410000,0.3
10244,UK,Home Care,8.81,9,Premium,50,13.215,50.0,OK,520000,0.32
10245,Germany,Home Care,3.96,7,Standard,25,4.95,25.0,OK,460000,0.31
10246,France,Personal Care,12.01,10,Premium,60,19.216,60.00000000000001,OK,430000,0.29
10247,UK,Personal Care,7.55,5,Standard,30,9.815,30.0,OK,520000,0.32
10248,UK,Food & Refreshment,5.34,7,Standard,28,6.8352,28.0,OK,520000,0.32
10249,UK,Personal Care,2.05,4,Standard,30,2.665,30.0,OK,520000,0.32
10250,Germany,Personal Care,3.96,10,Premium,60,6.336,60.00000000000001,OK,460000,0.31
10251,France,Home Care,14.26,7,Standard,25,17.825,25.0,OK,430000,0.29
10252,UK,Personal Care,4.92,2,Value,15,5.657999999999999,14.99999999999999,OK,520000,0.32
10253,Spain,Food & Refreshment,2.95,7,Standard,28,3.776,28.0,OK,410000,0.3
10254,UK,Home Care,7.18,4,Standard,25,8.975,25.0,OK,520000,0.32
10255,UK,Food & Refreshment,4.95,4,Standard,28,6.336,28.0,OK,520000,0.32
10256,Germany,Home Care,1.01,1,Value,10,1.111,10.00000000000001,OK,460000,0.31
10257,Germany,Personal Care,5.19,3,Value,15,5.9685,14.99999999999999,OK,460000,0.31
10258,France,Home Care,8.39,5,Standard,25,10.4875,25.0,OK,430000,0.29
10259,Spain,Home Care,8.5,5,Standard,25,10.625,25.0,OK,410000,0.3
10260,Germany,Personal Care,5.67,2,Value,15,6.520499999999999,14.99999999999999,OK,460000,0.31
10261,UK,Personal Care,6.99,4,Standard,30,9.087,29.99999999999998,OK,520000,0.32
10262,France,Food & Refreshment,14.5,1,Value,12,16.24,12.00000000000001,OK,430000,0.29
10263,UK,Food & Refreshment,5.97,9,Premium,55,9.2535,55.00000000000003,OK,520000,0.32
10264,UK,Personal Care,4.24,1,Value,15,4.875999999999999,14.99999999999999,OK,520000,0.32
10265,Germany,Personal Care,4.03,6,Standard,30,5.239000000000001,30.0,OK,460000,0.31
10266,France,Personal Care,7.14,7,Standard,30,9.282,30.0,OK,430000,0.29
10267,Spain,Home Care,11.51,3,Value,10,12.661,10.00000000000001,OK,410000,0.3
10268,Spain,Home Care,3.49,1,Value,10,3.839,10.00000000000001,OK,410000,0.3
10269,Germany,Home Care,10.78,7,Standard,25,13.475,25.0,OK,460000,0.31
10270,Germany,Personal Care,0.81,3,Value,15,0.9315,14.99999999999999,OK,460000,0.31
10271,France,Food & Refreshment,6.57,10,Premium,55,10.1835,55.00000000000001,OK,430000,0.29
10272,Spain,Personal Care,11.75,6,Standard,30,15.275,30.0,OK,410000,0.3
10273,Spain,Home Care,5.41,6,Standard,25,6.7625,25.0,OK,410000,0.3
10274,Spain,Home Care,8.67,4,Standard,25,10.8375,25.0,OK,410000,0.3
10275,UK,Personal Care,3.47,6,Standard,30,4.511,30.0,OK,520000,0.32
10276,Spain,Personal Care,11.26,10,Premium,60,18.016,60.00000000000001,OK,410000,0.3
10277,UK,Home Care,1.26,4,Standard,25,1.575,25.0,OK,520000,0.32
10278,France,Home Care,12.86,8,Premium,50,19.29,50.0,OK,430000,0.29
10279,UK,Home Care,3.37,9,Premium,50,5.055,49.99999999999998,OK,520000,0.32
10280,France,Personal Care,13.18,2,Value,15,15.157,14.99999999999999,OK,430000,0.29
10281,Spain,Home Care,5.61,7,Standard,25,7.0125,25.0,OK,410000,0.3
10282,Spain,Home Care,10.98,9,Premium,50,16.47,49.99999999999998,OK,410000,0.3
10283,France,Food & Refreshment,5.13,9,Premium,55,7.9515,55.00000000000001,OK,430000,0.29
10284,Germany,Personal Care,13.64,5,Standard,30,17.732,30.00000000000003,OK,460000,0.31
10285,France,Food & Refreshment,2.34,1,Value,12,2.6208,12.00000000000001,OK,430000,0.29
10286,Germany,Food & Refreshment,3.09,6,Standard,28,3.9552,28.0,OK,460000,0.31
10287,UK,Home Care,7.65,8,Premium,50,11.475,50.00000000000002,OK,520000,0.32
10288,UK,Personal Care,1.69,1,Value,15,1.9435,14.99999999999999,OK,520000,0.32
10289,UK,Home Care,3.34,2,Value,10,3.674,10.00000000000001,OK,520000,0.32
10290,Spain,Personal Care,14.18,1,Value,15,16.307,14.99999999999999,OK,410000,0.3
10291,UK,Food & Refreshment,14.66,5,Standard,28,18.7648,28.0,OK,520000,0.32
10292,Germany,Personal Care,5.96,2,Value,15,6.853999999999999,14.99999999999999,OK,460000,0.31
10293,UK,Home Care,13.89,10,Premium,50,20.835,50.0,OK,520000,0.32
10294,France,Home Care,8.4,10,Premium,50,12.6,50.0,OK,430000,0.29
10295,France,Home Care,4.41,4,Standard,25,5.5125,25.0,OK,430000,0.29
10296,Spain,Personal Care,10.68,1,Value,15,12.282,14.99999999999999,OK,410000,0.3
10297,France,Food & Refreshment,10.05,7,Standard,28,12.864,28.0,OK,430000,0.29
10298,Germany,Food & Refreshment,14.84,8,Premium,55,23.002,55.00000000000001,OK,460000,0.31
10299,UK,Personal Care,4.34,5,Standard,30,5.642,30.0,OK,520000,0.32
10300,Spain,Home Care,10.24,2,Value,10,11.264,10.00000000000001,OK,410000,0.3
10301,UK,Food & Refreshment,1.25,8,Premium,55,1.9375,55.00000000000001,OK,520000,0.32
10302,UK,Home Care,2.15,1,Value,10,2.365,10.00000000000001,OK,520000,0.32
10303,Germany,Personal Care,0.56,7,Standard,30,0.7280000000000001,30.0,OK,460000,0.31
10304,France,Home Care,14.99,1,Value,10,16.489,10.00000000000001,OK,430000,0.29
10305,France,Food & Refreshment,12.13,6,Standard,28,15.5264,28.0,OK,430000,0.29
10306,UK,Food & Refreshment,11.91,6,Standard,28,15.2448,28.0,OK,520000,0.32
10307,Spain,Home Care,7.89,5,Standard,25,9.862499999999999,25.0,OK,410000,0.3
10308,France,Personal Care,4.85,2,Value,15,5.577499999999999,14.99999999999999,OK,430000,0.29
10309,Spain,Home Care,2.69,2,Value,10,2.959,10.00000000000001,OK,410000,0.3
10310,France,Personal Care,4.63,9,Premium,60,7.408,60.00000000000001,OK,430000,0.29
10311,Spain,Home Care,5.95,5,Standard,25,7.4375,25.0,OK,410000,0.3
10312,Germany,Food & Refreshment,11.47,5,Standard,28,14.6816,28.0,OK,460000,0.31
10313,Spain,Personal Care,8.33,7,Standard,30,10.829,30.0,OK,410000,0.3
10314,Germany,Personal Care,1.62,6,Standard,30,2.106,30.0,OK,460000,0.31
10315,Germany,Personal Care,0.76,2,Value,15,0.8739999999999999,14.99999999999999,OK,460000,0.31
10316,Spain,Food & Refreshment,1.98,1,Value,12,2.2176,12.00000000000001,OK,410000,0.3
10317,Germany,Home Care,6.45,5,Standard,25,8.0625,25.0,OK,460000,0.31
10318,UK,Food & Refreshment,14.03,4,Standard,28,17.9584,28.0,OK,520000,0.32
10319,Germany,Personal Care,9.74,3,Value,15,11.201,14.99999999999999,OK,460000,0.31
10320,France,Home Care,12.13,2,Value,10,13.343,10.00000000000001,OK,430000,0.29
10321,Spain,Food & Refreshment,7.26,10,Premium,55,11.253,55.00000000000001,OK,410000,0.3
10322,UK,Personal Care,5.74,2,Value,15,6.601,14.99999999999999,OK,520000,0.32
10323,Spain,Personal Care,2.07,4,Standard,30,2.691,30.0,OK,410000,0.3
10324,France,Food & Refreshment,13.2,2,Value,12,14.784,12.00000000000001,OK,430000,0.29
10325,France,Food & Refreshment,11.86,4,Standard,28,15.1808,28.0,OK,430000,0.29
10326,France,Food & Refreshment,2.94,3,Value,12,3.2928,12.00000000000001,OK,430000,0.29
10327,Germany,Personal Care,7.93,9,Premium,60,12.688,60.00000000000001,OK,460000,0.31
10328,Germany,Food & Refreshment,7.57,7,Standard,28,9.6896,28.0,OK,460000,0.31
10329,Spain,Personal Care,9.56,3,Value,15,10.994,14.99999999999999,OK,410000,0.3
10330,Spain,Food & Refreshment,14.22,8,Premium,55,22.041,55.00000000000001,OK,410000,0.3
10331,UK,Personal Care,8.91,9,Premium,60,14.256,60.00000000000001,OK,520000,0.32
10332,UK,Personal Care,8.33,7,Standard,30,10.829,30.0,OK,520000,0.32
10333,Spain,Home Care,1.23,6,Standard,25,1.5375,25.0,OK,410000,0.3
10334,Germany,Food & Refreshment,1.41,4,Standard,28,1.8048,28.0,OK,460000,0.31
10335,France,Food & Refreshment,3.22,5,Standard,28,4.1216,27.99999999999998,OK,430000,0.29
10336,Spain,Personal Care,0.97,8,Premium,60,1.552,60.00000000000001,OK,410000,0.3
10337,UK,Personal Care,11.28,3,Value,15,12.972,14.99999999999999,OK,520000,0.32
10338,Germany,Personal Care,10.99,2,Value,15,12.6385,14.99999999999999,OK,460000,0.31
10339,Spain,Home Care,2.47,3,Value,10,2.717000000000001,10.00000000000001,OK,410000,0.3
10340,Spain,Home Care,12.62,7,Standard,25,15.775,25.0,OK,410000,0.3
10341,Germany,Personal Care,2.74,8,Premium,60,4.384,60.00000000000001,OK,460000,0.31
10342,Spain,Food & Refreshment,4.87,1,Value,12,5.454400000000001,12.00000000000001,OK,410000,0.3
10343,Germany,Food & Refreshment,4.11,7,Standard,28,5.260800000000001,28.0,OK,460000,0.31
10344,France,Home Care,5.9,9,Premium,50,8.850000000000001,50.00000000000002,OK,430000,0.29
10345,Germany,Home Care,4.19,3,Value,10,4.609000000000001,10.00000000000001,OK,460000,0.31
10346,Germany,Personal Care,7.59,3,Value,15,8.728499999999999,14.99999999999999,OK,460000,0.31
10347,Germany,Food & Refreshment,6.41,8,Premium,55,9.935500000000001,55.00000000000001,OK,460000,0.31
10348,Spain,Personal Care,14.81,4,Standard,30,19.253,30.0,OK,410000,0.3
10349,Spain,Home Care,1.31,8,Premium,50,1.965,50.0,OK,410000,0.3
10350,Germany,Food & Refreshment,2.56,5,Standard,28,3.2768,28.0,OK,460000,0.31
10351,Spain,Food & Refreshment,1.27,3,Value,12,1.4224,12.00000000000001,OK,410000,0.3
10352,UK,Home Care,9.57,4,Standard,25,11.9625,25.0,OK,520000,0.32
10353,UK,Personal Care,1.29,4,Standard,30,1.677,30.0,OK,520000,0.32
10354,Spain,Personal Care,12.63,8,Premium,60,20.208,60.00000000000001,OK,410000,0.3
10355,Spain,Food & Refreshment,7.92,6,Standard,28,10.1376,28.0,OK,410000,0.3
10356,Germany,Home Care,8.14,7,Standard,25,10.175,25.0,OK,460000,0.31
10357,France,Food & Refreshment,8.64,9,Premium,55,13.392,55.00000000000001,OK,430000,0.29
10358,Spain,Home Care,2.98,6,Standard,25,3.725,25.0,OK,410000,0.3
10359,UK,Personal Care,3.37,3,Value,15,3.8755,14.99999999999999,OK,520000,0.32
10360,Germany,Home Care,5.12,3,Value,10,5.632000000000001,10.00000000000001,OK,460000,0.31
10361,Spain,Personal Care,9.11,3,Value,15,10.4765,14.99999999999999,OK,410000,0.3
10362,UK,Home Care,3.55,10,Premium,50,5.324999999999999,49.99999999999998,OK,520000,0.32
10363,UK,Food & Refreshment,2.19,2,Value,12,2.4528,12.00000000000001,OK,520000,0.32
10364,France,Personal Care,14.57,1,Value,15,16.7555,14.99999999999999,OK,430000,0.29
10365,Germany,Food & Refreshment,0.82,10,Premium,55,1.271,55.00000000000001,OK,460000,0.31
10366,Germany,Food & Refreshment,12.14,1,Value,12,13.5968,12.00000000000001,OK,460000,0.31
10367,France,Personal Care,11.93,4,Standard,30,15.509,30.0,OK,430000,0.29
10368,France,Personal Care,4.81,3,Value,15,5.531499999999999,14.99999999999999,OK,430000,0.29
10369,Germany,Food & Refreshment,2.47,5,Standard,28,3.1616,28.0,OK,460000,0.31
10370,Germany,Food & Refreshment,2.61,9,Premium,55,4.0455,55.00000000000001,OK,460000,0.31
10371,Spain,Food & Refreshment,10.61,8,Premium,55,16.4455,55.00000000000001,OK,410000,0.3
10372,Spain,Food & Refreshment,9.82,9,Premium,55,15.221,55.00000000000001,OK,410000,0.3
10373,France,Personal Care,11.85,5,Standard,30,15.405,30.0,OK,430000,0.29
10374,Spain,Personal Care,14.09,8,Premium,60,22.544,60.00000000000001,OK,410000,0.3
10375,UK,Food & Refreshment,10.53,4,Standard,28,13.4784,28.0,OK,520000,0.32
10376,Spain,Home Care,2.76,5,Standard,25,3.45,25.0,OK,410000,0.3
10377,Spain,Home Care,4.03,3,Value,10,4.433000000000001,10.00000000000001,OK,410000,0.3
10378,UK,Personal Care,12.71,5,Standard,30,16.523,30.00000000000003,OK,520000,0.32
10379,France,Food & Refreshment,3.53,3,Value,12,3.9536,12.00000000000001,OK,430000,0.29
10380,UK,Food & Refreshment,1.55,5,Standard,28,1.984,28.0,OK,520000,0.32
10381,Spain,Personal Care,10.7,5,Standard,30,13.91,30.0,OK,410000,0.3
10382,France,Home Care,6.34,6,Standard,25,7.925,25.0,OK,430000,0.29
10383,Spain,Home Care,13.84,9,Premium,50,20.76,49.99999999999998,OK,410000,0.3
10384,UK,Home Care,9.93,1,Value,10,10.923,10.00000000000001,OK,520000,0.32
10385,UK,Personal Care,1.81,10,Premium,60,2.896,60.00000000000001,OK,520000,0.32
10386,Spain,Home Care,14.24,6,Standard,25,17.8,25.0,OK,410000,0.3
10387,Germany,Personal Care,4.25,1,Value,15,4.887499999999999,14.99999999999999,OK,460000,0.31
10388,Germany,Personal Care,5.39,6,Standard,30,7.007,30.0,OK,460000,0.31
10389,UK,Food & Refreshment,6.33,2,Value,12,7.089600000000001,12.00000000000001,OK,520000,0.32
10390,UK,Home Care,1.24,8,Premium,50,1.86,50.0,OK,520000,0.32
10391,Germany,Personal Care,7.7,3,Value,15,8.854999999999999,14.99999999999997,OK,460000,0.31
10392,Germany,Home Care,2.29,10,Premium,50,3.435,50.0,OK,460000,0.31
10393,Spain,Home Care,6.31,6,Standard,25,7.887499999999999,25.0,OK,410000,0.3
10394,Spain,Food & Refreshment,5.59,6,Standard,28,7.1552,28.0,OK,410000,0.3
10395,Germany,Home Care,11.71,4,Standard,25,14.6375,25.0,OK,460000,0.31
10396,Spain,Food & Refreshment,12.15,5,Standard,28,15.552,28.0,OK,410000,0.3
10397,Spain,Personal Care,2.72,2,Value,15,3.128,14.99999999999999,OK,410000,0.3
10398,France,Home Care,5.81,10,Premium,50,8.715,50.0,OK,430000,0.29
10399,Spain,Personal Care,5.91,10,Premium,60,9.456000000000001,60.00000000000001,OK,410000,0.3
10400,UK,Home Care,2.7,8,Premium,50,4.050000000000001,50.00000000000002,OK,520000,0.32
10401,Spain,Personal Care,12.08,10,Premium,60,19.328,60.00000000000003,OK,410000,0.3
10402,Spain,Home Care,10.75,7,Standard,25,13.4375,25.0,OK,410000,0.3
10403,Germany,Home Care,3.26,10,Premium,50,4.89,50.0,OK,460000,0.31
10404,UK,Home Care,5.82,6,Standard,25,7.275,25.0,OK,520000,0.32
10405,Spain,Home Care,2.03,7,Standard,25,2.5375,25.0,OK,410000,0.3
10406,Spain,Home Care,9.61,1,Value,10,10.571,10.00000000000001,OK,410000,0.3
10407,France,Home Care,2.26,5,Standard,25,2.825,25.0,OK,430000,0.29
10408,Spain,Home Care,14.8,7,Standard,25,18.5,25.0,OK,410000,0.3
10409,Spain,Home Care,11.82,1,Value,10,13.002,10.00000000000001,OK,410000,0.3
10410,France,Home Care,6.16,2,Value,10,6.776000000000001,10.00000000000001,OK,430000,0.29
10411,Germany,Personal Care,8.89,9,Premium,60,14.224,60.00000000000001,OK,460000,0.31
10412,Spain,Food & Refreshment,13.71,3,Value,12,15.3552,12.00000000000001,OK,410000,0.3
10413,France,Home Care,8.53,6,Standard,25,10.6625,25.0,OK,430000,0.29
10414,UK,Food & Refreshment,3.03,7,Standard,28,3.8784,28.0,OK,520000,0.32
10415,Germany,Home Care,5.99,9,Premium,50,8.985,49.99999999999998,OK,460000,0.31
10416,UK,Home Care,12.73,5,Standard,25,15.9125,25.0,OK,520000,0.32
10417,UK,Personal Care,9.84,4,Standard,30,12.792,30.0,OK,520000,0.32
10418,France,Personal Care,9.94,2,Value,15,11.431,14.99999999999999,OK,430000,0.29
10419,Spain,Food & Refreshment,13.07,3,Value,12,14.6384,12.00000000000001,OK,410000,0.3
10420,France,Personal Care,13.46,5,Standard,30,17.498,30.0,OK,430000,0.29
10421,France,Personal Care,13.84,2,Value,15,15.916,14.99999999999999,OK,430000,0.29
10422,France,Food & Refreshment,1.88,4,Standard,28,2.4064,28.0,OK,430000,0.29
10423,France,Personal Care,8.39,1,Value,15,9.6485,14.99999999999999,OK,430000,0.29
10424,Germany,Home Care,11.24,4,Standard,25,14.05,25.0,OK,460000,0.31
10425,Spain,Food & Refreshment,11.48,7,Standard,28,14.6944,28.0,OK,410000,0.3
10426,UK,Food & Refreshment,9.3,3,Value,12,10.416,12.00000000000001,OK,520000,0.32
10427,UK,Home Care,2.92,10,Premium,50,4.38,50.0,OK,520000,0.32
10428,Spain,Personal Care,12.06,8,Premium,60,19.296,60.00000000000001,OK,410000,0.3
10429,UK,Food & Refreshment,10.94,6,Standard,28,14.0032,28.0,OK,520000,0.32
10430,Spain,Food & Refreshment,1.75,6,Standard,28,2.24,28.0,OK,410000,0.3
10431,UK,Home Care,7.23,1,Value,10,7.953000000000001,10.00000000000001,OK,520000,0.32
10432,France,Home Care,3.02,5,Standard,25,3.775,25.0,OK,430000,0.29
10433,UK,Personal Care,5.39,3,Value,15,6.198499999999999,14.99999999999999,OK,520000,0.32
10434,Spain,Food & Refreshment,0.76,10,Premium,55,1.178,55.00000000000003,OK,410000,0.3
10435,Spain,Personal Care,6.3,1,Value,15,7.244999999999999,14.99999999999999,OK,410000,0.3
10436,Spain,Personal Care,8.47,8,Premium,60,13.552,60.00000000000001,OK,410000,0.3
10437,Spain,Home Care,9.48,7,Standard,25,11.85,25.0,OK,410000,0.3
10438,Spain,Food & Refreshment,10.12,7,Standard,28,12.9536,28.0,OK,410000,0.3
10439,Germany,Food & Refreshment,12.63,10,Premium,55,19.5765,55.00000000000001,OK,460000,0.31
10440,Germany,Food & Refreshment,3.62,10,Premium,55,5.611000000000001,55.00000000000001,OK,460000,0.31
10441,UK,Home Care,2.25,10,Premium,50,3.375,50.0,OK,520000,0.32
10442,Spain,Home Care,12.85,4,Standard,25,16.0625,25.0,OK,410000,0.3
10443,UK,Home Care,2.77,6,Standard,25,3.4625,25.0,OK,520000,0.32
10444,Spain,Home Care,14.63,9,Premium,50,21.945,50.0,OK,410000,0.3
10445,Spain,Home Care,12.72,3,Value,10,13.992,10.00000000000001,OK,410000,0.3
10446,Germany,Food & Refreshment,7.76,9,Premium,55,12.028,55.00000000000001,OK,460000,0.31
10447,Germany,Personal Care,14.73,4,Standard,30,19.149,30.0,OK,460000,0.31
10448,France,Food & Refreshment,1.91,5,Standard,28,2.4448,28.0,OK,430000,0.29
10449,Germany,Personal Care,4.89,7,Standard,30,6.357,30.0,OK,460000,0.31
10450,France,Home Care,9.75,6,Standard,25,12.1875,25.0,OK,430000,0.29
10451,France,Personal Care,5.58,10,Premium,60,8.928,60.00000000000001,OK,430000,0.29
10452,France,Food & Refreshment,13.96,8,Premium,55,21.638,55.00000000000001,OK,430000,0.29
10453,France,Food & Refreshment,1.45,8,Premium,55,2.2475,55.00000000000001,OK,430000,0.29
10454,France,Personal Care,8.47,8,Premium,60,13.552,60.00000000000001,OK,430000,0.29
10455,UK,Home Care,9.07,3,Value,10,9.977,10.00000000000001,OK,520000,0.32
10456,Germany,Home Care,9.96,10,Premium,50,14.94,50.0,OK,460000,0.31
10457,France,Food & Refreshment,4.21,6,Standard,28,5.3888,28.0,OK,430000,0.29
10458,Spain,Personal Care,5.79,7,Standard,30,7.527,30.0,OK,410000,0.3
10459,Germany,Home Care,12.73,9,Premium,50,19.095,49.99999999999998,OK,460000,0.31
10460,Germany,Home Care,3.33,10,Premium,50,4.995,50.0,OK,460000,0.31
10461,France,Food & Refreshment,12.49,10,Premium,55,19.3595,55.00000000000001,OK,430000,0.29
10462,UK,Home Care,8.66,4,Standard,25,10.825,25.0,OK,520000,0.32
10463,France,Personal Care,11.55,5,Standard,30,15.015,30.0,OK,430000,0.29
10464,UK,Food & Refreshment,10.85,8,Premium,55,16.8175,55.00000000000001,OK,520000,0.32
10465,Spain,Food & Refreshment,3.51,1,Value,12,3.9312,12.00000000000001,OK,410000,0.3
10466,Germany,Personal Care,8.75,6,Standard,30,11.375,30.0,OK,460000,0.31
10467,Spain,Food & Refreshment,13.08,4,Standard,28,16.7424,28.0,OK,410000,0.3
10468,UK,Home Care,6.77,5,Standard,25,8.462499999999999,24.99999999999998,OK,520000,0.32
10469,UK,Home Care,14.52,5,Standard,25,18.15,25.0,OK,520000,0.32
10470,Spain,Personal Care,7.06,2,Value,15,8.119,15.00000000000001,OK,410000,0.3
10471,UK,Home Care,2.57,8,Premium,50,3.855,50.0,OK,520000,0.32
10472,Spain,Personal Care,6.15,2,Value,15,7.0725,14.99999999999999,OK,410000,0.3
10473,Germany,Personal Care,14.3,4,Standard,30,18.59,29.99999999999998,OK,460000,0.31
10474,Spain,Home Care,5.14,5,Standard,25,6.425,25.0,OK,410000,0.3
10475,Germany,Personal Care,13.09,1,Value,15,15.0535,14.99999999999999,OK,460000,0.31
10476,Spain,Home Care,13.28,6,Standard,25,16.6,25.0,OK,410000,0.3
10477,UK,Food & Refreshment,5.58,2,Value,12,6.249600000000001,12.00000000000001,OK,520000,0.32
10478,Spain,Food & Refreshment,1.71,5,Standard,28,2.1888,28.0,OK,410000,0.3
10479,UK,Personal Care,11.01,6,Standard,30,14.313,30.0,OK,520000,0.32
10480,Spain,Home Care,5.02,8,Premium,50,7.529999999999999,50.0,OK,410000,0.3
10481,Spain,Home Care,11.85,9,Premium,50,17.775,50.0,OK,410000,0.3
10482,France,Food & Refreshment,6.92,6,Standard,28,8.8576,28.0,OK,430000,0.29
10483,UK,Food & Refreshment,7.54,5,Standard,28,9.651200000000001,28.00000000000002,OK,520000,0.32
10484,France,Home Care,11.78,4,Standard,25,14.725,25.0,OK,430000,0.29
10485,UK,Personal Care,6.04,2,Value,15,6.946,14.99999999999999,OK,520000,0.32
10486,France,Food & Refreshment,6.93,2,Value,12,7.7616,12.00000000000001,OK,430000,0.29
10487,Germany,Personal Care,5.95,7,Standard,30,7.735,30.0,OK,460000,0.31
10488,Spain,Personal Care,5.83,5,Standard,30,7.579000000000001,30.0,OK,410000,0.3
10489,UK,Food & Refreshment,8.13,7,Standard,28,10.4064,28.0,OK,520000,0.32
10490,UK,Personal Care,12.23,1,Value,15,14.0645,14.99999999999999,OK,520000,0.32
10491,Spain,Personal Care,5.75,1,Value,15,6.6125,14.99999999999999,OK,410000,0.3
10492,UK,Home Care,8.1,5,Standard,25,10.125,25.0,OK,520000,0.32
10493,UK,Personal Care,10.23,2,Value,15,11.7645,14.99999999999999,OK,520000,0.32
10494,France,Home Care,4.41,8,Premium,50,6.615,50.0,OK,430000,0.29
10495,UK,Food & Refreshment,4.52,3,Value,12,5.0624,12.00000000000001,OK,520000,0.32
10496,Germany,Food & Refreshment,14.03,1,Value,12,15.7136,12.00000000000001,OK,460000,0.31
10497,Germany,Home Care,10.99,2,Value,10,12.089,10.00000000000001,OK,460000,0.31
10498,Spain,Food & Refreshment,8.87,10,Premium,55,13.7485,55.00000000000001,OK,410000,0.3
10499,UK,Personal Care,9.89,10,Premium,60,15.824,60.00000000000001,OK,520000,0.32
10500,Spain,Personal Care,0.92,7,Standard,30,1.196,30.0,OK,410000,0.3
10501,Germany,Personal Care,9.46,6,Standard,30,12.298,30.0,OK,460000,0.31
10502,UK,Food & Refreshment,7.89,8,Premium,55,12.2295,55.00000000000001,OK,520000,0.32
10503,UK,Personal Care,8.41,7,Standard,30,10.933,30.0,OK,520000,0.32
10504,Spain,Food & Refreshment,5.71,10,Premium,55,8.8505,55.00000000000001,OK,410000,0.3
10505,Germany,Personal Care,1.68,8,Premium,60,2.688,60.00000000000001,OK,460000,0.31
10506,UK,Home Care,3.3,3,Value,10,3.63,10.00000000000001,OK,520000,0.32
10507,Spain,Food & Refreshment,14.29,6,Standard,28,18.2912,28.0,OK,410000,0.3
10508,Germany,Food & Refreshment,6.43,7,Standard,28,8.2304,28.0,OK,460000,0.31
10509,Spain,Personal Care,7.27,10,Premium,60,11.632,60.00000000000001,OK,410000,0.3
10510,France,Food & Refreshment,1.26,1,Value,12,1.4112,12.00000000000001,OK,430000,0.29
10511,UK,Food & Refreshment,1.04,1,Value,12,1.1648,12.00000000000001,OK,520000,0.32
10512,France,Home Care,10.9,7,Standard,25,13.625,25.0,OK,430000,0.29
10513,Germany,Home Care,8.3,3,Value,10,9.13,10.00000000000001,OK,460000,0.31
10514,France,Personal Care,7.88,3,Value,15,9.062,14.99999999999999,OK,430000,0.29
10515,France,Home Care,4.03,5,Standard,25,5.037500000000001,25.0,OK,430000,0.29
10516,Germany,Personal Care,11.3,6,Standard,30,14.69,30.0,OK,460000,0.31
10517,Spain,Personal Care,2.94,2,Value,15,3.381,14.99999999999999,OK,410000,0.3
10518,France,Personal Care,3.25,3,Value,15,3.7375,14.99999999999999,OK,430000,0.29
10519,Spain,Food & Refreshment,7.18,6,Standard,28,9.1904,28.0,OK,410000,0.3
10520,France,Home Care,4.65,3,Value,10,5.115000000000001,10.00000000000001,OK,430000,0.29
10521,Spain,Personal Care,4.09,5,Standard,30,5.317,30.0,OK,410000,0.3
10522,Germany,Home Care,9.86,9,Premium,50,14.79,50.0,OK,460000,0.31
10523,France,Personal Care,9.94,3,Value,15,11.431,14.99999999999999,OK,430000,0.29
10524,Germany,Home Care,12.46,6,Standard,25,15.575,25.0,OK,460000,0.31
10525,France,Home Care,6.56,5,Standard,25,8.2,25.0,OK,430000,0.29
10526,Germany,Personal Care,1.56,5,Standard,30,2.028,30.0,OK,460000,0.31
10527,Germany,Food & Refreshment,4.47,6,Standard,28,5.7216,28.0,OK,460000,0.31
10528,France,Home Care,14.71,6,Standard,25,18.3875,25.00000000000002,OK,430000,0.29
10529,France,Food & Refreshment,9.15,1,Value,12,10.248,12.00000000000001,OK,430000,0.29
10530,France,Food & Refreshment,10.79,9,Premium,55,16.7245,55.00000000000001,OK,430000,0.29
10531,UK,Personal Care,0.61,5,Standard,30,0.793,30.0,OK,520000,0.32
10532,Spain,Personal Care,8.01,1,Value,15,9.2115,14.99999999999999,OK,410000,0.3
10533,UK,Personal Care,1.04,8,Premium,60,1.664,60.00000000000001,OK,520000,0.32
10534,UK,Home Care,8.75,7,Standard,25,10.9375,25.0,OK,520000,0.32
10535,Germany,Personal Care,13.85,7,Standard,30,18.005,30.0,OK,460000,0.31
10536,France,Personal Care,14.54,5,Standard,30,18.902,30.0,OK,430000,0.29
10537,Spain,Home Care,8.34,1,Value,10,9.174000000000001,10.00000000000001,OK,410000,0.3
10538,Germany,Home Care,7.14,9,Premium,50,10.71,50.0,OK,460000,0.31
10539,UK,Personal Care,14.2,9,Premium,60,22.72,60.00000000000001,OK,520000,0.32
10540,France,Personal Care,10.27,8,Premium,60,16.432,59.99999999999999,OK,430000,0.29
10541,Germany,Personal Care,1.44,5,Standard,30,1.872,30.0,OK,460000,0.31
10542,France,Personal Care,7.25,3,Value,15,8.337499999999999,14.99999999999999,OK,430000,0.29
10543,Germany,Food & Refreshment,3.98,8,Premium,55,6.169,55.00000000000001,OK,460000,0.31
10544,France,Food & Refreshment,7.31,1,Value,12,8.1872,12.00000000000001,OK,430000,0.29
10545,UK,Personal Care,7.1,3,Value,15,8.165,14.99999999999999,OK,520000,0.32
10546,Spain,Food & Refreshment,8.94,7,Standard,28,11.4432,28.0,OK,410000,0.3
10547,UK,Home Care,5.67,4,Standard,25,7.0875,25.0,OK,520000,0.32
10548,Spain,Food & Refreshment,2.88,7,Standard,28,3.6864,28.0,OK,410000,0.3
10549,France,Food & Refreshment,7.8,5,Standard,28,9.984,28.0,OK,430000,0.29
10550,Germany,Personal Care,12.54,6,Standard,30,16.302,30.0,OK,460000,0.31
10551,UK,Food & Refreshment,10.13,7,Standard,28,12.9664,28.0,OK,520000,0.32
10552,Spain,Food & Refreshment,5.41,10,Premium,55,8.3855,55.00000000000001,OK,410000,0.3
10553,UK,Food & Refreshment,14.07,7,Standard,28,18.0096,28.00000000000002,OK,520000,0.32
10554,Spain,Food & Refreshment,13.73,7,Standard,28,17.5744,28.0,OK,410000,0.3
10555,UK,Home Care,3.54,7,Standard,25,4.425,25.0,OK,520000,0.32
10556,Spain,Personal Care,1.07,7,Standard,30,1.391,30.0,OK,410000,0.3
10557,Spain,Personal Care,11.25,3,Value,15,12.9375,14.99999999999999,OK,410000,0.3
10558,France,Home Care,12.5,3,Value,10,13.75,10.00000000000001,OK,430000,0.29
10559,Spain,Food & Refreshment,14.53,7,Standard,28,18.5984,28.0,OK,410000,0.3
10560,France,Home Care,13.4,2,Value,10,14.74,10.00000000000001,OK,430000,0.29
10561,Spain,Food & Refreshment,9.21,2,Value,12,10.3152,12.00000000000001,OK,410000,0.3
10562,Germany,Home Care,8.19,3,Value,10,9.009,10.00000000000001,OK,460000,0.31
10563,Germany,Personal Care,0.9,4,Standard,30,1.17,30.0,OK,460000,0.31
10564,Germany,Personal Care,4.08,6,Standard,30,5.304,30.0,OK,460000,0.31
10565,Spain,Personal Care,7.16,8,Premium,60,11.456,60.00000000000001,OK,410000,0.3
10566,France,Food & Refreshment,9.61,10,Premium,55,14.8955,55.00000000000001,OK,430000,0.29
10567,France,Food & Refreshment,8.58,10,Premium,55,13.299,55.00000000000001,OK,430000,0.29
10568,Spain,Home Care,11.27,7,Standard,25,14.0875,25.0,OK,410000,0.3
10569,Germany,Home Care,4.56,4,Standard,25,5.699999999999999,25.0,OK,460000,0.31
10570,Germany,Personal Care,8.69,2,Value,15,9.9935,14.99999999999999,OK,460000,0.31
10571,France,Food & Refreshment,1.78,2,Value,12,1.9936,12.00000000000001,OK,430000,0.29
10572,Germany,Home Care,6.5,4,Standard,25,8.125,25.0,OK,460000,0.31
10573,UK,Food & Refreshment,11.38,6,Standard,28,14.5664,28.0,OK,520000,0.32
10574,France,Food & Refreshment,10.55,3,Value,12,11.816,12.00000000000001,OK,430000,0.29
10575,Germany,Personal Care,14.86,6,Standard,30,19.318,30.0,OK,460000,0.31
10576,France,Personal Care,4.53,5,Standard,30,5.889,30.0,OK,430000,0.29
10577,UK,Food & Refreshment,7.72,5,Standard,28,9.8816,28.0,OK,520000,0.32
10578,France,Food & Refreshment,5.28,2,Value,12,5.913600000000001,12.00000000000001,OK,430000,0.29
10579,France,Food & Refreshment,6.89,8,Premium,55,10.6795,55.00000000000001,OK,430000,0.29
10580,France,Food & Refreshment,12.93,5,Standard,28,16.5504,28.0,OK,430000,0.29
10581,France,Personal Care,10.42,2,Value,15,11.983,14.99999999999999,OK,430000,0.29
10582,UK,Home Care,13.3,7,Standard,25,16.625,25.0,OK,520000,0.32
10583,Spain,Personal Care,3.45,9,Premium,60,5.52,60.00000000000001,OK,410000,0.3
10584,France,Home Care,13.16,9,Premium,50,19.74,50.00000000000002,OK,430000,0.29
10585,France,Food & Refreshment,1.37,1,Value,12,1.5344,12.00000000000001,OK,430000,0.29
10586,Germany,Home Care,13.38,7,Standard,25,16.725,25.0,OK,460000,0.31
10587,France,Personal Care,5.27,9,Premium,60,8.432,60.00000000000003,OK,430000,0.29
10588,Germany,Personal Care,5.06,6,Standard,30,6.577999999999999,30.0,OK,460000,0.31
10589,Spain,Food & Refreshment,7.93,1,Value,12,8.8816,12.00000000000001,OK,410000,0.3
10590,UK,Personal Care,14.14,2,Value,15,16.261,14.99999999999999,OK,520000,0.32
10591,UK,Food & Refreshment,1.19,4,Standard,28,1.5232,28.0,OK,520000,0.32
10592,Spain,Personal Care,5.61,4,Standard,30,7.293000000000001,30.0,OK,410000,0.3
10593,UK,Personal Care,12.92,2,Value,15,14.858,14.99999999999999,OK,520000,0.32
10594,Spain,Food & Refreshment,6.24,8,Premium,55,9.672,55.00000000000001,OK,410000,0.3
10595,Spain,Home Care,3.39,2,Value,10,3.729000000000001,10.00000000000001,OK,410000,0.3
10596,Spain,Personal Care,6.66,3,Value,15,7.659,14.99999999999999,OK,410000,0.3
10597,UK,Home Care,6.09,4,Standard,25,7.6125,25.0,OK,520000,0.32
10598,Germany,Personal Care,13.77,9,Premium,60,22.032,60.00000000000001,OK,460000,0.31
10599,Spain,Personal Care,11.55,10,Premium,60,18.48,59.99999999999999,OK,410000,0.3
10600,France,Personal Care,7.82,1,Value,15,8.993,14.99999999999999,OK,430000,0.29
10601,UK,Personal Care,14.83,8,Premium,60,23.728,60.00000000000001,OK,520000,0.32
10602,Spain,Home Care,7.25,5,Standard,25,9.0625,25.0,OK,410000,0.3
10603,Spain,Home Care,1.34,7,Standard,25,1.675,25.0,OK,410000,0.3
10604,France,Personal Care,4.3,8,Premium,60,6.88,60.00000000000001,OK,430000,0.29
10605,Germany,Personal Care,6.82,5,Standard,30,8.866000000000001,30.00000000000003,OK,460000,0.31
10606,Germany,Home Care,2.78,8,Premium,50,4.17,50.0,OK,460000,0.31
10607,Germany,Food & Refreshment,14.24,10,Premium,55,22.072,55.00000000000003,OK,460000,0.31
10608,Spain,Food & Refreshment,11.62,8,Premium,55,18.011,55.00000000000001,OK,410000,0.3
10609,Spain,Home Care,4.39,9,Premium,50,6.584999999999999,50.0,OK,410000,0.3
10610,Spain,Personal Care,9.07,2,Value,15,10.4305,14.99999999999999,OK,410000,0.3
10611,UK,Personal Care,10.96,3,Value,15,12.604,14.99999999999999,OK,520000,0.32
10612,France,Food & Refreshment,14.15,1,Value,12,15.848,12.00000000000001,OK,430000,0.29
10613,Spain,Food & Refreshment,13.28,4,Standard,28,16.9984,28.0,OK,410000,0.3
10614,France,Home Care,7.97,5,Standard,25,9.9625,25.0,OK,430000,0.29
10615,France,Food & Refreshment,11.73,1,Value,12,13.1376,12.00000000000001,OK,430000,0.29
10616,Germany,Home Care,8.65,8,Premium,50,12.975,50.0,OK,460000,0.31
10617,UK,Food & Refreshment,8.51,2,Value,12,9.5312,12.00000000000001,OK,520000,0.32
10618,Spain,Food & Refreshment,2.16,1,Value,12,2.4192,12.00000000000001,OK,410000,0.3
10619,Germany,Food & Refreshment,2.33,2,Value,12,2.6096,12.00000000000001,OK,460000,0.31
10620,Germany,Personal Care,8.18,5,Standard,30,10.634,30.0,OK,460000,0.31
10621,Spain,Personal Care,4.4,9,Premium,60,7.040000000000001,60.00000000000001,OK,410000,0.3
10622,France,Personal Care,0.81,9,Premium,60,1.296,60.00000000000003,OK,430000,0.29
10623,Germany,Food & Refreshment,10.98,2,Value,12,12.2976,12.00000000000001,OK,460000,0.31
10624,France,Home Care,0.97,2,Value,10,1.067,9.999999999999986,OK,430000,0.29
10625,UK,Home Care,9.13,3,Value,10,10.043,10.00000000000001,OK,520000,0.32
10626,France,Home Care,8.32,7,Standard,25,10.4,25.0,OK,430000,0.29
10627,UK,Home Care,14.55,3,Value,10,16.005,10.00000000000001,OK,520000,0.32
10628,France,Personal Care,7.52,1,Value,15,8.648,15.00000000000001,OK,430000,0.29
10629,Germany,Personal Care,1.42,6,Standard,30,1.846,30.0,OK,460000,0.31
10630,Germany,Food & Refreshment,8.5,3,Value,12,9.520000000000001,12.00000000000001,OK,460000,0.31
10631,UK,Food & Refreshment,12.7,1,Value,12,14.224,12.00000000000001,OK,520000,0.32
10632,Spain,Home Care,14.95,4,Standard,25,18.6875,25.0,OK,410000,0.3
10633,UK,Personal Care,6.74,1,Value,15,7.750999999999999,14.99999999999999,OK,520000,0.32
10634,UK,Home Care,5.14,1,Value,10,5.654,10.00000000000001,OK,520000,0.32
10635,France,Food & Refreshment,13.65,2,Value,12,15.288,12.00000000000001,OK,430000,0.29
10636,France,Food & Refreshment,3.27,10,Premium,55,5.0685,55.00000000000001,OK,430000,0.29
10637,UK,Home Care,9.42,8,Premium,50,14.13,50.0,OK,520000,0.32
10638,Germany,Food & Refreshment,6.38,2,Value,12,7.145600000000001,12.00000000000001,OK,460000,0.31
10639,France,Home Care,1.1,2,Value,10,1.21,10.00000000000001,OK,430000,0.29
10640,Spain,Personal Care,5.54,10,Premium,60,8.864,60.00000000000001,OK,410000,0.3
10641,France,Home Care,4.35,10,Premium,50,6.524999999999999,50.0,OK,430000,0.29
10642,France,Personal Care,10.45,8,Premium,60,16.72,60.00000000000001,OK,430000,0.29
10643,Spain,Personal Care,14.26,6,Standard,30,18.538,30.0,OK,410000,0.3
10644,UK,Food & Refreshment,4.39,4,Standard,28,5.619199999999999,28.0,OK,520000,0.32
10645,Spain,Food & Refreshment,12.27,3,Value,12,13.7424,12.00000000000001,OK,410000,0.3
10646,UK,Food & Refreshment,1.3,1,Value,12,1.456,12.00000000000001,OK,520000,0.32
10647,UK,Home Care,8.3,3,Value,10,9.13,10.00000000000001,OK,520000,0.32
10648,UK,Home Care,1.52,9,Premium,50,2.28,50.00000000000002,OK,520000,0.32
10649,Spain,Food & Refreshment,14.04,5,Standard,28,17.9712,28.0,OK,410000,0.3
10650,UK,Home Care,11.61,6,Standard,25,14.5125,25.0,OK,520000,0.32
10651,Germany,Food & Refreshment,10.04,5,Standard,28,12.8512,28.0,OK,460000,0.31
10652,Spain,Home Care,12.45,1,Value,10,13.695,10.00000000000001,OK,410000,0.3
10653,Germany,Personal Care,9.89,10,Premium,60,15.824,60.00000000000001,OK,460000,0.31
10654,UK,Personal Care,14.55,1,Value,15,16.7325,14.99999999999999,OK,520000,0.32
10655,France,Food & Refreshment,10.85,4,Standard,28,13.888,28.0,OK,430000,0.29
10656,UK,Home Care,13.91,3,Value,10,15.301,10.00000000000001,OK,520000,0.32
10657,Germany,Home Care,8.0,8,Premium,50,12.0,50.0,OK,460000,0.31
10658,Germany,Personal Care,2.2,7,Standard,30,2.86,30.0,OK,460000,0.31
10659,Spain,Personal Care,8.16,7,Standard,30,10.608,30.0,OK,410000,0.3
10660,France,Food & Refreshment,2.34,8,Premium,55,3.627,55.00000000000001,OK,430000,0.29
10661,Spain,Personal Care,9.09,10,Premium,60,14.544,60.00000000000001,OK,410000,0.3
10662,Germany,Food & Refreshment,7.5,7,Standard,28,9.6,28.0,OK,460000,0.31
10663,UK,Personal Care,9.53,10,Premium,60,15.248,60.00000000000001,OK,520000,0.32
10664,France,Personal Care,0.65,2,Value,15,0.7474999999999999,14.99999999999999,OK,430000,0.29
10665,UK,Home Care,3.33,4,Standard,25,4.1625,24.99999999999998,OK,520000,0.32
10666,UK,Personal Care,7.62,6,Standard,30,9.906,30.0,OK,520000,0.32
10667,France,Personal Care,14.28,3,Value,15,16.422,14.99999999999999,OK,430000,0.29
10668,Spain,Food & Refreshment,6.06,3,Value,12,6.7872,12.00000000000001,OK,410000,0.3
10669,UK,Personal Care,6.65,6,Standard,30,8.645000000000001,30.0,OK,520000,0.32
10670,Germany,Food & Refreshment,10.86,1,Value,12,12.1632,12.00000000000001,OK,460000,0.31
10671,UK,Personal Care,9.25,1,Value,15,10.6375,14.99999999999999,OK,520000,0.32
10672,France,Personal Care,4.83,5,Standard,30,6.279,30.0,OK,430000,0.29
10673,France,Food & Refreshment,6.46,1,Value,12,7.235200000000001,12.00000000000001,OK,430000,0.29
10674,France,Home Care,3.66,10,Premium,50,5.49,50.0,OK,430000,0.29
10675,Spain,Food & Refreshment,14.51,8,Premium,55,22.4905,55.00000000000001,OK,410000,0.3
10676,UK,Food & Refreshment,2.39,2,Value,12,2.676800000000001,12.00000000000001,OK,520000,0.32
10677,Spain,Food & Refreshment,5.89,6,Standard,28,7.5392,28.0,OK,410000,0.3
10678,Spain,Home Care,0.87,10,Premium,50,1.305,50.0,OK,410000,0.3
10679,France,Personal Care,3.72,10,Premium,60,5.952000000000001,60.00000000000001,OK,430000,0.29
10680,France,Food & Refreshment,11.82,5,Standard,28,15.1296,28.0,OK,430000,0.29
10681,Spain,Food & Refreshment,3.42,10,Premium,55,5.301,55.00000000000001,OK,410000,0.3
10682,UK,Home Care,1.66,4,Standard,25,2.075,25.0,OK,520000,0.32
10683,Germany,Food & Refreshment,7.38,1,Value,12,8.265600000000001,12.00000000000001,OK,460000,0.31
10684,Spain,Personal Care,0.64,3,Value,15,0.736,14.99999999999999,OK,410000,0.3
10685,UK,Home Care,1.73,4,Standard,25,2.1625,25.0,OK,520000,0.32
10686,France,Personal Care,12.21,2,Value,15,14.0415,14.99999999999999,OK,430000,0.29
10687,France,Personal Care,11.69,2,Value,15,13.4435,14.99999999999999,OK,430000,0.29
10688,UK,Home Care,13.77,2,Value,10,15.147,10.00000000000001,OK,520000,0.32
10689,Germany,Food & Refreshment,12.89,1,Value,12,14.4368,12.00000000000001,OK,460000,0.31
10690,France,Personal Care,10.41,10,Premium,60,16.656,60.00000000000003,OK,430000,0.29
10691,France,Personal Care,1.26,2,Value,15,1.449,14.99999999999999,OK,430000,0.29
10692,France,Personal Care,11.85,6,Standard,30,15.405,30.0,OK,430000,0.29
10693,UK,Personal Care,12.76,3,Value,15,14.674,14.99999999999999,OK,520000,0.32
10694,Spain,Home Care,12.09,10,Premium,50,18.135,49.99999999999998,OK,410000,0.3
10695,France,Home Care,7.87,5,Standard,25,9.8375,25.0,OK,430000,0.29
10696,Spain,Personal Care,3.88,1,Value,15,4.462,14.99999999999999,OK,410000,0.3
10697,Germany,Food & Refreshment,12.76,8,Premium,55,19.778,54.99999999999999,OK,460000,0.31
10698,France,Personal Care,11.04,4,Standard,30,14.352,30.0,OK,430000,0.29
10699,France,Food & Refreshment,14.72,9,Premium,55,22.816,55.00000000000001,OK,430000,0.29
10700,Germany,Personal Care,2.76,4,Standard,30,3.588,30.0,OK,460000,0.31
10701,France,Food & Refreshment,3.77,2,Value,12,4.2224,12.00000000000001,OK,430000,0.29
10702,Spain,Personal Care,3.57,3,Value,15,4.105499999999999,14.99999999999999,OK,410000,0.3
10703,UK,Food & Refreshment,11.99,5,Standard,28,15.3472,28.0,OK,520000,0.32
10704,Spain,Personal Care,3.21,10,Premium,60,5.136,60.00000000000001,OK,410000,0.3
10705,UK,Personal Care,1.47,6,Standard,30,1.911,30.0,OK,520000,0.32
10706,UK,Food & Refreshment,14.98,7,Standard,28,19.1744,28.0,OK,520000,0.32
10707,Spain,Home Care,0.86,4,Standard,25,1.075,25.0,OK,410000,0.3
10708,Spain,Food & Refreshment,12.61,7,Standard,28,16.1408,28.0,OK,410000,0.3
10709,Spain,Home Care,5.8,10,Premium,50,8.7,50.0,OK,410000,0.3
10710,Spain,Personal Care,12.7,3,Value,15,14.605,14.99999999999999,OK,410000,0.3
10711,Germany,Food & Refreshment,8.54,7,Standard,28,10.9312,28.0,OK,460000,0.31
10712,France,Food & Refreshment,13.57,4,Standard,28,17.3696,28.0,OK,430000,0.29
10713,UK,Food & Refreshment,13.93,8,Premium,55,21.5915,55.00000000000001,OK,520000,0.32
10714,Spain,Home Care,0.63,9,Premium,50,0.9450000000000001,50.0,OK,410000,0.3
10715,Spain,Home Care,1.59,7,Standard,25,1.9875,25.0,OK,410000,0.3
10716,Spain,Personal Care,4.13,8,Premium,60,6.608000000000001,60.00000000000001,OK,410000,0.3
10717,Germany,Home Care,10.21,8,Premium,50,15.315,50.0,OK,460000,0.31
10718,Spain,Home Care,13.38,2,Value,10,14.718,10.00000000000001,OK,410000,0.3
10719,Spain,Personal Care,7.17,9,Premium,60,11.472,60.00000000000001,OK,410000,0.3
10720,Spain,Food & Refreshment,9.3,6,Standard,28,11.904,28.0,OK,410000,0.3
10721,France,Food & Refreshment,3.23,4,Standard,28,4.1344,28.0,OK,430000,0.29
10722,Germany,Personal Care,12.17,5,Standard,30,15.821,30.0,OK,460000,0.31
10723,Spain,Food & Refreshment,14.53,10,Premium,55,22.5215,55.00000000000001,OK,410000,0.3
10724,UK,Home Care,4.39,5,Standard,25,5.4875,25.0,OK,520000,0.32
10725,UK,Personal Care,7.67,7,Standard,30,9.971,30.0,OK,520000,0.32
10726,UK,Personal Care,1.75,9,Premium,60,2.8,60.00000000000001,OK,520000,0.32
10727,Germany,Personal Care,8.61,7,Standard,30,11.193,30.0,OK,460000,0.31
10728,Germany,Food & Refreshment,7.79,9,Premium,55,12.0745,55.00000000000001,OK,460000,0.31
10729,UK,Personal Care,2.59,4,Standard,30,3.367,30.0,OK,520000,0.32
10730,Spain,Personal Care,6.91,10,Premium,60,11.056,60.00000000000001,OK,410000,0.3
10731,Germany,Personal Care,5.34,10,Premium,60,8.544,60.00000000000001,OK,460000,0.31
10732,UK,Food & Refreshment,8.07,4,Standard,28,10.3296,28.0,OK,520000,0.32
10733,UK,Home Care,8.99,6,Standard,25,11.2375,25.0,OK,520000,0.32
10734,Spain,Personal Care,0.62,8,Premium,60,0.992,60.00000000000001,OK,410000,0.3
10735,France,Home Care,11.53,9,Premium,50,17.295,50.0,OK,430000,0.29
10736,Germany,Food & Refreshment,10.84,1,Value,12,12.1408,12.00000000000001,OK,460000,0.31
10737,Spain,Food & Refreshment,5.81,1,Value,12,6.5072,12.00000000000001,OK,410000,0.3
10738,UK,Food & Refreshment,1.27,8,Premium,55,1.9685,55.00000000000001,OK,520000,0.32
10739,UK,Food & Refreshment,11.45,7,Standard,28,14.656,28.0,OK,520000,0.32
10740,Spain,Home Care,14.35,9,Premium,50,21.525,50.0,OK,410000,0.3
10741,Germany,Personal Care,3.98,3,Value,15,4.577,14.99999999999999,OK,460000,0.31
10742,France,Food & Refreshment,5.19,10,Premium,55,8.044500000000001,55.00000000000001,OK,430000,0.29
10743,France,Food & Refreshment,3.17,5,Standard,28,4.0576,28.0,OK,430000,0.29
10744,UK,Home Care,8.87,3,Value,10,9.757,10.00000000000001,OK,520000,0.32
10745,Germany,Home Care,2.75,5,Standard,25,3.4375,25.0,OK,460000,0.31
10746,France,Food & Refreshment,5.66,10,Premium,55,8.773,54.99999999999999,OK,430000,0.29
10747,Germany,Personal Care,10.61,1,Value,15,12.2015,14.99999999999999,OK,460000,0.31
10748,Germany,Personal Care,8.62,4,Standard,30,11.206,30.0,OK,460000,0.31
10749,UK,Food & Refreshment,6.1,6,Standard,28,7.808,28.0,OK,520000,0.32
10750,France,Home Care,6.59,2,Value,10,7.249000000000001,10.00000000000001,OK,430000,0.29
10751,Spain,Food & Refreshment,8.65,7,Standard,28,11.072,28.0,OK,410000,0.3
10752,UK,Food & Refreshment,0.59,8,Premium,55,0.9145,55.00000000000001,OK,520000,0.32
10753,France,Home Care,1.64,1,Value,10,1.804,10.00000000000001,OK,430000,0.29
10754,France,Food & Refreshment,13.28,4,Standard,28,16.9984,28.0,OK,430000,0.29
10755,France,Food & Refreshment,1.63,4,Standard,28,2.0864,28.0,OK,430000,0.29
10756,France,Food & Refreshment,10.75,5,Standard,28,13.76,28.0,OK,430000,0.29
10757,France,Home Care,13.84,4,Standard,25,17.3,25.0,OK,430000,0.29
10758,Germany,Personal Care,4.42,9,Premium,60,7.072,60.00000000000001,OK,460000,0.31
10759,UK,Personal Care,5.87,7,Standard,30,7.631,30.0,OK,520000,0.32
10760,Germany,Home Care,8.75,2,Value,10,9.625,10.00000000000001,OK,460000,0.31
10761,Spain,Personal Care,13.28,1,Value,15,15.272,14.99999999999999,OK,410000,0.3
10762,France,Food & Refreshment,14.16,9,Premium,55,21.948,55.00000000000001,OK,430000,0.29
10763,UK,Personal Care,11.22,1,Value,15,12.903,14.99999999999999,OK,520000,0.32
10764,France,Food & Refreshment,1.76,6,Standard,28,2.2528,28.0,OK,430000,0.29
10765,UK,Personal Care,10.2,2,Value,15,11.73,14.99999999999999,OK,520000,0.32
10766,Germany,Home Care,6.45,4,Standard,25,8.0625,25.0,OK,460000,0.31
10767,UK,Personal Care,7.33,6,Standard,30,9.529,30.0,OK,520000,0.32
10768,Spain,Personal Care,1.21,5,Standard,30,1.573,30.0,OK,410000,0.3
10769,Spain,Personal Care,3.27,6,Standard,30,4.251,30.0,OK,410000,0.3
10770,UK,Home Care,11.96,3,Value,10,13.156,10.00000000000001,OK,520000,0.32
10771,UK,Personal Care,7.08,5,Standard,30,9.204,30.0,OK,520000,0.32
10772,UK,Home Care,4.87,2,Value,10,5.357,10.00000000000001,OK,520000,0.32
10773,UK,Food & Refreshment,6.07,7,Standard,28,7.769600000000001,28.0,OK,520000,0.32
10774,Spain,Personal Care,12.89,3,Value,15,14.8235,14.99999999999999,OK,410000,0.3
10775,France,Home Care,11.36,1,Value,10,12.496,10.00000000000001,OK,430000,0.29
10776,UK,Home Care,4.45,8,Premium,50,6.675000000000001,50.0,OK,520000,0.32
10777,UK,Personal Care,2.2,8,Premium,60,3.52,60.00000000000001,OK,520000,0.32
10778,Spain,Food & Refreshment,4.15,3,Value,12,4.648000000000001,12.00000000000001,OK,410000,0.3
10779,Spain,Home Care,13.85,7,Standard,25,17.3125,25.0,OK,410000,0.3
10780,Germany,Personal Care,8.93,9,Premium,60,14.288,60.00000000000001,OK,460000,0.31
10781,UK,Food & Refreshment,8.24,8,Premium,55,12.772,55.00000000000001,OK,520000,0.32
10782,Germany,Home Care,9.15,3,Value,10,10.065,10.00000000000001,OK,460000,0.31
10783,Spain,Home Care,5.81,2,Value,10,6.391,10.00000000000001,OK,410000,0.3
10784,Spain,Food & Refreshment,12.2,10,Premium,55,18.91,55.00000000000001,OK,410000,0.3
10785,France,Food & Refreshment,8.09,7,Standard,28,10.3552,28.0,OK,430000,0.29
10786,UK,Personal Care,2.19,7,Standard,30,2.847,30.0,OK,520000,0.32
10787,Germany,Personal Care,2.37,9,Premium,60,3.792,60.00000000000001,OK,460000,0.31
10788,Spain,Home Care,8.28,5,Standard,25,10.35,25.0,OK,410000,0.3
10789,Spain,Food & Refreshment,14.08,4,Standard,28,18.0224,28.0,OK,410000,0.3
10790,Germany,Food & Refreshment,4.97,8,Premium,55,7.7035,55.00000000000001,OK,460000,0.31
10791,France,Food & Refreshment,13.11,4,Standard,28,16.7808,28.0,OK,430000,0.29
10792,Spain,Home Care,11.58,4,Standard,25,14.475,25.0,OK,410000,0.3
10793,UK,Food & Refreshment,4.09,2,Value,12,4.5808,12.00000000000001,OK,520000,0.32
10794,Spain,Food & Refreshment,1.03,1,Value,12,1.1536,12.00000000000001,OK,410000,0.3
10795,UK,Home Care,1.98,4,Standard,25,2.475,25.0,OK,520000,0.32
10796,Germany,Personal Care,11.06,7,Standard,30,14.378,30.0,OK,460000,0.31
10797,UK,Personal Care,3.4,9,Premium,60,5.44,60.00000000000001,OK,520000,0.32
10798,Germany,Home Care,5.88,9,Premium,50,8.82,50.0,OK,460000,0.31
10799,UK,Food & Refreshment,7.77,10,Premium,55,12.0435,55.00000000000001,OK,520000,0.32
10800,Germany,Home Care,11.02,1,Value,10,12.122,10.00000000000001,OK,460000,0.31
10801,UK,Personal Care,2.14,5,Standard,30,2.782,30.0,OK,520000,0.32
10802,France,Personal Care,6.39,7,Standard,30,8.307,30.0,OK,430000,0.29
10803,UK,Home Care,7.53,7,Standard,25,9.4125,25.0,OK,520000,0.32
10804,UK,Home Care,8.34,10,Premium,50,12.51,50.0,OK,520000,0.32
10805,France,Personal Care,12.37,6,Standard,30,16.081,30.0,OK,430000,0.29
10806,Spain,Home Care,2.99,10,Premium,50,4.485,50.0,OK,410000,0.3
10807,Spain,Personal Care,12.21,4,Standard,30,15.873,30.0,OK,410000,0.3
10808,UK,Home Care,10.55,3,Value,10,11.605,10.00000000000001,OK,520000,0.32
10809,France,Home Care,8.56,9,Premium,50,12.84,50.0,OK,430000,0.29
10810,UK,Home Care,10.64,10,Premium,50,15.96,50.0,OK,520000,0.32
10811,Germany,Personal Care,6.47,4,Standard,30,8.411,30.0,OK,460000,0.31
10812,Germany,Home Care,2.51,8,Premium,50,3.765,50.0,OK,460000,0.31
10813,UK,Personal Care,10.15,1,Value,15,11.6725,14.99999999999999,OK,520000,0.32
10814,Spain,Personal Care,8.11,7,Standard,30,10.543,30.0,OK,410000,0.3
10815,Spain,Home Care,9.77,6,Standard,25,12.2125,25.0,OK,410000,0.3
10816,UK,Home Care,5.4,1,Value,10,5.940000000000001,10.00000000000001,OK,520000,0.32
10817,UK,Personal Care,13.65,4,Standard,30,17.745,30.0,OK,520000,0.32
10818,Germany,Personal Care,9.02,5,Standard,30,11.726,30.0,OK,460000,0.31
10819,Spain,Food & Refreshment,1.74,8,Premium,55,2.697,55.00000000000001,OK,410000,0.3
10820,UK,Personal Care,7.02,4,Standard,30,9.126,30.0,OK,520000,0.32
10821,Germany,Food & Refreshment,11.47,3,Value,12,12.8464,12.00000000000001,OK,460000,0.31
10822,Spain,Food & Refreshment,12.01,2,Value,12,13.4512,12.00000000000001,OK,410000,0.3
10823,France,Food & Refreshment,7.67,4,Standard,28,9.8176,28.0,OK,430000,0.29
10824,Germany,Home Care,13.47,10,Premium,50,20.205,50.0,OK,460000,0.31
10825,Spain,Home Care,4.38,4,Standard,25,5.475,25.0,OK,410000,0.3
10826,Spain,Personal Care,6.45,10,Premium,60,10.32,60.00000000000001,OK,410000,0.3
10827,Germany,Food & Refreshment,13.53,5,Standard,28,17.3184,28.0,OK,460000,0.31
10828,France,Home Care,13.5,7,Standard,25,16.875,25.0,OK,430000,0.29
10829,Germany,Home Care,10.44,9,Premium,50,15.66,50.0,OK,460000,0.31
10830,Spain,Home Care,12.96,2,Value,10,14.256,10.00000000000001,OK,410000,0.3
10831,UK,Home Care,1.79,5,Standard,25,2.2375,24.99999999999998,OK,520000,0.32
10832,UK,Home Care,13.04,10,Premium,50,19.56,50.0,OK,520000,0.32
10833,Germany,Food & Refreshment,5.15,9,Premium,55,7.982500000000001,55.00000000000001,OK,460000,0.31
10834,Spain,Food & Refreshment,3.09,3,Value,12,3.4608,12.00000000000001,OK,410000,0.3
10835,UK,Food & Refreshment,3.97,1,Value,12,4.446400000000001,12.00000000000001,OK,520000,0.32
10836,Spain,Food & Refreshment,6.56,2,Value,12,7.3472,12.00000000000001,OK,410000,0.3
10837,Germany,Personal Care,4.14,6,Standard,30,5.382,30.0,OK,460000,0.31
10838,UK,Food & Refreshment,5.15,5,Standard,28,6.592000000000001,28.0,OK,520000,0.32
10839,Spain,Home Care,2.46,1,Value,10,2.706,10.00000000000001,OK,410000,0.3
10840,UK,Food & Refreshment,4.79,1,Value,12,5.364800000000001,12.00000000000001,OK,520000,0.32
10841,Germany,Personal Care,8.8,4,Standard,30,11.44,30.0,OK,460000,0.31
10842,Spain,Home Care,6.91,4,Standard,25,8.6375,24.99999999999998,OK,410000,0.3
10843,UK,Food & Refreshment,5.53,6,Standard,28,7.0784,28.0,OK,520000,0.32
10844,Germany,Food & Refreshment,11.32,6,Standard,28,14.4896,28.0,OK,460000,0.31
10845,UK,Food & Refreshment,13.46,10,Premium,55,20.863,55.00000000000001,OK,520000,0.32
10846,UK,Home Care,11.47,6,Standard,25,14.3375,25.0,OK,520000,0.32
10847,France,Home Care,5.31,1,Value,10,5.841,10.00000000000001,OK,430000,0.29
10848,France,Personal Care,11.29,10,Premium,60,18.064,60.00000000000001,OK,430000,0.29
10849,Germany,Home Care,2.7,9,Premium,50,4.050000000000001,50.00000000000002,OK,460000,0.31
10850,France,Home Care,2.39,7,Standard,25,2.9875,25.0,OK,430000,0.29
10851,Germany,Food & Refreshment,5.51,7,Standard,28,7.0528,28.0,OK,460000,0.31
10852,France,Home Care,12.21,7,Standard,25,15.2625,25.0,OK,430000,0.29
10853,UK,Food & Refreshment,4.07,2,Value,12,4.558400000000001,12.00000000000001,OK,520000,0.32
10854,Germany,Food & Refreshment,1.42,2,Value,12,1.5904,12.00000000000001,OK,460000,0.31
10855,Germany,Home Care,2.41,6,Standard,25,3.0125,25.0,OK,460000,0.31
10856,UK,Personal Care,12.95,7,Standard,30,16.835,30.0,OK,520000,0.32
10857,Germany,Personal Care,9.69,3,Value,15,11.1435,14.99999999999999,OK,460000,0.31
10858,Germany,Home Care,4.17,4,Standard,25,5.2125,25.0,OK,460000,0.31
10859,France,Personal Care,8.55,3,Value,15,9.8325,14.99999999999999,OK,430000,0.29
10860,Germany,Food & Refreshment,8.15,7,Standard,28,10.432,28.0,OK,460000,0.31
10861,Spain,Food & Refreshment,10.0,7,Standard,28,12.8,28.0,OK,410000,0.3
10862,UK,Home Care,3.88,4,Standard,25,4.85,25.0,OK,520000,0.32
10863,France,Personal Care,13.03,7,Standard,30,16.939,30.0,OK,430000,0.29
10864,France,Personal Care,4.99,5,Standard,30,6.487,30.0,OK,430000,0.29
10865,Spain,Food & Refreshment,10.56,1,Value,12,11.8272,12.00000000000001,OK,410000,0.3
10866,UK,Home Care,0.73,10,Premium,50,1.095,50.0,OK,520000,0.32
10867,UK,Personal Care,5.9,4,Standard,30,7.670000000000001,30.0,OK,520000,0.32
10868,France,Home Care,5.6,7,Standard,25,7.0,25.0,OK,430000,0.29
10869,Germany,Personal Care,8.38,2,Value,15,9.637,14.99999999999999,OK,460000,0.31
10870,France,Food & Refreshment,1.55,2,Value,12,1.736,12.00000000000001,OK,430000,0.29
10871,UK,Food & Refreshment,11.96,1,Value,12,13.3952,12.00000000000001,OK,520000,0.32
10872,Spain,Home Care,3.66,2,Value,10,4.026000000000001,10.00000000000001,OK,410000,0.3
10873,France,Food & Refreshment,10.32,10,Premium,55,15.996,55.00000000000001,OK,430000,0.29
10874,UK,Personal Care,12.15,8,Premium,60,19.44,60.00000000000001,OK,520000,0.32
10875,France,Food & Refreshment,8.65,8,Premium,55,13.4075,55.00000000000001,OK,430000,0.29
10876,Germany,Home Care,11.24,8,Premium,50,16.86,50.0,OK,460000,0.31
10877,France,Home Care,10.1,1,Value,10,11.11,10.00000000000001,OK,430000,0.29
10878,France,Home Care,5.66,1,Value,10,6.226000000000001,10.00000000000001,OK,430000,0.29
10879,UK,Personal Care,12.23,10,Premium,60,19.568,60.00000000000001,OK,520000,0.32
10880,UK,Personal Care,4.77,4,Standard,30,6.201,30.0,OK,520000,0.32
10881,UK,Personal Care,8.78,6,Standard,30,11.414,30.0,OK,520000,0.32
10882,France,Personal Care,11.31,8,Premium,60,18.096,59.99999999999999,OK,430000,0.29
10883,Germany,Personal Care,5.99,2,Value,15,6.8885,14.99999999999999,OK,460000,0.31
10884,Spain,Food & Refreshment,4.89,3,Value,12,5.4768,12.00000000000001,OK,410000,0.3
10885,Spain,Personal Care,7.16,6,Standard,30,9.308,30.0,OK,410000,0.3
10886,UK,Personal Care,12.36,10,Premium,60,19.776,60.00000000000001,OK,520000,0.32
10887,UK,Food & Refreshment,13.98,4,Standard,28,17.8944,28.0,OK,520000,0.32
10888,France,Personal Care,8.4,2,Value,15,9.66,14.99999999999999,OK,430000,0.29
10889,Spain,Home Care,10.09,7,Standard,25,12.6125,25.0,OK,410000,0.3
10890,UK,Personal Care,13.6,4,Standard,30,17.68,30.0,OK,520000,0.32
10891,Germany,Personal Care,1.93,8,Premium,60,3.088,60.00000000000001,OK,460000,0.31
10892,Germany,Home Care,3.87,8,Premium,50,5.805,49.99999999999998,OK,460000,0.31
10893,UK,Home Care,10.78,7,Standard,25,13.475,25.0,OK,520000,0.32
10894,UK,Home Care,12.44,10,Premium,50,18.66,50.0,OK,520000,0.32
10895,Spain,Home Care,12.93,9,Premium,50,19.395,50.0,OK,410000,0.3
10896,Spain,Personal Care,6.52,4,Standard,30,8.475999999999999,30.0,OK,410000,0.3
10897,France,Home Care,1.8,7,Standard,25,2.25,25.0,OK,430000,0.29
10898,Spain,Home Care,6.85,10,Premium,50,10.275,49.99999999999998,OK,410000,0.3
10899,Germany,Food & Refreshment,3.85,10,Premium,55,5.9675,55.00000000000001,OK,460000,0.31
10900,Germany,Home Care,4.72,1,Value,10,5.192,10.00000000000001,OK,460000,0.31
10901,UK,Home Care,11.7,4,Standard,25,14.625,25.0,OK,520000,0.32
10902,Spain,Food & Refreshment,1.6,2,Value,12,1.792,12.00000000000001,OK,410000,0.3
10903,France,Food & Refreshment,12.5,9,Premium,55,19.375,55.00000000000001,OK,430000,0.29
10904,Germany,Personal Care,6.7,5,Standard,30,8.71,30.0,OK,460000,0.31
10905,Germany,Food & Refreshment,9.14,3,Value,12,10.2368,12.00000000000001,OK,460000,0.31
10906,France,Personal Care,1.8,4,Standard,30,2.34,30.0,OK,430000,0.29
10907,France,Food & Refreshment,5.39,6,Standard,28,6.8992,28.0,OK,430000,0.29
10908,Germany,Food & Refreshment,1.8,10,Premium,55,2.79,55.00000000000001,OK,460000,0.31
10909,Germany,Personal Care,14.44,1,Value,15,16.606,14.99999999999999,OK,460000,0.31
10910,France,Food & Refreshment,12.21,7,Standard,28,15.6288,28.0,OK,430000,0.29
10911,Germany,Personal Care,7.16,8,Premium,60,11.456,60.00000000000001,OK,460000,0.31
10912,UK,Food & Refreshment,3.74,7,Standard,28,4.7872,28.0,OK,520000,0.32
10913,UK,Home Care,14.04,7,Standard,25,17.55,24.99999999999998,OK,520000,0.32
10914,France,Food & Refreshment,5.5,9,Premium,55,8.525,55.00000000000001,OK,430000,0.29
10915,Spain,Personal Care,2.83,4,Standard,30,3.679,30.0,OK,410000,0.3
10916,France,Food & Refreshment,8.67,7,Standard,28,11.0976,28.0,OK,430000,0.29
10917,France,Personal Care,14.18,9,Premium,60,22.688,60.00000000000003,OK,430000,0.29
10918,Spain,Personal Care,0.56,5,Standard,30,0.7280000000000001,30.0,OK,410000,0.3
10919,Spain,Home Care,3.95,2,Value,10,4.345000000000001,10.00000000000001,OK,410000,0.3
10920,Spain,Home Care,14.11,5,Standard,25,17.6375,25.0,OK,410000,0.3
10921,UK,Personal Care,2.98,4,Standard,30,3.874,30.0,OK,520000,0.32
10922,Germany,Food & Refreshment,2.14,8,Premium,55,3.317,55.00000000000001,OK,460000,0.31
10923,UK,Personal Care,8.77,5,Standard,30,11.401,30.0,OK,520000,0.32
10924,Germany,Personal Care,13.0,9,Premium,60,20.8,60.00000000000001,OK,460000,0.31
10925,UK,Food & Refreshment,7.42,9,Premium,55,11.501,55.00000000000001,OK,520000,0.32
10926,Germany,Food & Refreshment,14.92,3,Value,12,16.7104,12.00000000000001,OK,460000,0.31
10927,UK,Food & Refreshment,10.35,10,Premium,55,16.0425,55.00000000000001,OK,520000,0.32
10928,Spain,Food & Refreshment,1.57,6,Standard,28,2.0096,28.0,OK,410000,0.3
10929,France,Personal Care,14.9,6,Standard,30,19.37,30.0,OK,430000,0.29
10930,UK,Personal Care,6.41,4,Standard,30,8.333,30.0,OK,520000,0.32
10931,Germany,Home Care,4.67,10,Premium,50,7.005,50.0,OK,460000,0.31
10932,Spain,Personal Care,8.59,3,Value,15,9.878499999999999,14.99999999999999,OK,410000,0.3
10933,UK,Food & Refreshment,4.91,1,Value,12,5.499200000000001,12.00000000000001,OK,520000,0.32
10934,UK,Home Care,1.75,7,Standard,25,2.1875,25.0,OK,520000,0.32
10935,Spain,Food & Refreshment,0.52,5,Standard,28,0.6656000000000001,28.0,OK,410000,0.3
10936,UK,Personal Care,7.02,10,Premium,60,11.232,60.00000000000001,OK,520000,0.32
10937,France,Home Care,12.63,7,Standard,25,15.7875,25.0,OK,430000,0.29
10938,UK,Food & Refreshment,8.8,1,Value,12,9.856000000000002,12.00000000000001,OK,520000,0.32
10939,France,Home Care,14.99,8,Premium,50,22.485,50.0,OK,430000,0.29
10940,France,Home Care,4.66,3,Value,10,5.126,10.00000000000001,OK,430000,0.29
10941,Spain,Personal Care,4.57,7,Standard,30,5.941000000000001,30.0,OK,410000,0.3
10942,UK,Food & Refreshment,2.82,3,Value,12,3.1584,12.00000000000001,OK,520000,0.32
10943,Spain,Home Care,2.88,3,Value,10,3.168,10.00000000000001,OK,410000,0.3
10944,UK,Home Care,4.64,10,Premium,50,6.959999999999999,50.0,OK,520000,0.32
10945,UK,Food & Refreshment,12.0,9,Premium,55,18.6,55.00000000000001,OK,520000,0.32
10946,Germany,Home Care,13.63,2,Value,10,14.993,10.00000000000001,OK,460000,0.31
10947,UK,Home Care,14.64,4,Standard,25,18.3,25.0,OK,520000,0.32
10948,Spain,Home Care,3.87,6,Standard,25,4.8375,25.0,OK,410000,0.3
10949,France,Food & Refreshment,13.28,3,Value,12,14.8736,12.00000000000001,OK,430000,0.29
10950,UK,Food & Refreshment,5.26,10,Premium,55,8.153,55.00000000000001,OK,520000,0.32
10951,Germany,Food & Refreshment,2.14,10,Premium,55,3.317,55.00000000000001,OK,460000,0.31
10952,Spain,Food & Refreshment,13.12,7,Standard,28,16.7936,27.99999999999998,OK,410000,0.3
10953,UK,Personal Care,9.72,7,Standard,30,12.636,30.0,OK,520000,0.32
10954,Spain,Home Care,2.89,5,Standard,25,3.6125,25.0,OK,410000,0.3
10955,Germany,Food & Refreshment,6.73,3,Value,12,7.537600000000001,12.00000000000001,OK,460000,0.31
10956,Germany,Home Care,4.67,2,Value,10,5.137,10.00000000000001,OK,460000,0.31
10957,Spain,Home Care,11.18,4,Standard,25,13.975,25.0,OK,410000,0.3
10958,UK,Personal Care,7.07,4,Standard,30,9.191,30.0,OK,520000,0.32
10959,France,Food & Refreshment,14.84,8,Premium,55,23.002,55.00000000000001,OK,430000,0.29
10960,Germany,Food & Refreshment,1.29,8,Premium,55,1.9995,55.00000000000001,OK,460000,0.31
10961,UK,Home Care,5.65,5,Standard,25,7.0625,25.0,OK,520000,0.32
10962,UK,Food & Refreshment,7.49,6,Standard,28,9.587200000000001,28.0,OK,520000,0.32
10963,France,Home Care,7.8,8,Premium,50,11.7,50.0,OK,430000,0.29
10964,Germany,Home Care,5.08,1,Value,10,5.588000000000001,10.00000000000001,OK,460000,0.31
10965,Germany,Personal Care,11.07,5,Standard,30,14.391,30.0,OK,460000,0.31
10966,UK,Personal Care,13.18,4,Standard,30,17.134,30.0,OK,520000,0.32
10967,UK,Personal Care,14.11,4,Standard,30,18.343,30.0,OK,520000,0.32
10968,France,Home Care,12.17,2,Value,10,13.387,10.00000000000001,OK,430000,0.29
10969,France,Food & Refreshment,12.83,10,Premium,55,19.8865,55.00000000000001,OK,430000,0.29
10970,Germany,Personal Care,8.48,1,Value,15,9.751999999999999,14.99999999999999,OK,460000,0.31
10971,Spain,Food & Refreshment,12.48,6,Standard,28,15.9744,28.0,OK,410000,0.3
10972,Germany,Personal Care,4.9,7,Standard,30,6.370000000000001,30.0,OK,460000,0.31
10973,UK,Personal Care,6.28,5,Standard,30,8.164000000000001,30.00000000000003,OK,520000,0.32
10974,Germany,Home Care,5.1,8,Premium,50,7.649999999999999,50.0,OK,460000,0.31
10975,Spain,Personal Care,7.28,9,Premium,60,11.648,60.00000000000001,OK,410000,0.3
10976,France,Personal Care,4.64,2,Value,15,5.335999999999999,14.99999999999999,OK,430000,0.29
10977,Spain,Home Care,14.44,4,Standard,25,18.05,25.0,OK,410000,0.3
10978,Spain,Food & Refreshment,5.04,9,Premium,55,7.812,55.00000000000001,OK,410000,0.3
10979,Spain,Personal Care,1.92,5,Standard,30,2.496,30.0,OK,410000,0.3
10980,France,Home Care,8.14,3,Value,10,8.954,10.00000000000001,OK,430000,0.29
10981,Spain,Personal Care,1.33,6,Standard,30,1.729,30.0,OK,410000,0.3
10982,Spain,Home Care,2.1,3,Value,10,2.31,10.00000000000001,OK,410000,0.3
10983,Spain,Food & Refreshment,3.68,5,Standard,28,4.7104,28.0,OK,410000,0.3
10984,UK,Food & Refreshment,7.23,3,Value,12,8.097600000000002,12.00000000000001,OK,520000,0.32
10985,Spain,Home Care,6.78,6,Standard,25,8.475,25.0,OK,410000,0.3
10986,France,Home Care,12.1,10,Premium,50,18.15,50.0,OK,430000,0.29
10987,Spain,Home Care,11.22,5,Standard,25,14.025,25.0,OK,410000,0.3
10988,Spain,Food & Refreshment,6.68,9,Premium,55,10.354,55.00000000000001,OK,410000,0.3
10989,France,Personal Care,5.34,3,Value,15,6.140999999999999,14.99999999999999,OK,430000,0.29
10990,Spain,Food & Refreshment,5.09,6,Standard,28,6.5152,28.0,OK,410000,0.3
10991,France,Home Care,11.72,8,Premium,50,17.58,50.0,OK,430000,0.29
10992,Spain,Home Care,1.26,7,Standard,25,1.575,25.0,OK,410000,0.3
10993,France,Food & Refreshment,0.69,6,Standard,28,0.8832,28.0,OK,430000,0.29
10994,Spain,Home Care,12.04,2,Value,10,13.244,10.00000000000001,OK,410000,0.3
10995,Spain,Food & Refreshment,7.42,7,Standard,28,9.4976,28.0,OK,410000,0.3
10996,UK,Home Care,2.4,8,Premium,50,3.6,50.0,OK,520000,0.32
10997,UK,Personal Care,3.92,1,Value,15,4.508,15.00000000000001,OK,520000,0.32
10998,Spain,Personal Care,14.02,9,Premium,60,22.432,60.00000000000003,OK,410000,0.3
10999,Spain,Home Care,12.96,4,Standard,25,16.2,25.00000000000002,OK,410000,0.3
11000,Germany,Food & Refreshment,10.79,8,Premium,55,16.7245,55.00000000000001,OK,460000,0.31
11001,France,Personal Care,7.49,10,Premium,60,11.984,60.00000000000001,OK,430000,0.29
11002,Germany,Food & Refreshment,8.04,7,Standard,28,10.2912,28.0,OK,460000,0.31
11003,UK,Home Care,14.64,10,Premium,50,21.96,50.0,OK,520000,0.32
11004,UK,Food & Refreshment,14.5,7,Standard,28,18.56,27.99999999999998,OK,520000,0.32
11005,UK,Personal Care,3.62,2,Value,15,4.162999999999999,14.99999999999997,OK,520000,0.32
11006,UK,Food & Refreshment,12.26,1,Value,12,13.7312,12.00000000000001,OK,520000,0.32
11007,Spain,Food & Refreshment,3.36,4,Standard,28,4.3008,28.0,OK,410000,0.3
11008,UK,Home Care,3.6,2,Value,10,3.96,10.00000000000001,OK,520000,0.32
11009,Spain,Home Care,10.3,8,Premium,50,15.45,50.0,OK,410000,0.3
11010,Spain,Home Care,6.37,10,Premium,50,9.555,50.0,OK,410000,0.3
11011,UK,Personal Care,14.01,7,Standard,30,18.213,30.0,OK,520000,0.32
11012,UK,Personal Care,1.79,8,Premium,60,2.864,60.00000000000001,OK,520000,0.32
11013,France,Home Care,7.92,6,Standard,25,9.9,25.0,OK,430000,0.29
11014,Germany,Home Care,13.82,1,Value,10,15.202,10.00000000000001,OK,460000,0.31
11015,UK,Personal Care,13.61,9,Premium,60,21.776,60.00000000000001,OK,520000,0.32
11016,France,Personal Care,2.77,6,Standard,30,3.601,30.0,OK,430000,0.29
11017,France,Personal Care,5.82,10,Premium,60,9.312000000000001,60.00000000000001,OK,430000,0.29
11018,Germany,Personal Care,9.48,1,Value,15,10.902,14.99999999999999,OK,460000,0.31
11019,Spain,Home Care,2.81,1,Value,10,3.091,10.00000000000001,OK,410000,0.3
11020,UK,Personal Care,14.54,8,Premium,60,23.264,60.00000000000001,OK,520000,0.32
11021,Germany,Home Care,13.76,6,Standard,25,17.2,25.0,OK,460000,0.31
11022,UK,Food & Refreshment,2.92,8,Premium,55,4.526,55.00000000000001,OK,520000,0.32
11023,France,Food & Refreshment,2.26,8,Premium,55,3.503,55.00000000000001,OK,430000,0.29
11024,France,Personal Care,1.74,8,Premium,60,2.784,60.00000000000001,OK,430000,0.29
11025,Spain,Food & Refreshment,13.69,10,Premium,55,21.2195,55.00000000000001,OK,410000,0.3
11026,France,Food & Refreshment,3.31,7,Standard,28,4.236800000000001,28.00000000000002,OK,430000,0.29
11027,France,Food & Refreshment,6.54,7,Standard,28,8.3712,28.0,OK,430000,0.29
11028,Germany,Personal Care,7.01,10,Premium,60,11.216,60.00000000000003,OK,460000,0.31
11029,UK,Personal Care,9.19,4,Standard,30,11.947,30.0,OK,520000,0.32
11030,UK,Food & Refreshment,1.54,9,Premium,55,2.387,55.00000000000001,OK,520000,0.32
11031,Germany,Home Care,3.79,2,Value,10,4.169,10.00000000000001,OK,460000,0.31
11032,Spain,Food & Refreshment,14.01,9,Premium,55,21.7155,54.99999999999999,OK,410000,0.3
11033,UK,Personal Care,13.67,10,Premium,60,21.872,60.00000000000001,OK,520000,0.32
11034,France,Personal Care,11.83,3,Value,15,13.6045,14.99999999999999,OK,430000,0.29
11035,UK,Personal Care,0.78,2,Value,15,0.8969999999999999,14.99999999999999,OK,520000,0.32
11036,France,Food & Refreshment,5.24,4,Standard,28,6.7072,28.0,OK,430000,0.29
11037,Spain,Home Care,9.61,5,Standard,25,12.0125,25.0,OK,410000,0.3
11038,Germany,Personal Care,4.49,2,Value,15,5.1635,14.99999999999999,OK,460000,0.31
11039,UK,Personal Care,13.69,1,Value,15,15.7435,14.99999999999999,OK,520000,0.32
11040,Germany,Food & Refreshment,9.69,10,Premium,55,15.0195,55.00000000000001,OK,460000,0.31
11041,UK,Home Care,1.54,5,Standard,25,1.925,25.0,OK,520000,0.32
11042,France,Food & Refreshment,13.68,9,Premium,55,21.204,55.00000000000001,OK,430000,0.29
11043,Germany,Personal Care,14.39,5,Standard,30,18.707,30.0,OK,460000,0.31
11044,UK,Home Care,1.63,10,Premium,50,2.445,50.0,OK,520000,0.32
11045,France,Home Care,8.22,9,Premium,50,12.33,50.0,OK,430000,0.29
11046,Germany,Personal Care,4.9,10,Premium,60,7.840000000000001,60.00000000000001,OK,460000,0.31
11047,Germany,Home Care,6.2,6,Standard,25,7.75,25.0,OK,460000,0.31
11048,UK,Home Care,3.1,3,Value,10,3.410000000000001,10.00000000000001,OK,520000,0.32
11049,UK,Food & Refreshment,8.88,4,Standard,28,11.3664,28.0,OK,520000,0.32
11050,UK,Personal Care,14.39,4,Standard,30,18.707,30.0,OK,520000,0.32
11051,France,Personal Care,7.79,1,Value,15,8.958499999999999,14.99999999999999,OK,430000,0.29
11052,UK,Personal Care,1.7,3,Value,15,1.955,14.99999999999999,OK,520000,0.32
11053,Germany,Personal Care,9.49,3,Value,15,10.9135,14.99999999999999,OK,460000,0.31
11054,Germany,Personal Care,5.43,1,Value,15,6.244499999999999,14.99999999999999,OK,460000,0.31
11055,UK,Home Care,12.91,9,Premium,50,19.365,50.00000000000002,OK,520000,0.32
11056,UK,Food & Refreshment,6.8,1,Value,12,7.616000000000001,12.00000000000001,OK,520000,0.32
11057,Spain,Personal Care,3.3,9,Premium,60,5.28,60.00000000000001,OK,410000,0.3
11058,Germany,Food & Refreshment,3.27,1,Value,12,3.6624,12.00000000000001,OK,460000,0.31
11059,France,Food & Refreshment,11.65,2,Value,12,13.048,12.00000000000001,OK,430000,0.29
11060,Spain,Home Care,4.35,2,Value,10,4.785,10.00000000000001,OK,410000,0.3
11061,UK,Personal Care,11.62,6,Standard,30,15.106,30.0,OK,520000,0.32
11062,UK,Home Care,3.49,7,Standard,25,4.362500000000001,25.00000000000002,OK,520000,0.32
11063,Germany,Personal Care,5.16,1,Value,15,5.933999999999999,14.99999999999999,OK,460000,0.31
11064,UK,Home Care,7.25,3,Value,10,7.975000000000001,10.00000000000001,OK,520000,0.32
11065,France,Food & Refreshment,14.18,2,Value,12,15.8816,12.00000000000001,OK,430000,0.29
11066,Germany,Personal Care,14.01,8,Premium,60,22.416,60.00000000000001,OK,460000,0.31
11067,UK,Food & Refreshment,3.5,9,Premium,55,5.425,55.00000000000001,OK,520000,0.32
11068,Germany,Food & Refreshment,5.69,2,Value,12,6.372800000000001,12.00000000000001,OK,460000,0.31
11069,UK,Home Care,2.67,2,Value,10,2.937,10.00000000000001,OK,520000,0.32
11070,UK,Personal Care,7.89,10,Premium,60,12.624,60.00000000000001,OK,520000,0.32
11071,UK,Food & Refreshment,7.18,9,Premium,55,11.129,55.00000000000001,OK,520000,0.32
11072,France,Home Care,13.56,4,Standard,25,16.95,25.0,OK,430000,0.29
11073,France,Personal Care,13.99,5,Standard,30,18.187,30.0,OK,430000,0.29
11074,Germany,Personal Care,6.06,9,Premium,60,9.696,60.00000000000001,OK,460000,0.31
11075,UK,Food & Refreshment,7.63,6,Standard,28,9.7664,28.0,OK,520000,0.32
11076,UK,Personal Care,13.5,10,Premium,60,21.6,60.00000000000001,OK,520000,0.32
11077,France,Food & Refreshment,12.2,9,Premium,55,18.91,55.00000000000001,OK,430000,0.29
11078,UK,Personal Care,0.55,9,Premium,60,0.8800000000000001,60.00000000000001,OK,520000,0.32
11079,France,Home Care,5.14,7,Standard,25,6.425,25.0,OK,430000,0.29
11080,UK,Food & Refreshment,6.62,10,Premium,55,10.261,55.00000000000001,OK,520000,0.32
11081,Germany,Food & Refreshment,3.83,9,Premium,55,5.936500000000001,55.00000000000001,OK,460000,0.31
11082,UK,Personal Care,3.39,5,Standard,30,4.407,30.0,OK,520000,0.32
11083,UK,Personal Care,1.05,5,Standard,30,1.365,30.0,OK,520000,0.32
11084,Spain,Food & Refreshment,9.83,8,Premium,55,15.2365,55.00000000000001,OK,410000,0.3
11085,France,Personal Care,4.31,10,Premium,60,6.896,60.00000000000001,OK,430000,0.29
11086,UK,Home Care,1.26,4,Standard,25,1.575,25.0,OK,520000,0.32
11087,UK,Personal Care,3.85,9,Premium,60,6.16,60.00000000000001,OK,520000,0.32
11088,Spain,Home Care,12.13,7,Standard,25,15.1625,25.0,OK,410000,0.3
11089,Spain,Home Care,12.85,7,Standard,25,16.0625,25.0,OK,410000,0.3
11090,France,Home Care,7.5,3,Value,10,8.25,10.00000000000001,OK,430000,0.29
11091,Spain,Home Care,6.53,4,Standard,25,8.1625,25.0,OK,410000,0.3
11092,Germany,Home Care,14.68,7,Standard,25,18.35,25.00000000000002,OK,460000,0.31
11093,Spain,Personal Care,3.41,5,Standard,30,4.433000000000001,30.00000000000003,OK,410000,0.3
11094,Germany,Home Care,3.62,3,Value,10,3.982000000000001,10.00000000000001,OK,460000,0.31
11095,France,Personal Care,4.73,1,Value,15,5.4395,14.99999999999999,OK,430000,0.29
11096,France,Home Care,3.0,7,Standard,25,3.75,25.0,OK,430000,0.29
11097,France,Food & Refreshment,6.0,6,Standard,28,7.68,28.0,OK,430000,0.29
11098,France,Home Care,13.71,10,Premium,50,20.565,50.0,OK,430000,0.29
11099,France,Food & Refreshment,9.42,7,Standard,28,12.0576,28.0,OK,430000,0.29
11100,Germany,Home Care,6.47,2,Value,10,7.117,10.00000000000001,OK,460000,0.31
11101,Germany,Home Care,14.05,4,Standard,25,17.5625,25.0,OK,460000,0.31
11102,France,Home Care,1.2,2,Value,10,1.32,10.00000000000001,OK,430000,0.29
11103,Spain,Food & Refreshment,3.55,8,Premium,55,5.5025,55.00000000000001,OK,410000,0.3
11104,UK,Food & Refreshment,8.71,7,Standard,28,11.1488,28.0,OK,520000,0.32
11105,France,Home Care,9.43,1,Value,10,10.373,10.00000000000001,OK,430000,0.29
11106,Spain,Personal Care,1.07,2,Value,15,1.2305,14.99999999999999,OK,410000,0.3
11107,UK,Home Care,6.34,2,Value,10,6.974,10.00000000000001,OK,520000,0.32
11108,France,Food & Refreshment,9.91,4,Standard,28,12.6848,28.0,OK,430000,0.29
11109,France,Home Care,10.62,3,Value,10,11.682,10.00000000000001,OK,430000,0.29
11110,Germany,Food & Refreshment,9.75,1,Value,12,10.92,12.00000000000001,OK,460000,0.31
11111,UK,Food & Refreshment,5.15,2,Value,12,5.768000000000001,12.00000000000001,OK,520000,0.32
11112,UK,Food & Refreshment,1.86,9,Premium,55,2.883,55.00000000000003,OK,520000,0.32
11113,Spain,Home Care,6.69,1,Value,10,7.359000000000001,10.00000000000001,OK,410000,0.3
11114,Germany,Food & Refreshment,2.37,9,Premium,55,3.6735,55.00000000000001,OK,460000,0.31
11115,Germany,Food & Refreshment,14.24,7,Standard,28,18.2272,28.0,OK,460000,0.31
11116,Germany,Home Care,7.39,2,Value,10,8.129,10.00000000000001,OK,460000,0.31
11117,Germany,Food & Refreshment,5.1,2,Value,12,5.712,12.00000000000001,OK,460000,0.31
11118,UK,Home Care,11.61,5,Standard,25,14.5125,25.0,OK,520000,0.32
11119,UK,Food & Refreshment,7.72,5,Standard,28,9.8816,28.0,OK,520000,0.32
11120,France,Personal Care,5.0,4,Standard,30,6.5,30.0,OK,430000,0.29
11121,France,Personal Care,12.27,10,Premium,60,19.632,60.00000000000001,OK,430000,0.29
11122,Germany,Food & Refreshment,13.07,10,Premium,55,20.2585,55.00000000000001,OK,460000,0.31
11123,Germany,Personal Care,10.26,3,Value,15,11.799,14.99999999999999,OK,460000,0.31
11124,Germany,Home Care,1.18,4,Standard,25,1.475,25.0,OK,460000,0.31
11125,France,Personal Care,8.71,10,Premium,60,13.936,60.00000000000001,OK,430000,0.29
11126,Spain,Food & Refreshment,11.57,4,Standard,28,14.8096,28.0,OK,410000,0.3
11127,Spain,Food & Refreshment,2.48,2,Value,12,2.7776,12.00000000000001,OK,410000,0.3
11128,France,Home Care,3.82,5,Standard,25,4.774999999999999,25.0,OK,430000,0.29
11129,France,Food & Refreshment,13.3,5,Standard,28,17.024,28.0,OK,430000,0.29
11130,France,Home Care,0.79,5,Standard,25,0.9875,25.0,OK,430000,0.29
11131,France,Personal Care,11.41,10,Premium,60,18.256,60.00000000000001,OK,430000,0.29
11132,France,Personal Care,7.37,1,Value,15,8.4755,14.99999999999999,OK,430000,0.29
11133,France,Home Care,6.98,6,Standard,25,8.725000000000001,25.00000000000002,OK,430000,0.29
11134,Germany,Home Care,0.6,2,Value,10,0.66,10.00000000000001,OK,460000,0.31
11135,Germany,Food & Refreshment,12.38,7,Standard,28,15.8464,28.0,OK,460000,0.31
11136,Germany,Personal Care,5.72,4,Standard,30,7.436,30.0,OK,460000,0.31
11137,Germany,Home Care,8.34,5,Standard,25,10.425,25.0,OK,460000,0.31
11138,France,Personal Care,10.32,5,Standard,30,13.416,30.0,OK,430000,0.29
11139,Spain,Home Care,10.69,5,Standard,25,13.3625,25.0,OK,410000,0.3
11140,UK,Personal Care,14.36,2,Value,15,16.514,14.99999999999999,OK,520000,0.32
11141,France,Food & Refreshment,8.2,5,Standard,28,10.496,28.0,OK,430000,0.29
11142,UK,Personal Care,6.3,3,Value,15,7.244999999999999,14.99999999999999,OK,520000,0.32
11143,Spain,Personal Care,14.33,4,Standard,30,18.629,30.0,OK,410000,0.3
11144,Germany,Personal Care,9.81,2,Value,15,11.2815,14.99999999999999,OK,460000,0.31
11145,Spain,Personal Care,4.82,4,Standard,30,6.266000000000001,30.0,OK,410000,0.3
11146,France,Personal Care,2.33,9,Premium,60,3.728,60.00000000000001,OK,430000,0.29
11147,Germany,Food & Refreshment,12.72,8,Premium,55,19.716,55.00000000000001,OK,460000,0.31
11148,France,Home Care,5.75,3,Value,10,6.325,10.00000000000001,OK,430000,0.29
11149,Germany,Personal Care,10.08,1,Value,15,11.592,14.99999999999999,OK,460000,0.31
11150,UK,Food & Refreshment,7.33,1,Value,12,8.2096,11.99999999999999,OK,520000,0.32
11151,UK,Personal Care,3.38,6,Standard,30,4.394,30.0,OK,520000,0.32
11152,UK,Personal Care,9.22,3,Value,15,10.603,14.99999999999999,OK,520000,0.32
11153,Spain,Home Care,1.38,4,Standard,25,1.725,25.0,OK,410000,0.3
11154,France,Personal Care,6.49,1,Value,15,7.4635,14.99999999999999,OK,430000,0.29
11155,Spain,Food & Refreshment,8.43,8,Premium,55,13.0665,55.00000000000001,OK,410000,0.3
11156,UK,Food & Refreshment,6.82,1,Value,12,7.638400000000001,12.00000000000001,OK,520000,0.32
11157,France,Home Care,11.36,5,Standard,25,14.2,25.0,OK,430000,0.29
11158,UK,Personal Care,12.5,6,Standard,30,16.25,30.0,OK,520000,0.32
11159,Spain,Food & Refreshment,11.68,2,Value,12,13.0816,12.00000000000001,OK,410000,0.3
11160,Spain,Personal Care,1.06,7,Standard,30,1.378,30.0,OK,410000,0.3
11161,Spain,Personal Care,3.31,7,Standard,30,4.303,30.0,OK,410000,0.3
11162,UK,Personal Care,8.28,1,Value,15,9.521999999999998,14.99999999999999,OK,520000,0.32
11163,France,Home Care,14.05,4,Standard,25,17.5625,25.0,OK,430000,0.29
11164,France,Personal Care,12.61,4,Standard,30,16.393,30.0,OK,430000,0.29
11165,UK,Food & Refreshment,12.72,5,Standard,28,16.2816,28.0,OK,520000,0.32
11166,France,Personal Care,4.9,1,Value,15,5.635,14.99999999999999,OK,430000,0.29
11167,UK,Food & Refreshment,6.73,1,Value,12,7.537600000000001,12.00000000000001,OK,520000,0.32
11168,France,Personal Care,7.33,7,Standard,30,9.529,30.0,OK,430000,0.29
11169,Germany,Food & Refreshment,2.78,9,Premium,55,4.309,55.00000000000003,OK,460000,0.31
11170,Germany,Food & Refreshment,0.95,1,Value,12,1.064,12.00000000000001,OK,460000,0.31
11171,Spain,Personal Care,14.23,2,Value,15,16.3645,14.99999999999999,OK,410000,0.3
11172,Germany,Personal Care,3.99,6,Standard,30,5.187,30.0,OK,460000,0.31
11173,Germany,Food & Refreshment,3.98,6,Standard,28,5.0944,28.0,OK,460000,0.31
11174,Germany,Home Care,1.71,2,Value,10,1.881,10.00000000000001,OK,460000,0.31
11175,UK,Personal Care,13.96,9,Premium,60,22.336,60.00000000000001,OK,520000,0.32
11176,Germany,Home Care,8.91,4,Standard,25,11.1375,25.0,OK,460000,0.31
11177,Germany,Personal Care,10.17,7,Standard,30,13.221,30.0,OK,460000,0.31
11178,Spain,Personal Care,13.72,6,Standard,30,17.836,30.0,OK,410000,0.3
11179,Germany,Personal Care,5.51,3,Value,15,6.336499999999999,14.99999999999999,OK,460000,0.31
11180,Germany,Personal Care,9.51,8,Premium,60,15.216,60.00000000000001,OK,460000,0.31
11181,France,Home Care,1.06,7,Standard,25,1.325,25.0,OK,430000,0.29
11182,Spain,Personal Care,3.21,9,Premium,60,5.136,60.00000000000001,OK,410000,0.3
11183,Spain,Food & Refreshment,12.55,3,Value,12,14.056,12.00000000000001,OK,410000,0.3
11184,Spain,Food & Refreshment,11.62,1,Value,12,13.0144,12.00000000000001,OK,410000,0.3
11185,Spain,Home Care,5.58,2,Value,10,6.138000000000001,10.00000000000001,OK,410000,0.3
11186,Spain,Personal Care,5.96,1,Value,15,6.853999999999999,14.99999999999999,OK,410000,0.3
11187,Spain,Food & Refreshment,8.24,5,Standard,28,10.5472,28.0,OK,410000,0.3
11188,UK,Home Care,0.5,10,Premium,50,0.75,50.0,OK,520000,0.32
11189,Germany,Personal Care,4.0,2,Value,15,4.6,14.99999999999999,OK,460000,0.31
11190,Spain,Food & Refreshment,3.52,3,Value,12,3.942400000000001,12.00000000000001,OK,410000,0.3
11191,Germany,Food & Refreshment,4.13,8,Premium,55,6.4015,55.00000000000001,OK,460000,0.31
11192,Germany,Home Care,12.19,10,Premium,50,18.285,50.0,OK,460000,0.31
11193,UK,Personal Care,4.56,5,Standard,30,5.928,30.0,OK,520000,0.32
11194,Spain,Personal Care,3.28,4,Standard,30,4.264,30.0,OK,410000,0.3
11195,France,Food & Refreshment,7.81,5,Standard,28,9.9968,28.0,OK,430000,0.29
11196,UK,Food & Refreshment,13.05,10,Premium,55,20.2275,55.00000000000001,OK,520000,0.32
11197,France,Food & Refreshment,4.0,6,Standard,28,5.12,28.0,OK,430000,0.29
11198,Germany,Personal Care,1.64,7,Standard,30,2.132,30.0,OK,460000,0.31
11199,Germany,Home Care,5.67,9,Premium,50,8.504999999999999,49.99999999999998,OK,460000,0.31
11200,UK,Home Care,11.34,1,Value,10,12.474,10.00000000000001,OK,520000,0.32
11201,UK,Personal Care,8.49,4,Standard,30,11.037,30.0,OK,520000,0.32
11202,France,Home Care,12.34,9,Premium,50,18.51,49.99999999999998,OK,430000,0.29
11203,Spain,Food & Refreshment,14.41,5,Standard,28,18.4448,28.0,OK,410000,0.3
11204,France,Home Care,11.99,8,Premium,50,17.985,50.0,OK,430000,0.29
11205,UK,Home Care,9.26,1,Value,10,10.186,10.00000000000001,OK,520000,0.32
11206,France,Home Care,7.65,4,Standard,25,9.5625,25.0,OK,430000,0.29
11207,UK,Food & Refreshment,1.08,9,Premium,55,1.674,55.00000000000001,OK,520000,0.32
11208,France,Personal Care,14.77,1,Value,15,16.9855,14.99999999999999,OK,430000,0.29
11209,UK,Food & Refreshment,6.06,1,Value,12,6.7872,12.00000000000001,OK,520000,0.32
11210,UK,Personal Care,2.71,4,Standard,30,3.523,30.0,OK,520000,0.32
11211,UK,Personal Care,10.17,3,Value,15,11.6955,14.99999999999999,OK,520000,0.32
11212,Spain,Personal Care,4.62,7,Standard,30,6.006,30.0,OK,410000,0.3
11213,France,Home Care,8.99,3,Value,10,9.889000000000001,10.00000000000001,OK,430000,0.29
11214,France,Home Care,9.01,1,Value,10,9.911000000000001,10.00000000000001,OK,430000,0.29
11215,France,Personal Care,6.96,10,Premium,60,11.136,60.00000000000001,OK,430000,0.29
11216,UK,Personal Care,12.62,2,Value,15,14.513,14.99999999999999,OK,520000,0.32
11217,France,Home Care,4.34,10,Premium,50,6.51,50.0,OK,430000,0.29
11218,France,Food & Refreshment,7.01,4,Standard,28,8.9728,28.0,OK,430000,0.29
11219,UK,Personal Care,8.3,1,Value,15,9.545,14.99999999999999,OK,520000,0.32
11220,Germany,Food & Refreshment,10.12,1,Value,12,11.3344,12.00000000000001,OK,460000,0.31
11221,UK,Home Care,11.87,8,Premium,50,17.805,50.0,OK,520000,0.32
11222,France,Personal Care,6.22,7,Standard,30,8.086,30.0,OK,430000,0.29
11223,UK,Food & Refreshment,9.87,8,Premium,55,15.2985,55.00000000000001,OK,520000,0.32
11224,Germany,Food & Refreshment,2.68,4,Standard,28,3.4304,28.0,OK,460000,0.31
11225,UK,Food & Refreshment,14.02,6,Standard,28,17.9456,28.0,OK,520000,0.32
11226,France,Home Care,6.05,3,Value,10,6.655,10.00000000000001,OK,430000,0.29
11227,Germany,Home Care,11.08,8,Premium,50,16.62,50.0,OK,460000,0.31
11228,Spain,Food & Refreshment,0.79,4,Standard,28,1.0112,28.0,OK,410000,0.3
11229,France,Food & Refreshment,3.48,3,Value,12,3.8976,12.00000000000001,OK,430000,0.29
11230,Germany,Home Care,7.56,4,Standard,25,9.45,25.0,OK,460000,0.31
11231,Germany,Food & Refreshment,13.23,6,Standard,28,16.9344,28.0,OK,460000,0.31
11232,Spain,Food & Refreshment,8.15,7,Standard,28,10.432,28.0,OK,410000,0.3
11233,UK,Home Care,13.98,7,Standard,25,17.475,25.0,OK,520000,0.32
11234,UK,Food & Refreshment,7.52,4,Standard,28,9.6256,28.0,OK,520000,0.32
11235,France,Food & Refreshment,7.61,8,Premium,55,11.7955,55.00000000000001,OK,430000,0.29
11236,Spain,Food & Refreshment,2.24,7,Standard,28,2.8672,28.0,OK,410000,0.3
11237,UK,Home Care,12.14,2,Value,10,13.354,10.00000000000001,OK,520000,0.32
11238,Spain,Food & Refreshment,4.08,8,Premium,55,6.324000000000001,55.00000000000001,OK,410000,0.3
11239,UK,Home Care,13.54,9,Premium,50,20.31,50.0,OK,520000,0.32
11240,Germany,Home Care,13.71,5,Standard,25,17.1375,25.00000000000002,OK,460000,0.31
11241,UK,Personal Care,14.18,4,Standard,30,18.434,30.0,OK,520000,0.32
11242,Spain,Personal Care,8.04,4,Standard,30,10.452,30.0,OK,410000,0.3
11243,Germany,Food & Refreshment,10.32,4,Standard,28,13.2096,28.0,OK,460000,0.31
11244,Germany,Home Care,11.79,6,Standard,25,14.7375,25.0,OK,460000,0.31
11245,Germany,Personal Care,2.4,4,Standard,30,3.12,30.0,OK,460000,0.31
11246,Spain,Food & Refreshment,9.21,7,Standard,28,11.7888,28.0,OK,410000,0.3
11247,France,Personal Care,1.0,7,Standard,30,1.3,30.0,OK,430000,0.29
11248,France,Personal Care,7.71,5,Standard,30,10.023,30.0,OK,430000,0.29
11249,France,Home Care,2.75,5,Standard,25,3.4375,25.0,OK,430000,0.29
11250,Spain,Home Care,3.15,10,Premium,50,4.725,50.0,OK,410000,0.3
11251,Germany,Personal Care,5.79,8,Premium,60,9.264000000000001,60.00000000000001,OK,460000,0.31
11252,France,Personal Care,6.77,7,Standard,30,8.801,30.0,OK,430000,0.29
11253,Spain,Home Care,9.54,7,Standard,25,11.925,25.0,OK,410000,0.3
11254,France,Food & Refreshment,1.58,6,Standard,28,2.0224,28.0,OK,430000,0.29
11255,UK,Home Care,7.8,7,Standard,25,9.75,25.0,OK,520000,0.32
11256,France,Personal Care,3.15,7,Standard,30,4.095,30.0,OK,430000,0.29
11257,France,Food & Refreshment,8.82,10,Premium,55,13.671,55.00000000000001,OK,430000,0.29
11258,Germany,Personal Care,9.74,2,Value,15,11.201,14.99999999999999,OK,460000,0.31
11259,Spain,Food & Refreshment,8.57,10,Premium,55,13.2835,55.00000000000001,OK,410000,0.3
11260,Germany,Personal Care,11.21,2,Value,15,12.8915,14.99999999999999,OK,460000,0.31
11261,Germany,Food & Refreshment,5.37,10,Premium,55,8.323500000000001,55.00000000000003,OK,460000,0.31
11262,Germany,Food & Refreshment,11.59,7,Standard,28,14.8352,28.0,OK,460000,0.31
11263,Germany,Personal Care,6.78,10,Premium,60,10.848,60.00000000000001,OK,460000,0.31
11264,Germany,Food & Refreshment,7.52,7,Standard,28,9.6256,28.0,OK,460000,0.31
11265,France,Home Care,9.9,7,Standard,25,12.375,25.0,OK,430000,0.29
11266,Germany,Personal Care,0.77,5,Standard,30,1.001,30.0,OK,460000,0.31
11267,Germany,Home Care,9.98,1,Value,10,10.978,10.00000000000001,OK,460000,0.31
11268,Spain,Personal Care,9.47,2,Value,15,10.8905,14.99999999999999,OK,410000,0.3
11269,UK,Food & Refreshment,4.99,9,Premium,55,7.734500000000001,55.00000000000001,OK,520000,0.32
11270,France,Food & Refreshment,1.74,8,Premium,55,2.697,55.00000000000001,OK,430000,0.29
11271,France,Food & Refreshment,1.82,8,Premium,55,2.821,55.00000000000001,OK,430000,0.29
11272,France,Personal Care,13.89,10,Premium,60,22.224,60.00000000000003,OK,430000,0.29
11273,Germany,Home Care,10.49,1,Value,10,11.539,10.00000000000001,OK,460000,0.31
11274,Germany,Home Care,2.34,6,Standard,25,2.925,25.0,OK,460000,0.31
11275,Germany,Personal Care,5.67,9,Premium,60,9.072000000000001,60.00000000000001,OK,460000,0.31
11276,Spain,Personal Care,9.09,8,Premium,60,14.544,60.00000000000001,OK,410000,0.3
11277,UK,Home Care,12.62,3,Value,10,13.882,10.00000000000001,OK,520000,0.32
11278,Germany,Home Care,1.13,4,Standard,25,1.4125,25.0,OK,460000,0.31
11279,UK,Home Care,3.93,3,Value,10,4.323,10.00000000000001,OK,520000,0.32
11280,Spain,Home Care,13.4,6,Standard,25,16.75,25.0,OK,410000,0.3
11281,France,Personal Care,0.63,9,Premium,60,1.008,60.00000000000001,OK,430000,0.29
11282,Germany,Personal Care,3.42,8,Premium,60,5.472,60.00000000000001,OK,460000,0.31
11283,UK,Food & Refreshment,14.41,10,Premium,55,22.3355,55.00000000000001,OK,520000,0.32
11284,UK,Home Care,9.39,4,Standard,25,11.7375,25.0,OK,520000,0.32
11285,Germany,Food & Refreshment,4.29,2,Value,12,4.8048,12.00000000000001,OK,460000,0.31
11286,France,Personal Care,1.47,8,Premium,60,2.352,59.99999999999999,OK,430000,0.29
11287,France,Personal Care,0.91,8,Premium,60,1.456,60.00000000000001,OK,430000,0.29
11288,France,Food & Refreshment,4.05,6,Standard,28,5.184,28.0,OK,430000,0.29
11289,Spain,Home Care,13.28,8,Premium,50,19.92,50.0,OK,410000,0.3
11290,UK,Home Care,6.53,9,Premium,50,9.795,50.0,OK,520000,0.32
11291,UK,Home Care,10.94,1,Value,10,12.034,10.00000000000001,OK,520000,0.32
11292,UK,Home Care,13.82,9,Premium,50,20.73,50.0,OK,520000,0.32
11293,Spain,Food & Refreshment,6.42,2,Value,12,7.1904,12.00000000000001,OK,410000,0.3
11294,UK,Food & Refreshment,3.27,1,Value,12,3.6624,12.00000000000001,OK,520000,0.32
11295,Spain,Personal Care,8.0,8,Premium,60,12.8,60.00000000000001,OK,410000,0.3
11296,France,Home Care,13.67,8,Premium,50,20.505,50.0,OK,430000,0.29
11297,Germany,Home Care,12.16,4,Standard,25,15.2,25.0,OK,460000,0.31
11298,UK,Home Care,1.45,8,Premium,50,2.175,50.0,OK,520000,0.32
11299,UK,Food & Refreshment,10.54,7,Standard,28,13.4912,28.0,OK,520000,0.32
11300,France,Home Care,8.79,2,Value,10,9.669,10.00000000000001,OK,430000,0.29
11301,Germany,Food & Refreshment,13.66,5,Standard,28,17.4848,28.0,OK,460000,0.31
11302,Spain,Home Care,2.28,10,Premium,50,3.42,50.0,OK,410000,0.3
11303,Germany,Home Care,8.24,4,Standard,25,10.3,25.0,OK,460000,0.31
11304,France,Personal Care,13.25,3,Value,15,15.2375,14.99999999999999,OK,430000,0.29
11305,France,Home Care,6.45,1,Value,10,7.095000000000001,10.00000000000001,OK,430000,0.29
11306,Germany,Home Care,7.49,5,Standard,25,9.3625,25.0,OK,460000,0.31
11307,Spain,Personal Care,1.52,10,Premium,60,2.432,60.00000000000003,OK,410000,0.3
11308,Spain,Food & Refreshment,4.53,8,Premium,55,7.021500000000001,55.00000000000001,OK,410000,0.3
11309,UK,Food & Refreshment,5.21,9,Premium,55,8.0755,55.00000000000001,OK,520000,0.32
11310,Spain,Home Care,14.2,7,Standard,25,17.75,25.0,OK,410000,0.3
11311,Germany,Food & Refreshment,4.6,1,Value,12,5.152,12.00000000000001,OK,460000,0.31
11312,France,Home Care,7.18,1,Value,10,7.898000000000001,10.00000000000001,OK,430000,0.29
11313,UK,Personal Care,10.23,1,Value,15,11.7645,14.99999999999999,OK,520000,0.32
11314,UK,Personal Care,2.85,2,Value,15,3.2775,14.99999999999999,OK,520000,0.32
11315,France,Home Care,7.55,1,Value,10,8.305,10.00000000000001,OK,430000,0.29
11316,Spain,Personal Care,11.21,4,Standard,30,14.573,30.0,OK,410000,0.3
11317,France,Personal Care,13.07,10,Premium,60,20.912,60.00000000000001,OK,430000,0.29
11318,Spain,Home Care,9.58,9,Premium,50,14.37,50.0,OK,410000,0.3
11319,France,Home Care,10.2,4,Standard,25,12.75,25.0,OK,430000,0.29
11320,Germany,Personal Care,2.33,4,Standard,30,3.029,30.0,OK,460000,0.31
11321,Spain,Food & Refreshment,14.21,7,Standard,28,18.1888,28.0,OK,410000,0.3
11322,Germany,Food & Refreshment,2.42,9,Premium,55,3.751,55.00000000000001,OK,460000,0.31
11323,UK,Home Care,11.73,7,Standard,25,14.6625,25.0,OK,520000,0.32
11324,France,Home Care,4.34,1,Value,10,4.774,10.00000000000001,OK,430000,0.29
11325,UK,Food & Refreshment,14.04,1,Value,12,15.7248,12.00000000000001,OK,520000,0.32
11326,UK,Personal Care,10.94,4,Standard,30,14.222,30.0,OK,520000,0.32
11327,UK,Food & Refreshment,11.43,4,Standard,28,14.6304,28.0,OK,520000,0.32
11328,UK,Food & Refreshment,3.68,1,Value,12,4.121600000000001,12.00000000000001,OK,520000,0.32
11329,France,Food & Refreshment,6.92,6,Standard,28,8.8576,28.0,OK,430000,0.29
11330,UK,Food & Refreshment,9.46,10,Premium,55,14.663,55.00000000000001,OK,520000,0.32
11331,France,Home Care,11.66,2,Value,10,12.826,10.00000000000001,OK,430000,0.29
11332,France,Home Care,2.01,5,Standard,25,2.5125,25.0,OK,430000,0.29
11333,Germany,Personal Care,14.45,8,Premium,60,23.12,60.00000000000001,OK,460000,0.31
11334,Spain,Personal Care,13.41,3,Value,15,15.4215,14.99999999999999,OK,410000,0.3
11335,Spain,Personal Care,4.42,9,Premium,60,7.072,60.00000000000001,OK,410000,0.3
11336,France,Personal Care,12.43,7,Standard,30,16.159,30.0,OK,430000,0.29
11337,Germany,Food & Refreshment,8.02,9,Premium,55,12.431,55.00000000000001,OK,460000,0.31
11338,France,Home Care,7.2,1,Value,10,7.920000000000001,10.00000000000001,OK,430000,0.29
11339,France,Home Care,5.06,5,Standard,25,6.324999999999999,25.0,OK,430000,0.29
11340,France,Personal Care,8.92,3,Value,15,10.258,14.99999999999999,OK,430000,0.29
11341,Germany,Personal Care,11.08,4,Standard,30,14.404,30.0,OK,460000,0.31
11342,Spain,Food & Refreshment,6.46,4,Standard,28,8.2688,28.0,OK,410000,0.3
11343,Germany,Food & Refreshment,9.62,7,Standard,28,12.3136,28.0,OK,460000,0.31
11344,UK,Personal Care,10.64,10,Premium,60,17.024,60.00000000000001,OK,520000,0.32
11345,Germany,Home Care,10.81,8,Premium,50,16.215,50.0,OK,460000,0.31
11346,Germany,Home Care,1.25,10,Premium,50,1.875,50.0,OK,460000,0.31
11347,Germany,Home Care,12.97,5,Standard,25,16.2125,25.0,OK,460000,0.31
11348,Germany,Personal Care,7.14,10,Premium,60,11.424,60.00000000000001,OK,460000,0.31
11349,Spain,Home Care,4.31,7,Standard,25,5.387499999999999,25.0,OK,410000,0.3
11350,UK,Food & Refreshment,4.01,3,Value,12,4.4912,12.00000000000001,OK,520000,0.32
11351,Spain,Food & Refreshment,7.5,3,Value,12,8.4,12.00000000000001,OK,410000,0.3
11352,Spain,Personal Care,13.36,3,Value,15,15.364,14.99999999999999,OK,410000,0.3
11353,Germany,Food & Refreshment,5.99,4,Standard,28,7.6672,28.0,OK,460000,0.31
11354,France,Personal Care,11.37,6,Standard,30,14.781,30.0,OK,430000,0.29
11355,France,Home Care,1.9,5,Standard,25,2.375,25.0,OK,430000,0.29
11356,Spain,Home Care,7.4,8,Premium,50,11.1,50.00000000000002,OK,410000,0.3
11357,Spain,Home Care,14.88,5,Standard,25,18.6,25.0,OK,410000,0.3
11358,Germany,Food & Refreshment,11.67,5,Standard,28,14.9376,28.0,OK,460000,0.31
11359,Spain,Personal Care,3.55,10,Premium,60,5.68,60.00000000000001,OK,410000,0.3
11360,Germany,Home Care,7.77,2,Value,10,8.547,10.00000000000001,OK,460000,0.31
11361,France,Personal Care,3.89,5,Standard,30,5.057,30.0,OK,430000,0.29
11362,France,Home Care,6.44,7,Standard,25,8.05,25.0,OK,430000,0.29
11363,UK,Food & Refreshment,11.81,2,Value,12,13.2272,12.00000000000001,OK,520000,0.32
11364,France,Food & Refreshment,11.68,6,Standard,28,14.9504,28.0,OK,430000,0.29
11365,Spain,Personal Care,3.81,7,Standard,30,4.953,30.0,OK,410000,0.3
11366,France,Food & Refreshment,13.87,5,Standard,28,17.7536,28.0,OK,430000,0.29
11367,Germany,Food & Refreshment,9.09,9,Premium,55,14.0895,55.00000000000001,OK,460000,0.31
11368,France,Personal Care,6.01,4,Standard,30,7.813,30.0,OK,430000,0.29
11369,UK,Home Care,7.78,10,Premium,50,11.67,50.0,OK,520000,0.32
11370,France,Food & Refreshment,9.27,1,Value,12,10.3824,12.00000000000001,OK,430000,0.29
11371,Germany,Personal Care,8.62,8,Premium,60,13.792,60.00000000000001,OK,460000,0.31
11372,Germany,Food & Refreshment,7.55,8,Premium,55,11.7025,55.00000000000001,OK,460000,0.31
11373,Spain,Food & Refreshment,7.82,7,Standard,28,10.0096,28.0,OK,410000,0.3
11374,France,Food & Refreshment,3.06,8,Premium,55,4.743,55.00000000000001,OK,430000,0.29
11375,Germany,Food & Refreshment,12.28,2,Value,12,13.7536,12.00000000000001,OK,460000,0.31
11376,UK,Personal Care,8.36,3,Value,15,9.613999999999999,14.99999999999999,OK,520000,0.32
11377,Spain,Personal Care,2.4,9,Premium,60,3.84,60.00000000000001,OK,410000,0.3
11378,UK,Personal Care,11.61,1,Value,15,13.3515,14.99999999999999,OK,520000,0.32
11379,France,Food & Refreshment,14.02,8,Premium,55,21.731,55.00000000000003,OK,430000,0.29
11380,France,Food & Refreshment,14.24,8,Premium,55,22.072,55.00000000000003,OK,430000,0.29
11381,France,Food & Refreshment,5.85,7,Standard,28,7.488,28.0,OK,430000,0.29
11382,Spain,Personal Care,2.46,5,Standard,30,3.198,30.0,OK,410000,0.3
11383,Germany,Food & Refreshment,8.02,4,Standard,28,10.2656,28.0,OK,460000,0.31
11384,Spain,Home Care,2.13,10,Premium,50,3.195,50.0,OK,410000,0.3
11385,UK,Food & Refreshment,14.04,10,Premium,55,21.762,55.00000000000001,OK,520000,0.32
11386,Spain,Home Care,3.16,10,Premium,50,4.74,50.0,OK,410000,0.3
11387,UK,Food & Refreshment,4.17,10,Premium,55,6.4635,55.00000000000001,OK,520000,0.32
11388,Spain,Personal Care,6.4,6,Standard,30,8.32,30.0,OK,410000,0.3
11389,Germany,Food & Refreshment,6.06,1,Value,12,6.7872,12.00000000000001,OK,460000,0.31
11390,UK,Home Care,12.02,5,Standard,25,15.025,25.0,OK,520000,0.32
11391,France,Home Care,7.12,4,Standard,25,8.9,25.0,OK,430000,0.29
11392,France,Food & Refreshment,2.98,4,Standard,28,3.8144,28.0,OK,430000,0.29
11393,Spain,Home Care,4.37,7,Standard,25,5.4625,25.0,OK,410000,0.3
11394,France,Home Care,7.88,9,Premium,50,11.82,50.0,OK,430000,0.29
11395,UK,Personal Care,2.64,8,Premium,60,4.224,60.00000000000001,OK,520000,0.32
11396,France,Food & Refreshment,9.37,8,Premium,55,14.5235,55.00000000000001,OK,430000,0.29
11397,Germany,Food & Refreshment,8.7,5,Standard,28,11.136,28.0,OK,460000,0.31
11398,Germany,Food & Refreshment,10.86,6,Standard,28,13.9008,28.0,OK,460000,0.31
11399,Spain,Home Care,14.1,2,Value,10,15.51,10.00000000000001,OK,410000,0.3
11400,UK,Food & Refreshment,13.73,3,Value,12,15.3776,12.00000000000001,OK,520000,0.32
11401,Germany,Food & Refreshment,14.22,5,Standard,28,18.2016,28.0,OK,460000,0.31
11402,Germany,Personal Care,4.05,2,Value,15,4.6575,14.99999999999999,OK,460000,0.31
11403,UK,Personal Care,2.41,3,Value,15,2.7715,14.99999999999999,OK,520000,0.32
11404,France,Personal Care,4.88,4,Standard,30,6.344,30.0,OK,430000,0.29
11405,France,Home Care,13.48,6,Standard,25,16.85,25.0,OK,430000,0.29
11406,Spain,Food & Refreshment,14.59,5,Standard,28,18.6752,28.0,OK,410000,0.3
11407,France,Personal Care,12.96,10,Premium,60,20.736,60.00000000000003,OK,430000,0.29
11408,UK,Personal Care,2.1,4,Standard,30,2.73,30.0,OK,520000,0.32
11409,Germany,Personal Care,14.24,2,Value,15,16.376,14.99999999999999,OK,460000,0.31
11410,France,Food & Refreshment,6.64,5,Standard,28,8.4992,28.0,OK,430000,0.29
11411,Spain,Food & Refreshment,0.63,5,Standard,28,0.8064,28.0,OK,410000,0.3
11412,France,Food & Refreshment,6.91,7,Standard,28,8.844800000000001,28.0,OK,430000,0.29
11413,UK,Home Care,1.17,1,Value,10,1.287,10.00000000000001,OK,520000,0.32
11414,Spain,Home Care,8.39,4,Standard,25,10.4875,25.0,OK,410000,0.3
11415,France,Personal Care,5.41,5,Standard,30,7.033,30.0,OK,430000,0.29
11416,Spain,Food & Refreshment,7.36,8,Premium,55,11.408,55.00000000000001,OK,410000,0.3
11417,UK,Personal Care,9.39,8,Premium,60,15.024,60.00000000000001,OK,520000,0.32
11418,Germany,Food & Refreshment,13.1,1,Value,12,14.672,12.00000000000001,OK,460000,0.31
11419,UK,Food & Refreshment,10.1,5,Standard,28,12.928,28.0,OK,520000,0.32
11420,UK,Food & Refreshment,6.79,10,Premium,55,10.5245,55.00000000000001,OK,520000,0.32
11421,UK,Home Care,12.38,1,Value,10,13.618,10.00000000000001,OK,520000,0.32
11422,UK,Home Care,13.63,1,Value,10,14.993,10.00000000000001,OK,520000,0.32
11423,Germany,Food & Refreshment,2.24,2,Value,12,2.5088,12.00000000000001,OK,460000,0.31
11424,Germany,Personal Care,8.21,2,Value,15,9.4415,14.99999999999999,OK,460000,0.31
11425,Spain,Food & Refreshment,4.63,9,Premium,55,7.1765,55.00000000000001,OK,410000,0.3
11426,France,Food & Refreshment,1.18,4,Standard,28,1.5104,28.0,OK,430000,0.29
11427,Germany,Personal Care,10.19,3,Value,15,11.7185,14.99999999999999,OK,460000,0.31
11428,Germany,Food & Refreshment,13.01,1,Value,12,14.5712,12.00000000000001,OK,460000,0.31
11429,France,Personal Care,2.86,2,Value,15,3.289,14.99999999999999,OK,430000,0.29
11430,Germany,Home Care,12.28,6,Standard,25,15.35,25.0,OK,460000,0.31
11431,UK,Home Care,12.87,9,Premium,50,19.305,50.0,OK,520000,0.32
11432,UK,Personal Care,13.76,5,Standard,30,17.888,30.0,OK,520000,0.32
11433,France,Home Care,4.35,4,Standard,25,5.4375,25.0,OK,430000,0.29
11434,Spain,Home Care,13.61,5,Standard,25,17.0125,25.0,OK,410000,0.3
11435,Spain,Personal Care,5.15,9,Premium,60,8.24,59.99999999999999,OK,410000,0.3
11436,France,Home Care,8.51,7,Standard,25,10.6375,25.0,OK,430000,0.29
11437,France,Food & Refreshment,1.23,8,Premium,55,1.9065,55.00000000000001,OK,430000,0.29
11438,UK,Food & Refreshment,1.14,4,Standard,28,1.4592,28.0,OK,520000,0.32
11439,Spain,Personal Care,10.95,8,Premium,60,17.52,60.00000000000001,OK,410000,0.3
11440,Germany,Home Care,6.94,6,Standard,25,8.675,25.0,OK,460000,0.31
11441,UK,Food & Refreshment,4.22,5,Standard,28,5.4016,28.0,OK,520000,0.32
11442,France,Food & Refreshment,3.26,7,Standard,28,4.1728,28.0,OK,430000,0.29
11443,Spain,Home Care,10.21,6,Standard,25,12.7625,25.0,OK,410000,0.3
11444,Germany,Home Care,0.51,3,Value,10,0.561,10.00000000000001,OK,460000,0.31
11445,Germany,Food & Refreshment,12.19,5,Standard,28,15.6032,28.0,OK,460000,0.31
11446,UK,Food & Refreshment,1.65,9,Premium,55,2.5575,55.00000000000001,OK,520000,0.32
11447,Spain,Personal Care,3.28,7,Standard,30,4.264,30.0,OK,410000,0.3
11448,Spain,Personal Care,6.1,4,Standard,30,7.93,30.0,OK,410000,0.3
11449,France,Food & Refreshment,7.53,7,Standard,28,9.6384,28.0,OK,430000,0.29
11450,Spain,Personal Care,5.65,5,Standard,30,7.345000000000001,30.0,OK,410000,0.3
11451,Spain,Food & Refreshment,5.15,2,Value,12,5.768000000000001,12.00000000000001,OK,410000,0.3
11452,UK,Food & Refreshment,14.48,6,Standard,28,18.5344,28.0,OK,520000,0.32
11453,Spain,Personal Care,9.8,7,Standard,30,12.74,30.0,OK,410000,0.3
11454,Germany,Personal Care,0.84,8,Premium,60,1.344,60.00000000000001,OK,460000,0.31
11455,UK,Home Care,6.74,6,Standard,25,8.425,25.0,OK,520000,0.32
11456,UK,Home Care,13.19,8,Premium,50,19.785,50.0,OK,520000,0.32
11457,France,Home Care,4.87,7,Standard,25,6.0875,25.0,OK,430000,0.29
11458,Spain,Food & Refreshment,1.87,2,Value,12,2.0944,12.00000000000001,OK,410000,0.3
11459,France,Personal Care,11.5,6,Standard,30,14.95,30.0,OK,430000,0.29
11460,Germany,Food & Refreshment,9.29,9,Premium,55,14.3995,55.00000000000001,OK,460000,0.31
11461,UK,Personal Care,8.77,6,Standard,30,11.401,30.0,OK,520000,0.32
11462,UK,Food & Refreshment,1.28,4,Standard,28,1.6384,28.0,OK,520000,0.32
11463,UK,Home Care,2.54,7,Standard,25,3.175,25.0,OK,520000,0.32
11464,Germany,Home Care,9.53,3,Value,10,10.483,10.00000000000001,OK,460000,0.31
11465,Germany,Home Care,3.51,5,Standard,25,4.387499999999999,24.99999999999998,OK,460000,0.31
11466,France,Food & Refreshment,7.81,1,Value,12,8.747200000000001,12.00000000000001,OK,430000,0.29
11467,France,Personal Care,8.4,10,Premium,60,13.44,60.00000000000001,OK,430000,0.29
11468,France,Personal Care,4.61,3,Value,15,5.3015,14.99999999999999,OK,430000,0.29
11469,Spain,Home Care,14.25,8,Premium,50,21.375,50.0,OK,410000,0.3
11470,UK,Home Care,12.72,9,Premium,50,19.08,50.0,OK,520000,0.32
11471,UK,Home Care,10.97,9,Premium,50,16.455,50.0,OK,520000,0.32
11472,France,Home Care,1.63,10,Premium,50,2.445,50.0,OK,430000,0.29
11473,UK,Personal Care,2.04,2,Value,15,2.346,14.99999999999999,OK,520000,0.32
11474,France,Food & Refreshment,7.65,4,Standard,28,9.792,28.0,OK,430000,0.29
11475,Spain,Food & Refreshment,2.83,5,Standard,28,3.6224,28.0,OK,410000,0.3
11476,Spain,Food & Refreshment,14.68,3,Value,12,16.4416,12.00000000000001,OK,410000,0.3
11477,Germany,Food & Refreshment,2.8,1,Value,12,3.136,12.00000000000001,OK,460000,0.31
11478,Spain,Home Care,7.57,6,Standard,25,9.4625,25.0,OK,410000,0.3
11479,France,Home Care,5.78,10,Premium,50,8.67,50.0,OK,430000,0.29
11480,Spain,Home Care,9.77,2,Value,10,10.747,10.00000000000001,OK,410000,0.3
11481,Germany,Food & Refreshment,2.37,9,Premium,55,3.6735,55.00000000000001,OK,460000,0.31
11482,UK,Home Care,6.74,1,Value,10,7.414000000000001,10.00000000000001,OK,520000,0.32
11483,France,Home Care,4.48,9,Premium,50,6.720000000000001,50.0,OK,430000,0.29
11484,UK,Personal Care,13.37,7,Standard,30,17.381,30.0,OK,520000,0.32
11485,Germany,Personal Care,1.09,10,Premium,60,1.744,60.00000000000001,OK,460000,0.31
11486,Germany,Home Care,13.75,2,Value,10,15.125,10.00000000000001,OK,460000,0.31
11487,Germany,Personal Care,12.58,6,Standard,30,16.354,29.99999999999998,OK,460000,0.31
11488,UK,Personal Care,4.81,8,Premium,60,7.696,60.00000000000001,OK,520000,0.32
11489,UK,Home Care,11.94,2,Value,10,13.134,10.00000000000001,OK,520000,0.32
11490,UK,Home Care,0.95,5,Standard,25,1.1875,25.0,OK,520000,0.32
11491,UK,Home Care,14.52,6,Standard,25,18.15,25.0,OK,520000,0.32
11492,Germany,Home Care,8.14,3,Value,10,8.954,10.00000000000001,OK,460000,0.31
11493,Germany,Food & Refreshment,4.9,2,Value,12,5.488000000000001,12.00000000000001,OK,460000,0.31
11494,France,Food & Refreshment,5.76,6,Standard,28,7.3728,28.0,OK,430000,0.29
11495,France,Home Care,1.46,3,Value,10,1.606,10.00000000000001,OK,430000,0.29
11496,UK,Personal Care,14.85,2,Value,15,17.0775,14.99999999999999,OK,520000,0.32
11497,Spain,Home Care,1.07,1,Value,10,1.177,10.00000000000001,OK,410000,0.3
11498,Spain,Home Care,10.0,8,Premium,50,15.0,50.0,OK,410000,0.3
11499,Germany,Personal Care,6.92,1,Value,15,7.957999999999999,14.99999999999999,OK,460000,0.31
11500,Germany,Food & Refreshment,14.26,5,Standard,28,18.2528,28.0,OK,460000,0.31
11501,Germany,Home Care,4.07,6,Standard,25,5.0875,25.0,OK,460000,0.31
11502,France,Home Care,8.22,3,Value,10,9.042000000000002,10.00000000000001,OK,430000,0.29
11503,France,Food & Refreshment,7.49,7,Standard,28,9.587200000000001,28.0,OK,430000,0.29
11504,Germany,Food & Refreshment,10.69,2,Value,12,11.9728,12.00000000000001,OK,460000,0.31
11505,Germany,Personal Care,1.49,7,Standard,30,1.937,30.0,OK,460000,0.31
11506,Germany,Food & Refreshment,3.31,2,Value,12,3.7072,12.00000000000001,OK,460000,0.31
11507,Spain,Food & Refreshment,3.61,5,Standard,28,4.6208,28.0,OK,410000,0.3
11508,France,Food & Refreshment,11.2,7,Standard,28,14.336,28.0,OK,430000,0.29
11509,Spain,Personal Care,3.24,3,Value,15,3.726,14.99999999999999,OK,410000,0.3
11510,Spain,Food & Refreshment,8.82,4,Standard,28,11.2896,28.0,OK,410000,0.3
11511,Germany,Food & Refreshment,3.62,1,Value,12,4.0544,12.00000000000001,OK,460000,0.31
11512,Germany,Personal Care,12.99,3,Value,15,14.9385,14.99999999999999,OK,460000,0.31
11513,UK,Food & Refreshment,14.16,9,Premium,55,21.948,55.00000000000001,OK,520000,0.32
11514,UK,Food & Refreshment,8.02,10,Premium,55,12.431,55.00000000000001,OK,520000,0.32
11515,Spain,Personal Care,5.61,5,Standard,30,7.293000000000001,30.0,OK,410000,0.3
11516,France,Home Care,3.89,8,Premium,50,5.835,50.0,OK,430000,0.29
11517,Germany,Personal Care,1.22,2,Value,15,1.403,14.99999999999999,OK,460000,0.31
11518,Germany,Food & Refreshment,4.39,3,Value,12,4.9168,12.00000000000001,OK,460000,0.31
11519,Spain,Food & Refreshment,9.99,7,Standard,28,12.7872,28.0,OK,410000,0.3
11520,UK,Food & Refreshment,8.24,10,Premium,55,12.772,55.00000000000001,OK,520000,0.32
11521,France,Personal Care,14.19,4,Standard,30,18.447,30.0,OK,430000,0.29
11522,UK,Food & Refreshment,6.25,9,Premium,55,9.6875,55.00000000000001,OK,520000,0.32
11523,UK,Food & Refreshment,10.56,7,Standard,28,13.5168,28.0,OK,520000,0.32
11524,UK,Personal Care,7.6,1,Value,15,8.739999999999998,14.99999999999999,OK,520000,0.32
11525,UK,Home Care,7.93,4,Standard,25,9.9125,25.0,OK,520000,0.32
11526,Germany,Home Care,4.38,10,Premium,50,6.57,50.0,OK,460000,0.31
11527,Germany,Food & Refreshment,7.1,6,Standard,28,9.088,28.0,OK,460000,0.31
11528,UK,Personal Care,7.33,6,Standard,30,9.529,30.0,OK,520000,0.32
11529,France,Food & Refreshment,10.75,10,Premium,55,16.6625,55.00000000000001,OK,430000,0.29
11530,Spain,Personal Care,14.14,6,Standard,30,18.382,30.0,OK,410000,0.3
11531,France,Personal Care,5.28,5,Standard,30,6.864000000000001,30.0,OK,430000,0.29
11532,France,Home Care,1.11,3,Value,10,1.221,10.00000000000001,OK,430000,0.29
11533,France,Home Care,7.7,2,Value,10,8.47,10.00000000000001,OK,430000,0.29
11534,UK,Personal Care,8.39,3,Value,15,9.6485,14.99999999999999,OK,520000,0.32
11535,Germany,Food & Refreshment,2.94,9,Premium,55,4.557,55.00000000000003,OK,460000,0.31
11536,France,Home Care,11.53,3,Value,10,12.683,10.00000000000001,OK,430000,0.29
11537,UK,Food & Refreshment,14.78,3,Value,12,16.5536,12.00000000000001,OK,520000,0.32
11538,France,Home Care,14.21,1,Value,10,15.631,10.00000000000001,OK,430000,0.29
11539,France,Home Care,3.36,2,Value,10,3.696,10.00000000000001,OK,430000,0.29
11540,UK,Food & Refreshment,13.19,3,Value,12,14.7728,12.00000000000001,OK,520000,0.32
11541,Germany,Home Care,10.72,2,Value,10,11.792,10.00000000000001,OK,460000,0.31
11542,Germany,Home Care,7.08,8,Premium,50,10.62,50.00000000000002,OK,460000,0.31
11543,Spain,Food & Refreshment,8.34,6,Standard,28,10.6752,28.0,OK,410000,0.3
11544,UK,Home Care,12.82,7,Standard,25,16.025,24.99999999999998,OK,520000,0.32
11545,Spain,Home Care,7.46,1,Value,10,8.206000000000001,10.00000000000001,OK,410000,0.3
11546,Spain,Home Care,5.91,6,Standard,25,7.3875,25.0,OK,410000,0.3
11547,Spain,Food & Refreshment,7.65,2,Value,12,8.568000000000001,12.00000000000001,OK,410000,0.3
11548,Germany,Personal Care,8.9,6,Standard,30,11.57,30.0,OK,460000,0.31
11549,UK,Food & Refreshment,3.24,3,Value,12,3.6288,12.00000000000001,OK,520000,0.32
11550,Spain,Personal Care,13.56,7,Standard,30,17.628,30.0,OK,410000,0.3
11551,UK,Home Care,10.28,3,Value,10,11.308,10.00000000000001,OK,520000,0.32
11552,UK,Personal Care,9.68,9,Premium,60,15.488,60.00000000000001,OK,520000,0.32
11553,Germany,Food & Refreshment,1.94,3,Value,12,2.1728,12.00000000000001,OK,460000,0.31
11554,Spain,Food & Refreshment,9.26,7,Standard,28,11.8528,28.0,OK,410000,0.3
11555,Spain,Home Care,2.25,4,Standard,25,2.8125,25.0,OK,410000,0.3
11556,UK,Personal Care,1.64,8,Premium,60,2.624,60.00000000000001,OK,520000,0.32
11557,France,Home Care,8.15,2,Value,10,8.965000000000002,10.00000000000001,OK,430000,0.29
11558,Germany,Home Care,6.34,8,Premium,50,9.51,50.0,OK,460000,0.31
11559,Germany,Food & Refreshment,9.04,9,Premium,55,14.012,55.00000000000001,OK,460000,0.31
11560,Germany,Personal Care,1.79,8,Premium,60,2.864,60.00000000000001,OK,460000,0.31
11561,Germany,Personal Care,6.75,6,Standard,30,8.775,30.0,OK,460000,0.31
11562,Spain,Personal Care,3.03,10,Premium,60,4.848,60.00000000000001,OK,410000,0.3
11563,Spain,Personal Care,14.81,1,Value,15,17.0315,14.99999999999999,OK,410000,0.3
11564,France,Home Care,8.64,7,Standard,25,10.8,25.0,OK,430000,0.29
11565,Germany,Home Care,10.47,1,Value,10,11.517,10.00000000000001,OK,460000,0.31
11566,Germany,Food & Refreshment,5.22,7,Standard,28,6.6816,28.0,OK,460000,0.31
11567,UK,Home Care,1.87,2,Value,10,2.057,10.00000000000001,OK,520000,0.32
11568,Spain,Home Care,14.65,8,Premium,50,21.975,50.0,OK,410000,0.3
11569,Germany,Food & Refreshment,4.65,2,Value,12,5.208000000000001,12.00000000000001,OK,460000,0.31
11570,France,Food & Refreshment,6.65,3,Value,12,7.448000000000001,12.00000000000001,OK,430000,0.29
11571,France,Food & Refreshment,9.92,3,Value,12,11.1104,12.00000000000001,OK,430000,0.29
11572,Spain,Home Care,0.86,1,Value,10,0.9460000000000001,10.00000000000001,OK,410000,0.3
11573,France,Home Care,12.25,5,Standard,25,15.3125,25.0,OK,430000,0.29
11574,France,Food & Refreshment,8.28,5,Standard,28,10.5984,28.0,OK,430000,0.29
11575,Spain,Food & Refreshment,4.53,10,Premium,55,7.021500000000001,55.00000000000001,OK,410000,0.3
11576,Germany,Food & Refreshment,1.39,5,Standard,28,1.7792,28.0,OK,460000,0.31
11577,Germany,Home Care,2.86,9,Premium,50,4.29,50.0,OK,460000,0.31
11578,France,Home Care,13.48,6,Standard,25,16.85,25.0,OK,430000,0.29
11579,France,Personal Care,10.45,6,Standard,30,13.585,30.0,OK,430000,0.29
11580,Germany,Home Care,4.12,3,Value,10,4.532000000000001,10.00000000000001,OK,460000,0.31
11581,Spain,Home Care,1.45,5,Standard,25,1.8125,25.0,OK,410000,0.3
11582,France,Home Care,10.51,10,Premium,50,15.765,50.0,OK,430000,0.29
11583,UK,Food & Refreshment,8.8,7,Standard,28,11.264,28.0,OK,520000,0.32
11584,Spain,Home Care,6.37,3,Value,10,7.007000000000001,10.00000000000001,OK,410000,0.3
11585,France,Food & Refreshment,5.77,2,Value,12,6.4624,12.00000000000001,OK,430000,0.29
11586,France,Personal Care,3.64,5,Standard,30,4.732,30.0,OK,430000,0.29
11587,UK,Personal Care,10.21,3,Value,15,11.7415,14.99999999999999,OK,520000,0.32
11588,UK,Food & Refreshment,14.57,5,Standard,28,18.6496,28.0,OK,520000,0.32
11589,Germany,Food & Refreshment,3.05,9,Premium,55,4.7275,55.00000000000001,OK,460000,0.31
11590,Spain,Food & Refreshment,9.16,10,Premium,55,14.198,55.00000000000001,OK,410000,0.3
11591,Spain,Home Care,6.65,1,Value,10,7.315000000000001,10.00000000000001,OK,410000,0.3
11592,Germany,Personal Care,6.98,4,Standard,30,9.074000000000002,30.0,OK,460000,0.31
11593,Spain,Food & Refreshment,4.19,10,Premium,55,6.4945,55.00000000000001,OK,410000,0.3
11594,Spain,Home Care,12.46,5,Standard,25,15.575,25.0,OK,410000,0.3
11595,Spain,Personal Care,7.54,2,Value,15,8.671,14.99999999999999,OK,410000,0.3
11596,Spain,Home Care,8.38,2,Value,10,9.218000000000002,10.00000000000001,OK,410000,0.3
11597,Spain,Personal Care,4.92,1,Value,15,5.657999999999999,14.99999999999999,OK,410000,0.3
11598,UK,Home Care,3.14,8,Premium,50,4.71,50.0,OK,520000,0.32
11599,Spain,Personal Care,1.75,2,Value,15,2.0125,14.99999999999999,OK,410000,0.3
11600,UK,Personal Care,10.85,3,Value,15,12.4775,14.99999999999999,OK,520000,0.32
11601,Spain,Home Care,3.35,2,Value,10,3.685,10.00000000000001,OK,410000,0.3
11602,Germany,Food & Refreshment,10.51,4,Standard,28,13.4528,28.0,OK,460000,0.31
11603,France,Personal Care,6.16,1,Value,15,7.084,14.99999999999999,OK,430000,0.29
11604,UK,Food & Refreshment,6.53,3,Value,12,7.313600000000001,12.00000000000001,OK,520000,0.32
11605,Spain,Home Care,7.3,5,Standard,25,9.125,25.0,OK,410000,0.3
11606,Germany,Food & Refreshment,5.83,10,Premium,55,9.0365,55.00000000000001,OK,460000,0.31
11607,France,Food & Refreshment,1.96,1,Value,12,2.1952,12.00000000000001,OK,430000,0.29
11608,UK,Food & Refreshment,4.99,4,Standard,28,6.3872,28.0,OK,520000,0.32
11609,France,Food & Refreshment,10.12,6,Standard,28,12.9536,28.0,OK,430000,0.29
11610,Germany,Food & Refreshment,10.15,4,Standard,28,12.992,28.0,OK,460000,0.31
11611,UK,Personal Care,4.65,7,Standard,30,6.045000000000001,30.0,OK,520000,0.32
11612,France,Personal Care,7.17,7,Standard,30,9.321,30.0,OK,430000,0.29
11613,Spain,Personal Care,3.3,6,Standard,30,4.29,30.0,OK,410000,0.3
11614,UK,Home Care,3.55,9,Premium,50,5.324999999999999,49.99999999999998,OK,520000,0.32
11615,France,Food & Refreshment,0.83,2,Value,12,0.9296000000000001,12.00000000000001,OK,430000,0.29
11616,Germany,Personal Care,13.5,10,Premium,60,21.6,60.00000000000001,OK,460000,0.31
11617,Germany,Home Care,3.56,8,Premium,50,5.34,50.0,OK,460000,0.31
11618,UK,Personal Care,3.8,8,Premium,60,6.08,60.00000000000001,OK,520000,0.32
11619,France,Personal Care,4.55,10,Premium,60,7.28,60.00000000000001,OK,430000,0.29
11620,UK,Food & Refreshment,2.35,4,Standard,28,3.008,28.0,OK,520000,0.32
11621,UK,Home Care,9.77,6,Standard,25,12.2125,25.0,OK,520000,0.32
11622,France,Food & Refreshment,1.59,6,Standard,28,2.0352,28.0,OK,430000,0.29
11623,France,Food & Refreshment,2.45,5,Standard,28,3.136,28.0,OK,430000,0.29
11624,Spain,Personal Care,9.85,1,Value,15,11.3275,14.99999999999999,OK,410000,0.3
11625,France,Food & Refreshment,5.43,3,Value,12,6.0816,12.00000000000001,OK,430000,0.29
11626,Germany,Home Care,10.77,7,Standard,25,13.4625,25.0,OK,460000,0.31
11627,UK,Food & Refreshment,8.58,8,Premium,55,13.299,55.00000000000001,OK,520000,0.32
11628,UK,Food & Refreshment,4.21,2,Value,12,4.7152,12.00000000000001,OK,520000,0.32
11629,Germany,Food & Refreshment,9.94,3,Value,12,11.1328,12.00000000000001,OK,460000,0.31
11630,France,Personal Care,2.19,4,Standard,30,2.847,30.0,OK,430000,0.29
11631,Germany,Home Care,8.28,5,Standard,25,10.35,25.0,OK,460000,0.31
11632,Germany,Personal Care,6.84,3,Value,15,7.866,14.99999999999999,OK,460000,0.31
11633,Spain,Personal Care,4.38,5,Standard,30,5.694,30.0,OK,410000,0.3
11634,Germany,Personal Care,9.26,8,Premium,60,14.816,60.00000000000001,OK,460000,0.31
11635,UK,Personal Care,13.13,8,Premium,60,21.008,60.00000000000001,OK,520000,0.32
11636,Germany,Personal Care,14.98,2,Value,15,17.227,14.99999999999999,OK,460000,0.31
11637,UK,Home Care,9.31,6,Standard,25,11.6375,25.0,OK,520000,0.32
11638,UK,Food & Refreshment,6.37,4,Standard,28,8.1536,28.0,OK,520000,0.32
11639,UK,Personal Care,3.77,9,Premium,60,6.032,60.00000000000001,OK,520000,0.32
11640,France,Personal Care,4.23,10,Premium,60,6.768000000000001,60.00000000000001,OK,430000,0.29
11641,Spain,Home Care,7.45,2,Value,10,8.195,10.00000000000001,OK,410000,0.3
11642,UK,Home Care,5.83,8,Premium,50,8.745000000000001,50.00000000000002,OK,520000,0.32
11643,UK,Food & Refreshment,13.75,1,Value,12,15.4,12.00000000000001,OK,520000,0.32
11644,France,Home Care,5.84,6,Standard,25,7.3,25.0,OK,430000,0.29
11645,UK,Food & Refreshment,5.91,10,Premium,55,9.1605,55.00000000000001,OK,520000,0.32
11646,Germany,Personal Care,6.06,1,Value,15,6.968999999999999,14.99999999999999,OK,460000,0.31
11647,Germany,Personal Care,12.63,2,Value,15,14.5245,14.99999999999999,OK,460000,0.31
11648,Spain,Food & Refreshment,9.94,3,Value,12,11.1328,12.00000000000001,OK,410000,0.3
11649,UK,Home Care,9.41,9,Premium,50,14.115,50.0,OK,520000,0.32
11650,France,Food & Refreshment,5.35,5,Standard,28,6.848,28.0,OK,430000,0.29
11651,Germany,Home Care,12.36,10,Premium,50,18.54,50.0,OK,460000,0.31
11652,France,Personal Care,1.06,10,Premium,60,1.696,60.00000000000001,OK,430000,0.29
11653,France,Home Care,13.13,2,Value,10,14.443,10.00000000000001,OK,430000,0.29
11654,Germany,Food & Refreshment,7.93,10,Premium,55,12.2915,55.00000000000001,OK,460000,0.31
11655,France,Food & Refreshment,6.27,5,Standard,28,8.025599999999999,28.0,OK,430000,0.29
11656,Germany,Personal Care,7.71,5,Standard,30,10.023,30.0,OK,460000,0.31
11657,France,Home Care,10.18,1,Value,10,11.198,10.00000000000001,OK,430000,0.29
11658,Germany,Home Care,0.69,3,Value,10,0.759,10.00000000000001,OK,460000,0.31
11659,UK,Home Care,13.14,5,Standard,25,16.425,25.0,OK,520000,0.32
11660,Spain,Personal Care,6.98,9,Premium,60,11.168,60.00000000000001,OK,410000,0.3
11661,Germany,Home Care,5.47,10,Premium,50,8.205,50.0,OK,460000,0.31
11662,Germany,Food & Refreshment,2.5,1,Value,12,2.8,12.00000000000001,OK,460000,0.31
11663,Spain,Home Care,6.87,8,Premium,50,10.305,50.0,OK,410000,0.3
11664,Germany,Personal Care,7.7,1,Value,15,8.854999999999999,14.99999999999997,OK,460000,0.31
11665,Germany,Home Care,6.35,9,Premium,50,9.524999999999999,49.99999999999998,OK,460000,0.31
11666,France,Home Care,10.34,6,Standard,25,12.925,25.0,OK,430000,0.29
11667,Spain,Food & Refreshment,6.6,1,Value,12,7.392,12.00000000000001,OK,410000,0.3
11668,UK,Home Care,14.44,8,Premium,50,21.66,50.0,OK,520000,0.32
11669,Germany,Food & Refreshment,9.19,5,Standard,28,11.7632,28.0,OK,460000,0.31
11670,Spain,Food & Refreshment,12.21,7,Standard,28,15.6288,28.0,OK,410000,0.3
11671,France,Personal Care,2.09,7,Standard,30,2.717,30.0,OK,430000,0.29
11672,UK,Food & Refreshment,6.26,7,Standard,28,8.0128,28.0,OK,520000,0.32
11673,Spain,Food & Refreshment,5.38,6,Standard,28,6.8864,28.0,OK,410000,0.3
11674,UK,Personal Care,8.76,8,Premium,60,14.016,60.00000000000001,OK,520000,0.32
11675,UK,Food & Refreshment,12.99,9,Premium,55,20.1345,54.99999999999999,OK,520000,0.32
11676,UK,Personal Care,1.64,2,Value,15,1.886,14.99999999999999,OK,520000,0.32
11677,Germany,Home Care,1.55,7,Standard,25,1.9375,25.0,OK,460000,0.31
11678,Germany,Personal Care,12.83,2,Value,15,14.7545,14.99999999999999,OK,460000,0.31
11679,France,Food & Refreshment,3.59,6,Standard,28,4.5952,28.0,OK,430000,0.29
11680,France,Personal Care,10.2,2,Value,15,11.73,14.99999999999999,OK,430000,0.29
11681,Spain,Food & Refreshment,8.37,10,Premium,55,12.9735,55.00000000000001,OK,410000,0.3
11682,France,Home Care,12.58,6,Standard,25,15.725,25.0,OK,430000,0.29
11683,UK,Personal Care,2.31,2,Value,15,2.6565,14.99999999999999,OK,520000,0.32
11684,UK,Home Care,2.38,1,Value,10,2.618,10.00000000000001,OK,520000,0.32
11685,Germany,Food & Refreshment,8.57,7,Standard,28,10.9696,28.0,OK,460000,0.31
11686,UK,Food & Refreshment,14.22,3,Value,12,15.9264,12.00000000000001,OK,520000,0.32
11687,Spain,Home Care,6.52,4,Standard,25,8.149999999999999,24.99999999999998,OK,410000,0.3
11688,UK,Personal Care,5.24,6,Standard,30,6.812,30.0,OK,520000,0.32
11689,UK,Personal Care,9.3,5,Standard,30,12.09,30.0,OK,520000,0.32
11690,Spain,Food & Refreshment,13.99,4,Standard,28,17.9072,28.0,OK,410000,0.3
11691,France,Home Care,12.64,9,Premium,50,18.96,50.0,OK,430000,0.29
11692,France,Home Care,14.93,6,Standard,25,18.6625,25.00000000000002,OK,430000,0.29
11693,Spain,Personal Care,0.83,6,Standard,30,1.079,30.0,OK,410000,0.3
11694,Germany,Personal Care,2.14,2,Value,15,2.461,14.99999999999999,OK,460000,0.31
11695,UK,Personal Care,9.34,6,Standard,30,12.142,30.0,OK,520000,0.32
11696,Spain,Home Care,12.4,7,Standard,25,15.5,25.0,OK,410000,0.3
11697,UK,Personal Care,4.64,8,Premium,60,7.423999999999999,60.00000000000001,OK,520000,0.32
11698,Germany,Personal Care,3.97,8,Premium,60,6.352,60.00000000000001,OK,460000,0.31
11699,UK,Food & Refreshment,11.91,9,Premium,55,18.4605,55.00000000000001,OK,520000,0.32
11700,Spain,Personal Care,1.32,10,Premium,60,2.112,60.00000000000001,OK,410000,0.3
11701,UK,Personal Care,5.86,3,Value,15,6.739,14.99999999999999,OK,520000,0.32
11702,France,Home Care,7.83,10,Premium,50,11.745,50.00000000000002,OK,430000,0.29
11703,Germany,Home Care,8.63,7,Standard,25,10.7875,25.0,OK,460000,0.31
11704,Germany,Food & Refreshment,11.06,7,Standard,28,14.1568,28.0,OK,460000,0.31
11705,Germany,Personal Care,5.65,1,Value,15,6.4975,14.99999999999999,OK,460000,0.31
11706,Spain,Food & Refreshment,9.38,8,Premium,55,14.539,55.00000000000001,OK,410000,0.3
11707,Germany,Home Care,8.99,4,Standard,25,11.2375,25.0,OK,460000,0.31
11708,France,Food & Refreshment,8.44,5,Standard,28,10.8032,28.0,OK,430000,0.29
11709,Spain,Home Care,9.79,6,Standard,25,12.2375,25.0,OK,410000,0.3
11710,France,Food & Refreshment,4.26,3,Value,12,4.7712,12.00000000000001,OK,430000,0.29
11711,UK,Food & Refreshment,1.73,5,Standard,28,2.2144,28.0,OK,520000,0.32
11712,UK,Personal Care,2.23,10,Premium,60,3.568,60.00000000000001,OK,520000,0.32
11713,UK,Food & Refreshment,3.76,5,Standard,28,4.8128,28.0,OK,520000,0.32
11714,UK,Personal Care,7.75,1,Value,15,8.9125,14.99999999999999,OK,520000,0.32
11715,France,Personal Care,12.69,3,Value,15,14.5935,14.99999999999999,OK,430000,0.29
11716,Spain,Personal Care,10.67,3,Value,15,12.2705,14.99999999999999,OK,410000,0.3
11717,Spain,Personal Care,11.94,1,Value,15,13.731,14.99999999999999,OK,410000,0.3
11718,Germany,Food & Refreshment,5.59,7,Standard,28,7.1552,28.0,OK,460000,0.31
11719,France,Home Care,6.37,1,Value,10,7.007000000000001,10.00000000000001,OK,430000,0.29
11720,UK,Home Care,6.21,7,Standard,25,7.7625,25.0,OK,520000,0.32
11721,France,Home Care,3.28,4,Standard,25,4.1,25.0,OK,430000,0.29
11722,Germany,Food & Refreshment,1.39,9,Premium,55,2.1545,55.00000000000003,OK,460000,0.31
11723,Germany,Personal Care,9.07,7,Standard,30,11.791,30.0,OK,460000,0.31
11724,France,Home Care,14.84,5,Standard,25,18.55,25.0,OK,430000,0.29
11725,France,Food & Refreshment,2.92,7,Standard,28,3.7376,28.0,OK,430000,0.29
11726,France,Personal Care,1.18,9,Premium,60,1.888,60.00000000000001,OK,430000,0.29
11727,Spain,Home Care,11.8,10,Premium,50,17.7,50.00000000000002,OK,410000,0.3
11728,UK,Personal Care,4.16,6,Standard,30,5.408,30.0,OK,520000,0.32
11729,France,Home Care,12.53,1,Value,10,13.783,10.00000000000001,OK,430000,0.29
11730,France,Home Care,10.71,6,Standard,25,13.3875,25.0,OK,430000,0.29
11731,France,Home Care,14.21,1,Value,10,15.631,10.00000000000001,OK,430000,0.29
11732,Germany,Personal Care,6.43,4,Standard,30,8.359,30.0,OK,460000,0.31
11733,Germany,Food & Refreshment,10.1,8,Premium,55,15.655,55.00000000000001,OK,460000,0.31
11734,Spain,Personal Care,7.24,5,Standard,30,9.412,30.0,OK,410000,0.3
11735,UK,Home Care,9.64,5,Standard,25,12.05,25.0,OK,520000,0.32
11736,Spain,Personal Care,7.02,10,Premium,60,11.232,60.00000000000001,OK,410000,0.3
11737,UK,Food & Refreshment,3.24,8,Premium,55,5.022,55.00000000000001,OK,520000,0.32
11738,Germany,Personal Care,7.86,8,Premium,60,12.576,60.00000000000001,OK,460000,0.31
11739,Germany,Food & Refreshment,8.16,1,Value,12,9.1392,12.00000000000001,OK,460000,0.31
11740,Germany,Food & Refreshment,12.25,5,Standard,28,15.68,28.0,OK,460000,0.31
11741,Spain,Personal Care,11.17,5,Standard,30,14.521,30.0,OK,410000,0.3
11742,France,Home Care,10.12,8,Premium,50,15.18,50.0,OK,430000,0.29
11743,France,Food & Refreshment,2.14,1,Value,12,2.3968,12.00000000000001,OK,430000,0.29
11744,Germany,Personal Care,10.95,7,Standard,30,14.235,30.0,OK,460000,0.31
11745,France,Food & Refreshment,7.75,7,Standard,28,9.92,28.0,OK,430000,0.29
11746,France,Home Care,13.46,9,Premium,50,20.19,50.0,OK,430000,0.29
11747,Spain,Personal Care,13.84,2,Value,15,15.916,14.99999999999999,OK,410000,0.3
11748,UK,Personal Care,1.3,3,Value,15,1.495,14.99999999999999,OK,520000,0.32
11749,Germany,Personal Care,12.4,4,Standard,30,16.12,30.0,OK,460000,0.31
11750,Germany,Home Care,1.05,1,Value,10,1.155,10.00000000000001,OK,460000,0.31
11751,Spain,Food & Refreshment,5.82,7,Standard,28,7.4496,28.0,OK,410000,0.3
11752,Spain,Personal Care,8.36,10,Premium,60,13.376,60.00000000000001,OK,410000,0.3
11753,France,Food & Refreshment,2.65,3,Value,12,2.968,12.00000000000001,OK,430000,0.29
11754,Germany,Food & Refreshment,11.32,3,Value,12,12.6784,12.00000000000001,OK,460000,0.31
11755,UK,Home Care,0.62,3,Value,10,0.682,10.00000000000001,OK,520000,0.32
11756,Spain,Personal Care,2.94,8,Premium,60,4.704,59.99999999999999,OK,410000,0.3
11757,UK,Food & Refreshment,8.92,9,Premium,55,13.826,55.00000000000001,OK,520000,0.32
11758,UK,Personal Care,10.86,10,Premium,60,17.376,60.00000000000001,OK,520000,0.32
11759,Germany,Personal Care,13.79,2,Value,15,15.8585,14.99999999999999,OK,460000,0.31
11760,Germany,Home Care,10.73,10,Premium,50,16.095,49.99999999999998,OK,460000,0.31
11761,Spain,Personal Care,10.24,10,Premium,60,16.384,60.00000000000001,OK,410000,0.3
11762,Germany,Personal Care,6.22,1,Value,15,7.153,14.99999999999999,OK,460000,0.31
11763,Germany,Food & Refreshment,0.52,9,Premium,55,0.806,55.00000000000001,OK,460000,0.31
11764,Germany,Home Care,2.24,6,Standard,25,2.8,25.0,OK,460000,0.31
11765,UK,Personal Care,8.25,9,Premium,60,13.2,60.00000000000001,OK,520000,0.32
11766,Spain,Food & Refreshment,10.29,6,Standard,28,13.1712,28.0,OK,410000,0.3
11767,France,Home Care,6.55,2,Value,10,7.205,10.00000000000001,OK,430000,0.29
11768,UK,Home Care,11.09,1,Value,10,12.199,10.00000000000001,OK,520000,0.32
11769,Germany,Food & Refreshment,8.07,8,Premium,55,12.5085,55.00000000000001,OK,460000,0.31
11770,UK,Food & Refreshment,1.58,3,Value,12,1.7696,12.00000000000001,OK,520000,0.32
11771,Germany,Food & Refreshment,3.28,1,Value,12,3.6736,12.00000000000001,OK,460000,0.31
11772,Germany,Food & Refreshment,12.68,8,Premium,55,19.654,55.00000000000001,OK,460000,0.31
11773,UK,Food & Refreshment,11.01,1,Value,12,12.3312,12.00000000000001,OK,520000,0.32
11774,Spain,Personal Care,13.47,8,Premium,60,21.552,60.00000000000001,OK,410000,0.3
11775,Germany,Personal Care,2.2,1,Value,15,2.53,14.99999999999999,OK,460000,0.31
11776,Spain,Home Care,14.86,9,Premium,50,22.29,50.0,OK,410000,0.3
11777,France,Personal Care,3.54,9,Premium,60,5.664000000000001,60.00000000000001,OK,430000,0.29
11778,Germany,Personal Care,0.67,9,Premium,60,1.072,60.00000000000001,OK,460000,0.31
11779,Spain,Personal Care,14.96,3,Value,15,17.204,14.99999999999999,OK,410000,0.3
11780,Spain,Food & Refreshment,4.58,4,Standard,28,5.8624,28.0,OK,410000,0.3
11781,France,Home Care,10.19,5,Standard,25,12.7375,25.0,OK,430000,0.29
11782,Spain,Home Care,3.06,6,Standard,25,3.825,25.0,OK,410000,0.3
11783,Spain,Home Care,8.91,9,Premium,50,13.365,50.0,OK,410000,0.3
11784,France,Home Care,13.61,4,Standard,25,17.0125,25.0,OK,430000,0.29
11785,Germany,Personal Care,5.14,6,Standard,30,6.681999999999999,30.0,OK,460000,0.31
11786,Spain,Personal Care,10.22,1,Value,15,11.753,14.99999999999999,OK,410000,0.3
11787,Spain,Food & Refreshment,3.22,2,Value,12,3.606400000000001,12.00000000000001,OK,410000,0.3
11788,Spain,Home Care,9.56,8,Premium,50,14.34,50.0,OK,410000,0.3
11789,UK,Personal Care,5.38,4,Standard,30,6.994,30.0,OK,520000,0.32
11790,France,Personal Care,3.56,10,Premium,60,5.696000000000001,60.00000000000001,OK,430000,0.29
11791,UK,Food & Refreshment,5.04,7,Standard,28,6.4512,28.0,OK,520000,0.32
11792,France,Food & Refreshment,3.09,4,Standard,28,3.9552,28.0,OK,430000,0.29
11793,Germany,Food & Refreshment,13.58,9,Premium,55,21.049,55.00000000000001,OK,460000,0.31
11794,Germany,Personal Care,6.26,9,Premium,60,10.016,60.00000000000001,OK,460000,0.31
11795,Spain,Personal Care,4.06,4,Standard,30,5.278,30.0,OK,410000,0.3
11796,France,Food & Refreshment,7.0,8,Premium,55,10.85,55.00000000000001,OK,430000,0.29
11797,Germany,Home Care,5.15,6,Standard,25,6.4375,25.0,OK,460000,0.31
11798,France,Food & Refreshment,11.29,1,Value,12,12.6448,12.00000000000001,OK,430000,0.29
11799,Germany,Food & Refreshment,14.58,7,Standard,28,18.6624,28.0,OK,460000,0.31
11800,UK,Food & Refreshment,6.85,1,Value,12,7.672000000000001,12.00000000000001,OK,520000,0.32
11801,Germany,Food & Refreshment,12.98,3,Value,12,14.5376,12.00000000000001,OK,460000,0.31
11802,UK,Personal Care,8.71,8,Premium,60,13.936,60.00000000000001,OK,520000,0.32
11803,Germany,Home Care,2.78,9,Premium,50,4.17,50.0,OK,460000,0.31
11804,Spain,Food & Refreshment,10.51,3,Value,12,11.7712,12.00000000000001,OK,410000,0.3
11805,UK,Home Care,7.94,1,Value,10,8.734000000000002,10.00000000000001,OK,520000,0.32
11806,Germany,Home Care,9.93,1,Value,10,10.923,10.00000000000001,OK,460000,0.31
11807,Spain,Home Care,13.4,7,Standard,25,16.75,25.0,OK,410000,0.3
11808,UK,Food & Refreshment,6.89,5,Standard,28,8.8192,28.0,OK,520000,0.32
11809,Spain,Personal Care,13.57,1,Value,15,15.6055,14.99999999999999,OK,410000,0.3
11810,France,Food & Refreshment,11.38,6,Standard,28,14.5664,28.0,OK,430000,0.29
11811,France,Home Care,7.58,6,Standard,25,9.475,25.0,OK,430000,0.29
11812,UK,Home Care,9.25,4,Standard,25,11.5625,25.0,OK,520000,0.32
11813,Germany,Personal Care,5.22,7,Standard,30,6.786,30.0,OK,460000,0.31
11814,UK,Food & Refreshment,14.76,7,Standard,28,18.8928,28.0,OK,520000,0.32
11815,Spain,Home Care,10.18,9,Premium,50,15.27,50.0,OK,410000,0.3
11816,Germany,Personal Care,1.14,1,Value,15,1.311,14.99999999999999,OK,460000,0.31
11817,France,Home Care,5.24,5,Standard,25,6.550000000000001,25.0,OK,430000,0.29
11818,Germany,Personal Care,9.54,10,Premium,60,15.264,60.00000000000001,OK,460000,0.31
11819,France,Personal Care,1.32,3,Value,15,1.518,14.99999999999999,OK,430000,0.29
11820,Germany,Food & Refreshment,0.85,7,Standard,28,1.088,28.0,OK,460000,0.31
11821,Germany,Home Care,7.03,4,Standard,25,8.7875,25.0,OK,460000,0.31
11822,Germany,Food & Refreshment,5.32,4,Standard,28,6.809600000000001,28.0,OK,460000,0.31
11823,Spain,Home Care,6.86,1,Value,10,7.546000000000001,10.00000000000001,OK,410000,0.3
11824,Spain,Food & Refreshment,4.31,1,Value,12,4.8272,12.00000000000001,OK,410000,0.3
11825,UK,Home Care,2.89,10,Premium,50,4.335,50.0,OK,520000,0.32
11826,UK,Food & Refreshment,10.49,2,Value,12,11.7488,12.00000000000001,OK,520000,0.32
11827,France,Personal Care,7.96,2,Value,15,9.154,14.99999999999999,OK,430000,0.29
11828,Spain,Home Care,3.4,1,Value,10,3.74,10.00000000000001,OK,410000,0.3
11829,France,Home Care,5.13,8,Premium,50,7.695,50.0,OK,430000,0.29
11830,UK,Personal Care,9.08,6,Standard,30,11.804,30.0,OK,520000,0.32
11831,France,Food & Refreshment,1.55,6,Standard,28,1.984,28.0,OK,430000,0.29
11832,UK,Home Care,2.64,10,Premium,50,3.96,50.0,OK,520000,0.32
11833,Spain,Home Care,1.56,10,Premium,50,2.34,49.99999999999998,OK,410000,0.3
11834,Germany,Food & Refreshment,12.28,9,Premium,55,19.034,55.00000000000001,OK,460000,0.31
11835,Spain,Personal Care,11.41,5,Standard,30,14.833,30.0,OK,410000,0.3
11836,France,Food & Refreshment,11.42,4,Standard,28,14.6176,28.0,OK,430000,0.29
11837,France,Food & Refreshment,10.89,6,Standard,28,13.9392,28.0,OK,430000,0.29
11838,Spain,Food & Refreshment,10.21,8,Premium,55,15.8255,55.00000000000001,OK,410000,0.3
11839,Spain,Home Care,7.42,1,Value,10,8.162,10.00000000000001,OK,410000,0.3
11840,UK,Personal Care,9.81,7,Standard,30,12.753,30.0,OK,520000,0.32
11841,France,Personal Care,1.06,8,Premium,60,1.696,60.00000000000001,OK,430000,0.29
11842,France,Food & Refreshment,9.51,9,Premium,55,14.7405,55.00000000000001,OK,430000,0.29
11843,Spain,Home Care,11.78,8,Premium,50,17.67,50.0,OK,410000,0.3
11844,Germany,Food & Refreshment,7.76,7,Standard,28,9.9328,28.0,OK,460000,0.31
11845,France,Home Care,5.68,3,Value,10,6.248,10.00000000000001,OK,430000,0.29
11846,Germany,Home Care,4.52,2,Value,10,4.972,10.00000000000001,OK,460000,0.31
11847,Spain,Home Care,9.82,3,Value,10,10.802,10.00000000000001,OK,410000,0.3
11848,Spain,Home Care,10.55,4,Standard,25,13.1875,25.0,OK,410000,0.3
11849,UK,Personal Care,13.13,4,Standard,30,17.069,30.0,OK,520000,0.32
11850,France,Home Care,5.46,6,Standard,25,6.825,25.0,OK,430000,0.29
11851,Germany,Home Care,11.66,7,Standard,25,14.575,25.0,OK,460000,0.31
11852,UK,Food & Refreshment,8.64,4,Standard,28,11.0592,28.0,OK,520000,0.32
11853,France,Food & Refreshment,13.3,10,Premium,55,20.615,55.00000000000001,OK,430000,0.29
11854,UK,Personal Care,8.15,6,Standard,30,10.595,30.0,OK,520000,0.32
11855,Spain,Food & Refreshment,8.01,9,Premium,55,12.4155,55.00000000000001,OK,410000,0.3
11856,France,Home Care,8.88,6,Standard,25,11.1,25.0,OK,430000,0.29
11857,UK,Food & Refreshment,11.37,3,Value,12,12.7344,12.00000000000001,OK,520000,0.32
11858,UK,Personal Care,14.49,1,Value,15,16.6635,14.99999999999999,OK,520000,0.32
11859,Germany,Food & Refreshment,1.57,10,Premium,55,2.4335,55.00000000000001,OK,460000,0.31
11860,UK,Food & Refreshment,1.27,10,Premium,55,1.9685,55.00000000000001,OK,520000,0.32
11861,France,Personal Care,14.09,5,Standard,30,18.317,30.0,OK,430000,0.29
11862,France,Personal Care,8.18,10,Premium,60,13.088,60.00000000000001,OK,430000,0.29
11863,Germany,Home Care,9.42,10,Premium,50,14.13,50.0,OK,460000,0.31
11864,France,Food & Refreshment,7.5,3,Value,12,8.4,12.00000000000001,OK,430000,0.29
11865,Spain,Home Care,1.86,8,Premium,50,2.79,50.0,OK,410000,0.3
11866,France,Food & Refreshment,11.64,10,Premium,55,18.042,55.00000000000001,OK,430000,0.29
11867,France,Food & Refreshment,11.33,1,Value,12,12.6896,12.00000000000001,OK,430000,0.29
11868,UK,Home Care,5.02,2,Value,10,5.522,10.00000000000001,OK,520000,0.32
11869,UK,Food & Refreshment,4.94,3,Value,12,5.532800000000001,12.00000000000001,OK,520000,0.32
11870,France,Food & Refreshment,12.65,3,Value,12,14.168,12.00000000000001,OK,430000,0.29
11871,Germany,Food & Refreshment,1.55,8,Premium,55,2.4025,55.00000000000001,OK,460000,0.31
11872,UK,Personal Care,13.28,5,Standard,30,17.264,30.0,OK,520000,0.32
11873,Germany,Home Care,4.22,8,Premium,50,6.33,50.0,OK,460000,0.31
11874,France,Personal Care,9.1,6,Standard,30,11.83,30.0,OK,430000,0.29
11875,France,Home Care,14.07,2,Value,10,15.477,10.00000000000001,OK,430000,0.29
11876,Spain,Home Care,10.33,4,Standard,25,12.9125,25.0,OK,410000,0.3
11877,UK,Food & Refreshment,6.51,9,Premium,55,10.0905,55.00000000000001,OK,520000,0.32
11878,France,Home Care,10.5,4,Standard,25,13.125,25.0,OK,430000,0.29
11879,Spain,Personal Care,5.49,5,Standard,30,7.137,30.0,OK,410000,0.3
11880,UK,Personal Care,4.52,5,Standard,30,5.875999999999999,30.0,OK,520000,0.32
11881,France,Personal Care,14.95,10,Premium,60,23.92,60.00000000000001,OK,430000,0.29
11882,France,Home Care,11.39,8,Premium,50,17.085,50.0,OK,430000,0.29
11883,UK,Personal Care,9.85,6,Standard,30,12.805,30.0,OK,520000,0.32
11884,UK,Home Care,5.65,10,Premium,50,8.475000000000001,50.00000000000002,OK,520000,0.32
11885,UK,Personal Care,1.21,7,Standard,30,1.573,30.0,OK,520000,0.32
11886,France,Personal Care,0.95,6,Standard,30,1.235,29.99999999999998,OK,430000,0.29
11887,France,Home Care,8.54,5,Standard,25,10.675,25.0,OK,430000,0.29
11888,Spain,Personal Care,11.55,5,Standard,30,15.015,30.0,OK,410000,0.3
11889,Germany,Food & Refreshment,8.29,3,Value,12,9.2848,12.00000000000001,OK,460000,0.31
11890,UK,Home Care,12.69,7,Standard,25,15.8625,25.0,OK,520000,0.32
11891,France,Home Care,0.98,10,Premium,50,1.47,50.0,OK,430000,0.29
11892,France,Home Care,5.82,5,Standard,25,7.275,25.0,OK,430000,0.29
11893,UK,Food & Refreshment,3.94,7,Standard,28,5.0432,28.0,OK,520000,0.32
11894,Germany,Home Care,6.99,2,Value,10,7.689000000000001,10.00000000000001,OK,460000,0.31
11895,UK,Personal Care,1.55,9,Premium,60,2.48,60.00000000000003,OK,520000,0.32
11896,Germany,Personal Care,14.33,8,Premium,60,22.928,60.00000000000001,OK,460000,0.31
11897,France,Personal Care,3.74,5,Standard,30,4.862,30.0,OK,430000,0.29
11898,Germany,Home Care,13.87,2,Value,10,15.257,10.00000000000001,OK,460000,0.31
11899,Spain,Personal Care,6.68,6,Standard,30,8.684,30.0,OK,410000,0.3
11900,France,Home Care,14.79,8,Premium,50,22.185,50.0,OK,430000,0.29
11901,Spain,Personal Care,8.53,7,Standard,30,11.089,30.0,OK,410000,0.3
11902,UK,Food & Refreshment,14.0,8,Premium,55,21.7,55.00000000000001,OK,520000,0.32
11903,UK,Food & Refreshment,0.58,4,Standard,28,0.7424,28.0,OK,520000,0.32
11904,UK,Food & Refreshment,11.35,3,Value,12,12.712,12.00000000000001,OK,520000,0.32
11905,Germany,Food & Refreshment,13.59,7,Standard,28,17.3952,28.0,OK,460000,0.31
11906,France,Home Care,2.53,2,Value,10,2.783,10.00000000000001,OK,430000,0.29
11907,UK,Personal Care,1.89,5,Standard,30,2.457,30.0,OK,520000,0.32
11908,UK,Food & Refreshment,6.66,7,Standard,28,8.5248,28.0,OK,520000,0.32
11909,France,Home Care,14.04,1,Value,10,15.444,10.00000000000001,OK,430000,0.29
11910,UK,Food & Refreshment,8.36,4,Standard,28,10.7008,28.0,OK,520000,0.32
11911,Spain,Food & Refreshment,8.15,2,Value,12,9.128000000000002,12.00000000000001,OK,410000,0.3
11912,France,Home Care,2.55,6,Standard,25,3.1875,25.0,OK,430000,0.29
11913,France,Home Care,0.51,1,Value,10,0.561,10.00000000000001,OK,430000,0.29
11914,France,Personal Care,12.25,7,Standard,30,15.925,30.0,OK,430000,0.29
11915,Spain,Personal Care,1.77,3,Value,15,2.0355,14.99999999999999,OK,410000,0.3
11916,France,Food & Refreshment,9.69,1,Value,12,10.8528,12.00000000000001,OK,430000,0.29
11917,Spain,Food & Refreshment,13.76,8,Premium,55,21.328,55.00000000000001,OK,410000,0.3
11918,France,Personal Care,3.53,7,Standard,30,4.589,30.0,OK,430000,0.29
11919,Germany,Personal Care,10.15,2,Value,15,11.6725,14.99999999999999,OK,460000,0.31
11920,UK,Home Care,1.64,7,Standard,25,2.05,25.0,OK,520000,0.32
11921,Germany,Personal Care,9.25,3,Value,15,10.6375,14.99999999999999,OK,460000,0.31
11922,UK,Personal Care,2.88,9,Premium,60,4.608,59.99999999999999,OK,520000,0.32
11923,Spain,Food & Refreshment,11.17,8,Premium,55,17.3135,55.00000000000001,OK,410000,0.3
11924,Germany,Personal Care,4.87,5,Standard,30,6.331,30.0,OK,460000,0.31
11925,France,Food & Refreshment,7.22,7,Standard,28,9.2416,28.0,OK,430000,0.29
11926,UK,Personal Care,9.19,3,Value,15,10.5685,14.99999999999999,OK,520000,0.32
11927,UK,Home Care,2.98,1,Value,10,3.278,10.00000000000001,OK,520000,0.32
11928,Germany,Personal Care,11.25,1,Value,15,12.9375,14.99999999999999,OK,460000,0.31
11929,Spain,Personal Care,4.89,2,Value,15,5.623499999999999,14.99999999999999,OK,410000,0.3
11930,Germany,Personal Care,10.1,8,Premium,60,16.16,60.00000000000001,OK,460000,0.31
11931,Spain,Food & Refreshment,2.8,1,Value,12,3.136,12.00000000000001,OK,410000,0.3
11932,Spain,Home Care,10.48,5,Standard,25,13.1,25.0,OK,410000,0.3
11933,UK,Personal Care,2.36,9,Premium,60,3.776,60.00000000000001,OK,520000,0.32
11934,Germany,Food & Refreshment,6.67,9,Premium,55,10.3385,55.00000000000001,OK,460000,0.31
11935,Germany,Home Care,4.08,2,Value,10,4.488,10.00000000000001,OK,460000,0.31
11936,Spain,Food & Refreshment,11.35,7,Standard,28,14.528,28.0,OK,410000,0.3
11937,Germany,Food & Refreshment,4.3,1,Value,12,4.816,12.00000000000001,OK,460000,0.31
11938,France,Home Care,13.28,3,Value,10,14.608,10.00000000000001,OK,430000,0.29
11939,France,Personal Care,13.43,6,Standard,30,17.459,30.0,OK,430000,0.29
11940,Germany,Food & Refreshment,3.35,9,Premium,55,5.1925,54.99999999999999,OK,460000,0.31
11941,Germany,Food & Refreshment,9.4,10,Premium,55,14.57,55.00000000000001,OK,460000,0.31
11942,Spain,Personal Care,1.77,2,Value,15,2.0355,14.99999999999999,OK,410000,0.3
11943,France,Personal Care,6.18,7,Standard,30,8.034,30.00000000000003,OK,430000,0.29
11944,France,Home Care,10.84,4,Standard,25,13.55,25.0,OK,430000,0.29
11945,UK,Home Care,10.06,2,Value,10,11.066,10.00000000000001,OK,520000,0.32
11946,Spain,Home Care,9.56,3,Value,10,10.516,10.00000000000001,OK,410000,0.3
11947,UK,Personal Care,4.6,6,Standard,30,5.98,30.0,OK,520000,0.32
11948,France,Food & Refreshment,5.98,10,Premium,55,9.269,54.99999999999999,OK,430000,0.29
11949,Spain,Food & Refreshment,1.99,9,Premium,55,3.0845,55.00000000000001,OK,410000,0.3
11950,Germany,Home Care,10.93,8,Premium,50,16.395,50.0,OK,460000,0.31
11951,Spain,Personal Care,7.81,10,Premium,60,12.496,60.00000000000001,OK,410000,0.3
11952,Germany,Food & Refreshment,10.78,9,Premium,55,16.709,55.00000000000001,OK,460000,0.31
11953,Germany,Home Care,4.11,4,Standard,25,5.1375,25.0,OK,460000,0.31
11954,Spain,Food & Refreshment,5.2,4,Standard,28,6.656000000000001,28.0,OK,410000,0.3
11955,Germany,Food & Refreshment,5.35,9,Premium,55,8.2925,55.00000000000003,OK,460000,0.31
11956,UK,Personal Care,0.87,8,Premium,60,1.392,60.00000000000001,OK,520000,0.32
11957,France,Personal Care,5.45,2,Value,15,6.2675,14.99999999999999,OK,430000,0.29
11958,Germany,Food & Refreshment,12.15,8,Premium,55,18.8325,54.99999999999999,OK,460000,0.31
11959,UK,Home Care,13.51,1,Value,10,14.861,10.00000000000001,OK,520000,0.32
11960,Germany,Personal Care,8.01,9,Premium,60,12.816,60.00000000000001,OK,460000,0.31
11961,France,Food & Refreshment,7.1,9,Premium,55,11.005,55.00000000000001,OK,430000,0.29
11962,UK,Personal Care,0.95,8,Premium,60,1.52,60.00000000000001,OK,520000,0.32
11963,France,Personal Care,13.25,5,Standard,30,17.225,30.0,OK,430000,0.29
11964,France,Personal Care,0.69,5,Standard,30,0.8969999999999999,30.0,OK,430000,0.29
11965,UK,Food & Refreshment,14.2,3,Value,12,15.904,12.00000000000001,OK,520000,0.32
11966,UK,Home Care,7.59,5,Standard,25,9.4875,25.00000000000002,OK,520000,0.32
11967,UK,Home Care,5.46,4,Standard,25,6.825,25.0,OK,520000,0.32
11968,Spain,Home Care,13.9,1,Value,10,15.29,10.00000000000001,OK,410000,0.3
11969,UK,Personal Care,0.85,9,Premium,60,1.36,60.00000000000001,OK,520000,0.32
11970,UK,Food & Refreshment,8.93,10,Premium,55,13.8415,55.00000000000001,OK,520000,0.32
11971,UK,Personal Care,8.46,4,Standard,30,10.998,30.0,OK,520000,0.32
11972,UK,Home Care,3.68,3,Value,10,4.048000000000001,10.00000000000003,OK,520000,0.32
11973,Germany,Home Care,6.72,6,Standard,25,8.4,25.0,OK,460000,0.31
11974,Spain,Food & Refreshment,9.96,1,Value,12,11.1552,12.00000000000001,OK,410000,0.3
11975,France,Personal Care,11.04,5,Standard,30,14.352,30.0,OK,430000,0.29
11976,UK,Home Care,0.51,7,Standard,25,0.6375,25.0,OK,520000,0.32
11977,Germany,Food & Refreshment,14.08,2,Value,12,15.7696,12.00000000000001,OK,460000,0.31
11978,Germany,Personal Care,2.89,10,Premium,60,4.624000000000001,60.00000000000001,OK,460000,0.31
11979,Germany,Personal Care,3.89,9,Premium,60,6.224,60.00000000000001,OK,460000,0.31
11980,France,Home Care,4.32,6,Standard,25,5.4,25.0,OK,430000,0.29
11981,UK,Home Care,1.05,2,Value,10,1.155,10.00000000000001,OK,520000,0.32
11982,Spain,Personal Care,2.28,8,Premium,60,3.648,60.00000000000001,OK,410000,0.3
11983,Spain,Personal Care,14.8,8,Premium,60,23.68,60.00000000000001,OK,410000,0.3
11984,Germany,Home Care,5.07,1,Value,10,5.577000000000001,10.00000000000001,OK,460000,0.31
11985,France,Personal Care,2.17,1,Value,15,2.4955,14.99999999999999,OK,430000,0.29
11986,France,Home Care,2.05,1,Value,10,2.255,10.00000000000001,OK,430000,0.29
11987,France,Personal Care,10.93,4,Standard,30,14.209,30.0,OK,430000,0.29
11988,Spain,Home Care,12.89,4,Standard,25,16.1125,25.0,OK,410000,0.3
11989,Germany,Food & Refreshment,4.23,8,Premium,55,6.556500000000001,55.00000000000001,OK,460000,0.31
11990,UK,Home Care,0.8,1,Value,10,0.8800000000000001,10.00000000000001,OK,520000,0.32
11991,Spain,Home Care,3.73,10,Premium,50,5.595,50.0,OK,410000,0.3
11992,Germany,Food & Refreshment,1.32,3,Value,12,1.4784,12.00000000000001,OK,460000,0.31
11993,Germany,Personal Care,2.0,1,Value,15,2.3,14.99999999999999,OK,460000,0.31
11994,UK,Food & Refreshment,6.76,9,Premium,55,10.478,55.00000000000001,OK,520000,0.32
11995,UK,Home Care,3.83,10,Premium,50,5.745,50.0,OK,520000,0.32
11996,UK,Personal Care,7.98,9,Premium,60,12.768,60.00000000000001,OK,520000,0.32
11997,France,Food & Refreshment,4.18,7,Standard,28,5.3504,28.0,OK,430000,0.29
11998,UK,Personal Care,14.14,8,Premium,60,22.624,60.00000000000001,OK,520000,0.32
11999,Germany,Personal Care,13.64,1,Value,15,15.686,14.99999999999999,OK,460000,0.31
12000,UK,Food & Refreshment,8.72,5,Standard,28,11.1616,28.0,OK,520000,0.32
12001,Germany,Personal Care,5.64,2,Value,15,6.485999999999999,14.99999999999999,OK,460000,0.31
12002,Spain,Food & Refreshment,6.03,1,Value,12,6.7536,12.00000000000001,OK,410000,0.3
12003,France,Home Care,6.47,3,Value,10,7.117,10.00000000000001,OK,430000,0.29
12004,Spain,Personal Care,11.05,7,Standard,30,14.365,30.0,OK,410000,0.3
12005,Spain,Home Care,7.05,1,Value,10,7.755000000000001,10.00000000000001,OK,410000,0.3
12006,Germany,Home Care,12.92,2,Value,10,14.212,10.00000000000001,OK,460000,0.31
12007,Spain,Personal Care,14.19,2,Value,15,16.3185,14.99999999999999,OK,410000,0.3
12008,Germany,Food & Refreshment,5.37,4,Standard,28,6.873600000000001,28.0,OK,460000,0.31
12009,UK,Personal Care,8.63,3,Value,15,9.9245,14.99999999999999,OK,520000,0.32
12010,UK,Home Care,1.88,3,Value,10,2.068,10.00000000000001,OK,520000,0.32
12011,Germany,Home Care,3.41,10,Premium,50,5.115,50.0,OK,460000,0.31
12012,UK,Food & Refreshment,6.5,5,Standard,28,8.32,28.0,OK,520000,0.32
12013,France,Personal Care,3.49,3,Value,15,4.0135,14.99999999999999,OK,430000,0.29
12014,Spain,Home Care,13.21,7,Standard,25,16.5125,25.00000000000002,OK,410000,0.3
12015,France,Home Care,2.8,5,Standard,25,3.5,25.0,OK,430000,0.29
12016,Spain,Home Care,7.11,4,Standard,25,8.887500000000001,25.0,OK,410000,0.3
12017,UK,Food & Refreshment,9.28,3,Value,12,10.3936,12.00000000000001,OK,520000,0.32
12018,France,Home Care,10.53,4,Standard,25,13.1625,25.0,OK,430000,0.29
12019,UK,Home Care,6.05,2,Value,10,6.655,10.00000000000001,OK,520000,0.32
12020,Spain,Personal Care,13.1,1,Value,15,15.065,14.99999999999999,OK,410000,0.3
12021,Germany,Personal Care,8.74,3,Value,15,10.051,14.99999999999999,OK,460000,0.31
12022,Germany,Home Care,6.87,2,Value,10,7.557,10.00000000000001,OK,460000,0.31
12023,France,Home Care,1.47,1,Value,10,1.617,10.00000000000001,OK,430000,0.29
12024,UK,Personal Care,7.24,1,Value,15,8.325999999999999,14.99999999999997,OK,520000,0.32
12025,UK,Food & Refreshment,12.4,2,Value,12,13.888,12.00000000000001,OK,520000,0.32
12026,France,Food & Refreshment,9.41,9,Premium,55,14.5855,55.00000000000001,OK,430000,0.29
12027,Germany,Food & Refreshment,12.57,5,Standard,28,16.0896,28.0,OK,460000,0.31
12028,Spain,Food & Refreshment,7.66,9,Premium,55,11.873,55.00000000000001,OK,410000,0.3
12029,France,Food & Refreshment,2.22,8,Premium,55,3.441,55.00000000000001,OK,430000,0.29
12030,Spain,Food & Refreshment,0.7,6,Standard,28,0.8959999999999999,28.0,OK,410000,0.3
12031,Germany,Food & Refreshment,4.9,1,Value,12,5.488000000000001,12.00000000000001,OK,460000,0.31
12032,UK,Food & Refreshment,10.62,10,Premium,55,16.461,55.00000000000001,OK,520000,0.32
12033,Germany,Personal Care,11.96,5,Standard,30,15.548,30.0,OK,460000,0.31
12034,France,Food & Refreshment,4.79,1,Value,12,5.364800000000001,12.00000000000001,OK,430000,0.29
12035,UK,Food & Refreshment,7.69,7,Standard,28,9.843200000000001,28.0,OK,520000,0.32
12036,France,Food & Refreshment,6.61,10,Premium,55,10.2455,55.00000000000003,OK,430000,0.29
12037,France,Home Care,6.45,8,Premium,50,9.675,50.0,OK,430000,0.29
12038,Germany,Personal Care,3.85,8,Premium,60,6.16,60.00000000000001,OK,460000,0.31
12039,France,Personal Care,2.48,7,Standard,30,3.224,30.0,OK,430000,0.29
12040,Germany,Personal Care,3.35,2,Value,15,3.8525,14.99999999999999,OK,460000,0.31
12041,UK,Food & Refreshment,1.3,5,Standard,28,1.664,28.0,OK,520000,0.32
12042,Germany,Food & Refreshment,3.37,4,Standard,28,4.3136,28.0,OK,460000,0.31
12043,UK,Home Care,0.63,5,Standard,25,0.7875,25.0,OK,520000,0.32
12044,Germany,Personal Care,9.6,10,Premium,60,15.36,60.00000000000001,OK,460000,0.31
12045,Spain,Food & Refreshment,5.09,9,Premium,55,7.8895,55.00000000000001,OK,410000,0.3
12046,Spain,Personal Care,14.61,4,Standard,30,18.993,30.0,OK,410000,0.3
12047,France,Home Care,3.31,8,Premium,50,4.965,50.0,OK,430000,0.29
12048,Germany,Home Care,5.51,8,Premium,50,8.265,50.00000000000002,OK,460000,0.31
12049,Germany,Home Care,5.69,2,Value,10,6.259000000000001,10.00000000000001,OK,460000,0.31
12050,UK,Personal Care,0.62,6,Standard,30,0.806,30.0,OK,520000,0.32
12051,France,Food & Refreshment,12.67,5,Standard,28,16.2176,28.0,OK,430000,0.29
12052,Germany,Food & Refreshment,0.96,2,Value,12,1.0752,12.00000000000001,OK,460000,0.31
12053,France,Home Care,14.13,10,Premium,50,21.195,50.0,OK,430000,0.29
12054,Spain,Food & Refreshment,13.44,4,Standard,28,17.2032,28.0,OK,410000,0.3
12055,Germany,Home Care,8.27,7,Standard,25,10.3375,25.0,OK,460000,0.31
12056,Germany,Personal Care,8.38,1,Value,15,9.637,14.99999999999999,OK,460000,0.31
12057,France,Home Care,9.98,9,Premium,50,14.97,50.0,OK,430000,0.29
12058,Germany,Personal Care,6.11,10,Premium,60,9.776000000000002,60.00000000000001,OK,460000,0.31
12059,France,Home Care,9.88,1,Value,10,10.868,10.00000000000001,OK,430000,0.29
12060,Germany,Food & Refreshment,1.15,5,Standard,28,1.472,28.0,OK,460000,0.31
12061,UK,Food & Refreshment,1.28,7,Standard,28,1.6384,28.0,OK,520000,0.32
12062,France,Home Care,7.13,8,Premium,50,10.695,50.0,OK,430000,0.29
12063,Germany,Food & Refreshment,8.47,2,Value,12,9.486400000000001,12.00000000000001,OK,460000,0.31
12064,Spain,Food & Refreshment,13.37,4,Standard,28,17.1136,28.0,OK,410000,0.3
12065,Germany,Food & Refreshment,2.02,2,Value,12,2.2624,12.00000000000001,OK,460000,0.31
12066,Spain,Personal Care,12.43,4,Standard,30,16.159,30.0,OK,410000,0.3
12067,Spain,Food & Refreshment,3.55,6,Standard,28,4.544,28.0,OK,410000,0.3
12068,UK,Personal Care,6.21,6,Standard,30,8.073,30.0,OK,520000,0.32
12069,France,Home Care,5.09,2,Value,10,5.599,10.00000000000001,OK,430000,0.29
12070,Germany,Food & Refreshment,6.3,4,Standard,28,8.064,28.0,OK,460000,0.31
12071,UK,Food & Refreshment,2.68,4,Standard,28,3.4304,28.0,OK,520000,0.32
12072,Germany,Food & Refreshment,7.8,1,Value,12,8.736,12.00000000000001,OK,460000,0.31
12073,Spain,Home Care,12.12,2,Value,10,13.332,10.00000000000001,OK,410000,0.3
12074,France,Personal Care,6.9,3,Value,15,7.935,14.99999999999999,OK,430000,0.29
12075,Germany,Personal Care,7.61,5,Standard,30,9.893,30.0,OK,460000,0.31
12076,Germany,Food & Refreshment,12.81,8,Premium,55,19.8555,55.00000000000003,OK,460000,0.31
12077,Spain,Home Care,10.74,6,Standard,25,13.425,25.0,OK,410000,0.3
12078,Germany,Home Care,7.61,3,Value,10,8.371,10.00000000000001,OK,460000,0.31
12079,Germany,Home Care,4.24,6,Standard,25,5.300000000000001,25.0,OK,460000,0.31
12080,Spain,Home Care,13.33,7,Standard,25,16.6625,25.0,OK,410000,0.3
12081,UK,Home Care,8.87,6,Standard,25,11.0875,25.0,OK,520000,0.32
12082,Spain,Personal Care,3.71,10,Premium,60,5.936,60.00000000000001,OK,410000,0.3
12083,UK,Personal Care,4.4,6,Standard,30,5.720000000000001,30.0,OK,520000,0.32
12084,France,Personal Care,12.15,1,Value,15,13.9725,14.99999999999999,OK,430000,0.29
12085,UK,Food & Refreshment,1.14,3,Value,12,1.2768,12.00000000000001,OK,520000,0.32
12086,UK,Home Care,14.89,7,Standard,25,18.6125,25.0,OK,520000,0.32
12087,France,Food & Refreshment,2.39,4,Standard,28,3.0592,28.0,OK,430000,0.29
12088,UK,Home Care,12.04,4,Standard,25,15.05,25.0,OK,520000,0.32
12089,Spain,Personal Care,6.22,7,Standard,30,8.086,30.0,OK,410000,0.3
12090,UK,Food & Refreshment,7.64,9,Premium,55,11.842,55.00000000000001,OK,520000,0.32
12091,France,Personal Care,13.27,2,Value,15,15.2605,14.99999999999999,OK,430000,0.29
12092,Spain,Home Care,6.49,9,Premium,50,9.735,49.99999999999998,OK,410000,0.3
12093,France,Home Care,8.29,3,Value,10,9.119,10.00000000000001,OK,430000,0.29
12094,France,Home Care,1.21,6,Standard,25,1.5125,25.0,OK,430000,0.29
12095,Germany,Personal Care,0.53,4,Standard,30,0.6890000000000001,30.0,OK,460000,0.31
12096,Germany,Home Care,4.05,1,Value,10,4.455,10.00000000000001,OK,460000,0.31
12097,France,Personal Care,10.37,9,Premium,60,16.592,60.00000000000001,OK,430000,0.29
12098,France,Food & Refreshment,2.26,6,Standard,28,2.8928,28.0,OK,430000,0.29
12099,France,Home Care,2.15,8,Premium,50,3.225,50.0,OK,430000,0.29
12100,Germany,Home Care,6.46,2,Value,10,7.106000000000001,10.00000000000001,OK,460000,0.31
12101,Germany,Home Care,9.89,7,Standard,25,12.3625,25.0,OK,460000,0.31
12102,UK,Food & Refreshment,10.83,6,Standard,28,13.8624,28.0,OK,520000,0.32
12103,UK,Home Care,3.09,2,Value,10,3.399,10.00000000000001,OK,520000,0.32
12104,France,Personal Care,1.65,2,Value,15,1.8975,14.99999999999999,OK,430000,0.29
12105,Spain,Personal Care,14.14,4,Standard,30,18.382,30.0,OK,410000,0.3
12106,Spain,Home Care,4.28,4,Standard,25,5.350000000000001,25.0,OK,410000,0.3
12107,Germany,Home Care,12.87,3,Value,10,14.157,10.00000000000001,OK,460000,0.31
12108,Germany,Food & Refreshment,13.02,8,Premium,55,20.181,55.00000000000001,OK,460000,0.31
12109,Germany,Food & Refreshment,11.7,7,Standard,28,14.976,28.0,OK,460000,0.31
12110,France,Food & Refreshment,2.95,2,Value,12,3.304000000000001,12.00000000000001,OK,430000,0.29
12111,Spain,Home Care,12.42,3,Value,10,13.662,10.00000000000001,OK,410000,0.3
12112,UK,Food & Refreshment,11.65,10,Premium,55,18.0575,55.00000000000001,OK,520000,0.32
12113,France,Food & Refreshment,9.15,9,Premium,55,14.1825,55.00000000000001,OK,430000,0.29
12114,UK,Personal Care,5.39,5,Standard,30,7.007,30.0,OK,520000,0.32
12115,UK,Food & Refreshment,4.31,2,Value,12,4.8272,12.00000000000001,OK,520000,0.32
12116,France,Personal Care,2.27,3,Value,15,2.6105,14.99999999999999,OK,430000,0.29
12117,UK,Personal Care,7.89,8,Premium,60,12.624,60.00000000000001,OK,520000,0.32
12118,Spain,Food & Refreshment,8.99,4,Standard,28,11.5072,28.0,OK,410000,0.3
12119,UK,Personal Care,5.71,2,Value,15,6.5665,14.99999999999999,OK,520000,0.32
12120,Spain,Home Care,7.39,2,Value,10,8.129,10.00000000000001,OK,410000,0.3
12121,Spain,Home Care,5.77,6,Standard,25,7.212499999999999,25.0,OK,410000,0.3
12122,Spain,Food & Refreshment,9.79,8,Premium,55,15.1745,55.00000000000001,OK,410000,0.3
12123,Germany,Home Care,13.57,7,Standard,25,16.9625,24.99999999999998,OK,460000,0.31
12124,UK,Personal Care,2.88,4,Standard,30,3.744,30.0,OK,520000,0.32
12125,France,Home Care,6.03,2,Value,10,6.633000000000001,10.00000000000001,OK,430000,0.29
12126,France,Food & Refreshment,2.54,9,Premium,55,3.937,55.00000000000001,OK,430000,0.29
12127,UK,Food & Refreshment,9.56,4,Standard,28,12.2368,28.0,OK,520000,0.32
12128,Germany,Personal Care,11.07,9,Premium,60,17.712,59.99999999999999,OK,460000,0.31
12129,Germany,Food & Refreshment,14.01,5,Standard,28,17.9328,28.0,OK,460000,0.31
12130,Spain,Home Care,4.54,7,Standard,25,5.675,25.0,OK,410000,0.3
12131,UK,Food & Refreshment,14.28,5,Standard,28,18.2784,28.00000000000002,OK,520000,0.32
12132,UK,Personal Care,1.42,2,Value,15,1.633,14.99999999999999,OK,520000,0.32
12133,France,Food & Refreshment,9.24,6,Standard,28,11.8272,28.0,OK,430000,0.29
12134,UK,Home Care,1.33,7,Standard,25,1.6625,25.0,OK,520000,0.32
12135,Germany,Personal Care,13.46,6,Standard,30,17.498,30.0,OK,460000,0.31
12136,UK,Home Care,8.18,3,Value,10,8.998000000000001,10.00000000000001,OK,520000,0.32
12137,France,Personal Care,10.21,10,Premium,60,16.336,60.00000000000001,OK,430000,0.29
12138,Spain,Food & Refreshment,12.56,8,Premium,55,19.468,55.00000000000001,OK,410000,0.3
12139,France,Personal Care,2.68,3,Value,15,3.082,14.99999999999999,OK,430000,0.29
12140,France,Personal Care,1.06,5,Standard,30,1.378,30.0,OK,430000,0.29
12141,Spain,Food & Refreshment,13.24,9,Premium,55,20.522,55.00000000000001,OK,410000,0.3
12142,France,Home Care,5.07,5,Standard,25,6.3375,25.0,OK,430000,0.29
12143,France,Food & Refreshment,2.37,7,Standard,28,3.0336,28.0,OK,430000,0.29
12144,UK,Personal Care,7.29,7,Standard,30,9.477,30.0,OK,520000,0.32
12145,UK,Food & Refreshment,9.18,5,Standard,28,11.7504,28.0,OK,520000,0.32
12146,Spain,Personal Care,0.95,2,Value,15,1.0925,14.99999999999999,OK,410000,0.3
12147,UK,Food & Refreshment,4.49,5,Standard,28,5.7472,28.0,OK,520000,0.32
12148,UK,Food & Refreshment,0.98,7,Standard,28,1.2544,28.0,OK,520000,0.32
12149,France,Home Care,6.59,7,Standard,25,8.2375,25.00000000000002,OK,430000,0.29
12150,Germany,Personal Care,13.48,4,Standard,30,17.524,30.0,OK,460000,0.31
12151,UK,Home Care,14.75,1,Value,10,16.225,10.00000000000001,OK,520000,0.32
12152,Germany,Personal Care,9.74,6,Standard,30,12.662,30.0,OK,460000,0.31
12153,UK,Food & Refreshment,2.84,3,Value,12,3.1808,12.00000000000001,OK,520000,0.32
12154,UK,Personal Care,13.63,5,Standard,30,17.719,30.0,OK,520000,0.32
12155,Spain,Home Care,7.99,4,Standard,25,9.9875,25.0,OK,410000,0.3
12156,Spain,Home Care,2.73,2,Value,10,3.003,10.00000000000001,OK,410000,0.3
12157,Spain,Home Care,13.87,7,Standard,25,17.3375,25.0,OK,410000,0.3
12158,Germany,Personal Care,11.48,5,Standard,30,14.924,30.0,OK,460000,0.31
12159,France,Home Care,11.11,7,Standard,25,13.8875,25.0,OK,430000,0.29
12160,UK,Home Care,10.78,9,Premium,50,16.17,50.0,OK,520000,0.32
12161,UK,Home Care,3.4,4,Standard,25,4.25,25.0,OK,520000,0.32
12162,UK,Food & Refreshment,3.56,5,Standard,28,4.5568,28.0,OK,520000,0.32
12163,Germany,Food & Refreshment,10.48,9,Premium,55,16.244,54.99999999999999,OK,460000,0.31
12164,Spain,Personal Care,3.69,10,Premium,60,5.904,60.00000000000001,OK,410000,0.3
12165,France,Personal Care,6.86,4,Standard,30,8.918000000000001,30.0,OK,430000,0.29
12166,Germany,Home Care,11.84,5,Standard,25,14.8,25.0,OK,460000,0.31
12167,Spain,Food & Refreshment,11.87,5,Standard,28,15.1936,28.0,OK,410000,0.3
12168,Germany,Home Care,7.07,8,Premium,50,10.605,50.0,OK,460000,0.31
12169,France,Home Care,11.99,4,Standard,25,14.9875,25.0,OK,430000,0.29
12170,Spain,Food & Refreshment,12.66,4,Standard,28,16.2048,27.99999999999998,OK,410000,0.3
12171,Germany,Food & Refreshment,9.99,7,Standard,28,12.7872,28.0,OK,460000,0.31
12172,France,Food & Refreshment,3.81,5,Standard,28,4.8768,28.0,OK,430000,0.29
12173,UK,Personal Care,4.47,6,Standard,30,5.811,30.0,OK,520000,0.32
12174,France,Personal Care,5.07,6,Standard,30,6.591,30.0,OK,430000,0.29
12175,UK,Home Care,2.19,6,Standard,25,2.7375,25.0,OK,520000,0.32
12176,Germany,Personal Care,4.46,10,Premium,60,7.136,60.00000000000001,OK,460000,0.31
12177,Spain,Food & Refreshment,3.54,5,Standard,28,4.5312,28.0,OK,410000,0.3
12178,Spain,Food & Refreshment,7.1,5,Standard,28,9.088,28.0,OK,410000,0.3
12179,Germany,Personal Care,13.67,9,Premium,60,21.872,60.00000000000001,OK,460000,0.31
12180,Spain,Home Care,2.01,8,Premium,50,3.015,50.0,OK,410000,0.3
12181,Spain,Home Care,10.94,4,Standard,25,13.675,25.0,OK,410000,0.3
12182,UK,Personal Care,10.47,7,Standard,30,13.611,30.0,OK,520000,0.32
12183,Germany,Home Care,1.89,8,Premium,50,2.835,50.0,OK,460000,0.31
12184,France,Home Care,13.88,9,Premium,50,20.82,50.0,OK,430000,0.29
12185,UK,Home Care,8.74,5,Standard,25,10.925,25.0,OK,520000,0.32
12186,Germany,Food & Refreshment,5.77,3,Value,12,6.4624,12.00000000000001,OK,460000,0.31
12187,UK,Food & Refreshment,11.47,4,Standard,28,14.6816,28.0,OK,520000,0.32
12188,France,Personal Care,4.23,10,Premium,60,6.768000000000001,60.00000000000001,OK,430000,0.29
12189,France,Food & Refreshment,10.56,6,Standard,28,13.5168,28.0,OK,430000,0.29
12190,Germany,Home Care,1.08,10,Premium,50,1.62,50.0,OK,460000,0.31
12191,France,Food & Refreshment,12.67,5,Standard,28,16.2176,28.0,OK,430000,0.29
12192,UK,Personal Care,7.0,9,Premium,60,11.2,60.00000000000001,OK,520000,0.32
12193,France,Food & Refreshment,9.73,3,Value,12,10.8976,12.00000000000001,OK,430000,0.29
12194,UK,Home Care,3.71,2,Value,10,4.081,10.00000000000001,OK,520000,0.32
12195,UK,Home Care,10.32,6,Standard,25,12.9,25.0,OK,520000,0.32
12196,France,Personal Care,11.7,7,Standard,30,15.21,30.0,OK,430000,0.29
12197,Germany,Food & Refreshment,7.36,5,Standard,28,9.4208,28.0,OK,460000,0.31
12198,Spain,Food & Refreshment,9.46,1,Value,12,10.5952,12.00000000000001,OK,410000,0.3
12199,France,Food & Refreshment,7.12,3,Value,12,7.974400000000001,12.00000000000001,OK,430000,0.29
12200,UK,Home Care,13.46,3,Value,10,14.806,10.00000000000001,OK,520000,0.32
12201,UK,Personal Care,7.72,4,Standard,30,10.036,30.0,OK,520000,0.32
12202,France,Food & Refreshment,12.71,10,Premium,55,19.7005,55.00000000000001,OK,430000,0.29
12203,Germany,Home Care,12.12,6,Standard,25,15.15,25.0,OK,460000,0.31
12204,Germany,Home Care,6.45,5,Standard,25,8.0625,25.0,OK,460000,0.31
12205,UK,Home Care,3.84,1,Value,10,4.224,10.00000000000001,OK,520000,0.32
12206,UK,Food & Refreshment,6.39,6,Standard,28,8.1792,28.0,OK,520000,0.32
12207,Germany,Food & Refreshment,12.48,9,Premium,55,19.344,55.00000000000001,OK,460000,0.31
12208,Spain,Food & Refreshment,3.8,1,Value,12,4.256,12.00000000000001,OK,410000,0.3
12209,France,Food & Refreshment,8.1,8,Premium,55,12.555,55.00000000000001,OK,430000,0.29
12210,UK,Food & Refreshment,12.19,8,Premium,55,18.8945,55.00000000000001,OK,520000,0.32
12211,UK,Food & Refreshment,5.63,3,Value,12,6.3056,12.00000000000001,OK,520000,0.32
12212,Germany,Food & Refreshment,9.81,9,Premium,55,15.2055,55.00000000000001,OK,460000,0.31
12213,France,Food & Refreshment,4.06,8,Premium,55,6.292999999999999,55.00000000000001,OK,430000,0.29
12214,Germany,Food & Refreshment,2.08,3,Value,12,2.3296,12.00000000000001,OK,460000,0.31
12215,France,Home Care,12.02,10,Premium,50,18.03,50.00000000000002,OK,430000,0.29
12216,France,Food & Refreshment,1.94,5,Standard,28,2.4832,28.0,OK,430000,0.29
12217,France,Personal Care,4.44,3,Value,15,5.106,14.99999999999999,OK,430000,0.29
12218,UK,Home Care,12.9,5,Standard,25,16.125,25.0,OK,520000,0.32
12219,Spain,Food & Refreshment,5.52,9,Premium,55,8.556,55.00000000000001,OK,410000,0.3
12220,Germany,Personal Care,14.61,4,Standard,30,18.993,30.0,OK,460000,0.31
12221,Spain,Food & Refreshment,14.71,6,Standard,28,18.8288,28.0,OK,410000,0.3
12222,Germany,Personal Care,4.39,3,Value,15,5.048499999999999,14.99999999999999,OK,460000,0.31
12223,France,Personal Care,1.09,3,Value,15,1.2535,14.99999999999999,OK,430000,0.29
12224,UK,Personal Care,10.72,5,Standard,30,13.936,30.0,OK,520000,0.32
12225,Spain,Personal Care,7.04,8,Premium,60,11.264,60.00000000000001,OK,410000,0.3
12226,UK,Home Care,1.96,8,Premium,50,2.94,50.0,OK,520000,0.32
12227,Germany,Home Care,10.76,3,Value,10,11.836,10.00000000000001,OK,460000,0.31
12228,UK,Personal Care,0.95,8,Premium,60,1.52,60.00000000000001,OK,520000,0.32
12229,UK,Food & Refreshment,13.12,8,Premium,55,20.336,55.00000000000001,OK,520000,0.32
12230,Spain,Personal Care,2.51,3,Value,15,2.886499999999999,14.99999999999999,OK,410000,0.3
12231,France,Home Care,2.35,10,Premium,50,3.525,50.0,OK,430000,0.29
12232,UK,Food & Refreshment,3.05,10,Premium,55,4.7275,55.00000000000001,OK,520000,0.32
12233,France,Home Care,14.42,2,Value,10,15.862,10.00000000000001,OK,430000,0.29
12234,Germany,Home Care,10.55,10,Premium,50,15.825,50.0,OK,460000,0.31
12235,UK,Food & Refreshment,12.12,2,Value,12,13.5744,12.00000000000001,OK,520000,0.32
12236,Spain,Personal Care,6.27,9,Premium,60,10.032,60.00000000000001,OK,410000,0.3
12237,Germany,Personal Care,5.38,7,Standard,30,6.994,30.0,OK,460000,0.31
12238,Germany,Personal Care,3.9,6,Standard,30,5.07,30.0,OK,460000,0.31
12239,Spain,Personal Care,7.47,7,Standard,30,9.711,30.0,OK,410000,0.3
12240,UK,Food & Refreshment,8.5,8,Premium,55,13.175,55.00000000000001,OK,520000,0.32
12241,UK,Food & Refreshment,9.66,1,Value,12,10.8192,12.00000000000001,OK,520000,0.32
12242,Germany,Food & Refreshment,4.23,8,Premium,55,6.556500000000001,55.00000000000001,OK,460000,0.31
12243,UK,Home Care,14.26,3,Value,10,15.686,10.00000000000001,OK,520000,0.32
12244,France,Food & Refreshment,2.96,3,Value,12,3.3152,12.00000000000001,OK,430000,0.29
12245,Spain,Personal Care,14.5,6,Standard,30,18.85,30.0,OK,410000,0.3
12246,France,Home Care,0.72,4,Standard,25,0.8999999999999999,25.0,OK,430000,0.29
12247,UK,Personal Care,7.48,4,Standard,30,9.724,30.0,OK,520000,0.32
12248,Germany,Personal Care,5.33,4,Standard,30,6.929,30.0,OK,460000,0.31
12249,Spain,Food & Refreshment,7.01,10,Premium,55,10.8655,55.00000000000003,OK,410000,0.3
12250,UK,Food & Refreshment,8.77,9,Premium,55,13.5935,55.00000000000001,OK,520000,0.32
12251,UK,Personal Care,6.82,8,Premium,60,10.912,60.00000000000001,OK,520000,0.32
12252,Germany,Personal Care,6.52,3,Value,15,7.497999999999999,14.99999999999999,OK,460000,0.31
12253,Germany,Home Care,11.12,1,Value,10,12.232,10.00000000000001,OK,460000,0.31
12254,France,Food & Refreshment,10.45,1,Value,12,11.704,12.00000000000001,OK,430000,0.29
12255,Spain,Home Care,12.58,1,Value,10,13.838,10.00000000000001,OK,410000,0.3
12256,Spain,Home Care,4.12,4,Standard,25,5.15,25.0,OK,410000,0.3
12257,Germany,Home Care,9.34,6,Standard,25,11.675,25.0,OK,460000,0.31
12258,France,Personal Care,8.99,4,Standard,30,11.687,30.0,OK,430000,0.29
12259,Spain,Home Care,5.86,3,Value,10,6.446000000000001,10.00000000000001,OK,410000,0.3
12260,Germany,Home Care,7.55,8,Premium,50,11.325,50.0,OK,460000,0.31
12261,UK,Personal Care,5.05,8,Premium,60,8.08,60.00000000000001,OK,520000,0.32
12262,Spain,Food & Refreshment,2.56,6,Standard,28,3.2768,28.0,OK,410000,0.3
12263,France,Food & Refreshment,3.6,9,Premium,55,5.58,55.00000000000001,OK,430000,0.29
12264,France,Home Care,2.03,10,Premium,50,3.045,50.0,OK,430000,0.29
12265,France,Personal Care,10.4,1,Value,15,11.96,14.99999999999999,OK,430000,0.29
12266,UK,Food & Refreshment,10.08,8,Premium,55,15.624,55.00000000000001,OK,520000,0.32
12267,Spain,Home Care,14.28,6,Standard,25,17.85,25.0,OK,410000,0.3
12268,Spain,Home Care,11.08,1,Value,10,12.188,10.00000000000001,OK,410000,0.3
12269,UK,Personal Care,1.25,4,Standard,30,1.625,30.0,OK,520000,0.32
12270,Spain,Home Care,13.32,5,Standard,25,16.65,24.99999999999998,OK,410000,0.3
12271,UK,Food & Refreshment,13.01,7,Standard,28,16.6528,28.0,OK,520000,0.32
12272,UK,Personal Care,6.93,8,Premium,60,11.088,60.00000000000003,OK,520000,0.32
12273,UK,Food & Refreshment,9.0,9,Premium,55,13.95,55.00000000000001,OK,520000,0.32
12274,France,Food & Refreshment,14.65,6,Standard,28,18.752,28.0,OK,430000,0.29
12275,Spain,Food & Refreshment,8.22,10,Premium,55,12.741,55.00000000000001,OK,410000,0.3
12276,UK,Home Care,13.63,9,Premium,50,20.445,50.0,OK,520000,0.32
12277,Spain,Home Care,1.7,4,Standard,25,2.125,25.0,OK,410000,0.3
12278,France,Food & Refreshment,3.27,8,Premium,55,5.0685,55.00000000000001,OK,430000,0.29
12279,UK,Food & Refreshment,6.89,3,Value,12,7.7168,12.00000000000001,OK,520000,0.32
12280,Germany,Personal Care,8.98,4,Standard,30,11.674,30.0,OK,460000,0.31
12281,France,Personal Care,12.34,10,Premium,60,19.744,60.00000000000001,OK,430000,0.29
12282,Germany,Home Care,14.83,4,Standard,25,18.5375,25.0,OK,460000,0.31
12283,Spain,Home Care,6.14,6,Standard,25,7.675,25.0,OK,410000,0.3
12284,Spain,Personal Care,1.19,9,Premium,60,1.904,60.00000000000001,OK,410000,0.3
12285,France,Food & Refreshment,12.12,6,Standard,28,15.5136,28.0,OK,430000,0.29
12286,Spain,Home Care,9.26,1,Value,10,10.186,10.00000000000001,OK,410000,0.3
12287,Germany,Food & Refreshment,3.38,5,Standard,28,4.3264,28.0,OK,460000,0.31
12288,UK,Personal Care,7.68,9,Premium,60,12.288,60.00000000000001,OK,520000,0.32
12289,UK,Home Care,11.26,5,Standard,25,14.075,25.0,OK,520000,0.32
12290,UK,Home Care,11.67,6,Standard,25,14.5875,25.0,OK,520000,0.32
12291,France,Personal Care,7.74,3,Value,15,8.901,14.99999999999999,OK,430000,0.29
12292,Spain,Home Care,4.93,8,Premium,50,7.395,50.0,OK,410000,0.3
12293,Germany,Personal Care,14.62,10,Premium,60,23.392,60.00000000000001,OK,460000,0.31
12294,Spain,Home Care,10.12,4,Standard,25,12.65,25.0,OK,410000,0.3
12295,Spain,Personal Care,6.42,4,Standard,30,8.346,30.0,OK,410000,0.3
12296,Spain,Home Care,4.57,5,Standard,25,5.7125,25.0,OK,410000,0.3
12297,UK,Food & Refreshment,11.1,10,Premium,55,17.205,54.99999999999999,OK,520000,0.32
12298,Germany,Food & Refreshment,4.01,9,Premium,55,6.2155,55.00000000000001,OK,460000,0.31
12299,Germany,Food & Refreshment,2.99,8,Premium,55,4.6345,54.99999999999999,OK,460000,0.31
12300,Spain,Home Care,8.18,7,Standard,25,10.225,25.0,OK,410000,0.3
12301,UK,Home Care,4.7,5,Standard,25,5.875,25.0,OK,520000,0.32
12302,UK,Food & Refreshment,9.62,9,Premium,55,14.911,55.00000000000001,OK,520000,0.32
12303,Germany,Food & Refreshment,2.21,9,Premium,55,3.4255,55.00000000000001,OK,460000,0.31
12304,UK,Personal Care,10.0,10,Premium,60,16.0,60.00000000000001,OK,520000,0.32
12305,UK,Personal Care,4.61,10,Premium,60,7.376000000000001,60.00000000000001,OK,520000,0.32
12306,UK,Personal Care,0.5,2,Value,15,0.575,14.99999999999999,OK,520000,0.32
12307,France,Food & Refreshment,2.34,4,Standard,28,2.9952,28.0,OK,430000,0.29
12308,Spain,Food & Refreshment,14.04,8,Premium,55,21.762,55.00000000000001,OK,410000,0.3
12309,Germany,Food & Refreshment,13.08,1,Value,12,14.6496,12.00000000000001,OK,460000,0.31
12310,Germany,Personal Care,3.89,5,Standard,30,5.057,30.0,OK,460000,0.31
12311,France,Home Care,11.79,8,Premium,50,17.685,50.0,OK,430000,0.29
12312,Spain,Food & Refreshment,9.32,2,Value,12,10.4384,12.00000000000001,OK,410000,0.3
12313,Germany,Home Care,14.58,2,Value,10,16.038,10.00000000000001,OK,460000,0.31
12314,UK,Home Care,5.92,8,Premium,50,8.879999999999999,49.99999999999998,OK,520000,0.32
12315,Germany,Home Care,10.38,10,Premium,50,15.57,50.0,OK,460000,0.31
12316,UK,Personal Care,1.42,9,Premium,60,2.272,59.99999999999999,OK,520000,0.32
12317,France,Home Care,6.25,7,Standard,25,7.8125,25.0,OK,430000,0.29
12318,UK,Food & Refreshment,14.48,8,Premium,55,22.444,55.00000000000001,OK,520000,0.32
12319,Germany,Personal Care,8.32,5,Standard,30,10.816,30.0,OK,460000,0.31
12320,Germany,Food & Refreshment,4.67,1,Value,12,5.2304,12.00000000000001,OK,460000,0.31
12321,Germany,Food & Refreshment,2.24,4,Standard,28,2.8672,28.0,OK,460000,0.31
12322,France,Personal Care,10.7,2,Value,15,12.305,14.99999999999999,OK,430000,0.29
12323,France,Food & Refreshment,9.85,3,Value,12,11.032,12.00000000000001,OK,430000,0.29
12324,Spain,Food & Refreshment,5.92,3,Value,12,6.630400000000001,12.00000000000001,OK,410000,0.3
12325,Germany,Personal Care,14.29,9,Premium,60,22.864,60.00000000000001,OK,460000,0.31
12326,UK,Food & Refreshment,0.82,10,Premium,55,1.271,55.00000000000001,OK,520000,0.32
12327,France,Home Care,4.9,4,Standard,25,6.125,25.0,OK,430000,0.29
12328,Germany,Food & Refreshment,13.86,2,Value,12,15.5232,12.00000000000001,OK,460000,0.31
12329,Germany,Home Care,5.15,3,Value,10,5.665000000000001,10.00000000000001,OK,460000,0.31
12330,France,Food & Refreshment,4.16,3,Value,12,4.6592,12.00000000000001,OK,430000,0.29
12331,Spain,Personal Care,8.25,7,Standard,30,10.725,30.0,OK,410000,0.3
12332,France,Personal Care,12.45,8,Premium,60,19.92,60.00000000000003,OK,430000,0.29
12333,France,Food & Refreshment,2.0,6,Standard,28,2.56,28.0,OK,430000,0.29
12334,UK,Personal Care,14.17,4,Standard,30,18.421,30.0,OK,520000,0.32
12335,UK,Food & Refreshment,12.03,6,Standard,28,15.3984,28.0,OK,520000,0.32
12336,Spain,Personal Care,3.13,1,Value,15,3.599499999999999,14.99999999999999,OK,410000,0.3
12337,Germany,Home Care,10.82,10,Premium,50,16.23,50.0,OK,460000,0.31
12338,France,Food & Refreshment,6.08,8,Premium,55,9.424000000000001,55.00000000000003,OK,430000,0.29
12339,Spain,Home Care,6.33,1,Value,10,6.963000000000001,10.00000000000001,OK,410000,0.3
12340,UK,Home Care,11.86,5,Standard,25,14.825,25.0,OK,520000,0.32
12341,France,Food & Refreshment,14.46,2,Value,12,16.1952,12.00000000000001,OK,430000,0.29
12342,Germany,Home Care,2.34,6,Standard,25,2.925,25.0,OK,460000,0.31
12343,UK,Food & Refreshment,6.6,9,Premium,55,10.23,55.00000000000001,OK,520000,0.32
12344,UK,Home Care,7.47,5,Standard,25,9.3375,25.0,OK,520000,0.32
12345,UK,Food & Refreshment,5.96,4,Standard,28,7.6288,28.0,OK,520000,0.32
12346,Spain,Food & Refreshment,5.77,2,Value,12,6.4624,12.00000000000001,OK,410000,0.3
12347,Germany,Personal Care,1.26,3,Value,15,1.449,14.99999999999999,OK,460000,0.31
12348,France,Food & Refreshment,10.44,6,Standard,28,13.3632,28.0,OK,430000,0.29
12349,Spain,Food & Refreshment,6.83,8,Premium,55,10.5865,55.00000000000001,OK,410000,0.3
12350,Spain,Home Care,3.32,8,Premium,50,4.98,50.0,OK,410000,0.3
12351,Spain,Food & Refreshment,12.33,5,Standard,28,15.7824,28.0,OK,410000,0.3
12352,UK,Personal Care,12.14,5,Standard,30,15.782,30.0,OK,520000,0.32
12353,Germany,Home Care,7.55,10,Premium,50,11.325,50.0,OK,460000,0.31
12354,Spain,Home Care,4.83,3,Value,10,5.313000000000001,10.00000000000001,OK,410000,0.3
12355,France,Personal Care,9.75,7,Standard,30,12.675,30.0,OK,430000,0.29
12356,Germany,Home Care,4.68,6,Standard,25,5.85,25.0,OK,460000,0.31
12357,France,Home Care,3.92,1,Value,10,4.312,10.00000000000001,OK,430000,0.29
12358,Germany,Home Care,11.09,4,Standard,25,13.8625,25.0,OK,460000,0.31
12359,France,Home Care,1.08,6,Standard,25,1.35,25.0,OK,430000,0.29
12360,UK,Personal Care,1.87,6,Standard,30,2.431,30.0,OK,520000,0.32
12361,Spain,Personal Care,0.6,3,Value,15,0.69,14.99999999999999,OK,410000,0.3
12362,France,Home Care,2.72,6,Standard,25,3.4,25.0,OK,430000,0.29
12363,Germany,Home Care,1.5,10,Premium,50,2.25,50.0,OK,460000,0.31
12364,Spain,Personal Care,14.94,6,Standard,30,19.422,30.0,OK,410000,0.3
12365,Spain,Personal Care,4.69,9,Premium,60,7.504000000000001,60.00000000000001,OK,410000,0.3
12366,Germany,Personal Care,2.66,9,Premium,60,4.256,60.00000000000001,OK,460000,0.31
12367,France,Home Care,3.99,2,Value,10,4.389,10.00000000000001,OK,430000,0.29
12368,UK,Home Care,14.07,4,Standard,25,17.5875,24.99999999999998,OK,520000,0.32
12369,UK,Food & Refreshment,8.04,9,Premium,55,12.462,55.00000000000001,OK,520000,0.32
12370,France,Personal Care,5.79,4,Standard,30,7.527,30.0,OK,430000,0.29
12371,Spain,Home Care,13.16,8,Premium,50,19.74,50.00000000000002,OK,410000,0.3
12372,Spain,Personal Care,6.23,10,Premium,60,9.968000000000002,60.00000000000001,OK,410000,0.3
12373,Spain,Home Care,5.36,3,Value,10,5.896000000000001,10.00000000000001,OK,410000,0.3
12374,Spain,Personal Care,3.51,3,Value,15,4.036499999999999,14.99999999999999,OK,410000,0.3
12375,France,Home Care,5.98,9,Premium,50,8.97,50.0,OK,430000,0.29
12376,Spain,Food & Refreshment,5.09,10,Premium,55,7.8895,55.00000000000001,OK,410000,0.3
12377,Germany,Food & Refreshment,10.32,8,Premium,55,15.996,55.00000000000001,OK,460000,0.31
12378,Spain,Personal Care,4.7,1,Value,15,5.404999999999999,14.99999999999999,OK,410000,0.3
12379,UK,Home Care,8.87,10,Premium,50,13.305,50.0,OK,520000,0.32
12380,Spain,Home Care,1.46,2,Value,10,1.606,10.00000000000001,OK,410000,0.3
12381,France,Personal Care,3.27,3,Value,15,3.7605,14.99999999999999,OK,430000,0.29
12382,UK,Home Care,6.41,2,Value,10,7.051000000000001,10.00000000000001,OK,520000,0.32
12383,France,Personal Care,14.09,3,Value,15,16.2035,14.99999999999999,OK,430000,0.29
12384,France,Home Care,5.97,8,Premium,50,8.955,50.0,OK,430000,0.29
12385,UK,Personal Care,10.13,6,Standard,30,13.169,30.0,OK,520000,0.32
12386,France,Home Care,4.2,7,Standard,25,5.25,25.0,OK,430000,0.29
12387,France,Personal Care,2.34,10,Premium,60,3.744,60.00000000000001,OK,430000,0.29
12388,Spain,Home Care,1.35,10,Premium,50,2.025,50.00000000000002,OK,410000,0.3
12389,Germany,Food & Refreshment,4.93,6,Standard,28,6.3104,28.0,OK,460000,0.31
12390,France,Home Care,2.79,1,Value,10,3.069,10.00000000000001,OK,430000,0.29
12391,France,Personal Care,3.02,3,Value,15,3.473,14.99999999999999,OK,430000,0.29
12392,France,Food & Refreshment,11.53,1,Value,12,12.9136,12.00000000000001,OK,430000,0.29
12393,Spain,Home Care,0.73,10,Premium,50,1.095,50.0,OK,410000,0.3
12394,Germany,Food & Refreshment,8.59,9,Premium,55,13.3145,55.00000000000001,OK,460000,0.31
12395,UK,Home Care,6.0,9,Premium,50,9.0,50.0,OK,520000,0.32
12396,Spain,Food & Refreshment,7.84,5,Standard,28,10.0352,28.0,OK,410000,0.3
12397,Spain,Personal Care,8.66,4,Standard,30,11.258,30.0,OK,410000,0.3
12398,Germany,Home Care,5.04,9,Premium,50,7.56,50.0,OK,460000,0.31
12399,Germany,Home Care,4.78,9,Premium,50,7.17,50.0,OK,460000,0.31
12400,Spain,Personal Care,11.13,3,Value,15,12.7995,14.99999999999999,OK,410000,0.3
12401,UK,Food & Refreshment,13.13,5,Standard,28,16.8064,28.0,OK,520000,0.32
12402,Spain,Personal Care,3.29,3,Value,15,3.7835,14.99999999999999,OK,410000,0.3
12403,Germany,Personal Care,1.92,10,Premium,60,3.072,60.00000000000001,OK,460000,0.31
12404,UK,Food & Refreshment,13.52,2,Value,12,15.1424,12.00000000000001,OK,520000,0.32
12405,Germany,Personal Care,5.57,1,Value,15,6.4055,14.99999999999999,OK,460000,0.31
12406,UK,Home Care,8.49,10,Premium,50,12.735,50.0,OK,520000,0.32
12407,France,Home Care,5.71,2,Value,10,6.281000000000001,10.00000000000001,OK,430000,0.29
12408,Germany,Home Care,2.32,8,Premium,50,3.48,50.0,OK,460000,0.31
12409,Germany,Personal Care,9.05,8,Premium,60,14.48,60.00000000000001,OK,460000,0.31
12410,Spain,Home Care,8.11,3,Value,10,8.921,10.00000000000001,OK,410000,0.3
12411,Germany,Home Care,3.44,7,Standard,25,4.3,25.0,OK,460000,0.31
12412,Germany,Home Care,7.05,7,Standard,25,8.8125,25.0,OK,460000,0.31
12413,France,Home Care,12.06,2,Value,10,13.266,10.00000000000001,OK,430000,0.29
12414,Germany,Home Care,9.06,9,Premium,50,13.59,50.0,OK,460000,0.31
12415,France,Home Care,1.91,3,Value,10,2.101,10.00000000000001,OK,430000,0.29
12416,France,Personal Care,8.45,2,Value,15,9.717499999999998,14.99999999999999,OK,430000,0.29
12417,France,Home Care,10.69,3,Value,10,11.759,10.00000000000001,OK,430000,0.29
12418,France,Home Care,11.99,2,Value,10,13.189,10.00000000000001,OK,430000,0.29
12419,UK,Food & Refreshment,9.62,8,Premium,55,14.911,55.00000000000001,OK,520000,0.32
12420,Spain,Personal Care,2.71,5,Standard,30,3.523,30.0,OK,410000,0.3
12421,UK,Personal Care,10.8,3,Value,15,12.42,14.99999999999999,OK,520000,0.32
12422,Germany,Personal Care,10.32,5,Standard,30,13.416,30.0,OK,460000,0.31
12423,UK,Personal Care,0.85,8,Premium,60,1.36,60.00000000000001,OK,520000,0.32
12424,UK,Home Care,6.47,7,Standard,25,8.0875,25.0,OK,520000,0.32
12425,Germany,Home Care,5.33,6,Standard,25,6.6625,25.0,OK,460000,0.31
12426,Germany,Food & Refreshment,10.21,1,Value,12,11.4352,12.00000000000001,OK,460000,0.31
12427,Germany,Food & Refreshment,3.63,10,Premium,55,5.6265,55.00000000000001,OK,460000,0.31
12428,UK,Personal Care,9.07,1,Value,15,10.4305,14.99999999999999,OK,520000,0.32
12429,UK,Food & Refreshment,13.74,1,Value,12,15.3888,12.00000000000001,OK,520000,0.32
12430,Germany,Food & Refreshment,12.07,10,Premium,55,18.7085,55.00000000000001,OK,460000,0.31
12431,Spain,Personal Care,13.86,8,Premium,60,22.176,60.00000000000003,OK,410000,0.3
12432,Spain,Personal Care,14.69,8,Premium,60,23.504,60.00000000000001,OK,410000,0.3
12433,France,Food & Refreshment,0.65,7,Standard,28,0.8320000000000001,28.0,OK,430000,0.29
12434,Germany,Home Care,9.53,6,Standard,25,11.9125,25.0,OK,460000,0.31
12435,France,Food & Refreshment,6.49,4,Standard,28,8.3072,28.0,OK,430000,0.29
12436,Spain,Food & Refreshment,12.97,1,Value,12,14.5264,12.00000000000001,OK,410000,0.3
12437,France,Home Care,4.15,9,Premium,50,6.225000000000001,50.0,OK,430000,0.29
12438,Germany,Home Care,14.72,1,Value,10,16.192,10.00000000000003,OK,460000,0.31
12439,Germany,Personal Care,9.4,4,Standard,30,12.22,30.0,OK,460000,0.31
12440,Germany,Personal Care,12.01,3,Value,15,13.8115,14.99999999999999,OK,460000,0.31
12441,UK,Food & Refreshment,1.74,7,Standard,28,2.2272,28.0,OK,520000,0.32
12442,France,Home Care,3.16,5,Standard,25,3.95,25.0,OK,430000,0.29
12443,Spain,Personal Care,11.5,5,Standard,30,14.95,30.0,OK,410000,0.3
12444,Spain,Food & Refreshment,0.82,4,Standard,28,1.0496,27.99999999999998,OK,410000,0.3
12445,Spain,Home Care,12.34,1,Value,10,13.574,10.00000000000001,OK,410000,0.3
12446,UK,Food & Refreshment,0.7,5,Standard,28,0.8959999999999999,28.0,OK,520000,0.32
12447,UK,Personal Care,10.03,4,Standard,30,13.039,30.0,OK,520000,0.32
12448,Germany,Personal Care,5.79,10,Premium,60,9.264000000000001,60.00000000000001,OK,460000,0.31
12449,Spain,Home Care,9.37,8,Premium,50,14.055,50.0,OK,410000,0.3
12450,UK,Food & Refreshment,10.59,2,Value,12,11.8608,12.00000000000001,OK,520000,0.32
12451,Germany,Home Care,5.47,8,Premium,50,8.205,50.0,OK,460000,0.31
12452,Spain,Personal Care,2.07,1,Value,15,2.3805,14.99999999999999,OK,410000,0.3
12453,France,Personal Care,1.51,4,Standard,30,1.963,30.0,OK,430000,0.29
12454,Germany,Food & Refreshment,9.04,3,Value,12,10.1248,12.00000000000001,OK,460000,0.31
12455,UK,Food & Refreshment,8.05,5,Standard,28,10.304,28.0,OK,520000,0.32
12456,UK,Food & Refreshment,11.26,5,Standard,28,14.4128,28.0,OK,520000,0.32
12457,Germany,Home Care,7.89,5,Standard,25,9.862499999999999,25.0,OK,460000,0.31
12458,Germany,Food & Refreshment,6.63,4,Standard,28,8.4864,28.0,OK,460000,0.31
12459,UK,Food & Refreshment,6.27,8,Premium,55,9.718499999999999,54.99999999999999,OK,520000,0.32
12460,France,Personal Care,0.88,3,Value,15,1.012,14.99999999999999,OK,430000,0.29
12461,Spain,Personal Care,5.37,4,Standard,30,6.981000000000001,30.0,OK,410000,0.3
12462,France,Food & Refreshment,14.65,1,Value,12,16.408,12.00000000000001,OK,430000,0.29
12463,Germany,Food & Refreshment,13.17,7,Standard,28,16.8576,28.0,OK,460000,0.31
12464,France,Personal Care,5.28,1,Value,15,6.072,14.99999999999999,OK,430000,0.29
12465,UK,Food & Refreshment,9.02,2,Value,12,10.1024,12.00000000000001,OK,520000,0.32
12466,Germany,Home Care,12.79,7,Standard,25,15.9875,25.0,OK,460000,0.31
12467,Spain,Home Care,6.9,1,Value,10,7.590000000000001,10.00000000000001,OK,410000,0.3
12468,UK,Home Care,0.76,3,Value,10,0.8360000000000001,10.00000000000001,OK,520000,0.32
12469,UK,Food & Refreshment,1.58,6,Standard,28,2.0224,28.0,OK,520000,0.32
12470,Spain,Personal Care,7.9,6,Standard,30,10.27,30.0,OK,410000,0.3
12471,Spain,Food & Refreshment,14.56,6,Standard,28,18.6368,28.0,OK,410000,0.3
12472,France,Food & Refreshment,10.55,2,Value,12,11.816,12.00000000000001,OK,430000,0.29
12473,Germany,Personal Care,1.53,2,Value,15,1.7595,14.99999999999999,OK,460000,0.31
12474,Spain,Personal Care,3.25,6,Standard,30,4.225000000000001,30.00000000000003,OK,410000,0.3
12475,Spain,Personal Care,11.68,10,Premium,60,18.688,59.99999999999999,OK,410000,0.3
12476,Germany,Home Care,12.7,5,Standard,25,15.875,25.0,OK,460000,0.31
12477,Spain,Food & Refreshment,9.46,7,Standard,28,12.1088,28.0,OK,410000,0.3
12478,Spain,Personal Care,9.84,7,Standard,30,12.792,30.0,OK,410000,0.3
12479,France,Food & Refreshment,0.91,5,Standard,28,1.1648,28.0,OK,430000,0.29
12480,UK,Home Care,12.51,8,Premium,50,18.765,50.0,OK,520000,0.32
12481,UK,Home Care,11.93,10,Premium,50,17.895,50.0,OK,520000,0.32
12482,UK,Personal Care,4.26,6,Standard,30,5.538,30.0,OK,520000,0.32
12483,UK,Personal Care,10.78,5,Standard,30,14.014,30.0,OK,520000,0.32
12484,Spain,Food & Refreshment,3.62,4,Standard,28,4.6336,28.0,OK,410000,0.3
12485,Germany,Personal Care,1.08,7,Standard,30,1.404,30.0,OK,460000,0.31
12486,Germany,Food & Refreshment,3.42,4,Standard,28,4.3776,28.0,OK,460000,0.31
12487,France,Personal Care,3.09,5,Standard,30,4.017,30.00000000000003,OK,430000,0.29
12488,France,Food & Refreshment,5.4,5,Standard,28,6.912000000000001,28.0,OK,430000,0.29
12489,Spain,Food & Refreshment,6.57,1,Value,12,7.358400000000001,12.00000000000001,OK,410000,0.3
12490,Germany,Food & Refreshment,7.87,1,Value,12,8.814400000000001,12.00000000000001,OK,460000,0.31
12491,Germany,Food & Refreshment,7.41,3,Value,12,8.2992,12.00000000000001,OK,460000,0.31
12492,UK,Home Care,4.42,3,Value,10,4.862,10.00000000000001,OK,520000,0.32
12493,Spain,Food & Refreshment,0.92,2,Value,12,1.0304,12.00000000000001,OK,410000,0.3
12494,Spain,Personal Care,9.27,2,Value,15,10.6605,14.99999999999999,OK,410000,0.3
12495,UK,Home Care,6.24,6,Standard,25,7.800000000000001,25.0,OK,520000,0.32
12496,Spain,Home Care,4.83,1,Value,10,5.313000000000001,10.00000000000001,OK,410000,0.3
12497,Spain,Food & Refreshment,13.07,6,Standard,28,16.7296,28.0,OK,410000,0.3
12498,France,Home Care,11.33,5,Standard,25,14.1625,25.0,OK,430000,0.29
12499,Germany,Food & Refreshment,12.94,6,Standard,28,16.5632,28.0,OK,460000,0.31
12500,Spain,Personal Care,7.68,5,Standard,30,9.984,30.0,OK,410000,0.3
12501,France,Food & Refreshment,2.4,7,Standard,28,3.072,28.0,OK,430000,0.29
12502,Germany,Home Care,10.6,1,Value,10,11.66,10.00000000000001,OK,460000,0.31
12503,UK,Personal Care,3.49,3,Value,15,4.0135,14.99999999999999,OK,520000,0.32
12504,France,Food & Refreshment,6.9,6,Standard,28,8.832,28.0,OK,430000,0.29
12505,France,Personal Care,1.44,1,Value,15,1.656,14.99999999999999,OK,430000,0.29
12506,Germany,Personal Care,12.47,7,Standard,30,16.211,30.0,OK,460000,0.31
12507,UK,Home Care,2.33,4,Standard,25,2.9125,25.0,OK,520000,0.32
12508,France,Personal Care,13.59,3,Value,15,15.6285,14.99999999999999,OK,430000,0.29
12509,Spain,Home Care,13.03,10,Premium,50,19.545,50.0,OK,410000,0.3
12510,Spain,Personal Care,7.24,9,Premium,60,11.584,60.00000000000001,OK,410000,0.3
12511,Spain,Food & Refreshment,11.29,1,Value,12,12.6448,12.00000000000001,OK,410000,0.3
12512,UK,Personal Care,9.48,8,Premium,60,15.168,60.00000000000001,OK,520000,0.32
12513,France,Food & Refreshment,12.14,1,Value,12,13.5968,12.00000000000001,OK,430000,0.29
12514,Spain,Food & Refreshment,6.76,5,Standard,28,8.6528,28.0,OK,410000,0.3
12515,UK,Personal Care,11.89,10,Premium,60,19.024,60.00000000000001,OK,520000,0.32
12516,Spain,Food & Refreshment,7.21,8,Premium,55,11.1755,55.00000000000001,OK,410000,0.3
12517,Germany,Personal Care,14.14,6,Standard,30,18.382,30.0,OK,460000,0.31
12518,France,Personal Care,7.55,7,Standard,30,9.815,30.0,OK,430000,0.29
12519,France,Food & Refreshment,7.21,8,Premium,55,11.1755,55.00000000000001,OK,430000,0.29
12520,UK,Food & Refreshment,11.88,6,Standard,28,15.2064,28.0,OK,520000,0.32
12521,UK,Home Care,12.41,6,Standard,25,15.5125,25.0,OK,520000,0.32
12522,France,Food & Refreshment,8.54,6,Standard,28,10.9312,28.0,OK,430000,0.29
12523,Spain,Home Care,3.11,5,Standard,25,3.8875,25.0,OK,410000,0.3
12524,Spain,Food & Refreshment,7.28,8,Premium,55,11.284,55.00000000000001,OK,410000,0.3
12525,Germany,Personal Care,14.54,2,Value,15,16.721,14.99999999999999,OK,460000,0.31
12526,Spain,Food & Refreshment,11.42,7,Standard,28,14.6176,28.0,OK,410000,0.3
12527,UK,Personal Care,12.26,4,Standard,30,15.938,30.0,OK,520000,0.32
12528,UK,Personal Care,0.98,1,Value,15,1.127,15.00000000000001,OK,520000,0.32
12529,Spain,Personal Care,7.28,5,Standard,30,9.464,30.0,OK,410000,0.3
12530,UK,Home Care,9.88,3,Value,10,10.868,10.00000000000001,OK,520000,0.32
12531,France,Food & Refreshment,12.54,4,Standard,28,16.0512,28.0,OK,430000,0.29
12532,France,Personal Care,1.21,7,Standard,30,1.573,30.0,OK,430000,0.29
12533,Spain,Personal Care,12.86,5,Standard,30,16.718,30.0,OK,410000,0.3
12534,France,Home Care,8.45,4,Standard,25,10.5625,25.0,OK,430000,0.29
12535,France,Food & Refreshment,3.36,1,Value,12,3.7632,12.00000000000001,OK,430000,0.29
12536,Germany,Food & Refreshment,5.1,6,Standard,28,6.528,28.0,OK,460000,0.31
12537,Germany,Home Care,4.59,10,Premium,50,6.885,50.0,OK,460000,0.31
12538,France,Home Care,8.2,6,Standard,25,10.25,25.0,OK,430000,0.29
12539,Spain,Food & Refreshment,1.25,7,Standard,28,1.6,28.0,OK,410000,0.3
12540,Germany,Home Care,2.8,1,Value,10,3.08,10.00000000000001,OK,460000,0.31
12541,UK,Food & Refreshment,12.28,4,Standard,28,15.7184,28.0,OK,520000,0.32
12542,UK,Food & Refreshment,2.42,9,Premium,55,3.751,55.00000000000001,OK,520000,0.32
12543,UK,Personal Care,3.88,10,Premium,60,6.208,60.00000000000001,OK,520000,0.32
12544,Spain,Personal Care,7.07,6,Standard,30,9.191,30.0,OK,410000,0.3
12545,France,Food & Refreshment,8.0,2,Value,12,8.96,12.00000000000001,OK,430000,0.29
12546,UK,Food & Refreshment,11.57,4,Standard,28,14.8096,28.0,OK,520000,0.32
12547,Spain,Food & Refreshment,6.99,6,Standard,28,8.9472,28.0,OK,410000,0.3
12548,Germany,Food & Refreshment,11.95,4,Standard,28,15.296,28.0,OK,460000,0.31
12549,France,Food & Refreshment,9.47,10,Premium,55,14.6785,55.00000000000001,OK,430000,0.29
12550,Germany,Food & Refreshment,2.14,7,Standard,28,2.7392,28.0,OK,460000,0.31
12551,Spain,Home Care,2.77,3,Value,10,3.047,10.00000000000001,OK,410000,0.3
12552,UK,Food & Refreshment,6.84,6,Standard,28,8.7552,28.0,OK,520000,0.32
12553,UK,Home Care,6.25,4,Standard,25,7.8125,25.0,OK,520000,0.32
12554,Spain,Home Care,11.28,3,Value,10,12.408,10.00000000000001,OK,410000,0.3
12555,UK,Food & Refreshment,8.92,3,Value,12,9.990400000000001,12.00000000000001,OK,520000,0.32
12556,France,Food & Refreshment,6.13,2,Value,12,6.865600000000001,12.00000000000001,OK,430000,0.29
12557,Spain,Home Care,2.98,3,Value,10,3.278,10.00000000000001,OK,410000,0.3
12558,Germany,Home Care,3.79,10,Premium,50,5.685,50.00000000000002,OK,460000,0.31
12559,Spain,Food & Refreshment,8.84,1,Value,12,9.9008,12.00000000000001,OK,410000,0.3
12560,France,Food & Refreshment,6.64,3,Value,12,7.436800000000001,12.00000000000001,OK,430000,0.29
12561,France,Home Care,7.97,9,Premium,50,11.955,50.0,OK,430000,0.29
12562,Spain,Home Care,2.97,4,Standard,25,3.7125,25.0,OK,410000,0.3
12563,Spain,Home Care,10.11,3,Value,10,11.121,10.00000000000001,OK,410000,0.3
12564,UK,Personal Care,12.86,8,Premium,60,20.576,60.00000000000001,OK,520000,0.32
12565,France,Home Care,4.24,1,Value,10,4.664000000000001,10.00000000000001,OK,430000,0.29
12566,Spain,Personal Care,7.63,5,Standard,30,9.919,30.0,OK,410000,0.3
12567,Spain,Food & Refreshment,14.65,1,Value,12,16.408,12.00000000000001,OK,410000,0.3
12568,France,Food & Refreshment,5.33,7,Standard,28,6.8224,28.0,OK,430000,0.29
12569,Spain,Home Care,9.13,5,Standard,25,11.4125,25.0,OK,410000,0.3
12570,UK,Food & Refreshment,1.81,2,Value,12,2.0272,12.00000000000001,OK,520000,0.32
12571,France,Food & Refreshment,9.29,1,Value,12,10.4048,12.00000000000001,OK,430000,0.29
12572,UK,Food & Refreshment,1.8,7,Standard,28,2.304,28.0,OK,520000,0.32
12573,UK,Food & Refreshment,14.41,1,Value,12,16.1392,12.00000000000001,OK,520000,0.32
12574,UK,Personal Care,10.88,3,Value,15,12.512,14.99999999999999,OK,520000,0.32
12575,UK,Personal Care,11.93,6,Standard,30,15.509,30.0,OK,520000,0.32
12576,France,Home Care,10.71,6,Standard,25,13.3875,25.0,OK,430000,0.29
12577,UK,Home Care,9.05,7,Standard,25,11.3125,25.0,OK,520000,0.32
12578,UK,Home Care,7.02,1,Value,10,7.722,10.00000000000001,OK,520000,0.32
12579,Spain,Food & Refreshment,12.95,7,Standard,28,16.576,28.0,OK,410000,0.3
12580,France,Food & Refreshment,14.37,2,Value,12,16.0944,12.00000000000001,OK,430000,0.29
12581,France,Personal Care,7.74,6,Standard,30,10.062,30.0,OK,430000,0.29
12582,Germany,Personal Care,14.01,8,Premium,60,22.416,60.00000000000001,OK,460000,0.31
12583,France,Home Care,8.96,5,Standard,25,11.2,25.0,OK,430000,0.29
12584,France,Personal Care,8.31,10,Premium,60,13.296,60.00000000000001,OK,430000,0.29
12585,Germany,Personal Care,7.09,3,Value,15,8.1535,14.99999999999999,OK,460000,0.31
12586,France,Personal Care,3.53,8,Premium,60,5.648,60.00000000000001,OK,430000,0.29
12587,France,Personal Care,0.55,8,Premium,60,0.8800000000000001,60.00000000000001,OK,430000,0.29
12588,France,Personal Care,4.0,4,Standard,30,5.2,30.0,OK,430000,0.29
12589,France,Home Care,7.89,8,Premium,50,11.835,50.0,OK,430000,0.29
12590,Germany,Home Care,6.01,5,Standard,25,7.512499999999999,25.0,OK,460000,0.31
12591,France,Personal Care,7.0,5,Standard,30,9.1,30.0,OK,430000,0.29
12592,France,Home Care,14.72,3,Value,10,16.192,10.00000000000003,OK,430000,0.29
12593,Germany,Food & Refreshment,5.58,7,Standard,28,7.1424,28.0,OK,460000,0.31
12594,Spain,Personal Care,7.06,9,Premium,60,11.296,60.00000000000001,OK,410000,0.3
12595,UK,Food & Refreshment,2.44,9,Premium,55,3.782,55.00000000000001,OK,520000,0.32
12596,Spain,Home Care,1.2,1,Value,10,1.32,10.00000000000001,OK,410000,0.3
12597,Germany,Home Care,11.74,1,Value,10,12.914,10.00000000000001,OK,460000,0.31
12598,UK,Food & Refreshment,8.77,10,Premium,55,13.5935,55.00000000000001,OK,520000,0.32
12599,Germany,Home Care,11.53,5,Standard,25,14.4125,25.0,OK,460000,0.31
12600,Germany,Personal Care,2.67,1,Value,15,3.0705,14.99999999999999,OK,460000,0.31
12601,France,Food & Refreshment,8.79,4,Standard,28,11.2512,28.0,OK,430000,0.29
12602,UK,Personal Care,4.18,1,Value,15,4.806999999999999,14.99999999999999,OK,520000,0.32
12603,France,Food & Refreshment,3.81,2,Value,12,4.267200000000001,12.00000000000001,OK,430000,0.29
12604,UK,Home Care,0.67,2,Value,10,0.7370000000000001,10.00000000000001,OK,520000,0.32
12605,Germany,Food & Refreshment,2.39,4,Standard,28,3.0592,28.0,OK,460000,0.31
12606,Germany,Food & Refreshment,4.98,8,Premium,55,7.719000000000001,55.00000000000001,OK,460000,0.31
12607,Spain,Personal Care,2.19,2,Value,15,2.5185,14.99999999999999,OK,410000,0.3
12608,UK,Home Care,14.79,9,Premium,50,22.185,50.0,OK,520000,0.32
12609,France,Personal Care,4.98,9,Premium,60,7.968000000000001,60.00000000000001,OK,430000,0.29
12610,Spain,Home Care,2.39,2,Value,10,2.629,10.00000000000001,OK,410000,0.3
12611,Spain,Personal Care,3.39,1,Value,15,3.8985,14.99999999999999,OK,410000,0.3
12612,Spain,Food & Refreshment,9.02,10,Premium,55,13.981,55.00000000000001,OK,410000,0.3
12613,France,Personal Care,1.43,10,Premium,60,2.288,59.99999999999999,OK,430000,0.29
12614,Spain,Home Care,13.01,9,Premium,50,19.515,50.0,OK,410000,0.3
12615,France,Home Care,14.44,2,Value,10,15.884,10.00000000000001,OK,430000,0.29
12616,Spain,Food & Refreshment,4.08,8,Premium,55,6.324000000000001,55.00000000000001,OK,410000,0.3
12617,France,Home Care,7.03,3,Value,10,7.733000000000001,10.00000000000001,OK,430000,0.29
12618,Germany,Personal Care,0.82,1,Value,15,0.9429999999999998,14.99999999999999,OK,460000,0.31
12619,Germany,Food & Refreshment,9.79,1,Value,12,10.9648,12.00000000000001,OK,460000,0.31
12620,Germany,Home Care,6.5,10,Premium,50,9.75,50.0,OK,460000,0.31
12621,Germany,Home Care,4.42,2,Value,10,4.862,10.00000000000001,OK,460000,0.31
12622,Germany,Personal Care,3.5,7,Standard,30,4.55,30.0,OK,460000,0.31
12623,Spain,Personal Care,9.98,6,Standard,30,12.974,30.0,OK,410000,0.3
12624,Spain,Food & Refreshment,6.54,2,Value,12,7.324800000000001,12.00000000000001,OK,410000,0.3
12625,Spain,Home Care,3.11,4,Standard,25,3.8875,25.0,OK,410000,0.3
12626,France,Personal Care,10.49,2,Value,15,12.0635,14.99999999999999,OK,430000,0.29
12627,France,Food & Refreshment,8.69,1,Value,12,9.732800000000001,12.00000000000001,OK,430000,0.29
12628,France,Home Care,12.95,3,Value,10,14.245,10.00000000000001,OK,430000,0.29
12629,France,Home Care,2.2,4,Standard,25,2.75,25.0,OK,430000,0.29
12630,Germany,Food & Refreshment,11.89,10,Premium,55,18.4295,55.00000000000001,OK,460000,0.31
12631,Germany,Food & Refreshment,10.27,5,Standard,28,13.1456,28.0,OK,460000,0.31
12632,Germany,Personal Care,2.17,5,Standard,30,2.821,30.0,OK,460000,0.31
12633,UK,Home Care,10.57,7,Standard,25,13.2125,25.0,OK,520000,0.32
12634,Spain,Home Care,6.9,10,Premium,50,10.35,50.00000000000002,OK,410000,0.3
12635,France,Home Care,14.2,8,Premium,50,21.3,49.99999999999998,OK,430000,0.29
12636,France,Food & Refreshment,2.55,9,Premium,55,3.9525,55.00000000000001,OK,430000,0.29
12637,Germany,Personal Care,9.82,7,Standard,30,12.766,30.0,OK,460000,0.31
12638,France,Home Care,6.04,5,Standard,25,7.55,25.0,OK,430000,0.29
12639,France,Food & Refreshment,14.37,9,Premium,55,22.2735,55.00000000000001,OK,430000,0.29
12640,Spain,Home Care,5.28,8,Premium,50,7.92,50.0,OK,410000,0.3
12641,Germany,Personal Care,14.45,10,Premium,60,23.12,60.00000000000001,OK,460000,0.31
12642,Spain,Home Care,13.57,9,Premium,50,20.355,50.0,OK,410000,0.3
12643,UK,Personal Care,4.42,10,Premium,60,7.072,60.00000000000001,OK,520000,0.32
12644,UK,Personal Care,12.15,8,Premium,60,19.44,60.00000000000001,OK,520000,0.32
12645,UK,Home Care,14.94,6,Standard,25,18.675,25.0,OK,520000,0.32
12646,Germany,Home Care,4.16,4,Standard,25,5.2,25.0,OK,460000,0.31
12647,France,Personal Care,6.83,9,Premium,60,10.928,60.00000000000001,OK,430000,0.29
12648,Germany,Food & Refreshment,8.04,9,Premium,55,12.462,55.00000000000001,OK,460000,0.31
12649,Germany,Personal Care,4.78,10,Premium,60,7.648000000000001,60.00000000000001,OK,460000,0.31
12650,France,Home Care,0.72,10,Premium,50,1.08,50.00000000000002,OK,430000,0.29
12651,Spain,Home Care,3.69,9,Premium,50,5.535,50.0,OK,410000,0.3
12652,UK,Food & Refreshment,4.59,10,Premium,55,7.1145,55.00000000000001,OK,520000,0.32
12653,Spain,Personal Care,6.93,3,Value,15,7.969499999999999,14.99999999999999,OK,410000,0.3
12654,UK,Personal Care,2.98,3,Value,15,3.427,14.99999999999999,OK,520000,0.32
12655,Germany,Personal Care,13.16,6,Standard,30,17.108,30.0,OK,460000,0.31
12656,UK,Home Care,10.72,6,Standard,25,13.4,25.0,OK,520000,0.32
12657,Germany,Personal Care,1.74,6,Standard,30,2.262,30.0,OK,460000,0.31
12658,Spain,Food & Refreshment,9.93,5,Standard,28,12.7104,28.0,OK,410000,0.3
12659,Germany,Home Care,9.98,5,Standard,25,12.475,25.0,OK,460000,0.31
12660,Spain,Home Care,14.37,2,Value,10,15.807,10.00000000000001,OK,410000,0.3
12661,France,Personal Care,0.54,7,Standard,30,0.7020000000000001,30.0,OK,430000,0.29
12662,France,Food & Refreshment,4.1,4,Standard,28,5.247999999999999,28.0,OK,430000,0.29
12663,France,Home Care,13.95,3,Value,10,15.345,10.00000000000001,OK,430000,0.29
12664,Germany,Home Care,14.02,8,Premium,50,21.03,50.00000000000002,OK,460000,0.31
12665,France,Personal Care,10.95,4,Standard,30,14.235,30.0,OK,430000,0.29
12666,UK,Personal Care,11.6,4,Standard,30,15.08,30.0,OK,520000,0.32
12667,Spain,Food & Refreshment,1.83,8,Premium,55,2.8365,55.00000000000001,OK,410000,0.3
12668,Spain,Personal Care,7.95,1,Value,15,9.1425,14.99999999999999,OK,410000,0.3
12669,UK,Food & Refreshment,3.86,9,Premium,55,5.983,55.00000000000001,OK,520000,0.32
12670,Germany,Home Care,3.13,7,Standard,25,3.9125,25.0,OK,460000,0.31
12671,Germany,Food & Refreshment,12.25,2,Value,12,13.72,12.00000000000001,OK,460000,0.31
12672,Spain,Food & Refreshment,2.46,6,Standard,28,3.1488,28.0,OK,410000,0.3
12673,France,Food & Refreshment,7.3,8,Premium,55,11.315,55.00000000000001,OK,430000,0.29
12674,Germany,Home Care,14.11,5,Standard,25,17.6375,25.0,OK,460000,0.31
12675,Germany,Personal Care,3.19,6,Standard,30,4.147,30.0,OK,460000,0.31
12676,UK,Home Care,14.68,10,Premium,50,22.02,50.0,OK,520000,0.32
12677,UK,Personal Care,14.92,8,Premium,60,23.872,60.00000000000001,OK,520000,0.32
12678,France,Food & Refreshment,8.56,6,Standard,28,10.9568,28.0,OK,430000,0.29
12679,Germany,Food & Refreshment,2.97,9,Premium,55,4.6035,55.00000000000001,OK,460000,0.31
12680,Germany,Food & Refreshment,5.08,9,Premium,55,7.874000000000001,55.00000000000001,OK,460000,0.31
12681,UK,Food & Refreshment,6.66,9,Premium,55,10.323,55.00000000000001,OK,520000,0.32
12682,Germany,Food & Refreshment,4.99,6,Standard,28,6.3872,28.0,OK,460000,0.31
12683,Spain,Personal Care,4.57,9,Premium,60,7.312000000000001,60.00000000000001,OK,410000,0.3
12684,UK,Personal Care,14.6,3,Value,15,16.79,14.99999999999999,OK,520000,0.32
12685,France,Food & Refreshment,2.72,5,Standard,28,3.4816,28.0,OK,430000,0.29
12686,UK,Home Care,11.13,2,Value,10,12.243,10.00000000000001,OK,520000,0.32
12687,Germany,Home Care,0.51,8,Premium,50,0.765,50.0,OK,460000,0.31
12688,France,Food & Refreshment,9.14,4,Standard,28,11.6992,28.0,OK,430000,0.29
12689,UK,Personal Care,13.78,6,Standard,30,17.914,30.00000000000003,OK,520000,0.32
12690,Spain,Home Care,4.68,6,Standard,25,5.85,25.0,OK,410000,0.3
12691,Spain,Home Care,3.19,5,Standard,25,3.9875,25.0,OK,410000,0.3
12692,UK,Home Care,9.95,1,Value,10,10.945,10.00000000000001,OK,520000,0.32
12693,Spain,Food & Refreshment,10.83,7,Standard,28,13.8624,28.0,OK,410000,0.3
12694,Spain,Home Care,10.48,10,Premium,50,15.72,50.0,OK,410000,0.3
12695,Spain,Home Care,5.13,8,Premium,50,7.695,50.0,OK,410000,0.3
12696,France,Home Care,4.16,1,Value,10,4.576000000000001,10.00000000000001,OK,430000,0.29
12697,Spain,Home Care,14.36,10,Premium,50,21.54,50.0,OK,410000,0.3
12698,Spain,Personal Care,13.89,7,Standard,30,18.057,30.0,OK,410000,0.3
12699,Spain,Food & Refreshment,7.13,4,Standard,28,9.1264,28.0,OK,410000,0.3
12700,France,Food & Refreshment,12.77,6,Standard,28,16.3456,28.0,OK,430000,0.29
12701,UK,Personal Care,7.06,9,Premium,60,11.296,60.00000000000001,OK,520000,0.32
12702,Germany,Personal Care,6.65,5,Standard,30,8.645000000000001,30.0,OK,460000,0.31
12703,Spain,Food & Refreshment,2.77,8,Premium,55,4.2935,55.00000000000001,OK,410000,0.3
12704,UK,Home Care,6.68,5,Standard,25,8.35,25.0,OK,520000,0.32
12705,Spain,Home Care,8.29,2,Value,10,9.119,10.00000000000001,OK,410000,0.3
12706,France,Food & Refreshment,0.83,4,Standard,28,1.0624,28.0,OK,430000,0.29
12707,UK,Home Care,6.94,2,Value,10,7.634000000000001,10.00000000000001,OK,520000,0.32
12708,France,Personal Care,11.83,7,Standard,30,15.379,30.0,OK,430000,0.29
12709,Spain,Home Care,10.36,7,Standard,25,12.95,25.0,OK,410000,0.3
12710,Spain,Home Care,9.71,3,Value,10,10.681,10.00000000000001,OK,410000,0.3
12711,France,Home Care,13.69,7,Standard,25,17.1125,25.0,OK,430000,0.29
12712,Germany,Food & Refreshment,0.76,1,Value,12,0.8512000000000001,12.00000000000001,OK,460000,0.31
12713,France,Personal Care,8.58,1,Value,15,9.866999999999999,14.99999999999999,OK,430000,0.29
12714,Spain,Home Care,11.92,9,Premium,50,17.88,50.0,OK,410000,0.3
12715,France,Food & Refreshment,8.35,6,Standard,28,10.688,28.0,OK,430000,0.29
12716,Germany,Home Care,5.2,5,Standard,25,6.5,25.0,OK,460000,0.31
12717,France,Personal Care,2.48,6,Standard,30,3.224,30.0,OK,430000,0.29
12718,Germany,Home Care,13.37,6,Standard,25,16.7125,25.0,OK,460000,0.31
12719,Germany,Personal Care,7.33,1,Value,15,8.429499999999999,14.99999999999999,OK,460000,0.31
12720,France,Home Care,13.23,5,Standard,25,16.5375,25.0,OK,430000,0.29
12721,France,Personal Care,8.99,9,Premium,60,14.384,60.00000000000001,OK,430000,0.29
12722,UK,Home Care,10.28,4,Standard,25,12.85,25.0,OK,520000,0.32
12723,Spain,Personal Care,12.16,3,Value,15,13.984,14.99999999999999,OK,410000,0.3
12724,Germany,Home Care,10.06,1,Value,10,11.066,10.00000000000001,OK,460000,0.31
12725,UK,Home Care,6.27,2,Value,10,6.897,10.00000000000001,OK,520000,0.32
12726,France,Food & Refreshment,7.95,3,Value,12,8.904000000000002,12.00000000000001,OK,430000,0.29
12727,Spain,Food & Refreshment,12.14,4,Standard,28,15.5392,28.0,OK,410000,0.3
12728,UK,Personal Care,5.92,7,Standard,30,7.696,30.0,OK,520000,0.32
12729,Germany,Home Care,6.13,6,Standard,25,7.6625,25.0,OK,460000,0.31
12730,UK,Personal Care,1.89,8,Premium,60,3.024,60.00000000000001,OK,520000,0.32
12731,Germany,Food & Refreshment,13.76,9,Premium,55,21.328,55.00000000000001,OK,460000,0.31
12732,France,Personal Care,1.82,6,Standard,30,2.366,30.0,OK,430000,0.29
12733,Spain,Personal Care,9.9,7,Standard,30,12.87,30.0,OK,410000,0.3
12734,Spain,Food & Refreshment,6.49,4,Standard,28,8.3072,28.0,OK,410000,0.3
12735,Spain,Home Care,6.38,2,Value,10,7.018000000000001,10.00000000000001,OK,410000,0.3
12736,France,Personal Care,10.35,9,Premium,60,16.56,59.99999999999999,OK,430000,0.29
12737,Germany,Food & Refreshment,1.47,9,Premium,55,2.2785,55.00000000000003,OK,460000,0.31
12738,France,Home Care,9.11,4,Standard,25,11.3875,25.0,OK,430000,0.29
12739,Spain,Food & Refreshment,11.69,3,Value,12,13.0928,12.00000000000001,OK,410000,0.3
12740,France,Personal Care,12.51,10,Premium,60,20.016,60.00000000000001,OK,430000,0.29
12741,France,Home Care,2.97,6,Standard,25,3.7125,25.0,OK,430000,0.29
12742,France,Home Care,13.51,3,Value,10,14.861,10.00000000000001,OK,430000,0.29
12743,Germany,Food & Refreshment,10.01,1,Value,12,11.2112,12.00000000000001,OK,460000,0.31
12744,UK,Food & Refreshment,13.29,4,Standard,28,17.0112,28.0,OK,520000,0.32
12745,UK,Food & Refreshment,7.54,1,Value,12,8.4448,12.00000000000001,OK,520000,0.32
12746,France,Home Care,8.36,2,Value,10,9.196,10.00000000000001,OK,430000,0.29
12747,UK,Home Care,13.83,3,Value,10,15.213,10.00000000000001,OK,520000,0.32
12748,UK,Personal Care,13.55,8,Premium,60,21.68,60.00000000000001,OK,520000,0.32
12749,France,Home Care,7.0,10,Premium,50,10.5,50.0,OK,430000,0.29
12750,France,Personal Care,4.48,4,Standard,30,5.824000000000001,30.0,OK,430000,0.29
12751,Spain,Food & Refreshment,6.2,4,Standard,28,7.936000000000001,28.0,OK,410000,0.3
12752,UK,Food & Refreshment,6.12,10,Premium,55,9.486,55.00000000000001,OK,520000,0.32
12753,Germany,Home Care,4.66,9,Premium,50,6.99,50.0,OK,460000,0.31
12754,France,Food & Refreshment,4.39,7,Standard,28,5.619199999999999,28.0,OK,430000,0.29
12755,Spain,Food & Refreshment,12.99,2,Value,12,14.5488,12.00000000000001,OK,410000,0.3
12756,Germany,Home Care,1.51,3,Value,10,1.661,10.00000000000001,OK,460000,0.31
12757,UK,Personal Care,10.33,4,Standard,30,13.429,30.0,OK,520000,0.32
12758,Spain,Home Care,3.01,4,Standard,25,3.7625,25.0,OK,410000,0.3
12759,France,Personal Care,5.5,10,Premium,60,8.8,60.00000000000001,OK,430000,0.29
12760,Germany,Home Care,1.39,8,Premium,50,2.085,50.0,OK,460000,0.31
12761,France,Home Care,4.41,10,Premium,50,6.615,50.0,OK,430000,0.29
12762,UK,Food & Refreshment,11.64,10,Premium,55,18.042,55.00000000000001,OK,520000,0.32
12763,Germany,Home Care,13.33,6,Standard,25,16.6625,25.0,OK,460000,0.31
12764,UK,Home Care,3.71,3,Value,10,4.081,10.00000000000001,OK,520000,0.32
12765,UK,Personal Care,7.22,9,Premium,60,11.552,60.00000000000001,OK,520000,0.32
12766,Spain,Food & Refreshment,7.32,10,Premium,55,11.346,55.00000000000001,OK,410000,0.3
12767,France,Personal Care,13.17,8,Premium,60,21.072,60.00000000000003,OK,430000,0.29
12768,Germany,Personal Care,11.56,9,Premium,60,18.496,60.00000000000001,OK,460000,0.31
12769,UK,Food & Refreshment,7.94,5,Standard,28,10.1632,28.0,OK,520000,0.32
12770,UK,Food & Refreshment,10.23,3,Value,12,11.4576,12.00000000000001,OK,520000,0.32
12771,Germany,Food & Refreshment,12.79,4,Standard,28,16.3712,28.0,OK,460000,0.31
12772,UK,Home Care,0.64,5,Standard,25,0.8,25.0,OK,520000,0.32
12773,Spain,Food & Refreshment,6.34,9,Premium,55,9.827,55.00000000000001,OK,410000,0.3
12774,Spain,Food & Refreshment,13.66,9,Premium,55,21.173,55.00000000000001,OK,410000,0.3
12775,Spain,Food & Refreshment,11.23,3,Value,12,12.5776,12.00000000000001,OK,410000,0.3
12776,Spain,Personal Care,8.37,7,Standard,30,10.881,30.0,OK,410000,0.3
12777,UK,Personal Care,8.18,6,Standard,30,10.634,30.0,OK,520000,0.32
12778,Germany,Home Care,5.54,4,Standard,25,6.925,25.0,OK,460000,0.31
12779,Germany,Personal Care,8.05,5,Standard,30,10.465,30.0,OK,460000,0.31
12780,Germany,Home Care,10.0,10,Premium,50,15.0,50.0,OK,460000,0.31
12781,Germany,Personal Care,6.57,2,Value,15,7.555499999999999,14.99999999999999,OK,460000,0.31
12782,France,Food & Refreshment,10.86,7,Standard,28,13.9008,28.0,OK,430000,0.29
12783,Germany,Personal Care,12.99,4,Standard,30,16.887,30.0,OK,460000,0.31
12784,France,Home Care,2.74,2,Value,10,3.014000000000001,10.00000000000001,OK,430000,0.29
12785,France,Personal Care,7.05,6,Standard,30,9.165000000000001,30.00000000000003,OK,430000,0.29
12786,Spain,Food & Refreshment,6.42,2,Value,12,7.1904,12.00000000000001,OK,410000,0.3
12787,France,Home Care,10.47,10,Premium,50,15.705,50.0,OK,430000,0.29
12788,UK,Food & Refreshment,4.12,2,Value,12,4.614400000000001,12.00000000000001,OK,520000,0.32
12789,France,Food & Refreshment,9.78,7,Standard,28,12.5184,28.0,OK,430000,0.29
12790,Spain,Home Care,13.22,1,Value,10,14.542,10.00000000000001,OK,410000,0.3
12791,France,Food & Refreshment,6.56,7,Standard,28,8.396799999999999,27.99999999999998,OK,430000,0.29
12792,UK,Food & Refreshment,13.71,10,Premium,55,21.2505,55.00000000000001,OK,520000,0.32
12793,UK,Personal Care,14.9,5,Standard,30,19.37,30.0,OK,520000,0.32
12794,UK,Food & Refreshment,2.04,1,Value,12,2.2848,12.00000000000001,OK,520000,0.32
12795,Spain,Food & Refreshment,3.88,6,Standard,28,4.9664,28.0,OK,410000,0.3
12796,Spain,Food & Refreshment,14.28,7,Standard,28,18.2784,28.00000000000002,OK,410000,0.3
12797,Germany,Food & Refreshment,14.4,1,Value,12,16.128,12.00000000000003,OK,460000,0.31
12798,Spain,Home Care,1.92,9,Premium,50,2.88,50.0,OK,410000,0.3
12799,UK,Personal Care,0.72,7,Standard,30,0.9359999999999999,30.0,OK,520000,0.32
12800,UK,Food & Refreshment,2.84,1,Value,12,3.1808,12.00000000000001,OK,520000,0.32
12801,Spain,Food & Refreshment,14.94,3,Value,12,16.7328,12.00000000000001,OK,410000,0.3
12802,France,Home Care,3.11,5,Standard,25,3.8875,25.0,OK,430000,0.29
12803,Spain,Food & Refreshment,7.79,4,Standard,28,9.9712,28.0,OK,410000,0.3
12804,Spain,Home Care,12.8,2,Value,10,14.08,10.00000000000001,OK,410000,0.3
12805,UK,Personal Care,0.8,1,Value,15,0.9199999999999999,14.99999999999999,OK,520000,0.32
12806,Germany,Personal Care,9.27,4,Standard,30,12.051,30.0,OK,460000,0.31
12807,UK,Food & Refreshment,4.52,7,Standard,28,5.7856,28.0,OK,520000,0.32
12808,Germany,Food & Refreshment,13.0,4,Standard,28,16.64,28.0,OK,460000,0.31
12809,UK,Food & Refreshment,4.61,9,Premium,55,7.145500000000001,55.00000000000001,OK,520000,0.32
12810,Spain,Home Care,10.46,8,Premium,50,15.69,50.0,OK,410000,0.3
12811,UK,Food & Refreshment,10.28,8,Premium,55,15.934,55.00000000000001,OK,520000,0.32
12812,UK,Food & Refreshment,3.71,5,Standard,28,4.7488,28.0,OK,520000,0.32
12813,UK,Personal Care,1.0,1,Value,15,1.15,14.99999999999999,OK,520000,0.32
12814,Spain,Food & Refreshment,6.43,9,Premium,55,9.9665,55.00000000000001,OK,410000,0.3
12815,Spain,Personal Care,4.69,2,Value,15,5.3935,14.99999999999999,OK,410000,0.3
12816,Spain,Food & Refreshment,12.23,6,Standard,28,15.6544,28.0,OK,410000,0.3
12817,Spain,Personal Care,12.11,10,Premium,60,19.376,60.00000000000001,OK,410000,0.3
12818,Germany,Food & Refreshment,7.13,5,Standard,28,9.1264,28.0,OK,460000,0.31
12819,Germany,Personal Care,9.29,10,Premium,60,14.864,60.00000000000001,OK,460000,0.31
12820,France,Home Care,9.26,8,Premium,50,13.89,50.0,OK,430000,0.29
12821,Spain,Personal Care,12.49,3,Value,15,14.3635,14.99999999999999,OK,410000,0.3
12822,Germany,Personal Care,6.66,6,Standard,30,8.658000000000001,30.00000000000003,OK,460000,0.31
12823,UK,Personal Care,4.49,6,Standard,30,5.837000000000001,30.0,OK,520000,0.32
12824,Spain,Food & Refreshment,4.34,10,Premium,55,6.727,55.00000000000001,OK,410000,0.3
12825,France,Food & Refreshment,8.27,3,Value,12,9.2624,12.00000000000001,OK,430000,0.29
12826,France,Food & Refreshment,7.01,7,Standard,28,8.9728,28.0,OK,430000,0.29
12827,France,Home Care,6.88,4,Standard,25,8.6,25.0,OK,430000,0.29
12828,UK,Home Care,1.82,5,Standard,25,2.275,25.0,OK,520000,0.32
12829,Germany,Personal Care,10.92,9,Premium,60,17.472,60.00000000000001,OK,460000,0.31
12830,UK,Home Care,3.6,6,Standard,25,4.5,25.0,OK,520000,0.32
12831,Spain,Personal Care,3.36,10,Premium,60,5.376,60.00000000000001,OK,410000,0.3
12832,France,Personal Care,6.48,4,Standard,30,8.424000000000001,30.0,OK,430000,0.29
12833,UK,Personal Care,3.8,8,Premium,60,6.08,60.00000000000001,OK,520000,0.32
12834,UK,Home Care,8.97,9,Premium,50,13.455,50.0,OK,520000,0.32
12835,Germany,Food & Refreshment,5.89,10,Premium,55,9.1295,55.00000000000001,OK,460000,0.31
12836,Germany,Home Care,7.01,5,Standard,25,8.7625,25.0,OK,460000,0.31
12837,France,Personal Care,8.29,2,Value,15,9.533499999999998,14.99999999999999,OK,430000,0.29
12838,UK,Personal Care,3.45,6,Standard,30,4.485,30.0,OK,520000,0.32
12839,UK,Home Care,2.76,8,Premium,50,4.14,50.0,OK,520000,0.32
12840,Germany,Personal Care,13.27,5,Standard,30,17.251,30.0,OK,460000,0.31
12841,UK,Personal Care,6.79,1,Value,15,7.8085,14.99999999999999,OK,520000,0.32
12842,UK,Home Care,6.48,8,Premium,50,9.72,50.0,OK,520000,0.32
12843,UK,Home Care,1.02,9,Premium,50,1.53,50.0,OK,520000,0.32
12844,Germany,Home Care,7.72,1,Value,10,8.492,10.00000000000001,OK,460000,0.31
12845,France,Personal Care,8.54,8,Premium,60,13.664,60.00000000000001,OK,430000,0.29
12846,Spain,Personal Care,8.6,10,Premium,60,13.76,60.00000000000001,OK,410000,0.3
12847,France,Food & Refreshment,10.75,2,Value,12,12.04,12.00000000000001,OK,430000,0.29
12848,Spain,Food & Refreshment,3.07,4,Standard,28,3.9296,28.0,OK,410000,0.3
12849,UK,Home Care,4.16,2,Value,10,4.576000000000001,10.00000000000001,OK,520000,0.32
12850,France,Food & Refreshment,12.26,2,Value,12,13.7312,12.00000000000001,OK,430000,0.29
12851,Spain,Personal Care,14.23,10,Premium,60,22.768,60.00000000000001,OK,410000,0.3
12852,Germany,Food & Refreshment,2.47,3,Value,12,2.7664,12.00000000000001,OK,460000,0.31
12853,Germany,Personal Care,7.72,8,Premium,60,12.352,60.00000000000001,OK,460000,0.31
12854,France,Home Care,3.61,4,Standard,25,4.5125,25.0,OK,430000,0.29
12855,France,Home Care,1.37,7,Standard,25,1.7125,25.0,OK,430000,0.29
12856,UK,Personal Care,5.22,10,Premium,60,8.352,60.00000000000001,OK,520000,0.32
12857,France,Food & Refreshment,2.58,3,Value,12,2.8896,12.00000000000001,OK,430000,0.29
12858,UK,Home Care,10.79,10,Premium,50,16.185,50.0,OK,520000,0.32
12859,UK,Home Care,8.24,3,Value,10,9.064000000000002,10.00000000000001,OK,520000,0.32
12860,Germany,Food & Refreshment,2.59,2,Value,12,2.9008,12.00000000000001,OK,460000,0.31
12861,Germany,Food & Refreshment,0.63,6,Standard,28,0.8064,28.0,OK,460000,0.31
12862,Spain,Personal Care,12.22,6,Standard,30,15.886,30.0,OK,410000,0.3
12863,Germany,Food & Refreshment,3.05,1,Value,12,3.416,12.00000000000001,OK,460000,0.31
12864,Germany,Food & Refreshment,9.29,7,Standard,28,11.8912,28.0,OK,460000,0.31
12865,France,Food & Refreshment,5.39,4,Standard,28,6.8992,28.0,OK,430000,0.29
12866,Germany,Personal Care,8.99,3,Value,15,10.3385,14.99999999999999,OK,460000,0.31
12867,Spain,Personal Care,5.08,8,Premium,60,8.128,60.00000000000001,OK,410000,0.3
12868,France,Home Care,1.76,2,Value,10,1.936,10.00000000000001,OK,430000,0.29
12869,Spain,Personal Care,3.73,9,Premium,60,5.968,60.00000000000001,OK,410000,0.3
12870,Germany,Home Care,3.23,8,Premium,50,4.845,50.0,OK,460000,0.31
12871,Spain,Food & Refreshment,6.71,8,Premium,55,10.4005,55.00000000000001,OK,410000,0.3
12872,France,Home Care,10.05,3,Value,10,11.055,10.00000000000001,OK,430000,0.29
12873,UK,Home Care,4.33,4,Standard,25,5.4125,25.0,OK,520000,0.32
12874,Spain,Food & Refreshment,0.68,2,Value,12,0.7616000000000002,12.00000000000001,OK,410000,0.3
12875,Spain,Home Care,8.02,2,Value,10,8.822000000000001,10.00000000000001,OK,410000,0.3
12876,France,Personal Care,9.28,4,Standard,30,12.064,30.0,OK,430000,0.29
12877,France,Personal Care,14.46,6,Standard,30,18.798,30.0,OK,430000,0.29
12878,Spain,Personal Care,9.05,5,Standard,30,11.765,30.0,OK,410000,0.3
12879,Germany,Personal Care,7.33,1,Value,15,8.429499999999999,14.99999999999999,OK,460000,0.31
12880,Spain,Home Care,8.81,10,Premium,50,13.215,50.0,OK,410000,0.3
12881,France,Home Care,13.95,1,Value,10,15.345,10.00000000000001,OK,430000,0.29
12882,UK,Food & Refreshment,12.51,6,Standard,28,16.0128,27.99999999999998,OK,520000,0.32
12883,UK,Home Care,5.18,3,Value,10,5.698,10.00000000000001,OK,520000,0.32
12884,Germany,Home Care,3.94,3,Value,10,4.334000000000001,10.00000000000001,OK,460000,0.31
12885,Spain,Home Care,4.31,7,Standard,25,5.387499999999999,25.0,OK,410000,0.3
12886,UK,Food & Refreshment,7.81,1,Value,12,8.747200000000001,12.00000000000001,OK,520000,0.32
12887,Spain,Personal Care,11.29,1,Value,15,12.9835,14.99999999999999,OK,410000,0.3
12888,France,Home Care,7.8,10,Premium,50,11.7,50.0,OK,430000,0.29
12889,UK,Food & Refreshment,1.48,3,Value,12,1.6576,12.00000000000001,OK,520000,0.32
12890,Germany,Food & Refreshment,10.99,8,Premium,55,17.0345,55.00000000000001,OK,460000,0.31
12891,France,Food & Refreshment,12.19,1,Value,12,13.6528,12.00000000000001,OK,430000,0.29
12892,Germany,Personal Care,4.7,10,Premium,60,7.52,60.00000000000001,OK,460000,0.31
12893,France,Home Care,10.13,4,Standard,25,12.6625,25.0,OK,430000,0.29
12894,UK,Food & Refreshment,6.69,9,Premium,55,10.3695,55.00000000000001,OK,520000,0.32
12895,Germany,Personal Care,13.39,4,Standard,30,17.407,30.0,OK,460000,0.31
12896,Germany,Food & Refreshment,12.76,10,Premium,55,19.778,54.99999999999999,OK,460000,0.31
12897,France,Food & Refreshment,8.12,8,Premium,55,12.586,55.00000000000001,OK,430000,0.29
12898,Germany,Food & Refreshment,10.53,7,Standard,28,13.4784,28.0,OK,460000,0.31
12899,France,Food & Refreshment,13.31,3,Value,12,14.9072,12.00000000000001,OK,430000,0.29
12900,France,Food & Refreshment,7.69,7,Standard,28,9.843200000000001,28.0,OK,430000,0.29
12901,France,Personal Care,5.04,7,Standard,30,6.552,30.0,OK,430000,0.29
12902,France,Home Care,11.43,10,Premium,50,17.145,50.0,OK,430000,0.29
12903,UK,Home Care,3.69,3,Value,10,4.059,10.00000000000001,OK,520000,0.32
12904,France,Home Care,6.13,2,Value,10,6.743,10.00000000000001,OK,430000,0.29
12905,Spain,Home Care,13.05,9,Premium,50,19.575,50.00000000000002,OK,410000,0.3
12906,Germany,Personal Care,11.0,1,Value,15,12.65,14.99999999999999,OK,460000,0.31
12907,Spain,Personal Care,6.36,7,Standard,30,8.268,30.0,OK,410000,0.3
12908,UK,Personal Care,3.61,4,Standard,30,4.693,30.0,OK,520000,0.32
12909,Spain,Food & Refreshment,5.66,2,Value,12,6.339200000000001,12.00000000000001,OK,410000,0.3
12910,Germany,Food & Refreshment,4.62,2,Value,12,5.1744,12.00000000000001,OK,460000,0.31
12911,Spain,Food & Refreshment,3.05,8,Premium,55,4.7275,55.00000000000001,OK,410000,0.3
12912,UK,Home Care,11.28,7,Standard,25,14.1,25.0,OK,520000,0.32
12913,France,Food & Refreshment,4.16,7,Standard,28,5.324800000000001,28.0,OK,430000,0.29
12914,Spain,Home Care,7.09,5,Standard,25,8.8625,25.00000000000002,OK,410000,0.3
12915,UK,Food & Refreshment,6.09,10,Premium,55,9.4395,55.00000000000001,OK,520000,0.32
12916,UK,Home Care,14.74,8,Premium,50,22.11,50.0,OK,520000,0.32
12917,Germany,Food & Refreshment,6.17,2,Value,12,6.910400000000001,12.00000000000001,OK,460000,0.31
12918,Germany,Food & Refreshment,1.66,2,Value,12,1.8592,12.00000000000001,OK,460000,0.31
12919,Spain,Personal Care,1.8,5,Standard,30,2.34,30.0,OK,410000,0.3
12920,France,Food & Refreshment,9.07,1,Value,12,10.1584,12.00000000000001,OK,430000,0.29
12921,UK,Food & Refreshment,9.19,6,Standard,28,11.7632,28.0,OK,520000,0.32
12922,Spain,Personal Care,6.57,4,Standard,30,8.541,30.0,OK,410000,0.3
12923,UK,Home Care,6.76,6,Standard,25,8.45,25.0,OK,520000,0.32
12924,UK,Personal Care,1.28,7,Standard,30,1.664,30.0,OK,520000,0.32
12925,France,Personal Care,7.99,3,Value,15,9.1885,14.99999999999999,OK,430000,0.29
12926,France,Home Care,7.82,8,Premium,50,11.73,50.0,OK,430000,0.29
12927,Spain,Food & Refreshment,2.67,7,Standard,28,3.4176,28.0,OK,410000,0.3
12928,France,Home Care,2.01,1,Value,10,2.211,10.00000000000001,OK,430000,0.29
12929,France,Food & Refreshment,2.29,6,Standard,28,2.9312,28.0,OK,430000,0.29
12930,Spain,Food & Refreshment,1.96,7,Standard,28,2.5088,28.0,OK,410000,0.3
12931,France,Home Care,9.34,4,Standard,25,11.675,25.0,OK,430000,0.29
12932,Germany,Personal Care,3.35,2,Value,15,3.8525,14.99999999999999,OK,460000,0.31
12933,UK,Home Care,4.15,10,Premium,50,6.225000000000001,50.0,OK,520000,0.32
12934,UK,Food & Refreshment,3.02,9,Premium,55,4.681,55.00000000000001,OK,520000,0.32
12935,UK,Home Care,14.39,7,Standard,25,17.9875,25.0,OK,520000,0.32
12936,UK,Home Care,12.89,1,Value,10,14.179,10.00000000000001,OK,520000,0.32
12937,Spain,Food & Refreshment,3.84,8,Premium,55,5.952,55.00000000000001,OK,410000,0.3
12938,UK,Personal Care,5.25,3,Value,15,6.0375,14.99999999999999,OK,520000,0.32
12939,UK,Home Care,3.54,4,Standard,25,4.425,25.0,OK,520000,0.32
12940,UK,Food & Refreshment,7.63,5,Standard,28,9.7664,28.0,OK,520000,0.32
12941,UK,Food & Refreshment,0.78,1,Value,12,0.8736000000000002,12.00000000000001,OK,520000,0.32
12942,Germany,Home Care,10.23,6,Standard,25,12.7875,25.0,OK,460000,0.31
12943,UK,Personal Care,8.09,10,Premium,60,12.944,60.00000000000001,OK,520000,0.32
12944,Germany,Home Care,13.53,6,Standard,25,16.9125,25.0,OK,460000,0.31
12945,Spain,Personal Care,2.88,2,Value,15,3.312,14.99999999999999,OK,410000,0.3
12946,France,Personal Care,12.16,10,Premium,60,19.456,60.00000000000003,OK,430000,0.29
12947,UK,Personal Care,11.98,6,Standard,30,15.574,30.0,OK,520000,0.32
12948,France,Personal Care,2.34,8,Premium,60,3.744,60.00000000000001,OK,430000,0.29
12949,France,Home Care,6.28,6,Standard,25,7.850000000000001,25.0,OK,430000,0.29
12950,Spain,Food & Refreshment,2.97,4,Standard,28,3.801600000000001,28.0,OK,410000,0.3
12951,France,Food & Refreshment,4.19,4,Standard,28,5.363200000000001,28.0,OK,430000,0.29
12952,Germany,Food & Refreshment,4.32,9,Premium,55,6.696000000000001,55.00000000000001,OK,460000,0.31
12953,France,Food & Refreshment,8.57,6,Standard,28,10.9696,28.0,OK,430000,0.29
12954,France,Food & Refreshment,6.47,8,Premium,55,10.0285,55.00000000000001,OK,430000,0.29
12955,France,Food & Refreshment,14.24,8,Premium,55,22.072,55.00000000000003,OK,430000,0.29
12956,UK,Home Care,2.33,7,Standard,25,2.9125,25.0,OK,520000,0.32
12957,UK,Personal Care,14.62,3,Value,15,16.813,14.99999999999999,OK,520000,0.32
12958,Germany,Food & Refreshment,3.84,10,Premium,55,5.952,55.00000000000001,OK,460000,0.31
12959,Germany,Home Care,11.71,1,Value,10,12.881,10.00000000000001,OK,460000,0.31
12960,UK,Food & Refreshment,5.42,5,Standard,28,6.9376,28.0,OK,520000,0.32
12961,Germany,Food & Refreshment,2.57,10,Premium,55,3.9835,55.00000000000001,OK,460000,0.31
12962,UK,Personal Care,12.94,10,Premium,60,20.704,60.00000000000001,OK,520000,0.32
12963,Spain,Personal Care,4.98,2,Value,15,5.727,14.99999999999999,OK,410000,0.3
12964,France,Personal Care,10.05,10,Premium,60,16.08,60.00000000000001,OK,430000,0.29
12965,France,Food & Refreshment,8.71,2,Value,12,9.755200000000002,12.00000000000001,OK,430000,0.29
12966,Germany,Food & Refreshment,7.34,7,Standard,28,9.3952,28.00000000000002,OK,460000,0.31
12967,UK,Food & Refreshment,7.69,3,Value,12,8.612800000000002,12.00000000000001,OK,520000,0.32
12968,UK,Personal Care,11.12,8,Premium,60,17.792,59.99999999999999,OK,520000,0.32
12969,Germany,Home Care,1.77,9,Premium,50,2.655,50.00000000000002,OK,460000,0.31
12970,UK,Food & Refreshment,10.19,8,Premium,55,15.7945,55.00000000000001,OK,520000,0.32
12971,Spain,Food & Refreshment,13.49,6,Standard,28,17.2672,27.99999999999998,OK,410000,0.3
12972,France,Food & Refreshment,1.34,5,Standard,28,1.7152,28.0,OK,430000,0.29
12973,Germany,Home Care,2.54,3,Value,10,2.794,10.00000000000001,OK,460000,0.31
12974,Germany,Food & Refreshment,10.89,3,Value,12,12.1968,12.00000000000001,OK,460000,0.31
12975,UK,Home Care,6.84,7,Standard,25,8.55,25.00000000000002,OK,520000,0.32
12976,Germany,Food & Refreshment,6.35,5,Standard,28,8.128,28.0,OK,460000,0.31
12977,Spain,Home Care,2.49,6,Standard,25,3.1125,25.0,OK,410000,0.3
12978,UK,Food & Refreshment,7.85,6,Standard,28,10.048,28.0,OK,520000,0.32
12979,UK,Personal Care,2.33,9,Premium,60,3.728,60.00000000000001,OK,520000,0.32
12980,UK,Personal Care,7.41,1,Value,15,8.5215,14.99999999999999,OK,520000,0.32
12981,UK,Personal Care,11.57,8,Premium,60,18.512,60.00000000000001,OK,520000,0.32
12982,Spain,Personal Care,4.24,10,Premium,60,6.784000000000001,60.00000000000001,OK,410000,0.3
12983,UK,Food & Refreshment,7.47,5,Standard,28,9.5616,28.0,OK,520000,0.32
12984,Germany,Personal Care,14.88,6,Standard,30,19.344,30.0,OK,460000,0.31
12985,Spain,Home Care,10.46,6,Standard,25,13.075,25.0,OK,410000,0.3
12986,France,Personal Care,12.7,1,Value,15,14.605,14.99999999999999,OK,430000,0.29
12987,France,Personal Care,6.52,3,Value,15,7.497999999999999,14.99999999999999,OK,430000,0.29
12988,Germany,Personal Care,11.63,6,Standard,30,15.119,30.0,OK,460000,0.31
12989,Germany,Food & Refreshment,1.09,9,Premium,55,1.6895,55.00000000000001,OK,460000,0.31
12990,Spain,Personal Care,2.28,6,Standard,30,2.964,30.0,OK,410000,0.3
12991,France,Home Care,3.44,6,Standard,25,4.3,25.0,OK,430000,0.29
12992,France,Personal Care,6.33,1,Value,15,7.2795,14.99999999999999,OK,430000,0.29
12993,France,Personal Care,12.76,9,Premium,60,20.416,60.00000000000001,OK,430000,0.29
12994,France,Personal Care,5.52,4,Standard,30,7.175999999999999,30.0,OK,430000,0.29
12995,France,Home Care,9.99,2,Value,10,10.989,10.00000000000001,OK,430000,0.29
12996,UK,Personal Care,10.79,1,Value,15,12.4085,14.99999999999999,OK,520000,0.32
12997,Germany,Home Care,9.0,3,Value,10,9.9,10.00000000000001,OK,460000,0.31
12998,UK,Home Care,5.68,3,Value,10,6.248,10.00000000000001,OK,520000,0.32
12999,France,Personal Care,8.87,5,Standard,30,11.531,30.0,OK,430000,0.29
13000,Spain,Home Care,5.46,1,Value,10,6.006,10.00000000000001,OK,410000,0.3
13001,Spain,Food & Refreshment,1.72,7,Standard,28,2.2016,28.0,OK,410000,0.3
13002,France,Personal Care,14.9,1,Value,15,17.135,14.99999999999999,OK,430000,0.29
13003,France,Personal Care,2.34,4,Standard,30,3.042,30.0,OK,430000,0.29
13004,Spain,Home Care,1.55,6,Standard,25,1.9375,25.0,OK,410000,0.3
13005,UK,Home Care,13.24,1,Value,10,14.564,10.00000000000001,OK,520000,0.32
13006,UK,Personal Care,4.88,7,Standard,30,6.344,30.0,OK,520000,0.32
13007,France,Food & Refreshment,9.93,10,Premium,55,15.3915,55.00000000000001,OK,430000,0.29
13008,UK,Home Care,5.27,7,Standard,25,6.587499999999999,25.0,OK,520000,0.32
13009,Spain,Home Care,6.18,3,Value,10,6.798,10.00000000000001,OK,410000,0.3
13010,UK,Food & Refreshment,4.3,4,Standard,28,5.504,28.0,OK,520000,0.32
13011,France,Food & Refreshment,5.47,6,Standard,28,7.0016,28.0,OK,430000,0.29
13012,Spain,Personal Care,6.46,7,Standard,30,8.398,30.0,OK,410000,0.3
13013,UK,Food & Refreshment,10.95,4,Standard,28,14.016,28.0,OK,520000,0.32
13014,Germany,Personal Care,7.92,10,Premium,60,12.672,60.00000000000001,OK,460000,0.31
13015,Spain,Food & Refreshment,14.18,9,Premium,55,21.979,55.00000000000001,OK,410000,0.3
13016,Spain,Home Care,1.11,9,Premium,50,1.665,50.0,OK,410000,0.3
13017,Germany,Personal Care,7.79,9,Premium,60,12.464,60.00000000000001,OK,460000,0.31
13018,Germany,Personal Care,8.97,10,Premium,60,14.352,60.00000000000001,OK,460000,0.31
13019,Spain,Personal Care,13.84,6,Standard,30,17.992,30.0,OK,410000,0.3
13020,Germany,Food & Refreshment,1.21,2,Value,12,1.3552,12.00000000000001,OK,460000,0.31
13021,France,Home Care,8.82,2,Value,10,9.702000000000002,10.00000000000001,OK,430000,0.29
13022,France,Personal Care,12.88,4,Standard,30,16.744,30.00000000000003,OK,430000,0.29
13023,France,Personal Care,4.01,9,Premium,60,6.416,60.00000000000001,OK,430000,0.29
13024,Spain,Personal Care,13.21,3,Value,15,15.1915,14.99999999999999,OK,410000,0.3
13025,Germany,Personal Care,0.78,6,Standard,30,1.014,30.0,OK,460000,0.31
13026,Germany,Home Care,11.12,2,Value,10,12.232,10.00000000000001,OK,460000,0.31
13027,UK,Food & Refreshment,14.03,1,Value,12,15.7136,12.00000000000001,OK,520000,0.32
13028,UK,Home Care,10.03,5,Standard,25,12.5375,25.0,OK,520000,0.32
13029,Germany,Personal Care,6.87,8,Premium,60,10.992,60.00000000000001,OK,460000,0.31
13030,Germany,Home Care,1.15,10,Premium,50,1.725,50.0,OK,460000,0.31
13031,Germany,Personal Care,13.84,10,Premium,60,22.144,60.00000000000001,OK,460000,0.31
13032,Spain,Food & Refreshment,7.32,2,Value,12,8.198400000000001,12.00000000000001,OK,410000,0.3
13033,Germany,Food & Refreshment,0.92,10,Premium,55,1.426,55.00000000000001,OK,460000,0.31
13034,UK,Food & Refreshment,10.5,9,Premium,55,16.275,55.00000000000003,OK,520000,0.32
13035,Spain,Personal Care,7.49,8,Premium,60,11.984,60.00000000000001,OK,410000,0.3
13036,Germany,Home Care,2.3,3,Value,10,2.53,10.00000000000001,OK,460000,0.31
13037,UK,Food & Refreshment,3.61,1,Value,12,4.043200000000001,12.00000000000001,OK,520000,0.32
13038,Spain,Personal Care,1.44,4,Standard,30,1.872,30.0,OK,410000,0.3
13039,Germany,Personal Care,8.83,8,Premium,60,14.128,60.00000000000001,OK,460000,0.31
13040,Germany,Home Care,9.52,3,Value,10,10.472,10.00000000000001,OK,460000,0.31
13041,Germany,Food & Refreshment,7.83,10,Premium,55,12.1365,55.00000000000001,OK,460000,0.31
13042,Spain,Personal Care,12.35,2,Value,15,14.2025,14.99999999999999,OK,410000,0.3
13043,UK,Home Care,12.98,7,Standard,25,16.225,25.0,OK,520000,0.32
13044,UK,Food & Refreshment,9.43,4,Standard,28,12.0704,28.0,OK,520000,0.32
13045,France,Home Care,0.68,6,Standard,25,0.8500000000000001,25.0,OK,430000,0.29
13046,Germany,Home Care,10.58,5,Standard,25,13.225,25.0,OK,460000,0.31
13047,France,Personal Care,6.56,2,Value,15,7.543999999999999,14.99999999999999,OK,430000,0.29
13048,France,Personal Care,8.7,10,Premium,60,13.92,60.00000000000001,OK,430000,0.29
13049,UK,Personal Care,9.91,2,Value,15,11.3965,14.99999999999999,OK,520000,0.32
13050,Spain,Home Care,5.58,9,Premium,50,8.370000000000001,50.00000000000002,OK,410000,0.3
13051,Spain,Personal Care,13.8,10,Premium,60,22.08,60.00000000000001,OK,410000,0.3
13052,UK,Home Care,2.44,2,Value,10,2.684,10.00000000000001,OK,520000,0.32
13053,Spain,Home Care,10.24,8,Premium,50,15.36,50.0,OK,410000,0.3
13054,France,Personal Care,0.56,8,Premium,60,0.8960000000000001,60.00000000000001,OK,430000,0.29
13055,Germany,Food & Refreshment,13.91,1,Value,12,15.5792,12.00000000000001,OK,460000,0.31
13056,UK,Food & Refreshment,2.13,1,Value,12,2.3856,12.00000000000001,OK,520000,0.32
13057,Germany,Food & Refreshment,1.88,4,Standard,28,2.4064,28.0,OK,460000,0.31
13058,Spain,Home Care,5.33,2,Value,10,5.863,10.00000000000001,OK,410000,0.3
13059,Germany,Home Care,5.92,1,Value,10,6.512,10.00000000000001,OK,460000,0.31
13060,Spain,Home Care,3.61,9,Premium,50,5.415,50.0,OK,410000,0.3
13061,Spain,Personal Care,8.98,3,Value,15,10.327,14.99999999999999,OK,410000,0.3
13062,France,Home Care,6.92,1,Value,10,7.612,10.00000000000001,OK,430000,0.29
13063,Spain,Personal Care,1.0,2,Value,15,1.15,14.99999999999999,OK,410000,0.3
13064,France,Personal Care,5.13,8,Premium,60,8.208,60.00000000000001,OK,430000,0.29
13065,France,Food & Refreshment,12.25,5,Standard,28,15.68,28.0,OK,430000,0.29
13066,France,Food & Refreshment,10.5,7,Standard,28,13.44,28.0,OK,430000,0.29
13067,UK,Food & Refreshment,11.01,6,Standard,28,14.0928,28.0,OK,520000,0.32
13068,UK,Personal Care,10.62,1,Value,15,12.213,14.99999999999999,OK,520000,0.32
13069,Spain,Personal Care,5.01,6,Standard,30,6.513,30.0,OK,410000,0.3
13070,France,Personal Care,1.95,7,Standard,30,2.535,30.0,OK,430000,0.29
13071,UK,Home Care,4.45,4,Standard,25,5.5625,25.0,OK,520000,0.32
13072,France,Personal Care,12.56,8,Premium,60,20.096,60.00000000000003,OK,430000,0.29
13073,Germany,Food & Refreshment,14.72,8,Premium,55,22.816,55.00000000000001,OK,460000,0.31
13074,Germany,Food & Refreshment,7.66,7,Standard,28,9.8048,28.0,OK,460000,0.31
13075,Germany,Personal Care,0.64,2,Value,15,0.736,14.99999999999999,OK,460000,0.31
13076,Spain,Personal Care,2.53,6,Standard,30,3.289,30.0,OK,410000,0.3
13077,France,Food & Refreshment,5.17,6,Standard,28,6.6176,28.0,OK,430000,0.29
13078,Germany,Personal Care,8.89,7,Standard,30,11.557,30.0,OK,460000,0.31
13079,UK,Food & Refreshment,1.59,6,Standard,28,2.0352,28.0,OK,520000,0.32
13080,Germany,Home Care,14.18,2,Value,10,15.598,10.00000000000001,OK,460000,0.31
13081,Germany,Food & Refreshment,5.79,8,Premium,55,8.9745,55.00000000000001,OK,460000,0.31
13082,Germany,Home Care,13.73,4,Standard,25,17.1625,25.0,OK,460000,0.31
13083,Spain,Personal Care,11.82,9,Premium,60,18.912,60.00000000000001,OK,410000,0.3
13084,UK,Personal Care,11.45,8,Premium,60,18.32,60.00000000000001,OK,520000,0.32
13085,France,Home Care,9.3,3,Value,10,10.23,10.00000000000001,OK,430000,0.29
13086,UK,Personal Care,9.59,3,Value,15,11.0285,14.99999999999999,OK,520000,0.32
13087,France,Home Care,9.75,8,Premium,50,14.625,50.0,OK,430000,0.29
13088,Spain,Personal Care,9.62,2,Value,15,11.063,14.99999999999999,OK,410000,0.3
13089,Spain,Food & Refreshment,8.53,9,Premium,55,13.2215,55.00000000000001,OK,410000,0.3
13090,Spain,Personal Care,14.8,4,Standard,30,19.24,30.0,OK,410000,0.3
13091,Spain,Food & Refreshment,11.12,6,Standard,28,14.2336,28.0,OK,410000,0.3
13092,France,Food & Refreshment,11.77,3,Value,12,13.1824,12.00000000000001,OK,430000,0.29
13093,Germany,Home Care,13.15,3,Value,10,14.465,10.00000000000001,OK,460000,0.31
13094,France,Personal Care,3.63,3,Value,15,4.174499999999999,14.99999999999999,OK,430000,0.29
13095,UK,Home Care,1.72,10,Premium,50,2.58,50.0,OK,520000,0.32
13096,Spain,Personal Care,7.5,2,Value,15,8.625,14.99999999999999,OK,410000,0.3
13097,Spain,Food & Refreshment,7.95,8,Premium,55,12.3225,55.00000000000001,OK,410000,0.3
13098,UK,Food & Refreshment,12.52,9,Premium,55,19.406,55.00000000000001,OK,520000,0.32
13099,France,Personal Care,6.93,8,Premium,60,11.088,60.00000000000003,OK,430000,0.29
13100,Germany,Personal Care,8.78,10,Premium,60,14.048,60.00000000000001,OK,460000,0.31
13101,Germany,Home Care,8.14,3,Value,10,8.954,10.00000000000001,OK,460000,0.31
13102,UK,Personal Care,1.05,7,Standard,30,1.365,30.0,OK,520000,0.32
13103,Germany,Personal Care,9.42,10,Premium,60,15.072,60.00000000000001,OK,460000,0.31
13104,France,Personal Care,12.51,2,Value,15,14.3865,14.99999999999999,OK,430000,0.29
13105,France,Home Care,2.78,4,Standard,25,3.475,25.0,OK,430000,0.29
13106,UK,Personal Care,9.12,6,Standard,30,11.856,30.0,OK,520000,0.32
13107,France,Food & Refreshment,9.11,5,Standard,28,11.6608,28.0,OK,430000,0.29
13108,Spain,Home Care,2.88,9,Premium,50,4.32,50.00000000000002,OK,410000,0.3
13109,UK,Home Care,2.29,10,Premium,50,3.435,50.0,OK,520000,0.32
13110,France,Food & Refreshment,14.71,4,Standard,28,18.8288,28.0,OK,430000,0.29
13111,UK,Food & Refreshment,6.21,5,Standard,28,7.9488,28.0,OK,520000,0.32
13112,Germany,Food & Refreshment,3.8,4,Standard,28,4.864,28.0,OK,460000,0.31
13113,France,Personal Care,2.98,8,Premium,60,4.768,59.99999999999999,OK,430000,0.29
13114,Spain,Food & Refreshment,10.18,8,Premium,55,15.779,55.00000000000001,OK,410000,0.3
13115,France,Personal Care,9.34,3,Value,15,10.741,14.99999999999999,OK,430000,0.29
13116,UK,Home Care,9.83,1,Value,10,10.813,10.00000000000001,OK,520000,0.32
13117,UK,Home Care,1.78,6,Standard,25,2.225,25.0,OK,520000,0.32
13118,France,Food & Refreshment,13.46,2,Value,12,15.0752,12.00000000000001,OK,430000,0.29
13119,Spain,Personal Care,6.14,2,Value,15,7.060999999999999,14.99999999999999,OK,410000,0.3
13120,Spain,Food & Refreshment,5.04,3,Value,12,5.644800000000001,12.00000000000001,OK,410000,0.3
13121,Spain,Food & Refreshment,7.2,8,Premium,55,11.16,55.00000000000001,OK,410000,0.3
13122,UK,Personal Care,6.16,3,Value,15,7.084,14.99999999999999,OK,520000,0.32
13123,France,Food & Refreshment,13.02,7,Standard,28,16.6656,28.00000000000002,OK,430000,0.29
13124,Germany,Home Care,13.97,10,Premium,50,20.955,50.0,OK,460000,0.31
13125,UK,Food & Refreshment,4.9,10,Premium,55,7.595000000000001,55.00000000000001,OK,520000,0.32
13126,Spain,Personal Care,13.03,9,Premium,60,20.848,60.00000000000001,OK,410000,0.3
13127,France,Personal Care,11.83,8,Premium,60,18.928,60.00000000000001,OK,430000,0.29
13128,Spain,Home Care,14.0,1,Value,10,15.4,10.00000000000001,OK,410000,0.3
13129,Germany,Personal Care,4.06,7,Standard,30,5.278,30.0,OK,460000,0.31
13130,Spain,Personal Care,8.87,7,Standard,30,11.531,30.0,OK,410000,0.3
13131,Spain,Home Care,4.48,8,Premium,50,6.720000000000001,50.0,OK,410000,0.3
13132,Germany,Food & Refreshment,12.45,10,Premium,55,19.2975,55.00000000000001,OK,460000,0.31
13133,France,Home Care,0.58,5,Standard,25,0.725,25.0,OK,430000,0.29
13134,UK,Food & Refreshment,8.69,10,Premium,55,13.4695,55.00000000000001,OK,520000,0.32
13135,France,Home Care,5.42,9,Premium,50,8.129999999999999,49.99999999999998,OK,430000,0.29
13136,Germany,Food & Refreshment,5.18,9,Premium,55,8.029,55.00000000000001,OK,460000,0.31
13137,Spain,Home Care,9.85,8,Premium,50,14.775,50.0,OK,410000,0.3
13138,France,Food & Refreshment,12.85,6,Standard,28,16.448,28.0,OK,430000,0.29
13139,UK,Home Care,9.33,6,Standard,25,11.6625,25.0,OK,520000,0.32
13140,Germany,Food & Refreshment,12.87,1,Value,12,14.4144,12.00000000000001,OK,460000,0.31
13141,France,Home Care,4.34,6,Standard,25,5.425,25.0,OK,430000,0.29
13142,UK,Personal Care,8.03,4,Standard,30,10.439,30.0,OK,520000,0.32
13143,Germany,Food & Refreshment,7.03,4,Standard,28,8.9984,28.0,OK,460000,0.31
13144,UK,Home Care,0.67,2,Value,10,0.7370000000000001,10.00000000000001,OK,520000,0.32
13145,Germany,Food & Refreshment,8.57,4,Standard,28,10.9696,28.0,OK,460000,0.31
13146,Spain,Food & Refreshment,10.09,5,Standard,28,12.9152,28.0,OK,410000,0.3
13147,France,Home Care,9.08,5,Standard,25,11.35,25.0,OK,430000,0.29
13148,UK,Food & Refreshment,11.18,5,Standard,28,14.3104,28.0,OK,520000,0.32
13149,Germany,Home Care,8.78,4,Standard,25,10.975,25.0,OK,460000,0.31
13150,UK,Personal Care,1.47,1,Value,15,1.6905,14.99999999999999,OK,520000,0.32
13151,UK,Food & Refreshment,2.19,10,Premium,55,3.3945,55.00000000000001,OK,520000,0.32
13152,France,Personal Care,9.15,8,Premium,60,14.64,60.00000000000001,OK,430000,0.29
13153,Spain,Food & Refreshment,4.49,3,Value,12,5.0288,12.00000000000001,OK,410000,0.3
13154,UK,Food & Refreshment,1.65,2,Value,12,1.848,12.00000000000001,OK,520000,0.32
13155,Germany,Food & Refreshment,6.73,9,Premium,55,10.4315,55.00000000000001,OK,460000,0.31
13156,Germany,Home Care,8.54,7,Standard,25,10.675,25.0,OK,460000,0.31
13157,Spain,Personal Care,5.27,9,Premium,60,8.432,60.00000000000003,OK,410000,0.3
13158,Germany,Food & Refreshment,10.95,2,Value,12,12.264,12.00000000000001,OK,460000,0.31
13159,Spain,Home Care,9.83,9,Premium,50,14.745,50.0,OK,410000,0.3
13160,Germany,Food & Refreshment,5.33,10,Premium,55,8.2615,55.00000000000001,OK,460000,0.31
13161,France,Home Care,11.45,9,Premium,50,17.175,49.99999999999998,OK,430000,0.29
13162,UK,Food & Refreshment,9.91,9,Premium,55,15.3605,55.00000000000001,OK,520000,0.32
13163,France,Personal Care,9.74,10,Premium,60,15.584,60.00000000000001,OK,430000,0.29
13164,UK,Personal Care,8.52,10,Premium,60,13.632,60.00000000000001,OK,520000,0.32
13165,UK,Food & Refreshment,0.67,4,Standard,28,0.8576,28.0,OK,520000,0.32
13166,UK,Home Care,10.6,10,Premium,50,15.9,50.0,OK,520000,0.32
13167,France,Food & Refreshment,5.95,3,Value,12,6.664000000000001,12.00000000000001,OK,430000,0.29
13168,UK,Home Care,14.17,6,Standard,25,17.7125,25.0,OK,520000,0.32
13169,France,Food & Refreshment,12.36,3,Value,12,13.8432,12.00000000000001,OK,430000,0.29
13170,Spain,Home Care,9.02,9,Premium,50,13.53,50.0,OK,410000,0.3
13171,Germany,Personal Care,4.16,3,Value,15,4.784,14.99999999999999,OK,460000,0.31
13172,Germany,Food & Refreshment,3.45,2,Value,12,3.864000000000001,12.00000000000001,OK,460000,0.31
13173,UK,Personal Care,5.44,8,Premium,60,8.704,60.00000000000001,OK,520000,0.32
13174,France,Personal Care,7.41,6,Standard,30,9.633000000000001,30.0,OK,430000,0.29
13175,Germany,Food & Refreshment,4.79,8,Premium,55,7.4245,55.00000000000001,OK,460000,0.31
13176,France,Food & Refreshment,7.97,7,Standard,28,10.2016,28.0,OK,430000,0.29
13177,France,Home Care,2.9,3,Value,10,3.19,10.00000000000001,OK,430000,0.29
13178,UK,Home Care,14.68,8,Premium,50,22.02,50.0,OK,520000,0.32
13179,Germany,Personal Care,2.06,10,Premium,60,3.296,60.00000000000001,OK,460000,0.31
13180,UK,Home Care,14.01,1,Value,10,15.411,10.00000000000001,OK,520000,0.32
13181,UK,Home Care,13.75,1,Value,10,15.125,10.00000000000001,OK,520000,0.32
13182,Germany,Food & Refreshment,8.12,10,Premium,55,12.586,55.00000000000001,OK,460000,0.31
13183,Germany,Home Care,11.01,8,Premium,50,16.515,50.0,OK,460000,0.31
13184,Spain,Personal Care,6.82,9,Premium,60,10.912,60.00000000000001,OK,410000,0.3
13185,Spain,Home Care,9.64,10,Premium,50,14.46,50.0,OK,410000,0.3
13186,France,Personal Care,5.44,6,Standard,30,7.072000000000001,30.0,OK,430000,0.29
13187,Germany,Food & Refreshment,4.87,5,Standard,28,6.2336,28.0,OK,460000,0.31
13188,Spain,Personal Care,8.88,2,Value,15,10.212,14.99999999999999,OK,410000,0.3
13189,France,Home Care,7.72,9,Premium,50,11.58,50.0,OK,430000,0.29
13190,France,Food & Refreshment,8.9,6,Standard,28,11.392,28.0,OK,430000,0.29
13191,France,Home Care,4.66,8,Premium,50,6.99,50.0,OK,430000,0.29
13192,Spain,Food & Refreshment,5.82,9,Premium,55,9.021,55.00000000000001,OK,410000,0.3
13193,Germany,Food & Refreshment,1.72,9,Premium,55,2.666,55.00000000000001,OK,460000,0.31
13194,UK,Home Care,1.26,8,Premium,50,1.89,50.0,OK,520000,0.32
13195,France,Home Care,4.18,10,Premium,50,6.27,50.0,OK,430000,0.29
13196,Spain,Food & Refreshment,1.58,8,Premium,55,2.449,55.00000000000001,OK,410000,0.3
13197,Spain,Food & Refreshment,2.0,3,Value,12,2.24,12.00000000000001,OK,410000,0.3
13198,UK,Home Care,12.29,3,Value,10,13.519,10.00000000000001,OK,520000,0.32
13199,UK,Personal Care,1.06,2,Value,15,1.219,14.99999999999999,OK,520000,0.32
13200,Spain,Home Care,10.05,1,Value,10,11.055,10.00000000000001,OK,410000,0.3
13201,Germany,Food & Refreshment,4.45,4,Standard,28,5.696000000000001,28.0,OK,460000,0.31
13202,UK,Home Care,13.14,2,Value,10,14.454,10.00000000000001,OK,520000,0.32
13203,Spain,Personal Care,7.53,2,Value,15,8.6595,14.99999999999999,OK,410000,0.3
13204,UK,Home Care,4.93,5,Standard,25,6.1625,25.0,OK,520000,0.32
13205,Germany,Food & Refreshment,8.01,4,Standard,28,10.2528,28.0,OK,460000,0.31
13206,France,Home Care,6.04,1,Value,10,6.644000000000001,10.00000000000001,OK,430000,0.29
13207,UK,Food & Refreshment,8.68,9,Premium,55,13.454,55.00000000000001,OK,520000,0.32
13208,Germany,Food & Refreshment,2.16,4,Standard,28,2.7648,28.0,OK,460000,0.31
13209,Spain,Home Care,14.96,5,Standard,25,18.7,25.00000000000002,OK,410000,0.3
13210,UK,Food & Refreshment,6.67,7,Standard,28,8.5376,28.0,OK,520000,0.32
13211,UK,Food & Refreshment,5.55,2,Value,12,6.216,12.00000000000001,OK,520000,0.32
13212,Spain,Personal Care,10.8,8,Premium,60,17.28,60.00000000000001,OK,410000,0.3
13213,France,Personal Care,5.78,2,Value,15,6.646999999999999,14.99999999999999,OK,430000,0.29
13214,Spain,Personal Care,12.58,10,Premium,60,20.128,60.00000000000001,OK,410000,0.3
13215,UK,Personal Care,7.09,5,Standard,30,9.217,30.0,OK,520000,0.32
13216,Spain,Food & Refreshment,10.93,2,Value,12,12.2416,12.00000000000001,OK,410000,0.3
13217,Germany,Home Care,2.06,2,Value,10,2.266,10.00000000000001,OK,460000,0.31
13218,Spain,Food & Refreshment,12.77,4,Standard,28,16.3456,28.0,OK,410000,0.3
13219,UK,Food & Refreshment,11.17,4,Standard,28,14.2976,28.0,OK,520000,0.32
13220,Spain,Food & Refreshment,3.57,8,Premium,55,5.5335,55.00000000000001,OK,410000,0.3
13221,France,Home Care,2.61,6,Standard,25,3.2625,25.0,OK,430000,0.29
13222,Spain,Personal Care,5.09,10,Premium,60,8.144,60.00000000000001,OK,410000,0.3
13223,France,Food & Refreshment,14.65,8,Premium,55,22.7075,54.99999999999999,OK,430000,0.29
13224,Germany,Food & Refreshment,4.22,7,Standard,28,5.4016,28.0,OK,460000,0.31
13225,France,Personal Care,7.11,10,Premium,60,11.376,60.00000000000001,OK,430000,0.29
13226,Spain,Food & Refreshment,0.94,4,Standard,28,1.2032,28.0,OK,410000,0.3
13227,UK,Home Care,6.26,2,Value,10,6.886,10.00000000000001,OK,520000,0.32
13228,France,Food & Refreshment,8.78,9,Premium,55,13.609,55.00000000000001,OK,430000,0.29
13229,Germany,Food & Refreshment,14.32,2,Value,12,16.0384,12.00000000000001,OK,460000,0.31
13230,France,Personal Care,7.99,1,Value,15,9.1885,14.99999999999999,OK,430000,0.29
13231,France,Food & Refreshment,12.38,8,Premium,55,19.189,54.99999999999999,OK,430000,0.29
13232,France,Food & Refreshment,8.43,10,Premium,55,13.0665,55.00000000000001,OK,430000,0.29
13233,Germany,Home Care,1.09,9,Premium,50,1.635,50.0,OK,460000,0.31
13234,Spain,Personal Care,5.07,1,Value,15,5.8305,14.99999999999999,OK,410000,0.3
13235,France,Personal Care,8.85,7,Standard,30,11.505,30.0,OK,430000,0.29
13236,France,Home Care,14.28,2,Value,10,15.708,10.00000000000001,OK,430000,0.29
13237,UK,Food & Refreshment,12.96,6,Standard,28,16.5888,28.0,OK,520000,0.32
13238,Germany,Personal Care,3.81,5,Standard,30,4.953,30.0,OK,460000,0.31
13239,France,Personal Care,3.69,1,Value,15,4.2435,15.00000000000001,OK,430000,0.29
13240,Germany,Food & Refreshment,3.42,2,Value,12,3.8304,12.00000000000001,OK,460000,0.31
13241,France,Food & Refreshment,13.88,2,Value,12,15.5456,12.00000000000001,OK,430000,0.29
13242,Spain,Personal Care,12.86,10,Premium,60,20.576,60.00000000000001,OK,410000,0.3
13243,Spain,Food & Refreshment,11.74,10,Premium,55,18.197,54.99999999999999,OK,410000,0.3
13244,France,Personal Care,6.19,6,Standard,30,8.047,30.0,OK,430000,0.29
13245,Spain,Food & Refreshment,7.81,1,Value,12,8.747200000000001,12.00000000000001,OK,410000,0.3
13246,France,Food & Refreshment,7.23,4,Standard,28,9.2544,28.0,OK,430000,0.29
13247,Spain,Home Care,4.17,10,Premium,50,6.255,50.0,OK,410000,0.3
13248,UK,Food & Refreshment,7.82,5,Standard,28,10.0096,28.0,OK,520000,0.32
13249,UK,Home Care,0.94,2,Value,10,1.034,10.00000000000001,OK,520000,0.32
13250,UK,Food & Refreshment,2.41,2,Value,12,2.6992,12.00000000000001,OK,520000,0.32
13251,Germany,Personal Care,13.36,7,Standard,30,17.368,30.0,OK,460000,0.31
13252,Germany,Personal Care,11.4,7,Standard,30,14.82,30.0,OK,460000,0.31
13253,UK,Food & Refreshment,6.63,6,Standard,28,8.4864,28.0,OK,520000,0.32
13254,Germany,Food & Refreshment,8.0,1,Value,12,8.96,12.00000000000001,OK,460000,0.31
13255,Spain,Personal Care,5.86,3,Value,15,6.739,14.99999999999999,OK,410000,0.3
13256,France,Food & Refreshment,11.24,9,Premium,55,17.422,55.00000000000001,OK,430000,0.29
13257,France,Home Care,11.87,10,Premium,50,17.805,50.0,OK,430000,0.29
13258,France,Home Care,11.57,1,Value,10,12.727,10.00000000000001,OK,430000,0.29
13259,UK,Home Care,10.98,2,Value,10,12.078,10.00000000000001,OK,520000,0.32
13260,Germany,Home Care,3.47,8,Premium,50,5.205,50.0,OK,460000,0.31
13261,Spain,Home Care,5.4,7,Standard,25,6.75,25.0,OK,410000,0.3
13262,Spain,Food & Refreshment,7.31,9,Premium,55,11.3305,54.99999999999999,OK,410000,0.3
13263,UK,Food & Refreshment,5.3,10,Premium,55,8.215,55.00000000000001,OK,520000,0.32
13264,Spain,Home Care,11.45,4,Standard,25,14.3125,25.0,OK,410000,0.3
13265,Spain,Food & Refreshment,5.28,4,Standard,28,6.758400000000001,28.0,OK,410000,0.3
13266,Spain,Food & Refreshment,2.5,7,Standard,28,3.2,28.0,OK,410000,0.3
13267,Spain,Home Care,6.29,1,Value,10,6.919,10.00000000000001,OK,410000,0.3
13268,Germany,Food & Refreshment,14.71,10,Premium,55,22.8005,55.00000000000001,OK,460000,0.31
13269,Spain,Food & Refreshment,3.78,9,Premium,55,5.859,55.00000000000001,OK,410000,0.3
13270,France,Food & Refreshment,9.38,2,Value,12,10.5056,12.00000000000001,OK,430000,0.29
13271,UK,Home Care,6.78,1,Value,10,7.458000000000001,10.00000000000001,OK,520000,0.32
13272,Germany,Food & Refreshment,1.53,7,Standard,28,1.9584,28.0,OK,460000,0.31
13273,Spain,Personal Care,7.57,6,Standard,30,9.841000000000001,30.0,OK,410000,0.3
13274,Germany,Personal Care,10.68,3,Value,15,12.282,14.99999999999999,OK,460000,0.31
13275,Spain,Home Care,7.94,1,Value,10,8.734000000000002,10.00000000000001,OK,410000,0.3
13276,France,Personal Care,13.15,5,Standard,30,17.095,30.0,OK,430000,0.29
13277,UK,Home Care,4.69,10,Premium,50,7.035,50.0,OK,520000,0.32
13278,Spain,Personal Care,1.75,4,Standard,30,2.275,30.0,OK,410000,0.3
13279,Spain,Personal Care,14.08,5,Standard,30,18.304,30.0,OK,410000,0.3
13280,Spain,Personal Care,5.98,1,Value,15,6.877,14.99999999999999,OK,410000,0.3
13281,Spain,Home Care,8.86,1,Value,10,9.746,10.00000000000001,OK,410000,0.3
13282,UK,Home Care,11.98,5,Standard,25,14.975,25.0,OK,520000,0.32
13283,UK,Food & Refreshment,5.2,6,Standard,28,6.656000000000001,28.0,OK,520000,0.32
13284,France,Home Care,10.88,5,Standard,25,13.6,25.0,OK,430000,0.29
13285,UK,Personal Care,2.46,2,Value,15,2.829,14.99999999999999,OK,520000,0.32
13286,Spain,Personal Care,4.72,9,Premium,60,7.552,60.00000000000001,OK,410000,0.3
13287,France,Home Care,2.6,5,Standard,25,3.25,25.0,OK,430000,0.29
13288,France,Home Care,12.26,5,Standard,25,15.325,25.0,OK,430000,0.29
13289,France,Home Care,3.73,10,Premium,50,5.595,50.0,OK,430000,0.29
13290,Spain,Food & Refreshment,10.9,9,Premium,55,16.895,54.99999999999999,OK,410000,0.3
13291,Germany,Personal Care,14.18,3,Value,15,16.307,14.99999999999999,OK,460000,0.31
13292,Spain,Food & Refreshment,8.15,5,Standard,28,10.432,28.0,OK,410000,0.3
13293,UK,Food & Refreshment,8.33,5,Standard,28,10.6624,28.0,OK,520000,0.32
13294,UK,Personal Care,7.18,2,Value,15,8.257,14.99999999999999,OK,520000,0.32
13295,Spain,Personal Care,5.23,4,Standard,30,6.799,30.0,OK,410000,0.3
13296,Spain,Home Care,7.4,2,Value,10,8.14,10.00000000000001,OK,410000,0.3
13297,France,Home Care,9.24,5,Standard,25,11.55,25.0,OK,430000,0.29
13298,Spain,Food & Refreshment,14.8,10,Premium,55,22.94,55.00000000000001,OK,410000,0.3
13299,France,Home Care,14.1,2,Value,10,15.51,10.00000000000001,OK,430000,0.29
13300,UK,Home Care,13.0,10,Premium,50,19.5,50.0,OK,520000,0.32
13301,France,Personal Care,13.39,9,Premium,60,21.424,60.00000000000001,OK,430000,0.29
13302,Spain,Personal Care,7.28,10,Premium,60,11.648,60.00000000000001,OK,410000,0.3
13303,UK,Home Care,10.03,6,Standard,25,12.5375,25.0,OK,520000,0.32
13304,Germany,Personal Care,13.48,8,Premium,60,21.568,60.00000000000001,OK,460000,0.31
13305,France,Home Care,6.2,9,Premium,50,9.3,50.0,OK,430000,0.29
13306,UK,Personal Care,14.45,8,Premium,60,23.12,60.00000000000001,OK,520000,0.32
13307,France,Personal Care,6.53,5,Standard,30,8.489,30.0,OK,430000,0.29
13308,UK,Personal Care,9.22,5,Standard,30,11.986,30.0,OK,520000,0.32
13309,UK,Personal Care,10.79,6,Standard,30,14.027,30.0,OK,520000,0.32
13310,France,Home Care,14.28,1,Value,10,15.708,10.00000000000001,OK,430000,0.29
13311,Germany,Food & Refreshment,4.05,8,Premium,55,6.2775,55.00000000000001,OK,460000,0.31
13312,UK,Personal Care,11.32,2,Value,15,13.018,14.99999999999999,OK,520000,0.32
13313,UK,Home Care,8.05,6,Standard,25,10.0625,25.0,OK,520000,0.32
13314,UK,Home Care,4.39,9,Premium,50,6.584999999999999,50.0,OK,520000,0.32
13315,Germany,Personal Care,11.76,3,Value,15,13.524,14.99999999999999,OK,460000,0.31
13316,Germany,Food & Refreshment,8.51,2,Value,12,9.5312,12.00000000000001,OK,460000,0.31
13317,Spain,Personal Care,10.08,10,Premium,60,16.128,60.00000000000001,OK,410000,0.3
13318,France,Home Care,5.18,5,Standard,25,6.475,25.0,OK,430000,0.29
13319,Germany,Food & Refreshment,7.48,9,Premium,55,11.594,55.00000000000001,OK,460000,0.31
13320,France,Home Care,9.45,6,Standard,25,11.8125,25.0,OK,430000,0.29
13321,Spain,Personal Care,6.37,8,Premium,60,10.192,60.00000000000001,OK,410000,0.3
13322,France,Food & Refreshment,3.38,8,Premium,55,5.239,55.00000000000001,OK,430000,0.29
13323,Germany,Home Care,14.44,7,Standard,25,18.05,25.0,OK,460000,0.31
13324,France,Home Care,7.92,5,Standard,25,9.9,25.0,OK,430000,0.29
13325,Germany,Home Care,11.14,2,Value,10,12.254,10.00000000000001,OK,460000,0.31
13326,France,Personal Care,6.46,10,Premium,60,10.336,60.00000000000001,OK,430000,0.29
13327,Germany,Food & Refreshment,5.65,10,Premium,55,8.7575,55.00000000000001,OK,460000,0.31
13328,Germany,Personal Care,6.4,5,Standard,30,8.32,30.0,OK,460000,0.31
13329,France,Personal Care,6.43,7,Standard,30,8.359,30.0,OK,430000,0.29
13330,Spain,Personal Care,8.39,7,Standard,30,10.907,30.0,OK,410000,0.3
13331,UK,Food & Refreshment,8.38,2,Value,12,9.385600000000002,12.00000000000001,OK,520000,0.32
13332,Spain,Personal Care,7.71,7,Standard,30,10.023,30.0,OK,410000,0.3
13333,France,Personal Care,2.45,6,Standard,30,3.185,30.0,OK,430000,0.29
13334,Spain,Personal Care,7.69,7,Standard,30,9.997000000000002,30.0,OK,410000,0.3
13335,Germany,Personal Care,2.95,8,Premium,60,4.720000000000001,60.00000000000001,OK,460000,0.31
13336,UK,Home Care,2.33,4,Standard,25,2.9125,25.0,OK,520000,0.32
13337,France,Personal Care,14.02,1,Value,15,16.123,14.99999999999999,OK,430000,0.29
13338,France,Home Care,9.27,8,Premium,50,13.905,50.0,OK,430000,0.29
13339,France,Personal Care,10.06,8,Premium,60,16.096,59.99999999999999,OK,430000,0.29
13340,UK,Food & Refreshment,6.33,3,Value,12,7.089600000000001,12.00000000000001,OK,520000,0.32
13341,Germany,Home Care,13.68,3,Value,10,15.048,10.00000000000001,OK,460000,0.31
13342,France,Home Care,9.75,5,Standard,25,12.1875,25.0,OK,430000,0.29
13343,Spain,Home Care,11.65,3,Value,10,12.815,10.00000000000001,OK,410000,0.3
13344,France,Home Care,5.84,5,Standard,25,7.3,25.0,OK,430000,0.29
13345,France,Food & Refreshment,14.42,8,Premium,55,22.351,55.00000000000001,OK,430000,0.29
13346,France,Personal Care,12.4,1,Value,15,14.26,14.99999999999999,OK,430000,0.29
13347,France,Home Care,12.88,2,Value,10,14.168,10.00000000000001,OK,430000,0.29
13348,Germany,Food & Refreshment,3.0,2,Value,12,3.36,12.00000000000001,OK,460000,0.31
13349,Spain,Home Care,4.43,4,Standard,25,5.5375,25.0,OK,410000,0.3
13350,Germany,Personal Care,4.64,9,Premium,60,7.423999999999999,60.00000000000001,OK,460000,0.31
13351,Spain,Home Care,4.43,2,Value,10,4.873,10.00000000000001,OK,410000,0.3
13352,France,Food & Refreshment,12.9,9,Premium,55,19.995,55.00000000000001,OK,430000,0.29
13353,UK,Personal Care,0.96,7,Standard,30,1.248,30.0,OK,520000,0.32
13354,Germany,Food & Refreshment,1.6,10,Premium,55,2.48,55.00000000000003,OK,460000,0.31
13355,UK,Personal Care,4.47,8,Premium,60,7.152,60.00000000000001,OK,520000,0.32
13356,Germany,Personal Care,3.4,1,Value,15,3.91,14.99999999999999,OK,460000,0.31
13357,France,Personal Care,3.86,5,Standard,30,5.018,30.0,OK,430000,0.29
13358,Germany,Home Care,12.07,9,Premium,50,18.105,50.0,OK,460000,0.31
13359,France,Food & Refreshment,8.67,4,Standard,28,11.0976,28.0,OK,430000,0.29
13360,Germany,Food & Refreshment,0.58,2,Value,12,0.6496000000000001,12.00000000000001,OK,460000,0.31
13361,France,Food & Refreshment,6.73,6,Standard,28,8.614400000000002,28.00000000000002,OK,430000,0.29
13362,France,Personal Care,6.41,2,Value,15,7.371499999999999,14.99999999999999,OK,430000,0.29
13363,Spain,Home Care,2.15,3,Value,10,2.365,10.00000000000001,OK,410000,0.3
13364,France,Personal Care,10.3,8,Premium,60,16.48,59.99999999999999,OK,430000,0.29
13365,Spain,Food & Refreshment,10.68,3,Value,12,11.9616,12.00000000000001,OK,410000,0.3
13366,France,Home Care,10.95,2,Value,10,12.045,10.00000000000001,OK,430000,0.29
13367,UK,Home Care,11.06,6,Standard,25,13.825,25.0,OK,520000,0.32
13368,France,Home Care,0.5,3,Value,10,0.55,10.00000000000001,OK,430000,0.29
13369,UK,Food & Refreshment,14.33,1,Value,12,16.0496,12.00000000000001,OK,520000,0.32
13370,UK,Home Care,12.31,3,Value,10,13.541,10.00000000000001,OK,520000,0.32
13371,France,Home Care,13.61,6,Standard,25,17.0125,25.0,OK,430000,0.29
13372,UK,Personal Care,0.73,3,Value,15,0.8394999999999999,14.99999999999999,OK,520000,0.32
13373,Spain,Personal Care,14.04,9,Premium,60,22.464,60.00000000000001,OK,410000,0.3
13374,Germany,Home Care,12.24,7,Standard,25,15.3,25.0,OK,460000,0.31
13375,France,Home Care,12.64,5,Standard,25,15.8,25.0,OK,430000,0.29
13376,UK,Personal Care,1.85,2,Value,15,2.1275,14.99999999999999,OK,520000,0.32
13377,France,Personal Care,11.21,9,Premium,60,17.936,60.00000000000001,OK,430000,0.29
13378,Spain,Personal Care,14.42,5,Standard,30,18.746,30.00000000000003,OK,410000,0.3
13379,France,Food & Refreshment,10.34,7,Standard,28,13.2352,28.0,OK,430000,0.29
13380,France,Food & Refreshment,8.77,9,Premium,55,13.5935,55.00000000000001,OK,430000,0.29
13381,UK,Personal Care,14.21,4,Standard,30,18.473,30.0,OK,520000,0.32
13382,Spain,Home Care,6.92,9,Premium,50,10.38,49.99999999999998,OK,410000,0.3
13383,Germany,Personal Care,9.19,1,Value,15,10.5685,14.99999999999999,OK,460000,0.31
13384,Germany,Food & Refreshment,7.41,6,Standard,28,9.4848,28.0,OK,460000,0.31
13385,UK,Home Care,14.03,2,Value,10,15.433,10.00000000000001,OK,520000,0.32
13386,France,Food & Refreshment,1.6,8,Premium,55,2.48,55.00000000000003,OK,430000,0.29
13387,UK,Home Care,7.77,5,Standard,25,9.712499999999999,24.99999999999998,OK,520000,0.32
13388,UK,Food & Refreshment,10.46,3,Value,12,11.7152,12.00000000000001,OK,520000,0.32
13389,UK,Home Care,11.98,2,Value,10,13.178,10.00000000000001,OK,520000,0.32
13390,France,Home Care,8.95,8,Premium,50,13.425,50.0,OK,430000,0.29
13391,Spain,Home Care,13.68,7,Standard,25,17.1,25.00000000000002,OK,410000,0.3
13392,UK,Home Care,14.16,9,Premium,50,21.24,50.00000000000002,OK,520000,0.32
13393,France,Food & Refreshment,1.43,8,Premium,55,2.2165,55.00000000000001,OK,430000,0.29
13394,Spain,Food & Refreshment,6.33,4,Standard,28,8.1024,27.99999999999998,OK,410000,0.3
13395,UK,Home Care,0.84,2,Value,10,0.924,10.00000000000001,OK,520000,0.32
13396,Germany,Home Care,5.28,2,Value,10,5.808000000000001,10.00000000000001,OK,460000,0.31
13397,Spain,Food & Refreshment,8.28,2,Value,12,9.2736,12.00000000000001,OK,410000,0.3
13398,UK,Home Care,13.71,6,Standard,25,17.1375,25.00000000000002,OK,520000,0.32
13399,Spain,Home Care,12.78,7,Standard,25,15.975,25.0,OK,410000,0.3
13400,Spain,Home Care,2.35,6,Standard,25,2.9375,25.0,OK,410000,0.3
13401,Spain,Personal Care,1.85,2,Value,15,2.1275,14.99999999999999,OK,410000,0.3
13402,Spain,Home Care,9.04,4,Standard,25,11.3,25.0,OK,410000,0.3
13403,Spain,Personal Care,8.22,3,Value,15,9.453,14.99999999999999,OK,410000,0.3
13404,Spain,Home Care,4.36,4,Standard,25,5.45,25.0,OK,410000,0.3
13405,UK,Food & Refreshment,13.54,5,Standard,28,17.3312,28.0,OK,520000,0.32
13406,Germany,Personal Care,13.95,7,Standard,30,18.135,29.99999999999998,OK,460000,0.31
13407,France,Personal Care,6.34,9,Premium,60,10.144,60.00000000000001,OK,430000,0.29
13408,Spain,Home Care,13.41,2,Value,10,14.751,10.00000000000001,OK,410000,0.3
13409,France,Home Care,6.07,8,Premium,50,9.105,50.0,OK,430000,0.29
13410,UK,Personal Care,11.18,3,Value,15,12.857,14.99999999999999,OK,520000,0.32
13411,Spain,Food & Refreshment,7.4,9,Premium,55,11.47,55.00000000000001,OK,410000,0.3
13412,Germany,Food & Refreshment,2.28,10,Premium,55,3.534,55.00000000000001,OK,460000,0.31
13413,France,Home Care,13.96,4,Standard,25,17.45,25.00000000000002,OK,430000,0.29
13414,Spain,Food & Refreshment,7.08,3,Value,12,7.929600000000001,12.00000000000001,OK,410000,0.3
13415,UK,Food & Refreshment,11.15,10,Premium,55,17.2825,55.00000000000003,OK,520000,0.32
13416,Germany,Home Care,5.82,6,Standard,25,7.275,25.0,OK,460000,0.31
13417,France,Food & Refreshment,0.77,10,Premium,55,1.1935,55.00000000000001,OK,430000,0.29
13418,France,Home Care,1.96,9,Premium,50,2.94,50.0,OK,430000,0.29
13419,Spain,Personal Care,7.7,7,Standard,30,10.01,30.0,OK,410000,0.3
13420,Germany,Home Care,10.5,4,Standard,25,13.125,25.0,OK,460000,0.31
13421,Germany,Personal Care,5.35,3,Value,15,6.152499999999999,14.99999999999999,OK,460000,0.31
13422,Germany,Personal Care,10.58,10,Premium,60,16.928,60.00000000000001,OK,460000,0.31
13423,Germany,Food & Refreshment,10.63,4,Standard,28,13.6064,28.0,OK,460000,0.31
13424,UK,Food & Refreshment,10.71,3,Value,12,11.9952,12.00000000000001,OK,520000,0.32
13425,Germany,Food & Refreshment,7.64,3,Value,12,8.5568,12.00000000000001,OK,460000,0.31
13426,France,Home Care,13.77,9,Premium,50,20.655,50.00000000000002,OK,430000,0.29
13427,France,Food & Refreshment,7.59,4,Standard,28,9.7152,28.0,OK,430000,0.29
13428,UK,Personal Care,7.03,9,Premium,60,11.248,60.00000000000001,OK,520000,0.32
13429,France,Food & Refreshment,3.39,10,Premium,55,5.2545,55.00000000000001,OK,430000,0.29
13430,France,Food & Refreshment,4.96,5,Standard,28,6.3488,28.0,OK,430000,0.29
13431,Germany,Home Care,1.11,7,Standard,25,1.3875,25.0,OK,460000,0.31
13432,France,Home Care,9.69,5,Standard,25,12.1125,25.0,OK,430000,0.29
13433,UK,Personal Care,4.1,1,Value,15,4.714999999999999,14.99999999999999,OK,520000,0.32
13434,Germany,Home Care,4.91,2,Value,10,5.401000000000001,10.00000000000001,OK,460000,0.31
13435,Spain,Food & Refreshment,11.68,5,Standard,28,14.9504,28.0,OK,410000,0.3
13436,Germany,Home Care,5.24,6,Standard,25,6.550000000000001,25.0,OK,460000,0.31
13437,UK,Personal Care,4.01,7,Standard,30,5.213,30.0,OK,520000,0.32
13438,Germany,Food & Refreshment,2.95,2,Value,12,3.304000000000001,12.00000000000001,OK,460000,0.31
13439,Germany,Personal Care,11.74,10,Premium,60,18.784,60.00000000000001,OK,460000,0.31
13440,UK,Home Care,2.38,9,Premium,50,3.57,50.0,OK,520000,0.32
13441,Germany,Home Care,7.08,6,Standard,25,8.85,25.0,OK,460000,0.31
13442,UK,Personal Care,7.85,2,Value,15,9.027499999999998,14.99999999999999,OK,520000,0.32
13443,UK,Food & Refreshment,10.47,2,Value,12,11.7264,12.00000000000001,OK,520000,0.32
13444,Spain,Home Care,9.68,3,Value,10,10.648,10.00000000000001,OK,410000,0.3
13445,France,Home Care,12.26,1,Value,10,13.486,10.00000000000001,OK,430000,0.29
13446,France,Food & Refreshment,1.15,9,Premium,55,1.7825,55.00000000000001,OK,430000,0.29
13447,Germany,Home Care,4.8,10,Premium,50,7.199999999999999,50.0,OK,460000,0.31
13448,Germany,Personal Care,4.56,4,Standard,30,5.928,30.0,OK,460000,0.31
13449,Spain,Home Care,2.62,5,Standard,25,3.275,25.0,OK,410000,0.3
13450,Spain,Home Care,4.69,7,Standard,25,5.862500000000001,25.0,OK,410000,0.3
13451,Spain,Food & Refreshment,4.99,1,Value,12,5.588800000000001,12.00000000000001,OK,410000,0.3
13452,UK,Personal Care,8.07,3,Value,15,9.2805,14.99999999999999,OK,520000,0.32
13453,Spain,Food & Refreshment,10.12,3,Value,12,11.3344,12.00000000000001,OK,410000,0.3
13454,Spain,Home Care,6.03,2,Value,10,6.633000000000001,10.00000000000001,OK,410000,0.3
13455,Germany,Home Care,10.93,8,Premium,50,16.395,50.0,OK,460000,0.31
13456,Spain,Food & Refreshment,5.37,5,Standard,28,6.873600000000001,28.0,OK,410000,0.3
13457,UK,Food & Refreshment,4.71,1,Value,12,5.275200000000001,12.00000000000001,OK,520000,0.32
13458,UK,Food & Refreshment,8.35,2,Value,12,9.352,12.00000000000001,OK,520000,0.32
13459,Germany,Personal Care,0.84,1,Value,15,0.9659999999999999,14.99999999999999,OK,460000,0.31
13460,Spain,Home Care,1.66,6,Standard,25,2.075,25.0,OK,410000,0.3
13461,Spain,Food & Refreshment,6.56,9,Premium,55,10.168,55.00000000000001,OK,410000,0.3
13462,UK,Home Care,14.17,7,Standard,25,17.7125,25.0,OK,520000,0.32
13463,Spain,Personal Care,10.96,5,Standard,30,14.248,30.0,OK,410000,0.3
13464,Spain,Personal Care,1.78,3,Value,15,2.047,14.99999999999999,OK,410000,0.3
13465,Spain,Personal Care,12.77,8,Premium,60,20.432,60.00000000000003,OK,410000,0.3
13466,France,Personal Care,11.12,10,Premium,60,17.792,59.99999999999999,OK,430000,0.29
13467,Germany,Home Care,9.36,4,Standard,25,11.7,25.0,OK,460000,0.31
13468,France,Personal Care,12.39,9,Premium,60,19.824,60.00000000000001,OK,430000,0.29
13469,Germany,Personal Care,6.36,5,Standard,30,8.268,30.0,OK,460000,0.31
13470,UK,Food & Refreshment,3.71,6,Standard,28,4.7488,28.0,OK,520000,0.32
13471,Spain,Personal Care,7.92,5,Standard,30,10.296,29.99999999999998,OK,410000,0.3
13472,Germany,Food & Refreshment,8.46,10,Premium,55,13.113,55.00000000000001,OK,460000,0.31
13473,France,Personal Care,8.31,7,Standard,30,10.803,30.0,OK,430000,0.29
13474,Spain,Personal Care,8.69,7,Standard,30,11.297,30.0,OK,410000,0.3
13475,UK,Food & Refreshment,14.26,1,Value,12,15.9712,12.00000000000001,OK,520000,0.32
13476,Germany,Personal Care,13.58,2,Value,15,15.617,14.99999999999999,OK,460000,0.31
13477,Germany,Home Care,13.2,7,Standard,25,16.5,25.0,OK,460000,0.31
13478,Germany,Home Care,12.12,8,Premium,50,18.18,50.0,OK,460000,0.31
13479,Spain,Personal Care,14.18,4,Standard,30,18.434,30.0,OK,410000,0.3
13480,France,Home Care,1.93,6,Standard,25,2.4125,25.0,OK,430000,0.29
13481,France,Food & Refreshment,4.34,10,Premium,55,6.727,55.00000000000001,OK,430000,0.29
13482,Germany,Personal Care,7.68,3,Value,15,8.831999999999999,14.99999999999999,OK,460000,0.31
13483,UK,Personal Care,12.77,7,Standard,30,16.601,30.0,OK,520000,0.32
13484,UK,Food & Refreshment,7.82,3,Value,12,8.758400000000002,12.00000000000001,OK,520000,0.32
13485,France,Food & Refreshment,11.35,7,Standard,28,14.528,28.0,OK,430000,0.29
13486,UK,Food & Refreshment,2.51,8,Premium,55,3.8905,55.00000000000001,OK,520000,0.32
13487,France,Personal Care,4.16,3,Value,15,4.784,14.99999999999999,OK,430000,0.29
13488,Germany,Food & Refreshment,11.11,2,Value,12,12.4432,12.00000000000001,OK,460000,0.31
13489,France,Food & Refreshment,2.89,6,Standard,28,3.6992,28.0,OK,430000,0.29
13490,France,Home Care,5.59,4,Standard,25,6.9875,25.0,OK,430000,0.29
13491,Germany,Home Care,4.34,8,Premium,50,6.51,50.0,OK,460000,0.31
13492,UK,Personal Care,5.57,2,Value,15,6.4055,14.99999999999999,OK,520000,0.32
13493,France,Home Care,10.77,4,Standard,25,13.4625,25.0,OK,430000,0.29
13494,France,Home Care,5.83,2,Value,10,6.413,10.00000000000001,OK,430000,0.29
13495,Germany,Food & Refreshment,8.55,2,Value,12,9.576000000000002,12.00000000000001,OK,460000,0.31
13496,UK,Food & Refreshment,1.95,2,Value,12,2.184,12.00000000000001,OK,520000,0.32
13497,France,Home Care,12.17,1,Value,10,13.387,10.00000000000001,OK,430000,0.29
13498,Germany,Home Care,5.86,4,Standard,25,7.325,25.0,OK,460000,0.31
13499,France,Home Care,9.9,2,Value,10,10.89,10.00000000000001,OK,430000,0.29
13500,Spain,Personal Care,11.02,9,Premium,60,17.632,60.00000000000001,OK,410000,0.3
13501,Germany,Personal Care,3.54,9,Premium,60,5.664000000000001,60.00000000000001,OK,460000,0.31
13502,UK,Personal Care,13.33,7,Standard,30,17.329,30.0,OK,520000,0.32
13503,UK,Home Care,9.44,6,Standard,25,11.8,25.0,OK,520000,0.32
13504,UK,Home Care,6.72,3,Value,10,7.392,10.00000000000001,OK,520000,0.32
13505,UK,Personal Care,3.14,7,Standard,30,4.082000000000001,30.00000000000003,OK,520000,0.32
13506,France,Personal Care,14.16,1,Value,15,16.284,14.99999999999999,OK,430000,0.29
13507,France,Home Care,11.45,9,Premium,50,17.175,49.99999999999998,OK,430000,0.29
13508,UK,Food & Refreshment,3.52,4,Standard,28,4.5056,28.0,OK,520000,0.32
13509,UK,Personal Care,5.4,6,Standard,30,7.02,30.0,OK,520000,0.32
13510,UK,Home Care,12.24,6,Standard,25,15.3,25.0,OK,520000,0.32
13511,France,Home Care,10.59,3,Value,10,11.649,10.00000000000001,OK,430000,0.29
13512,UK,Food & Refreshment,11.6,4,Standard,28,14.848,28.0,OK,520000,0.32
13513,UK,Home Care,6.9,10,Premium,50,10.35,50.00000000000002,OK,520000,0.32
13514,Spain,Home Care,10.89,3,Value,10,11.979,10.00000000000001,OK,410000,0.3
13515,Spain,Personal Care,6.1,6,Standard,30,7.93,30.0,OK,410000,0.3
13516,UK,Personal Care,3.56,1,Value,15,4.093999999999999,14.99999999999999,OK,520000,0.32
13517,Germany,Food & Refreshment,9.67,8,Premium,55,14.9885,55.00000000000001,OK,460000,0.31
13518,UK,Food & Refreshment,14.65,8,Premium,55,22.7075,54.99999999999999,OK,520000,0.32
13519,Spain,Home Care,5.0,9,Premium,50,7.5,50.0,OK,410000,0.3
13520,Germany,Personal Care,7.18,6,Standard,30,9.334,30.0,OK,460000,0.31
13521,Germany,Food & Refreshment,10.27,1,Value,12,11.5024,12.00000000000001,OK,460000,0.31
13522,UK,Food & Refreshment,8.35,3,Value,12,9.352,12.00000000000001,OK,520000,0.32
13523,Spain,Food & Refreshment,12.73,1,Value,12,14.2576,12.00000000000001,OK,410000,0.3
13524,Spain,Home Care,11.55,5,Standard,25,14.4375,25.0,OK,410000,0.3
13525,Germany,Personal Care,1.35,3,Value,15,1.5525,14.99999999999999,OK,460000,0.31
13526,UK,Food & Refreshment,14.98,2,Value,12,16.7776,12.00000000000001,OK,520000,0.32
13527,France,Personal Care,11.41,3,Value,15,13.1215,14.99999999999999,OK,430000,0.29
13528,France,Food & Refreshment,13.03,9,Premium,55,20.1965,55.00000000000001,OK,430000,0.29
13529,Spain,Food & Refreshment,9.94,8,Premium,55,15.407,55.00000000000001,OK,410000,0.3
13530,France,Personal Care,12.92,3,Value,15,14.858,14.99999999999999,OK,430000,0.29
13531,Spain,Personal Care,2.13,2,Value,15,2.4495,14.99999999999999,OK,410000,0.3
13532,Spain,Personal Care,5.54,5,Standard,30,7.202,30.0,OK,410000,0.3
13533,Spain,Home Care,13.21,1,Value,10,14.531,10.00000000000001,OK,410000,0.3
13534,France,Food & Refreshment,3.42,4,Standard,28,4.3776,28.0,OK,430000,0.29
13535,Spain,Home Care,1.63,8,Premium,50,2.445,50.0,OK,410000,0.3
13536,Germany,Personal Care,11.93,1,Value,15,13.7195,14.99999999999999,OK,460000,0.31
13537,UK,Food & Refreshment,12.61,5,Standard,28,16.1408,28.0,OK,520000,0.32
13538,UK,Home Care,2.86,4,Standard,25,3.575,25.0,OK,520000,0.32
13539,Spain,Food & Refreshment,12.89,6,Standard,28,16.4992,28.0,OK,410000,0.3
13540,UK,Home Care,10.46,7,Standard,25,13.075,25.0,OK,520000,0.32
13541,France,Personal Care,8.04,9,Premium,60,12.864,60.00000000000001,OK,430000,0.29
13542,France,Home Care,12.54,1,Value,10,13.794,10.00000000000001,OK,430000,0.29
13543,UK,Food & Refreshment,6.58,10,Premium,55,10.199,55.00000000000001,OK,520000,0.32
13544,France,Food & Refreshment,3.31,4,Standard,28,4.236800000000001,28.00000000000002,OK,430000,0.29
13545,UK,Food & Refreshment,4.63,6,Standard,28,5.9264,28.0,OK,520000,0.32
13546,UK,Food & Refreshment,7.82,10,Premium,55,12.121,55.00000000000001,OK,520000,0.32
13547,UK,Personal Care,8.2,7,Standard,30,10.66,30.0,OK,520000,0.32
13548,Spain,Home Care,12.18,7,Standard,25,15.225,25.0,OK,410000,0.3
13549,UK,Personal Care,11.97,8,Premium,60,19.152,60.00000000000001,OK,520000,0.32
13550,Spain,Personal Care,8.93,10,Premium,60,14.288,60.00000000000001,OK,410000,0.3
13551,UK,Personal Care,11.82,8,Premium,60,18.912,60.00000000000001,OK,520000,0.32
13552,UK,Food & Refreshment,3.28,8,Premium,55,5.084,55.00000000000001,OK,520000,0.32
13553,UK,Food & Refreshment,1.23,8,Premium,55,1.9065,55.00000000000001,OK,520000,0.32
13554,France,Food & Refreshment,13.17,8,Premium,55,20.4135,55.00000000000001,OK,430000,0.29
13555,Spain,Home Care,1.6,6,Standard,25,2.0,25.0,OK,410000,0.3
13556,Spain,Food & Refreshment,4.08,9,Premium,55,6.324000000000001,55.00000000000001,OK,410000,0.3
13557,UK,Home Care,10.58,3,Value,10,11.638,10.00000000000001,OK,520000,0.32
13558,UK,Food & Refreshment,6.44,6,Standard,28,8.2432,27.99999999999998,OK,520000,0.32
13559,France,Food & Refreshment,13.21,5,Standard,28,16.9088,28.00000000000002,OK,430000,0.29
13560,France,Personal Care,4.82,8,Premium,60,7.712000000000001,60.00000000000001,OK,430000,0.29
13561,France,Personal Care,0.67,4,Standard,30,0.8710000000000001,30.0,OK,430000,0.29
13562,Spain,Personal Care,4.86,4,Standard,30,6.318000000000001,30.0,OK,410000,0.3
13563,Spain,Home Care,8.88,10,Premium,50,13.32,50.0,OK,410000,0.3
13564,Spain,Home Care,5.95,10,Premium,50,8.925,50.0,OK,410000,0.3
13565,UK,Food & Refreshment,8.26,5,Standard,28,10.5728,28.0,OK,520000,0.32
13566,Spain,Home Care,13.21,6,Standard,25,16.5125,25.00000000000002,OK,410000,0.3
13567,Germany,Food & Refreshment,13.73,4,Standard,28,17.5744,28.0,OK,460000,0.31
13568,Germany,Home Care,4.36,2,Value,10,4.796000000000001,10.00000000000001,OK,460000,0.31
13569,France,Home Care,7.2,2,Value,10,7.920000000000001,10.00000000000001,OK,430000,0.29
13570,Spain,Home Care,8.46,3,Value,10,9.306000000000001,10.00000000000001,OK,410000,0.3
13571,Germany,Personal Care,14.26,2,Value,15,16.399,14.99999999999999,OK,460000,0.31
13572,France,Home Care,14.98,1,Value,10,16.478,10.00000000000001,OK,430000,0.29
13573,Spain,Personal Care,3.91,8,Premium,60,6.256,60.00000000000001,OK,410000,0.3
13574,UK,Personal Care,11.04,5,Standard,30,14.352,30.0,OK,520000,0.32
13575,Germany,Home Care,5.98,10,Premium,50,8.97,50.0,OK,460000,0.31
13576,UK,Food & Refreshment,0.62,1,Value,12,0.6944,12.00000000000001,OK,520000,0.32
13577,Spain,Food & Refreshment,0.63,9,Premium,55,0.9765,55.00000000000001,OK,410000,0.3
13578,Germany,Food & Refreshment,7.18,8,Premium,55,11.129,55.00000000000001,OK,460000,0.31
13579,Spain,Home Care,7.58,4,Standard,25,9.475,25.0,OK,410000,0.3
13580,UK,Food & Refreshment,0.83,8,Premium,55,1.2865,55.00000000000001,OK,520000,0.32
13581,Germany,Personal Care,10.46,10,Premium,60,16.736,59.99999999999999,OK,460000,0.31
13582,UK,Food & Refreshment,4.76,7,Standard,28,6.0928,28.0,OK,520000,0.32
13583,Spain,Home Care,8.62,7,Standard,25,10.775,25.0,OK,410000,0.3
13584,Spain,Food & Refreshment,4.86,1,Value,12,5.443200000000001,12.00000000000001,OK,410000,0.3
13585,UK,Personal Care,2.92,6,Standard,30,3.796,30.0,OK,520000,0.32
13586,Germany,Home Care,6.4,4,Standard,25,8.0,25.0,OK,460000,0.31
13587,UK,Food & Refreshment,3.87,10,Premium,55,5.9985,55.00000000000001,OK,520000,0.32
13588,Spain,Home Care,8.25,10,Premium,50,12.375,50.0,OK,410000,0.3
13589,UK,Home Care,3.38,10,Premium,50,5.07,50.00000000000002,OK,520000,0.32
13590,Spain,Home Care,7.87,2,Value,10,8.657,10.00000000000001,OK,410000,0.3
13591,UK,Food & Refreshment,2.78,10,Premium,55,4.309,55.00000000000003,OK,520000,0.32
13592,Germany,Home Care,10.23,7,Standard,25,12.7875,25.0,OK,460000,0.31
13593,Germany,Food & Refreshment,11.43,9,Premium,55,17.7165,55.00000000000001,OK,460000,0.31
13594,UK,Personal Care,2.1,5,Standard,30,2.73,30.0,OK,520000,0.32
13595,UK,Food & Refreshment,7.28,8,Premium,55,11.284,55.00000000000001,OK,520000,0.32
13596,Germany,Personal Care,1.53,5,Standard,30,1.989,30.0,OK,460000,0.31
13597,Spain,Food & Refreshment,9.17,7,Standard,28,11.7376,28.0,OK,410000,0.3
13598,Germany,Home Care,4.33,7,Standard,25,5.4125,25.0,OK,460000,0.31
13599,Spain,Food & Refreshment,8.15,9,Premium,55,12.6325,55.00000000000001,OK,410000,0.3
13600,UK,Home Care,8.0,3,Value,10,8.8,10.00000000000001,OK,520000,0.32
13601,UK,Personal Care,13.9,1,Value,15,15.985,14.99999999999999,OK,520000,0.32
13602,Spain,Food & Refreshment,8.46,2,Value,12,9.475200000000003,12.00000000000001,OK,410000,0.3
13603,UK,Home Care,8.95,6,Standard,25,11.1875,25.0,OK,520000,0.32
13604,Spain,Personal Care,6.32,10,Premium,60,10.112,60.00000000000003,OK,410000,0.3
13605,France,Personal Care,14.26,10,Premium,60,22.816,60.00000000000001,OK,430000,0.29
13606,Germany,Food & Refreshment,11.77,9,Premium,55,18.2435,55.00000000000001,OK,460000,0.31
13607,France,Personal Care,4.64,3,Value,15,5.335999999999999,14.99999999999999,OK,430000,0.29
13608,Spain,Home Care,12.74,10,Premium,50,19.11,50.0,OK,410000,0.3
13609,Germany,Personal Care,6.77,2,Value,15,7.785499999999999,14.99999999999999,OK,460000,0.31
13610,Spain,Personal Care,12.52,1,Value,15,14.398,14.99999999999999,OK,410000,0.3
13611,Germany,Home Care,12.43,2,Value,10,13.673,10.00000000000001,OK,460000,0.31
13612,Germany,Personal Care,3.24,3,Value,15,3.726,14.99999999999999,OK,460000,0.31
13613,Germany,Personal Care,10.67,7,Standard,30,13.871,30.0,OK,460000,0.31
13614,Germany,Personal Care,4.71,2,Value,15,5.416499999999999,14.99999999999999,OK,460000,0.31
13615,Spain,Personal Care,4.81,5,Standard,30,6.253,30.0,OK,410000,0.3
13616,Germany,Home Care,4.8,2,Value,10,5.28,10.00000000000001,OK,460000,0.31
13617,Germany,Personal Care,11.02,7,Standard,30,14.326,30.0,OK,460000,0.31
13618,France,Home Care,3.83,10,Premium,50,5.745,50.0,OK,430000,0.29
13619,UK,Personal Care,0.51,8,Premium,60,0.8160000000000001,60.00000000000001,OK,520000,0.32
13620,UK,Personal Care,10.87,8,Premium,60,17.392,60.00000000000001,OK,520000,0.32
13621,France,Personal Care,2.98,8,Premium,60,4.768,59.99999999999999,OK,430000,0.29
13622,France,Personal Care,2.01,10,Premium,60,3.216,60.00000000000001,OK,430000,0.29
13623,Spain,Home Care,3.94,9,Premium,50,5.91,50.0,OK,410000,0.3
13624,Spain,Home Care,6.01,1,Value,10,6.611000000000001,10.00000000000001,OK,410000,0.3
13625,Spain,Home Care,7.4,1,Value,10,8.14,10.00000000000001,OK,410000,0.3
13626,France,Food & Refreshment,1.15,10,Premium,55,1.7825,55.00000000000001,OK,430000,0.29
13627,France,Personal Care,14.57,2,Value,15,16.7555,14.99999999999999,OK,430000,0.29
13628,Germany,Personal Care,10.88,6,Standard,30,14.144,30.0,OK,460000,0.31
13629,Spain,Home Care,5.19,1,Value,10,5.709000000000001,10.00000000000001,OK,410000,0.3
13630,Spain,Food & Refreshment,5.12,5,Standard,28,6.5536,28.0,OK,410000,0.3
13631,Spain,Personal Care,7.0,5,Standard,30,9.1,30.0,OK,410000,0.3
13632,UK,Home Care,9.58,4,Standard,25,11.975,25.0,OK,520000,0.32
13633,Germany,Personal Care,2.62,5,Standard,30,3.406,30.0,OK,460000,0.31
13634,Spain,Personal Care,3.24,1,Value,15,3.726,14.99999999999999,OK,410000,0.3
13635,Spain,Home Care,12.96,6,Standard,25,16.2,25.00000000000002,OK,410000,0.3
13636,Spain,Home Care,4.22,7,Standard,25,5.274999999999999,25.0,OK,410000,0.3
13637,UK,Personal Care,6.01,8,Premium,60,9.616,60.00000000000001,OK,520000,0.32
13638,UK,Personal Care,13.13,2,Value,15,15.0995,14.99999999999999,OK,520000,0.32
13639,France,Home Care,10.12,7,Standard,25,12.65,25.0,OK,430000,0.29
13640,Germany,Personal Care,5.45,6,Standard,30,7.085000000000001,30.0,OK,460000,0.31
13641,France,Personal Care,10.41,9,Premium,60,16.656,60.00000000000003,OK,430000,0.29
13642,Germany,Home Care,0.79,8,Premium,50,1.185,50.0,OK,460000,0.31
13643,UK,Personal Care,11.17,4,Standard,30,14.521,30.0,OK,520000,0.32
13644,Spain,Personal Care,7.56,9,Premium,60,12.096,60.00000000000001,OK,410000,0.3
13645,France,Food & Refreshment,12.29,1,Value,12,13.7648,12.00000000000001,OK,430000,0.29
13646,Spain,Home Care,14.34,6,Standard,25,17.925,25.0,OK,410000,0.3
13647,France,Food & Refreshment,13.92,8,Premium,55,21.576,55.00000000000001,OK,430000,0.29
13648,UK,Food & Refreshment,13.68,4,Standard,28,17.5104,28.0,OK,520000,0.32
13649,UK,Food & Refreshment,7.93,2,Value,12,8.8816,12.00000000000001,OK,520000,0.32
13650,UK,Personal Care,5.72,2,Value,15,6.577999999999999,14.99999999999999,OK,520000,0.32
13651,France,Personal Care,7.24,10,Premium,60,11.584,60.00000000000001,OK,430000,0.29
13652,Germany,Food & Refreshment,10.5,1,Value,12,11.76,12.00000000000001,OK,460000,0.31
13653,France,Food & Refreshment,13.32,5,Standard,28,17.0496,28.0,OK,430000,0.29
13654,Germany,Food & Refreshment,3.5,6,Standard,28,4.48,28.0,OK,460000,0.31
13655,France,Personal Care,13.81,4,Standard,30,17.953,30.00000000000003,OK,430000,0.29
13656,France,Food & Refreshment,12.32,4,Standard,28,15.7696,28.0,OK,430000,0.29
13657,UK,Food & Refreshment,14.69,5,Standard,28,18.8032,28.0,OK,520000,0.32
13658,Spain,Home Care,13.26,5,Standard,25,16.575,25.0,OK,410000,0.3
13659,Spain,Home Care,4.56,9,Premium,50,6.84,50.0,OK,410000,0.3
13660,Germany,Personal Care,2.04,8,Premium,60,3.264,60.00000000000001,OK,460000,0.31
13661,Spain,Home Care,2.13,9,Premium,50,3.195,50.0,OK,410000,0.3
13662,France,Home Care,4.72,3,Value,10,5.192,10.00000000000001,OK,430000,0.29
13663,France,Home Care,9.41,3,Value,10,10.351,10.00000000000001,OK,430000,0.29
13664,UK,Personal Care,12.16,1,Value,15,13.984,14.99999999999999,OK,520000,0.32
13665,UK,Home Care,13.54,10,Premium,50,20.31,50.0,OK,520000,0.32
13666,Spain,Personal Care,9.54,6,Standard,30,12.402,30.0,OK,410000,0.3
13667,Germany,Food & Refreshment,0.58,4,Standard,28,0.7424,28.0,OK,460000,0.31
13668,Spain,Home Care,3.2,8,Premium,50,4.800000000000001,50.00000000000002,OK,410000,0.3
13669,Spain,Personal Care,1.95,2,Value,15,2.2425,14.99999999999999,OK,410000,0.3
13670,Spain,Home Care,5.77,2,Value,10,6.347,10.00000000000001,OK,410000,0.3
13671,Spain,Food & Refreshment,7.77,7,Standard,28,9.945599999999999,28.0,OK,410000,0.3
13672,France,Personal Care,1.13,5,Standard,30,1.469,30.0,OK,430000,0.29
13673,Germany,Personal Care,5.55,1,Value,15,6.382499999999999,14.99999999999999,OK,460000,0.31
13674,France,Personal Care,3.1,7,Standard,30,4.03,30.0,OK,430000,0.29
13675,Germany,Food & Refreshment,9.88,7,Standard,28,12.6464,28.0,OK,460000,0.31
13676,UK,Food & Refreshment,7.23,10,Premium,55,11.2065,54.99999999999999,OK,520000,0.32
13677,Spain,Food & Refreshment,7.68,6,Standard,28,9.8304,28.0,OK,410000,0.3
13678,France,Personal Care,6.7,4,Standard,30,8.71,30.0,OK,430000,0.29
13679,Germany,Food & Refreshment,14.36,8,Premium,55,22.258,55.00000000000001,OK,460000,0.31
13680,UK,Home Care,3.61,2,Value,10,3.971,10.00000000000001,OK,520000,0.32
13681,UK,Food & Refreshment,7.99,2,Value,12,8.9488,12.00000000000001,OK,520000,0.32
13682,Spain,Personal Care,11.17,2,Value,15,12.8455,14.99999999999999,OK,410000,0.3
13683,Germany,Home Care,8.57,3,Value,10,9.427000000000001,10.00000000000001,OK,460000,0.31
13684,France,Food & Refreshment,13.97,6,Standard,28,17.8816,28.0,OK,430000,0.29
13685,Spain,Home Care,5.98,1,Value,10,6.578000000000001,10.00000000000001,OK,410000,0.3
13686,France,Home Care,7.22,2,Value,10,7.942,10.00000000000001,OK,430000,0.29
13687,UK,Personal Care,1.78,10,Premium,60,2.848,60.00000000000001,OK,520000,0.32
13688,France,Home Care,9.33,2,Value,10,10.263,10.00000000000001,OK,430000,0.29
13689,France,Home Care,4.68,1,Value,10,5.148,10.00000000000001,OK,430000,0.29
13690,Spain,Personal Care,2.82,3,Value,15,3.242999999999999,14.99999999999999,OK,410000,0.3
13691,France,Personal Care,8.4,10,Premium,60,13.44,60.00000000000001,OK,430000,0.29
13692,Spain,Personal Care,8.22,7,Standard,30,10.686,30.0,OK,410000,0.3
13693,UK,Home Care,1.6,1,Value,10,1.76,10.00000000000001,OK,520000,0.32
13694,Spain,Home Care,10.62,7,Standard,25,13.275,25.0,OK,410000,0.3
13695,Spain,Home Care,9.54,5,Standard,25,11.925,25.0,OK,410000,0.3
13696,Germany,Personal Care,3.24,9,Premium,60,5.184000000000001,60.00000000000003,OK,460000,0.31
13697,France,Food & Refreshment,7.31,2,Value,12,8.1872,12.00000000000001,OK,430000,0.29
13698,UK,Home Care,10.94,1,Value,10,12.034,10.00000000000001,OK,520000,0.32
13699,Spain,Food & Refreshment,8.18,9,Premium,55,12.679,55.00000000000001,OK,410000,0.3
13700,UK,Personal Care,6.23,8,Premium,60,9.968000000000002,60.00000000000001,OK,520000,0.32
13701,Germany,Home Care,5.17,10,Premium,50,7.755,50.0,OK,460000,0.31
13702,France,Food & Refreshment,9.35,6,Standard,28,11.968,28.0,OK,430000,0.29
13703,Spain,Home Care,14.12,5,Standard,25,17.65,25.0,OK,410000,0.3
13704,France,Home Care,10.24,8,Premium,50,15.36,50.0,OK,430000,0.29
13705,Germany,Home Care,1.58,8,Premium,50,2.37,50.0,OK,460000,0.31
13706,Germany,Food & Refreshment,7.18,5,Standard,28,9.1904,28.0,OK,460000,0.31
13707,UK,Personal Care,13.42,7,Standard,30,17.446,30.0,OK,520000,0.32
13708,Spain,Home Care,1.87,1,Value,10,2.057,10.00000000000001,OK,410000,0.3
13709,UK,Personal Care,14.84,4,Standard,30,19.292,30.0,OK,520000,0.32
13710,Germany,Personal Care,14.26,2,Value,15,16.399,14.99999999999999,OK,460000,0.31
13711,France,Food & Refreshment,1.63,10,Premium,55,2.5265,55.00000000000001,OK,430000,0.29
13712,UK,Food & Refreshment,14.03,3,Value,12,15.7136,12.00000000000001,OK,520000,0.32
13713,UK,Personal Care,5.77,1,Value,15,6.635499999999999,14.99999999999999,OK,520000,0.32
13714,France,Home Care,12.75,2,Value,10,14.025,10.00000000000001,OK,430000,0.29
13715,UK,Food & Refreshment,6.57,1,Value,12,7.358400000000001,12.00000000000001,OK,520000,0.32
13716,France,Home Care,6.89,8,Premium,50,10.335,50.0,OK,430000,0.29
13717,Spain,Home Care,9.7,4,Standard,25,12.125,25.0,OK,410000,0.3
13718,France,Home Care,11.73,3,Value,10,12.903,10.00000000000001,OK,430000,0.29
13719,Spain,Personal Care,0.99,1,Value,15,1.1385,14.99999999999999,OK,410000,0.3
13720,France,Home Care,9.1,2,Value,10,10.01,10.00000000000001,OK,430000,0.29
13721,Germany,Personal Care,3.21,3,Value,15,3.6915,14.99999999999999,OK,460000,0.31
13722,Germany,Personal Care,5.52,3,Value,15,6.347999999999999,14.99999999999999,OK,460000,0.31
13723,Spain,Home Care,5.55,6,Standard,25,6.9375,25.0,OK,410000,0.3
13724,Spain,Home Care,7.3,10,Premium,50,10.95,50.0,OK,410000,0.3
13725,Germany,Home Care,5.34,8,Premium,50,8.01,50.0,OK,460000,0.31
13726,Spain,Home Care,2.06,6,Standard,25,2.575,25.0,OK,410000,0.3
13727,France,Personal Care,2.61,2,Value,15,3.0015,14.99999999999999,OK,430000,0.29
13728,France,Home Care,0.98,2,Value,10,1.078,10.00000000000001,OK,430000,0.29
13729,Germany,Home Care,7.32,7,Standard,25,9.15,25.0,OK,460000,0.31
13730,UK,Personal Care,14.34,1,Value,15,16.491,14.99999999999999,OK,520000,0.32
13731,France,Food & Refreshment,2.18,1,Value,12,2.4416,12.00000000000001,OK,430000,0.29
13732,Spain,Food & Refreshment,14.22,7,Standard,28,18.2016,28.0,OK,410000,0.3
13733,UK,Personal Care,11.13,9,Premium,60,17.808,60.00000000000001,OK,520000,0.32
13734,UK,Food & Refreshment,9.74,5,Standard,28,12.4672,28.0,OK,520000,0.32
13735,France,Personal Care,9.86,1,Value,15,11.339,14.99999999999999,OK,430000,0.29
13736,France,Home Care,12.49,5,Standard,25,15.6125,25.0,OK,430000,0.29
13737,UK,Home Care,2.05,1,Value,10,2.255,10.00000000000001,OK,520000,0.32
13738,UK,Food & Refreshment,7.82,10,Premium,55,12.121,55.00000000000001,OK,520000,0.32
13739,Germany,Home Care,10.61,9,Premium,50,15.915,50.0,OK,460000,0.31
13740,Spain,Food & Refreshment,9.01,4,Standard,28,11.5328,28.0,OK,410000,0.3
13741,Germany,Food & Refreshment,12.58,9,Premium,55,19.499,55.00000000000003,OK,460000,0.31
13742,France,Home Care,1.55,2,Value,10,1.705,10.00000000000001,OK,430000,0.29
13743,Germany,Home Care,10.52,7,Standard,25,13.15,25.0,OK,460000,0.31
13744,Germany,Food & Refreshment,8.24,2,Value,12,9.228800000000001,12.00000000000001,OK,460000,0.31
13745,Germany,Home Care,6.0,4,Standard,25,7.5,25.0,OK,460000,0.31
13746,Germany,Personal Care,5.43,6,Standard,30,7.059,30.0,OK,460000,0.31
13747,Spain,Home Care,9.5,2,Value,10,10.45,10.00000000000001,OK,410000,0.3
13748,Spain,Home Care,13.42,2,Value,10,14.762,10.00000000000001,OK,410000,0.3
13749,UK,Personal Care,7.69,2,Value,15,8.8435,14.99999999999999,OK,520000,0.32
13750,France,Home Care,12.46,3,Value,10,13.706,10.00000000000001,OK,430000,0.29
13751,Germany,Home Care,6.33,5,Standard,25,7.9125,25.0,OK,460000,0.31
13752,UK,Food & Refreshment,1.98,9,Premium,55,3.069,55.00000000000001,OK,520000,0.32
13753,UK,Home Care,1.39,6,Standard,25,1.7375,25.0,OK,520000,0.32
13754,UK,Home Care,1.24,9,Premium,50,1.86,50.0,OK,520000,0.32
13755,Spain,Personal Care,6.01,10,Premium,60,9.616,60.00000000000001,OK,410000,0.3
13756,Germany,Food & Refreshment,5.39,5,Standard,28,6.8992,28.0,OK,460000,0.31
13757,Germany,Food & Refreshment,10.91,6,Standard,28,13.9648,28.0,OK,460000,0.31
13758,France,Food & Refreshment,11.27,10,Premium,55,17.4685,55.00000000000001,OK,430000,0.29
13759,Germany,Home Care,1.24,8,Premium,50,1.86,50.0,OK,460000,0.31
13760,Germany,Food & Refreshment,3.71,3,Value,12,4.155200000000001,12.00000000000001,OK,460000,0.31
13761,UK,Personal Care,4.48,2,Value,15,5.152,14.99999999999999,OK,520000,0.32
13762,France,Food & Refreshment,8.44,3,Value,12,9.4528,12.00000000000001,OK,430000,0.29
13763,Germany,Personal Care,2.6,9,Premium,60,4.16,60.00000000000001,OK,460000,0.31
13764,Spain,Food & Refreshment,2.44,6,Standard,28,3.1232,28.0,OK,410000,0.3
13765,Germany,Food & Refreshment,14.18,10,Premium,55,21.979,55.00000000000001,OK,460000,0.31
13766,UK,Personal Care,12.16,4,Standard,30,15.808,30.0,OK,520000,0.32
13767,Spain,Food & Refreshment,3.12,10,Premium,55,4.836,55.00000000000001,OK,410000,0.3
13768,UK,Food & Refreshment,6.4,3,Value,12,7.168000000000001,12.00000000000001,OK,520000,0.32
13769,Germany,Food & Refreshment,5.66,2,Value,12,6.339200000000001,12.00000000000001,OK,460000,0.31
13770,Spain,Home Care,11.97,4,Standard,25,14.9625,25.0,OK,410000,0.3
13771,France,Personal Care,7.9,9,Premium,60,12.64,60.00000000000001,OK,430000,0.29
13772,France,Food & Refreshment,2.35,4,Standard,28,3.008,28.0,OK,430000,0.29
13773,Spain,Personal Care,11.22,5,Standard,30,14.586,30.0,OK,410000,0.3
13774,Spain,Personal Care,6.25,8,Premium,60,10.0,60.00000000000001,OK,410000,0.3
13775,UK,Personal Care,4.31,2,Value,15,4.956499999999999,14.99999999999999,OK,520000,0.32
13776,Spain,Food & Refreshment,5.94,3,Value,12,6.652800000000001,12.00000000000001,OK,410000,0.3
13777,UK,Food & Refreshment,7.72,6,Standard,28,9.8816,28.0,OK,520000,0.32
13778,Germany,Personal Care,5.48,7,Standard,30,7.124000000000001,30.0,OK,460000,0.31
13779,UK,Home Care,4.01,4,Standard,25,5.012499999999999,25.0,OK,520000,0.32
13780,Spain,Personal Care,6.28,1,Value,15,7.222,14.99999999999999,OK,410000,0.3
13781,Spain,Home Care,0.78,7,Standard,25,0.9750000000000001,25.0,OK,410000,0.3
13782,Germany,Personal Care,11.7,9,Premium,60,18.72,60.00000000000001,OK,460000,0.31
13783,Spain,Personal Care,2.98,1,Value,15,3.427,14.99999999999999,OK,410000,0.3
13784,Spain,Personal Care,1.14,1,Value,15,1.311,14.99999999999999,OK,410000,0.3
13785,France,Food & Refreshment,9.98,1,Value,12,11.1776,12.00000000000001,OK,430000,0.29
13786,France,Home Care,11.72,10,Premium,50,17.58,50.0,OK,430000,0.29
13787,Germany,Home Care,12.3,7,Standard,25,15.375,25.0,OK,460000,0.31
13788,UK,Personal Care,7.66,9,Premium,60,12.256,60.00000000000001,OK,520000,0.32
13789,France,Food & Refreshment,3.48,3,Value,12,3.8976,12.00000000000001,OK,430000,0.29
13790,UK,Food & Refreshment,11.19,8,Premium,55,17.3445,55.00000000000001,OK,520000,0.32
13791,Spain,Home Care,10.65,9,Premium,50,15.975,50.0,OK,410000,0.3
13792,France,Food & Refreshment,4.07,3,Value,12,4.558400000000001,12.00000000000001,OK,430000,0.29
13793,Germany,Home Care,13.6,3,Value,10,14.96,10.00000000000001,OK,460000,0.31
13794,Germany,Home Care,2.01,1,Value,10,2.211,10.00000000000001,OK,460000,0.31
13795,Germany,Home Care,14.75,2,Value,10,16.225,10.00000000000001,OK,460000,0.31
13796,France,Food & Refreshment,12.97,7,Standard,28,16.6016,28.0,OK,430000,0.29
13797,UK,Home Care,10.47,3,Value,10,11.517,10.00000000000001,OK,520000,0.32
13798,Spain,Home Care,14.11,7,Standard,25,17.6375,25.0,OK,410000,0.3
13799,UK,Personal Care,10.97,5,Standard,30,14.261,30.0,OK,520000,0.32
13800,UK,Home Care,3.26,10,Premium,50,4.89,50.0,OK,520000,0.32
13801,Spain,Home Care,6.91,8,Premium,50,10.365,50.0,OK,410000,0.3
13802,Spain,Personal Care,1.54,5,Standard,30,2.002,30.0,OK,410000,0.3
13803,France,Personal Care,6.15,3,Value,15,7.0725,14.99999999999999,OK,430000,0.29
13804,France,Food & Refreshment,11.25,9,Premium,55,17.4375,55.00000000000001,OK,430000,0.29
13805,France,Home Care,6.1,7,Standard,25,7.625,25.0,OK,430000,0.29
13806,France,Food & Refreshment,5.29,5,Standard,28,6.7712,28.0,OK,430000,0.29
13807,France,Food & Refreshment,9.13,7,Standard,28,11.6864,28.0,OK,430000,0.29
13808,Spain,Personal Care,13.15,10,Premium,60,21.04,60.00000000000001,OK,410000,0.3
13809,UK,Food & Refreshment,1.19,9,Premium,55,1.8445,55.00000000000001,OK,520000,0.32
13810,France,Home Care,6.09,5,Standard,25,7.6125,25.0,OK,430000,0.29
13811,France,Personal Care,2.79,7,Standard,30,3.627,30.0,OK,430000,0.29
13812,UK,Home Care,10.58,9,Premium,50,15.87,50.0,OK,520000,0.32
13813,France,Home Care,2.03,1,Value,10,2.233,10.00000000000001,OK,430000,0.29
13814,UK,Personal Care,10.14,4,Standard,30,13.182,30.0,OK,520000,0.32
13815,UK,Home Care,4.65,1,Value,10,5.115000000000001,10.00000000000001,OK,520000,0.32
13816,Spain,Personal Care,3.38,8,Premium,60,5.408,60.00000000000001,OK,410000,0.3
13817,Germany,Home Care,14.08,3,Value,10,15.488,10.00000000000001,OK,460000,0.31
13818,Spain,Personal Care,0.77,2,Value,15,0.8855,14.99999999999999,OK,410000,0.3
13819,Germany,Food & Refreshment,6.85,4,Standard,28,8.767999999999999,27.99999999999998,OK,460000,0.31
13820,Germany,Home Care,0.81,3,Value,10,0.8910000000000001,10.00000000000001,OK,460000,0.31
13821,Germany,Personal Care,7.51,5,Standard,30,9.763,30.0,OK,460000,0.31
13822,France,Home Care,7.77,8,Premium,50,11.655,50.0,OK,430000,0.29
13823,Spain,Home Care,5.16,10,Premium,50,7.74,50.0,OK,410000,0.3
13824,Germany,Home Care,2.42,8,Premium,50,3.63,50.0,OK,460000,0.31
13825,UK,Personal Care,5.96,7,Standard,30,7.748,30.0,OK,520000,0.32
13826,France,Food & Refreshment,10.25,8,Premium,55,15.8875,55.00000000000001,OK,430000,0.29
13827,Spain,Food & Refreshment,11.84,5,Standard,28,15.1552,28.0,OK,410000,0.3
13828,Germany,Food & Refreshment,8.2,10,Premium,55,12.71,55.00000000000001,OK,460000,0.31
13829,UK,Personal Care,9.05,10,Premium,60,14.48,60.00000000000001,OK,520000,0.32
13830,Spain,Food & Refreshment,3.41,6,Standard,28,4.364800000000001,28.00000000000002,OK,410000,0.3
13831,Spain,Personal Care,4.67,8,Premium,60,7.472,60.00000000000001,OK,410000,0.3
13832,France,Home Care,2.85,1,Value,10,3.135,10.00000000000001,OK,430000,0.29
13833,Spain,Home Care,4.11,6,Standard,25,5.1375,25.0,OK,410000,0.3
13834,France,Food & Refreshment,3.76,6,Standard,28,4.8128,28.0,OK,430000,0.29
13835,Germany,Personal Care,8.03,5,Standard,30,10.439,30.0,OK,460000,0.31
13836,France,Home Care,8.66,4,Standard,25,10.825,25.0,OK,430000,0.29
13837,UK,Personal Care,14.2,1,Value,15,16.33,14.99999999999999,OK,520000,0.32
13838,France,Personal Care,3.34,10,Premium,60,5.344,60.00000000000001,OK,430000,0.29
13839,UK,Home Care,9.8,8,Premium,50,14.7,50.0,OK,520000,0.32
13840,France,Personal Care,12.35,6,Standard,30,16.055,30.0,OK,430000,0.29
13841,Spain,Home Care,8.62,3,Value,10,9.482,10.00000000000001,OK,410000,0.3
13842,Germany,Home Care,4.2,3,Value,10,4.620000000000001,10.00000000000001,OK,460000,0.31
13843,UK,Home Care,4.31,6,Standard,25,5.387499999999999,25.0,OK,520000,0.32
13844,France,Personal Care,1.07,7,Standard,30,1.391,30.0,OK,430000,0.29
13845,France,Home Care,4.93,8,Premium,50,7.395,50.0,OK,430000,0.29
13846,France,Personal Care,11.3,5,Standard,30,14.69,30.0,OK,430000,0.29
13847,Spain,Home Care,1.19,10,Premium,50,1.785,50.0,OK,410000,0.3
13848,Spain,Home Care,3.68,6,Standard,25,4.600000000000001,25.0,OK,410000,0.3
13849,UK,Food & Refreshment,10.74,1,Value,12,12.0288,12.00000000000001,OK,520000,0.32
13850,UK,Food & Refreshment,11.85,6,Standard,28,15.168,28.0,OK,520000,0.32
13851,Spain,Food & Refreshment,7.1,9,Premium,55,11.005,55.00000000000001,OK,410000,0.3
13852,UK,Personal Care,10.62,10,Premium,60,16.992,60.00000000000003,OK,520000,0.32
13853,Germany,Personal Care,6.13,4,Standard,30,7.969,30.0,OK,460000,0.31
13854,Germany,Home Care,2.82,10,Premium,50,4.23,50.0,OK,460000,0.31
13855,Spain,Home Care,6.27,1,Value,10,6.897,10.00000000000001,OK,410000,0.3
13856,UK,Home Care,8.91,9,Premium,50,13.365,50.0,OK,520000,0.32
13857,France,Home Care,14.25,4,Standard,25,17.8125,25.0,OK,430000,0.29
13858,Germany,Personal Care,1.5,2,Value,15,1.725,14.99999999999999,OK,460000,0.31
13859,Spain,Home Care,7.86,1,Value,10,8.646,10.00000000000001,OK,410000,0.3
13860,UK,Home Care,5.27,3,Value,10,5.797,10.00000000000001,OK,520000,0.32
13861,Spain,Food & Refreshment,7.87,7,Standard,28,10.0736,28.0,OK,410000,0.3
13862,France,Home Care,0.85,10,Premium,50,1.275,50.0,OK,430000,0.29
13863,Germany,Home Care,5.04,2,Value,10,5.544,10.00000000000001,OK,460000,0.31
13864,Spain,Home Care,12.39,9,Premium,50,18.585,50.0,OK,410000,0.3
13865,Spain,Personal Care,8.53,2,Value,15,9.809499999999998,14.99999999999999,OK,410000,0.3
13866,Spain,Food & Refreshment,7.03,5,Standard,28,8.9984,28.0,OK,410000,0.3
13867,France,Home Care,4.64,8,Premium,50,6.959999999999999,50.0,OK,430000,0.29
13868,Spain,Home Care,4.82,10,Premium,50,7.23,50.0,OK,410000,0.3
13869,France,Food & Refreshment,6.05,8,Premium,55,9.3775,55.00000000000001,OK,430000,0.29
13870,France,Home Care,12.62,3,Value,10,13.882,10.00000000000001,OK,430000,0.29
13871,France,Personal Care,14.52,2,Value,15,16.698,14.99999999999999,OK,430000,0.29
13872,Germany,Home Care,6.86,9,Premium,50,10.29,50.0,OK,460000,0.31
13873,Germany,Personal Care,6.2,3,Value,15,7.13,14.99999999999999,OK,460000,0.31
13874,Spain,Personal Care,12.77,8,Premium,60,20.432,60.00000000000003,OK,410000,0.3
13875,Spain,Home Care,6.69,2,Value,10,7.359000000000001,10.00000000000001,OK,410000,0.3
13876,Germany,Food & Refreshment,8.5,3,Value,12,9.520000000000001,12.00000000000001,OK,460000,0.31
13877,UK,Personal Care,3.85,1,Value,15,4.427499999999999,14.99999999999997,OK,520000,0.32
13878,Germany,Food & Refreshment,11.28,6,Standard,28,14.4384,28.0,OK,460000,0.31
13879,France,Home Care,8.21,7,Standard,25,10.2625,25.0,OK,430000,0.29
13880,Germany,Personal Care,12.23,4,Standard,30,15.899,30.0,OK,460000,0.31
13881,France,Home Care,11.82,1,Value,10,13.002,10.00000000000001,OK,430000,0.29
13882,Spain,Food & Refreshment,3.62,3,Value,12,4.0544,12.00000000000001,OK,410000,0.3
13883,UK,Home Care,10.88,9,Premium,50,16.32,50.0,OK,520000,0.32
13884,Spain,Home Care,12.1,5,Standard,25,15.125,25.0,OK,410000,0.3
13885,France,Personal Care,5.52,6,Standard,30,7.175999999999999,30.0,OK,430000,0.29
13886,France,Home Care,3.0,4,Standard,25,3.75,25.0,OK,430000,0.29
13887,France,Home Care,0.54,1,Value,10,0.5940000000000001,10.00000000000001,OK,430000,0.29
13888,UK,Home Care,7.04,5,Standard,25,8.8,25.0,OK,520000,0.32
13889,Germany,Personal Care,5.61,5,Standard,30,7.293000000000001,30.0,OK,460000,0.31
13890,Spain,Food & Refreshment,8.55,5,Standard,28,10.944,28.0,OK,410000,0.3
13891,Spain,Food & Refreshment,3.23,6,Standard,28,4.1344,28.0,OK,410000,0.3
13892,Germany,Home Care,12.97,2,Value,10,14.267,10.00000000000001,OK,460000,0.31
13893,Spain,Personal Care,4.24,1,Value,15,4.875999999999999,14.99999999999999,OK,410000,0.3
13894,UK,Home Care,3.78,2,Value,10,4.158,10.00000000000001,OK,520000,0.32
13895,Spain,Food & Refreshment,7.47,10,Premium,55,11.5785,55.00000000000001,OK,410000,0.3
13896,France,Personal Care,7.73,6,Standard,30,10.049,30.0,OK,430000,0.29
13897,Germany,Food & Refreshment,3.62,5,Standard,28,4.6336,28.0,OK,460000,0.31
13898,UK,Food & Refreshment,4.44,5,Standard,28,5.6832,28.0,OK,520000,0.32
13899,Germany,Personal Care,2.96,6,Standard,30,3.848,30.0,OK,460000,0.31
13900,UK,Personal Care,10.92,10,Premium,60,17.472,60.00000000000001,OK,520000,0.32
13901,France,Home Care,11.67,7,Standard,25,14.5875,25.0,OK,430000,0.29
13902,Germany,Home Care,7.2,9,Premium,50,10.8,50.0,OK,460000,0.31
13903,Spain,Food & Refreshment,10.85,7,Standard,28,13.888,28.0,OK,410000,0.3
13904,UK,Personal Care,11.17,2,Value,15,12.8455,14.99999999999999,OK,520000,0.32
13905,Germany,Personal Care,2.5,6,Standard,30,3.25,30.0,OK,460000,0.31
13906,Spain,Home Care,14.51,9,Premium,50,21.765,50.0,OK,410000,0.3
13907,Germany,Food & Refreshment,12.4,7,Standard,28,15.872,28.0,OK,460000,0.31
13908,Germany,Food & Refreshment,3.47,2,Value,12,3.886400000000001,12.00000000000001,OK,460000,0.31
13909,Germany,Home Care,3.2,3,Value,10,3.52,10.00000000000001,OK,460000,0.31
13910,UK,Personal Care,2.32,8,Premium,60,3.712,60.00000000000001,OK,520000,0.32
13911,Spain,Home Care,2.51,9,Premium,50,3.765,50.0,OK,410000,0.3
13912,France,Home Care,11.35,4,Standard,25,14.1875,25.0,OK,430000,0.29
13913,UK,Home Care,7.31,9,Premium,50,10.965,50.0,OK,520000,0.32
13914,UK,Home Care,11.85,2,Value,10,13.035,10.00000000000001,OK,520000,0.32
13915,UK,Personal Care,11.32,5,Standard,30,14.716,30.0,OK,520000,0.32
13916,France,Home Care,9.27,2,Value,10,10.197,10.00000000000001,OK,430000,0.29
13917,Spain,Personal Care,10.45,1,Value,15,12.0175,14.99999999999999,OK,410000,0.3
13918,Spain,Home Care,0.77,5,Standard,25,0.9625,25.0,OK,410000,0.3
13919,Spain,Food & Refreshment,5.02,2,Value,12,5.6224,12.00000000000001,OK,410000,0.3
13920,Germany,Personal Care,9.75,7,Standard,30,12.675,30.0,OK,460000,0.31
13921,Germany,Food & Refreshment,0.64,8,Premium,55,0.9920000000000001,55.00000000000001,OK,460000,0.31
13922,Germany,Home Care,0.98,2,Value,10,1.078,10.00000000000001,OK,460000,0.31
13923,France,Home Care,12.85,7,Standard,25,16.0625,25.0,OK,430000,0.29
13924,Germany,Home Care,10.42,4,Standard,25,13.025,25.0,OK,460000,0.31
13925,France,Personal Care,4.35,1,Value,15,5.0025,14.99999999999999,OK,430000,0.29
13926,Spain,Food & Refreshment,10.48,3,Value,12,11.7376,12.00000000000001,OK,410000,0.3
13927,Germany,Personal Care,11.99,1,Value,15,13.7885,14.99999999999999,OK,460000,0.31
13928,Germany,Personal Care,4.95,5,Standard,30,6.435,30.0,OK,460000,0.31
13929,UK,Home Care,1.02,8,Premium,50,1.53,50.0,OK,520000,0.32
13930,France,Food & Refreshment,14.03,1,Value,12,15.7136,12.00000000000001,OK,430000,0.29
13931,Spain,Home Care,5.51,9,Premium,50,8.265,50.00000000000002,OK,410000,0.3
13932,UK,Personal Care,2.04,3,Value,15,2.346,14.99999999999999,OK,520000,0.32
13933,UK,Home Care,7.63,5,Standard,25,9.5375,25.0,OK,520000,0.32
13934,Spain,Food & Refreshment,11.64,9,Premium,55,18.042,55.00000000000001,OK,410000,0.3
13935,UK,Home Care,3.71,5,Standard,25,4.6375,25.0,OK,520000,0.32
13936,France,Food & Refreshment,4.41,9,Premium,55,6.835500000000001,55.00000000000001,OK,430000,0.29
13937,France,Food & Refreshment,4.02,10,Premium,55,6.231,55.00000000000001,OK,430000,0.29
13938,Germany,Home Care,14.88,8,Premium,50,22.32,50.0,OK,460000,0.31
13939,UK,Personal Care,3.36,7,Standard,30,4.368,30.0,OK,520000,0.32
13940,Germany,Home Care,8.85,1,Value,10,9.735000000000001,10.00000000000001,OK,460000,0.31
13941,UK,Personal Care,13.92,4,Standard,30,18.096,30.0,OK,520000,0.32
13942,France,Personal Care,2.63,9,Premium,60,4.208,60.00000000000001,OK,430000,0.29
13943,France,Home Care,14.58,10,Premium,50,21.87,50.0,OK,430000,0.29
13944,France,Personal Care,14.24,8,Premium,60,22.784,60.00000000000001,OK,430000,0.29
13945,UK,Personal Care,13.33,4,Standard,30,17.329,30.0,OK,520000,0.32
13946,France,Home Care,3.61,1,Value,10,3.971,10.00000000000001,OK,430000,0.29
13947,UK,Home Care,9.69,10,Premium,50,14.535,50.0,OK,520000,0.32
13948,Germany,Home Care,11.53,4,Standard,25,14.4125,25.0,OK,460000,0.31
13949,UK,Personal Care,14.8,3,Value,15,17.02,14.99999999999999,OK,520000,0.32
13950,Germany,Food & Refreshment,3.12,6,Standard,28,3.9936,28.0,OK,460000,0.31
13951,UK,Personal Care,11.61,5,Standard,30,15.093,30.0,OK,520000,0.32
13952,Germany,Food & Refreshment,5.41,5,Standard,28,6.9248,28.0,OK,460000,0.31
13953,France,Home Care,3.05,2,Value,10,3.355,10.00000000000001,OK,430000,0.29
13954,Germany,Food & Refreshment,6.61,3,Value,12,7.403200000000001,12.00000000000001,OK,460000,0.31
13955,France,Home Care,12.01,6,Standard,25,15.0125,25.0,OK,430000,0.29
13956,France,Home Care,7.24,2,Value,10,7.964000000000001,10.00000000000001,OK,430000,0.29
13957,Germany,Food & Refreshment,8.29,4,Standard,28,10.6112,28.0,OK,460000,0.31
13958,UK,Home Care,14.93,2,Value,10,16.423,10.00000000000001,OK,520000,0.32
13959,UK,Food & Refreshment,6.29,9,Premium,55,9.749500000000001,55.00000000000003,OK,520000,0.32
13960,Spain,Home Care,9.42,3,Value,10,10.362,10.00000000000001,OK,410000,0.3
13961,UK,Personal Care,5.8,10,Premium,60,9.28,59.99999999999999,OK,520000,0.32
13962,Spain,Personal Care,6.2,10,Premium,60,9.920000000000002,60.00000000000003,OK,410000,0.3
13963,UK,Home Care,10.59,6,Standard,25,13.2375,25.0,OK,520000,0.32
13964,UK,Home Care,14.1,1,Value,10,15.51,10.00000000000001,OK,520000,0.32
13965,France,Food & Refreshment,8.36,10,Premium,55,12.958,55.00000000000001,OK,430000,0.29
13966,Spain,Personal Care,11.64,3,Value,15,13.386,14.99999999999999,OK,410000,0.3
13967,UK,Food & Refreshment,1.79,8,Premium,55,2.7745,55.00000000000001,OK,520000,0.32
13968,Spain,Home Care,3.56,5,Standard,25,4.45,25.0,OK,410000,0.3
13969,France,Home Care,7.78,8,Premium,50,11.67,50.0,OK,430000,0.29
13970,France,Food & Refreshment,0.79,2,Value,12,0.8848000000000001,12.00000000000001,OK,430000,0.29
13971,Spain,Home Care,4.17,7,Standard,25,5.2125,25.0,OK,410000,0.3
13972,France,Personal Care,8.0,9,Premium,60,12.8,60.00000000000001,OK,430000,0.29
13973,Germany,Food & Refreshment,0.72,7,Standard,28,0.9216,28.0,OK,460000,0.31
13974,Germany,Personal Care,4.34,3,Value,15,4.991,14.99999999999999,OK,460000,0.31
13975,France,Personal Care,7.95,7,Standard,30,10.335,30.0,OK,430000,0.29
13976,Germany,Personal Care,8.81,8,Premium,60,14.096,60.00000000000001,OK,460000,0.31
13977,UK,Food & Refreshment,13.92,1,Value,12,15.5904,12.00000000000001,OK,520000,0.32
13978,Spain,Home Care,9.86,3,Value,10,10.846,10.00000000000001,OK,410000,0.3
13979,UK,Personal Care,6.51,5,Standard,30,8.463,29.99999999999998,OK,520000,0.32
13980,Spain,Personal Care,13.99,6,Standard,30,18.187,30.0,OK,410000,0.3
13981,France,Personal Care,11.88,3,Value,15,13.662,14.99999999999999,OK,430000,0.29
13982,UK,Home Care,3.4,4,Standard,25,4.25,25.0,OK,520000,0.32
13983,France,Home Care,2.4,5,Standard,25,3.0,25.0,OK,430000,0.29
13984,France,Food & Refreshment,10.3,3,Value,12,11.536,12.00000000000001,OK,430000,0.29
13985,Spain,Home Care,8.62,4,Standard,25,10.775,25.0,OK,410000,0.3
13986,Spain,Food & Refreshment,11.95,5,Standard,28,15.296,28.0,OK,410000,0.3
13987,Spain,Food & Refreshment,11.21,2,Value,12,12.5552,12.00000000000001,OK,410000,0.3
13988,UK,Food & Refreshment,9.57,10,Premium,55,14.8335,55.00000000000001,OK,520000,0.32
13989,Germany,Food & Refreshment,14.8,9,Premium,55,22.94,55.00000000000001,OK,460000,0.31
13990,Spain,Food & Refreshment,8.24,10,Premium,55,12.772,55.00000000000001,OK,410000,0.3
13991,Spain,Personal Care,2.14,8,Premium,60,3.424,60.00000000000001,OK,410000,0.3
13992,UK,Home Care,12.51,6,Standard,25,15.6375,25.0,OK,520000,0.32
13993,Spain,Personal Care,4.15,10,Premium,60,6.640000000000001,60.00000000000001,OK,410000,0.3
13994,UK,Food & Refreshment,11.77,3,Value,12,13.1824,12.00000000000001,OK,520000,0.32
13995,France,Home Care,14.38,2,Value,10,15.818,10.00000000000001,OK,430000,0.29
13996,Spain,Personal Care,10.6,7,Standard,30,13.78,30.0,OK,410000,0.3
13997,Spain,Personal Care,9.14,8,Premium,60,14.624,60.00000000000001,OK,410000,0.3
13998,France,Food & Refreshment,7.18,10,Premium,55,11.129,55.00000000000001,OK,430000,0.29
13999,France,Personal Care,5.78,1,Value,15,6.646999999999999,14.99999999999999,OK,430000,0.29
14000,France,Personal Care,5.62,6,Standard,30,7.306,30.0,OK,430000,0.29
14001,Spain,Personal Care,9.73,7,Standard,30,12.649,30.0,OK,410000,0.3
14002,Germany,Personal Care,11.39,9,Premium,60,18.224,59.99999999999999,OK,460000,0.31
14003,Germany,Personal Care,10.34,3,Value,15,11.891,14.99999999999999,OK,460000,0.31
14004,Germany,Food & Refreshment,3.38,2,Value,12,3.7856,12.00000000000001,OK,460000,0.31
14005,Spain,Food & Refreshment,7.66,5,Standard,28,9.8048,28.0,OK,410000,0.3
14006,France,Personal Care,11.98,10,Premium,60,19.168,60.00000000000001,OK,430000,0.29
14007,Spain,Food & Refreshment,7.4,1,Value,12,8.288000000000002,12.00000000000003,OK,410000,0.3
14008,France,Food & Refreshment,8.28,6,Standard,28,10.5984,28.0,OK,430000,0.29
14009,Spain,Home Care,11.68,9,Premium,50,17.52,50.0,OK,410000,0.3
14010,Spain,Personal Care,10.09,10,Premium,60,16.144,60.00000000000003,OK,410000,0.3
14011,France,Food & Refreshment,6.44,9,Premium,55,9.982000000000001,55.00000000000001,OK,430000,0.29
14012,Germany,Food & Refreshment,13.48,7,Standard,28,17.2544,28.0,OK,460000,0.31
14013,France,Personal Care,2.86,7,Standard,30,3.718,30.0,OK,430000,0.29
14014,UK,Home Care,14.93,8,Premium,50,22.395,50.0,OK,520000,0.32
14015,UK,Personal Care,2.22,10,Premium,60,3.552,60.00000000000001,OK,520000,0.32
14016,France,Home Care,0.72,2,Value,10,0.792,10.00000000000001,OK,430000,0.29
14017,Spain,Personal Care,13.41,6,Standard,30,17.433,30.0,OK,410000,0.3
14018,UK,Personal Care,4.05,5,Standard,30,5.265,30.0,OK,520000,0.32
14019,UK,Personal Care,11.08,5,Standard,30,14.404,30.0,OK,520000,0.32
14020,Spain,Personal Care,12.26,3,Value,15,14.099,14.99999999999999,OK,410000,0.3
14021,Spain,Home Care,12.96,3,Value,10,14.256,10.00000000000001,OK,410000,0.3
14022,Germany,Home Care,14.88,6,Standard,25,18.6,25.0,OK,460000,0.31
14023,Spain,Food & Refreshment,4.76,10,Premium,55,7.378,55.00000000000001,OK,410000,0.3
14024,France,Personal Care,10.8,10,Premium,60,17.28,60.00000000000001,OK,430000,0.29
14025,France,Home Care,2.17,7,Standard,25,2.7125,25.0,OK,430000,0.29
14026,Germany,Home Care,6.4,1,Value,10,7.040000000000001,10.00000000000001,OK,460000,0.31
14027,UK,Home Care,12.8,3,Value,10,14.08,10.00000000000001,OK,520000,0.32
14028,UK,Personal Care,5.83,1,Value,15,6.704499999999999,14.99999999999999,OK,520000,0.32
14029,Spain,Food & Refreshment,9.07,10,Premium,55,14.0585,55.00000000000001,OK,410000,0.3
14030,France,Home Care,7.8,3,Value,10,8.58,10.00000000000001,OK,430000,0.29
14031,UK,Personal Care,9.87,5,Standard,30,12.831,30.0,OK,520000,0.32
14032,Germany,Home Care,14.61,9,Premium,50,21.915,50.0,OK,460000,0.31
14033,Germany,Home Care,1.31,3,Value,10,1.441,10.00000000000001,OK,460000,0.31
14034,France,Food & Refreshment,8.82,10,Premium,55,13.671,55.00000000000001,OK,430000,0.29
14035,Germany,Home Care,13.01,10,Premium,50,19.515,50.0,OK,460000,0.31
14036,Germany,Home Care,7.48,9,Premium,50,11.22,50.0,OK,460000,0.31
14037,France,Personal Care,1.64,1,Value,15,1.886,14.99999999999999,OK,430000,0.29
14038,Spain,Personal Care,8.63,6,Standard,30,11.219,30.0,OK,410000,0.3
14039,Spain,Food & Refreshment,5.32,9,Premium,55,8.246,55.00000000000001,OK,410000,0.3
14040,Germany,Personal Care,2.75,5,Standard,30,3.575,30.0,OK,460000,0.31
14041,Spain,Personal Care,12.81,10,Premium,60,20.496,60.00000000000001,OK,410000,0.3
14042,Spain,Food & Refreshment,8.06,2,Value,12,9.0272,12.00000000000001,OK,410000,0.3
14043,Germany,Home Care,14.03,5,Standard,25,17.5375,25.0,OK,460000,0.31
14044,Spain,Food & Refreshment,12.19,1,Value,12,13.6528,12.00000000000001,OK,410000,0.3
14045,Germany,Personal Care,10.55,9,Premium,60,16.88,60.00000000000001,OK,460000,0.31
14046,UK,Food & Refreshment,0.57,10,Premium,55,0.8835,55.00000000000001,OK,520000,0.32
14047,France,Home Care,6.7,10,Premium,50,10.05,50.0,OK,430000,0.29
14048,France,Food & Refreshment,3.36,9,Premium,55,5.208,55.00000000000001,OK,430000,0.29
14049,Spain,Personal Care,13.71,6,Standard,30,17.823,30.0,OK,410000,0.3
14050,Spain,Personal Care,3.03,9,Premium,60,4.848,60.00000000000001,OK,410000,0.3
14051,Spain,Food & Refreshment,4.65,3,Value,12,5.208000000000001,12.00000000000001,OK,410000,0.3
14052,France,Home Care,7.99,4,Standard,25,9.9875,25.0,OK,430000,0.29
14053,UK,Food & Refreshment,4.32,6,Standard,28,5.5296,28.0,OK,520000,0.32
14054,UK,Home Care,3.54,4,Standard,25,4.425,25.0,OK,520000,0.32
14055,France,Home Care,9.19,1,Value,10,10.109,10.00000000000001,OK,430000,0.29
14056,UK,Food & Refreshment,1.79,7,Standard,28,2.2912,28.0,OK,520000,0.32
14057,France,Home Care,1.34,5,Standard,25,1.675,25.0,OK,430000,0.29
14058,UK,Personal Care,5.9,8,Premium,60,9.440000000000001,60.00000000000001,OK,520000,0.32
14059,Germany,Food & Refreshment,10.95,9,Premium,55,16.9725,55.00000000000001,OK,460000,0.31
14060,Germany,Home Care,8.54,5,Standard,25,10.675,25.0,OK,460000,0.31
14061,France,Personal Care,6.63,8,Premium,60,10.608,60.00000000000001,OK,430000,0.29
14062,UK,Food & Refreshment,8.7,1,Value,12,9.744,12.00000000000001,OK,520000,0.32
14063,Spain,Personal Care,5.8,1,Value,15,6.669999999999999,14.99999999999999,OK,410000,0.3
14064,UK,Personal Care,14.07,7,Standard,30,18.291,30.0,OK,520000,0.32
14065,Germany,Personal Care,1.3,6,Standard,30,1.69,30.0,OK,460000,0.31
14066,Germany,Home Care,10.26,5,Standard,25,12.825,25.0,OK,460000,0.31
14067,UK,Food & Refreshment,13.42,5,Standard,28,17.1776,28.0,OK,520000,0.32
14068,UK,Food & Refreshment,12.16,9,Premium,55,18.848,55.00000000000003,OK,520000,0.32
14069,Spain,Home Care,3.17,1,Value,10,3.487,10.00000000000001,OK,410000,0.3
14070,Spain,Food & Refreshment,4.79,8,Premium,55,7.4245,55.00000000000001,OK,410000,0.3
14071,UK,Personal Care,10.9,2,Value,15,12.535,14.99999999999999,OK,520000,0.32
14072,UK,Food & Refreshment,1.72,7,Standard,28,2.2016,28.0,OK,520000,0.32
14073,UK,Home Care,12.27,6,Standard,25,15.3375,25.0,OK,520000,0.32
14074,UK,Personal Care,10.92,10,Premium,60,17.472,60.00000000000001,OK,520000,0.32
14075,France,Home Care,11.08,2,Value,10,12.188,10.00000000000001,OK,430000,0.29
14076,UK,Personal Care,1.95,3,Value,15,2.2425,14.99999999999999,OK,520000,0.32
14077,Spain,Personal Care,10.91,4,Standard,30,14.183,30.0,OK,410000,0.3
14078,Germany,Food & Refreshment,10.36,7,Standard,28,13.2608,28.0,OK,460000,0.31
14079,France,Personal Care,12.55,8,Premium,60,20.08,60.00000000000001,OK,430000,0.29
14080,UK,Home Care,1.1,2,Value,10,1.21,10.00000000000001,OK,520000,0.32
14081,Germany,Food & Refreshment,0.84,8,Premium,55,1.302,55.00000000000001,OK,460000,0.31
14082,France,Home Care,5.91,9,Premium,50,8.865,50.0,OK,430000,0.29
14083,Germany,Personal Care,2.66,7,Standard,30,3.458,30.0,OK,460000,0.31
14084,UK,Home Care,8.6,1,Value,10,9.46,10.00000000000001,OK,520000,0.32
14085,UK,Home Care,13.8,6,Standard,25,17.25,25.0,OK,520000,0.32
14086,Spain,Personal Care,6.18,8,Premium,60,9.888,60.00000000000001,OK,410000,0.3
14087,UK,Food & Refreshment,12.75,5,Standard,28,16.32,28.0,OK,520000,0.32
14088,UK,Home Care,0.5,2,Value,10,0.55,10.00000000000001,OK,520000,0.32
14089,France,Personal Care,2.94,5,Standard,30,3.822,30.0,OK,430000,0.29
14090,Spain,Food & Refreshment,0.94,8,Premium,55,1.457,54.99999999999999,OK,410000,0.3
14091,France,Food & Refreshment,5.26,2,Value,12,5.8912,12.00000000000001,OK,430000,0.29
14092,Germany,Food & Refreshment,13.67,1,Value,12,15.3104,12.00000000000001,OK,460000,0.31
14093,UK,Home Care,1.91,4,Standard,25,2.3875,25.0,OK,520000,0.32
14094,Germany,Home Care,9.29,4,Standard,25,11.6125,25.0,OK,460000,0.31
14095,France,Home Care,7.05,9,Premium,50,10.575,50.0,OK,430000,0.29
14096,UK,Food & Refreshment,14.11,3,Value,12,15.8032,12.00000000000001,OK,520000,0.32
14097,UK,Home Care,2.28,4,Standard,25,2.85,25.0,OK,520000,0.32
14098,France,Personal Care,3.57,3,Value,15,4.105499999999999,14.99999999999999,OK,430000,0.29
14099,France,Home Care,0.93,2,Value,10,1.023,10.00000000000001,OK,430000,0.29
14100,France,Home Care,6.79,4,Standard,25,8.4875,25.0,OK,430000,0.29
14101,France,Food & Refreshment,4.53,8,Premium,55,7.021500000000001,55.00000000000001,OK,430000,0.29
14102,France,Home Care,13.11,1,Value,10,14.421,10.00000000000001,OK,430000,0.29
14103,UK,Personal Care,9.27,8,Premium,60,14.832,60.00000000000001,OK,520000,0.32
14104,France,Food & Refreshment,9.4,8,Premium,55,14.57,55.00000000000001,OK,430000,0.29
14105,UK,Personal Care,8.21,3,Value,15,9.4415,14.99999999999999,OK,520000,0.32
14106,UK,Food & Refreshment,1.83,10,Premium,55,2.8365,55.00000000000001,OK,520000,0.32
14107,France,Food & Refreshment,6.95,10,Premium,55,10.7725,55.00000000000001,OK,430000,0.29
14108,France,Home Care,14.99,6,Standard,25,18.7375,25.0,OK,430000,0.29
14109,Spain,Personal Care,12.61,4,Standard,30,16.393,30.0,OK,410000,0.3
14110,UK,Food & Refreshment,13.46,1,Value,12,15.0752,12.00000000000001,OK,520000,0.32
14111,France,Home Care,12.44,1,Value,10,13.684,10.00000000000001,OK,430000,0.29
14112,France,Food & Refreshment,1.99,5,Standard,28,2.5472,28.0,OK,430000,0.29
14113,France,Food & Refreshment,3.8,8,Premium,55,5.89,55.00000000000001,OK,430000,0.29
14114,Spain,Food & Refreshment,0.55,1,Value,12,0.6160000000000001,12.00000000000001,OK,410000,0.3
14115,Spain,Food & Refreshment,4.9,2,Value,12,5.488000000000001,12.00000000000001,OK,410000,0.3
14116,Germany,Food & Refreshment,2.07,7,Standard,28,2.6496,28.0,OK,460000,0.31
14117,UK,Food & Refreshment,7.36,8,Premium,55,11.408,55.00000000000001,OK,520000,0.32
14118,Germany,Home Care,10.32,3,Value,10,11.352,10.00000000000001,OK,460000,0.31
14119,France,Food & Refreshment,13.18,8,Premium,55,20.429,54.99999999999999,OK,430000,0.29
14120,Spain,Personal Care,11.36,1,Value,15,13.064,14.99999999999999,OK,410000,0.3
14121,Spain,Home Care,14.11,9,Premium,50,21.165,50.0,OK,410000,0.3
14122,Germany,Personal Care,1.28,2,Value,15,1.472,14.99999999999999,OK,460000,0.31
14123,Spain,Food & Refreshment,0.68,2,Value,12,0.7616000000000002,12.00000000000001,OK,410000,0.3
14124,France,Personal Care,10.09,4,Standard,30,13.117,30.0,OK,430000,0.29
14125,Spain,Food & Refreshment,4.7,10,Premium,55,7.285,55.00000000000001,OK,410000,0.3
14126,Germany,Food & Refreshment,4.18,3,Value,12,4.6816,12.00000000000001,OK,460000,0.31
14127,France,Home Care,5.3,4,Standard,25,6.625,25.0,OK,430000,0.29
14128,Germany,Home Care,4.41,6,Standard,25,5.5125,25.0,OK,460000,0.31
14129,Spain,Food & Refreshment,7.92,7,Standard,28,10.1376,28.0,OK,410000,0.3
14130,Germany,Home Care,6.88,5,Standard,25,8.6,25.0,OK,460000,0.31
14131,Germany,Personal Care,7.93,2,Value,15,9.119499999999999,14.99999999999999,OK,460000,0.31
14132,UK,Home Care,10.25,3,Value,10,11.275,10.00000000000001,OK,520000,0.32
14133,Spain,Home Care,6.11,10,Premium,50,9.165000000000001,50.0,OK,410000,0.3
14134,Spain,Personal Care,4.14,3,Value,15,4.760999999999999,14.99999999999999,OK,410000,0.3
14135,Germany,Home Care,2.91,5,Standard,25,3.6375,25.0,OK,460000,0.31
14136,UK,Food & Refreshment,5.57,5,Standard,28,7.129600000000001,28.0,OK,520000,0.32
14137,Spain,Personal Care,11.26,4,Standard,30,14.638,30.0,OK,410000,0.3
14138,France,Food & Refreshment,11.47,8,Premium,55,17.7785,55.00000000000001,OK,430000,0.29
14139,Germany,Personal Care,10.17,6,Standard,30,13.221,30.0,OK,460000,0.31
14140,Spain,Food & Refreshment,3.89,6,Standard,28,4.979200000000001,28.0,OK,410000,0.3
14141,France,Food & Refreshment,9.03,1,Value,12,10.1136,12.00000000000001,OK,430000,0.29
14142,Spain,Home Care,8.78,6,Standard,25,10.975,25.0,OK,410000,0.3
14143,France,Food & Refreshment,7.52,3,Value,12,8.4224,12.00000000000001,OK,430000,0.29
14144,Germany,Home Care,8.47,6,Standard,25,10.5875,25.0,OK,460000,0.31
14145,Spain,Personal Care,7.63,10,Premium,60,12.208,60.00000000000001,OK,410000,0.3
14146,Spain,Food & Refreshment,8.7,6,Standard,28,11.136,28.0,OK,410000,0.3
14147,UK,Food & Refreshment,10.87,2,Value,12,12.1744,12.00000000000001,OK,520000,0.32
14148,Germany,Personal Care,2.09,1,Value,15,2.4035,14.99999999999999,OK,460000,0.31
14149,France,Personal Care,11.37,3,Value,15,13.0755,14.99999999999999,OK,430000,0.29
14150,Spain,Food & Refreshment,2.47,5,Standard,28,3.1616,28.0,OK,410000,0.3
14151,Spain,Personal Care,1.47,4,Standard,30,1.911,30.0,OK,410000,0.3
14152,France,Home Care,14.65,7,Standard,25,18.3125,25.0,OK,430000,0.29
14153,Germany,Personal Care,14.38,4,Standard,30,18.694,30.0,OK,460000,0.31
14154,UK,Personal Care,1.38,8,Premium,60,2.208,59.99999999999999,OK,520000,0.32
14155,UK,Food & Refreshment,6.93,7,Standard,28,8.8704,28.0,OK,520000,0.32
14156,Spain,Home Care,3.2,10,Premium,50,4.800000000000001,50.00000000000002,OK,410000,0.3
14157,France,Personal Care,7.54,9,Premium,60,12.064,60.00000000000001,OK,430000,0.29
14158,Spain,Home Care,12.54,1,Value,10,13.794,10.00000000000001,OK,410000,0.3
14159,France,Home Care,14.28,5,Standard,25,17.85,25.0,OK,430000,0.29
14160,UK,Home Care,9.7,4,Standard,25,12.125,25.0,OK,520000,0.32
14161,Germany,Food & Refreshment,5.63,6,Standard,28,7.2064,28.0,OK,460000,0.31
14162,France,Personal Care,9.25,1,Value,15,10.6375,14.99999999999999,OK,430000,0.29
14163,UK,Food & Refreshment,5.02,6,Standard,28,6.425599999999999,28.0,OK,520000,0.32
14164,Spain,Personal Care,13.69,1,Value,15,15.7435,14.99999999999999,OK,410000,0.3
14165,France,Personal Care,13.12,1,Value,15,15.088,14.99999999999999,OK,430000,0.29
14166,Germany,Food & Refreshment,8.59,8,Premium,55,13.3145,55.00000000000001,OK,460000,0.31
14167,Spain,Home Care,5.21,2,Value,10,5.731000000000001,10.00000000000001,OK,410000,0.3
14168,Spain,Home Care,4.75,10,Premium,50,7.125,50.0,OK,410000,0.3
14169,UK,Personal Care,0.98,6,Standard,30,1.274,30.0,OK,520000,0.32
14170,France,Food & Refreshment,12.33,6,Standard,28,15.7824,28.0,OK,430000,0.29
14171,Spain,Home Care,7.03,6,Standard,25,8.7875,25.0,OK,410000,0.3
14172,Germany,Home Care,5.21,8,Premium,50,7.815,50.0,OK,460000,0.31
14173,France,Personal Care,7.33,4,Standard,30,9.529,30.0,OK,430000,0.29
14174,Germany,Personal Care,12.37,3,Value,15,14.2255,14.99999999999999,OK,460000,0.31
14175,Spain,Food & Refreshment,2.31,6,Standard,28,2.9568,28.0,OK,410000,0.3
14176,Germany,Personal Care,12.94,4,Standard,30,16.822,30.0,OK,460000,0.31
14177,UK,Home Care,13.51,2,Value,10,14.861,10.00000000000001,OK,520000,0.32
14178,Germany,Home Care,14.23,6,Standard,25,17.7875,25.0,OK,460000,0.31
14179,France,Home Care,6.26,10,Premium,50,9.39,50.00000000000002,OK,430000,0.29
14180,Germany,Home Care,3.65,5,Standard,25,4.5625,25.0,OK,460000,0.31
14181,Germany,Food & Refreshment,5.92,9,Premium,55,9.176,55.00000000000001,OK,460000,0.31
14182,UK,Food & Refreshment,5.33,6,Standard,28,6.8224,28.0,OK,520000,0.32
14183,Germany,Personal Care,3.05,3,Value,15,3.507499999999999,14.99999999999999,OK,460000,0.31
14184,Germany,Personal Care,9.31,5,Standard,30,12.103,30.0,OK,460000,0.31
14185,Spain,Personal Care,7.41,10,Premium,60,11.856,60.00000000000001,OK,410000,0.3
14186,Spain,Food & Refreshment,13.05,8,Premium,55,20.2275,55.00000000000001,OK,410000,0.3
14187,France,Home Care,0.97,9,Premium,50,1.455,50.00000000000002,OK,430000,0.29
14188,Spain,Personal Care,9.84,8,Premium,60,15.744,60.00000000000001,OK,410000,0.3
14189,Spain,Home Care,11.56,3,Value,10,12.716,10.00000000000001,OK,410000,0.3
14190,Spain,Personal Care,11.51,9,Premium,60,18.416,60.00000000000001,OK,410000,0.3
14191,Spain,Personal Care,13.35,3,Value,15,15.3525,14.99999999999999,OK,410000,0.3
14192,UK,Personal Care,11.07,8,Premium,60,17.712,59.99999999999999,OK,520000,0.32
14193,Spain,Personal Care,13.95,10,Premium,60,22.32,60.00000000000001,OK,410000,0.3
14194,UK,Personal Care,5.32,9,Premium,60,8.512,60.00000000000001,OK,520000,0.32
14195,UK,Home Care,7.8,7,Standard,25,9.75,25.0,OK,520000,0.32
14196,Spain,Personal Care,0.7,4,Standard,30,0.9099999999999999,30.0,OK,410000,0.3
14197,Germany,Home Care,0.6,10,Premium,50,0.8999999999999999,50.0,OK,460000,0.31
14198,UK,Food & Refreshment,3.98,9,Premium,55,6.169,55.00000000000001,OK,520000,0.32
14199,Germany,Personal Care,1.96,3,Value,15,2.254,15.00000000000001,OK,460000,0.31
14200,Germany,Home Care,4.27,3,Value,10,4.697,10.00000000000001,OK,460000,0.31
14201,Spain,Food & Refreshment,3.07,2,Value,12,3.4384,12.00000000000001,OK,410000,0.3
14202,France,Food & Refreshment,0.91,10,Premium,55,1.4105,55.00000000000001,OK,430000,0.29
14203,Spain,Food & Refreshment,13.68,3,Value,12,15.3216,12.00000000000001,OK,410000,0.3
14204,France,Home Care,0.62,1,Value,10,0.682,10.00000000000001,OK,430000,0.29
14205,France,Personal Care,11.17,4,Standard,30,14.521,30.0,OK,430000,0.29
14206,Spain,Personal Care,2.71,8,Premium,60,4.336,60.00000000000001,OK,410000,0.3
14207,Spain,Home Care,13.73,5,Standard,25,17.1625,25.0,OK,410000,0.3
14208,France,Personal Care,13.45,2,Value,15,15.4675,14.99999999999999,OK,430000,0.29
14209,Spain,Home Care,9.98,3,Value,10,10.978,10.00000000000001,OK,410000,0.3
14210,France,Personal Care,10.25,1,Value,15,11.7875,14.99999999999999,OK,430000,0.29
14211,Germany,Food & Refreshment,0.58,2,Value,12,0.6496000000000001,12.00000000000001,OK,460000,0.31
14212,Spain,Personal Care,14.78,1,Value,15,16.997,14.99999999999999,OK,410000,0.3
14213,Germany,Home Care,13.23,2,Value,10,14.553,10.00000000000001,OK,460000,0.31
14214,UK,Home Care,13.48,3,Value,10,14.828,10.00000000000001,OK,520000,0.32
14215,Germany,Food & Refreshment,10.06,1,Value,12,11.2672,12.00000000000001,OK,460000,0.31
14216,Germany,Home Care,5.5,9,Premium,50,8.25,50.0,OK,460000,0.31
14217,France,Personal Care,13.46,10,Premium,60,21.536,60.00000000000001,OK,430000,0.29
14218,Germany,Personal Care,4.73,5,Standard,30,6.149000000000001,30.0,OK,460000,0.31
14219,Spain,Food & Refreshment,8.66,8,Premium,55,13.423,55.00000000000001,OK,410000,0.3
14220,France,Home Care,1.95,5,Standard,25,2.4375,25.0,OK,430000,0.29
14221,UK,Food & Refreshment,13.87,8,Premium,55,21.4985,55.00000000000001,OK,520000,0.32
14222,Spain,Personal Care,2.54,7,Standard,30,3.302,30.0,OK,410000,0.3
14223,UK,Food & Refreshment,3.76,4,Standard,28,4.8128,28.0,OK,520000,0.32
14224,Germany,Home Care,8.59,7,Standard,25,10.7375,25.0,OK,460000,0.31
14225,Spain,Food & Refreshment,11.58,6,Standard,28,14.8224,28.0,OK,410000,0.3
14226,Spain,Home Care,9.48,3,Value,10,10.428,10.00000000000001,OK,410000,0.3
14227,UK,Home Care,3.87,9,Premium,50,5.805,49.99999999999998,OK,520000,0.32
14228,Spain,Personal Care,0.51,10,Premium,60,0.8160000000000001,60.00000000000001,OK,410000,0.3
14229,Spain,Personal Care,11.48,9,Premium,60,18.368,60.00000000000001,OK,410000,0.3
14230,Spain,Personal Care,14.79,5,Standard,30,19.227,30.0,OK,410000,0.3
14231,Germany,Home Care,12.24,8,Premium,50,18.36,50.0,OK,460000,0.31
14232,UK,Food & Refreshment,7.17,7,Standard,28,9.1776,28.0,OK,520000,0.32
14233,Spain,Home Care,13.6,9,Premium,50,20.4,50.0,OK,410000,0.3
14234,France,Personal Care,6.44,7,Standard,30,8.372000000000002,30.00000000000003,OK,430000,0.29
14235,France,Personal Care,8.11,4,Standard,30,10.543,30.0,OK,430000,0.29
14236,France,Food & Refreshment,7.42,4,Standard,28,9.4976,28.0,OK,430000,0.29
14237,France,Personal Care,6.99,8,Premium,60,11.184,60.00000000000001,OK,430000,0.29
14238,Germany,Personal Care,11.74,6,Standard,30,15.262,30.0,OK,460000,0.31
14239,Spain,Personal Care,8.14,9,Premium,60,13.024,60.00000000000001,OK,410000,0.3
14240,UK,Food & Refreshment,5.09,10,Premium,55,7.8895,55.00000000000001,OK,520000,0.32
14241,Spain,Home Care,4.24,7,Standard,25,5.300000000000001,25.0,OK,410000,0.3
14242,Germany,Personal Care,1.05,7,Standard,30,1.365,30.0,OK,460000,0.31
14243,France,Food & Refreshment,8.96,4,Standard,28,11.4688,28.0,OK,430000,0.29
14244,Germany,Personal Care,3.83,3,Value,15,4.4045,14.99999999999999,OK,460000,0.31
14245,Spain,Food & Refreshment,2.65,8,Premium,55,4.1075,55.00000000000001,OK,410000,0.3
14246,UK,Personal Care,9.98,7,Standard,30,12.974,30.0,OK,520000,0.32
14247,Germany,Food & Refreshment,10.38,4,Standard,28,13.2864,28.0,OK,460000,0.31
14248,UK,Personal Care,11.41,4,Standard,30,14.833,30.0,OK,520000,0.32
14249,Germany,Home Care,7.8,1,Value,10,8.58,10.00000000000001,OK,460000,0.31
14250,UK,Personal Care,13.46,7,Standard,30,17.498,30.0,OK,520000,0.32
14251,UK,Food & Refreshment,14.08,1,Value,12,15.7696,12.00000000000001,OK,520000,0.32
14252,France,Personal Care,12.21,10,Premium,60,19.536,60.00000000000001,OK,430000,0.29
14253,UK,Home Care,9.72,10,Premium,50,14.58,50.0,OK,520000,0.32
14254,France,Personal Care,4.9,4,Standard,30,6.370000000000001,30.0,OK,430000,0.29
14255,Spain,Food & Refreshment,14.75,3,Value,12,16.52,12.00000000000001,OK,410000,0.3
14256,Spain,Food & Refreshment,4.47,3,Value,12,5.0064,12.00000000000001,OK,410000,0.3
14257,France,Home Care,3.44,1,Value,10,3.784,10.00000000000001,OK,430000,0.29
14258,France,Food & Refreshment,6.91,4,Standard,28,8.844800000000001,28.0,OK,430000,0.29
14259,Germany,Personal Care,1.32,1,Value,15,1.518,14.99999999999999,OK,460000,0.31
14260,Germany,Personal Care,14.69,8,Premium,60,23.504,60.00000000000001,OK,460000,0.31
14261,Germany,Personal Care,9.03,1,Value,15,10.3845,14.99999999999999,OK,460000,0.31
14262,Spain,Food & Refreshment,8.58,6,Standard,28,10.9824,28.0,OK,410000,0.3
14263,Germany,Personal Care,10.01,7,Standard,30,13.013,30.0,OK,460000,0.31
14264,UK,Personal Care,7.71,10,Premium,60,12.336,60.00000000000001,OK,520000,0.32
14265,UK,Personal Care,0.96,2,Value,15,1.104,14.99999999999999,OK,520000,0.32
14266,Germany,Home Care,9.38,4,Standard,25,11.725,25.0,OK,460000,0.31
14267,UK,Food & Refreshment,10.88,3,Value,12,12.1856,12.00000000000001,OK,520000,0.32
14268,Spain,Food & Refreshment,6.54,9,Premium,55,10.137,55.00000000000001,OK,410000,0.3
14269,UK,Food & Refreshment,11.48,7,Standard,28,14.6944,28.0,OK,520000,0.32
14270,Spain,Home Care,3.79,2,Value,10,4.169,10.00000000000001,OK,410000,0.3
14271,France,Food & Refreshment,3.71,6,Standard,28,4.7488,28.0,OK,430000,0.29
14272,France,Home Care,2.84,9,Premium,50,4.26,50.0,OK,430000,0.29
14273,France,Home Care,5.89,3,Value,10,6.479,10.00000000000001,OK,430000,0.29
14274,France,Food & Refreshment,12.78,6,Standard,28,16.3584,28.0,OK,430000,0.29
14275,UK,Personal Care,12.5,3,Value,15,14.375,14.99999999999999,OK,520000,0.32
14276,Germany,Personal Care,6.05,3,Value,15,6.9575,14.99999999999999,OK,460000,0.31
14277,UK,Food & Refreshment,9.04,4,Standard,28,11.5712,28.0,OK,520000,0.32
14278,Spain,Food & Refreshment,10.95,9,Premium,55,16.9725,55.00000000000001,OK,410000,0.3
14279,UK,Home Care,4.0,8,Premium,50,6.0,50.0,OK,520000,0.32
14280,UK,Food & Refreshment,2.94,1,Value,12,3.2928,12.00000000000001,OK,520000,0.32
14281,Spain,Home Care,14.6,1,Value,10,16.06,10.00000000000001,OK,410000,0.3
14282,France,Food & Refreshment,9.45,7,Standard,28,12.096,28.0,OK,430000,0.29
14283,France,Personal Care,14.73,3,Value,15,16.9395,14.99999999999999,OK,430000,0.29
14284,France,Personal Care,5.4,7,Standard,30,7.02,30.0,OK,430000,0.29
14285,Germany,Food & Refreshment,10.69,9,Premium,55,16.5695,55.00000000000003,OK,460000,0.31
14286,Spain,Home Care,3.73,3,Value,10,4.103000000000001,10.00000000000001,OK,410000,0.3
14287,Spain,Personal Care,4.29,3,Value,15,4.9335,14.99999999999999,OK,410000,0.3
14288,UK,Home Care,7.92,2,Value,10,8.712,9.999999999999986,OK,520000,0.32
14289,Germany,Food & Refreshment,5.13,10,Premium,55,7.9515,55.00000000000001,OK,460000,0.31
14290,France,Food & Refreshment,2.93,1,Value,12,3.281600000000001,12.00000000000001,OK,430000,0.29
14291,Germany,Personal Care,4.31,9,Premium,60,6.896,60.00000000000001,OK,460000,0.31
14292,Spain,Food & Refreshment,1.02,6,Standard,28,1.3056,28.0,OK,410000,0.3
14293,Spain,Personal Care,10.71,6,Standard,30,13.923,30.0,OK,410000,0.3
14294,UK,Home Care,7.64,8,Premium,50,11.46,50.0,OK,520000,0.32
14295,UK,Personal Care,1.87,5,Standard,30,2.431,30.0,OK,520000,0.32
14296,Spain,Personal Care,2.99,9,Premium,60,4.784000000000001,60.00000000000001,OK,410000,0.3
14297,France,Home Care,1.99,5,Standard,25,2.4875,25.0,OK,430000,0.29
14298,France,Personal Care,9.38,2,Value,15,10.787,14.99999999999999,OK,430000,0.29
14299,Germany,Personal Care,1.87,6,Standard,30,2.431,30.0,OK,460000,0.31
14300,Spain,Food & Refreshment,11.44,9,Premium,55,17.732,55.00000000000001,OK,410000,0.3
14301,Spain,Home Care,0.8,3,Value,10,0.8800000000000001,10.00000000000001,OK,410000,0.3
14302,France,Personal Care,4.12,10,Premium,60,6.592000000000001,60.00000000000001,OK,430000,0.29
14303,France,Home Care,13.41,4,Standard,25,16.7625,25.0,OK,430000,0.29
14304,Spain,Home Care,10.92,10,Premium,50,16.38,50.0,OK,410000,0.3
14305,UK,Personal Care,1.56,8,Premium,60,2.496,60.00000000000003,OK,520000,0.32
14306,Spain,Food & Refreshment,12.41,6,Standard,28,15.8848,28.0,OK,410000,0.3
14307,Spain,Home Care,7.65,7,Standard,25,9.5625,25.0,OK,410000,0.3
14308,France,Personal Care,12.78,7,Standard,30,16.614,30.0,OK,430000,0.29
14309,France,Home Care,9.21,4,Standard,25,11.5125,25.0,OK,430000,0.29
14310,UK,Food & Refreshment,10.39,6,Standard,28,13.2992,28.0,OK,520000,0.32
14311,UK,Food & Refreshment,14.91,9,Premium,55,23.1105,55.00000000000001,OK,520000,0.32
14312,Germany,Food & Refreshment,3.87,3,Value,12,4.3344,12.00000000000001,OK,460000,0.31
14313,Spain,Personal Care,9.55,8,Premium,60,15.28,60.00000000000001,OK,410000,0.3
14314,France,Personal Care,7.17,7,Standard,30,9.321,30.0,OK,430000,0.29
14315,UK,Food & Refreshment,1.07,4,Standard,28,1.3696,28.0,OK,520000,0.32
14316,Germany,Personal Care,0.71,10,Premium,60,1.136,59.99999999999999,OK,460000,0.31
14317,Germany,Food & Refreshment,2.23,3,Value,12,2.4976,12.00000000000001,OK,460000,0.31
14318,France,Personal Care,9.91,7,Standard,30,12.883,30.0,OK,430000,0.29
14319,France,Food & Refreshment,8.72,10,Premium,55,13.516,55.00000000000001,OK,430000,0.29
14320,Germany,Home Care,8.52,9,Premium,50,12.78,50.0,OK,460000,0.31
14321,UK,Food & Refreshment,0.96,10,Premium,55,1.488,55.00000000000001,OK,520000,0.32
14322,Germany,Food & Refreshment,7.3,3,Value,12,8.176,12.00000000000001,OK,460000,0.31
14323,Spain,Personal Care,13.91,10,Premium,60,22.256,60.00000000000001,OK,410000,0.3
14324,Spain,Personal Care,6.27,9,Premium,60,10.032,60.00000000000001,OK,410000,0.3
14325,France,Personal Care,9.56,8,Premium,60,15.296,60.00000000000001,OK,430000,0.29
14326,UK,Personal Care,11.81,3,Value,15,13.5815,14.99999999999999,OK,520000,0.32
14327,UK,Personal Care,11.87,8,Premium,60,18.992,60.00000000000001,OK,520000,0.32
14328,Spain,Personal Care,8.03,4,Standard,30,10.439,30.0,OK,410000,0.3
14329,Germany,Home Care,12.94,6,Standard,25,16.175,25.0,OK,460000,0.31
14330,France,Food & Refreshment,6.17,10,Premium,55,9.5635,54.99999999999999,OK,430000,0.29
14331,Germany,Food & Refreshment,13.39,2,Value,12,14.9968,12.00000000000001,OK,460000,0.31
14332,Germany,Food & Refreshment,3.98,8,Premium,55,6.169,55.00000000000001,OK,460000,0.31
14333,Germany,Home Care,4.56,9,Premium,50,6.84,50.0,OK,460000,0.31
14334,UK,Food & Refreshment,1.27,7,Standard,28,1.6256,28.0,OK,520000,0.32
14335,Spain,Home Care,12.04,8,Premium,50,18.06,50.0,OK,410000,0.3
14336,UK,Home Care,6.55,7,Standard,25,8.1875,25.0,OK,520000,0.32
14337,Spain,Home Care,3.82,10,Premium,50,5.73,50.0,OK,410000,0.3
14338,France,Food & Refreshment,3.86,4,Standard,28,4.9408,28.0,OK,430000,0.29
14339,France,Home Care,13.57,1,Value,10,14.927,10.00000000000001,OK,430000,0.29
14340,Germany,Food & Refreshment,12.59,3,Value,12,14.1008,12.00000000000001,OK,460000,0.31
14341,Spain,Food & Refreshment,8.53,7,Standard,28,10.9184,28.0,OK,410000,0.3
14342,Spain,Personal Care,9.43,7,Standard,30,12.259,30.0,OK,410000,0.3
14343,Spain,Personal Care,7.38,3,Value,15,8.487,15.00000000000001,OK,410000,0.3
14344,Germany,Home Care,6.18,1,Value,10,6.798,10.00000000000001,OK,460000,0.31
14345,Germany,Home Care,13.77,10,Premium,50,20.655,50.00000000000002,OK,460000,0.31
14346,France,Food & Refreshment,2.32,9,Premium,55,3.596,55.00000000000001,OK,430000,0.29
14347,UK,Home Care,6.57,6,Standard,25,8.2125,25.0,OK,520000,0.32
14348,Spain,Home Care,5.5,7,Standard,25,6.875,25.0,OK,410000,0.3
14349,Spain,Food & Refreshment,7.72,1,Value,12,8.6464,12.00000000000001,OK,410000,0.3
14350,UK,Home Care,7.14,1,Value,10,7.854,10.00000000000001,OK,520000,0.32
14351,Spain,Home Care,8.02,4,Standard,25,10.025,25.0,OK,410000,0.3
14352,Germany,Food & Refreshment,2.53,7,Standard,28,3.2384,28.0,OK,460000,0.31
14353,Germany,Food & Refreshment,7.94,8,Premium,55,12.307,55.00000000000001,OK,460000,0.31
14354,Spain,Personal Care,4.02,10,Premium,60,6.431999999999999,60.00000000000001,OK,410000,0.3
14355,Germany,Food & Refreshment,3.17,9,Premium,55,4.9135,55.00000000000001,OK,460000,0.31
14356,Germany,Personal Care,1.44,1,Value,15,1.656,14.99999999999999,OK,460000,0.31
14357,Spain,Home Care,11.56,4,Standard,25,14.45,25.0,OK,410000,0.3
14358,France,Food & Refreshment,6.7,4,Standard,28,8.576,28.0,OK,430000,0.29
14359,UK,Food & Refreshment,9.59,3,Value,12,10.7408,12.00000000000001,OK,520000,0.32
14360,Germany,Food & Refreshment,11.05,7,Standard,28,14.144,28.0,OK,460000,0.31
14361,France,Home Care,10.35,1,Value,10,11.385,10.00000000000001,OK,430000,0.29
14362,Germany,Personal Care,7.32,9,Premium,60,11.712,60.00000000000001,OK,460000,0.31
14363,Germany,Home Care,6.12,8,Premium,50,9.18,50.0,OK,460000,0.31
14364,UK,Home Care,5.95,2,Value,10,6.545000000000001,10.00000000000001,OK,520000,0.32
14365,Germany,Food & Refreshment,9.78,2,Value,12,10.9536,12.00000000000001,OK,460000,0.31
14366,UK,Personal Care,7.67,8,Premium,60,12.272,60.00000000000001,OK,520000,0.32
14367,UK,Home Care,12.81,1,Value,10,14.091,10.00000000000001,OK,520000,0.32
14368,UK,Food & Refreshment,13.18,7,Standard,28,16.8704,28.0,OK,520000,0.32
14369,France,Home Care,2.97,9,Premium,50,4.455,50.0,OK,430000,0.29
14370,Spain,Home Care,2.48,3,Value,10,2.728,10.00000000000001,OK,410000,0.3
14371,France,Food & Refreshment,9.64,7,Standard,28,12.3392,28.0,OK,430000,0.29
14372,Spain,Food & Refreshment,4.87,6,Standard,28,6.2336,28.0,OK,410000,0.3
14373,Spain,Personal Care,0.77,7,Standard,30,1.001,30.0,OK,410000,0.3
14374,UK,Home Care,13.39,7,Standard,25,16.7375,25.0,OK,520000,0.32
14375,Germany,Food & Refreshment,3.79,10,Premium,55,5.8745,55.00000000000001,OK,460000,0.31
14376,UK,Food & Refreshment,13.97,1,Value,12,15.6464,12.00000000000001,OK,520000,0.32
14377,Germany,Personal Care,10.9,3,Value,15,12.535,14.99999999999999,OK,460000,0.31
14378,Spain,Personal Care,11.56,10,Premium,60,18.496,60.00000000000001,OK,410000,0.3
14379,UK,Food & Refreshment,3.42,1,Value,12,3.8304,12.00000000000001,OK,520000,0.32
14380,Germany,Personal Care,3.9,5,Standard,30,5.07,30.0,OK,460000,0.31
14381,France,Food & Refreshment,8.06,3,Value,12,9.0272,12.00000000000001,OK,430000,0.29
14382,Germany,Home Care,3.0,1,Value,10,3.3,10.00000000000001,OK,460000,0.31
14383,UK,Personal Care,4.93,2,Value,15,5.669499999999999,14.99999999999999,OK,520000,0.32
14384,France,Home Care,5.16,10,Premium,50,7.74,50.0,OK,430000,0.29
14385,Germany,Home Care,2.81,5,Standard,25,3.5125,25.0,OK,460000,0.31
14386,Germany,Home Care,3.48,3,Value,10,3.828,10.00000000000001,OK,460000,0.31
14387,Germany,Food & Refreshment,11.93,6,Standard,28,15.2704,28.0,OK,460000,0.31
14388,Germany,Home Care,2.92,9,Premium,50,4.38,50.0,OK,460000,0.31
14389,Germany,Home Care,0.91,6,Standard,25,1.1375,25.0,OK,460000,0.31
14390,France,Home Care,9.63,2,Value,10,10.593,10.00000000000001,OK,430000,0.29
14391,Spain,Food & Refreshment,14.65,2,Value,12,16.408,12.00000000000001,OK,410000,0.3
14392,France,Home Care,5.3,8,Premium,50,7.949999999999999,50.0,OK,430000,0.29
14393,France,Home Care,2.22,8,Premium,50,3.33,50.0,OK,430000,0.29
14394,France,Personal Care,8.77,6,Standard,30,11.401,30.0,OK,430000,0.29
14395,Spain,Food & Refreshment,13.64,10,Premium,55,21.142,55.00000000000003,OK,410000,0.3
14396,UK,Home Care,11.87,7,Standard,25,14.8375,25.0,OK,520000,0.32
14397,Spain,Personal Care,9.53,1,Value,15,10.9595,14.99999999999999,OK,410000,0.3
14398,France,Food & Refreshment,5.07,9,Premium,55,7.8585,55.00000000000001,OK,430000,0.29
14399,Germany,Food & Refreshment,8.36,5,Standard,28,10.7008,28.0,OK,460000,0.31
14400,Germany,Food & Refreshment,1.82,9,Premium,55,2.821,55.00000000000001,OK,460000,0.31
14401,France,Food & Refreshment,10.34,2,Value,12,11.5808,12.00000000000001,OK,430000,0.29
14402,Germany,Food & Refreshment,11.01,8,Premium,55,17.0655,55.00000000000001,OK,460000,0.31
14403,France,Food & Refreshment,14.49,7,Standard,28,18.5472,28.0,OK,430000,0.29
14404,Germany,Home Care,4.28,4,Standard,25,5.350000000000001,25.0,OK,460000,0.31
14405,Spain,Home Care,0.77,3,Value,10,0.8470000000000001,10.00000000000001,OK,410000,0.3
14406,UK,Home Care,8.41,4,Standard,25,10.5125,25.0,OK,520000,0.32
14407,UK,Home Care,10.75,4,Standard,25,13.4375,25.0,OK,520000,0.32
14408,Spain,Personal Care,11.96,10,Premium,60,19.136,60.00000000000001,OK,410000,0.3
14409,Spain,Home Care,3.31,10,Premium,50,4.965,50.0,OK,410000,0.3
14410,France,Food & Refreshment,4.3,8,Premium,55,6.665,55.00000000000001,OK,430000,0.29
14411,France,Home Care,7.93,4,Standard,25,9.9125,25.0,OK,430000,0.29
14412,France,Home Care,5.29,5,Standard,25,6.6125,25.0,OK,430000,0.29
14413,Germany,Food & Refreshment,12.98,2,Value,12,14.5376,12.00000000000001,OK,460000,0.31
14414,France,Home Care,7.37,4,Standard,25,9.2125,25.0,OK,430000,0.29
14415,Spain,Home Care,12.09,7,Standard,25,15.1125,25.0,OK,410000,0.3
14416,UK,Home Care,8.92,3,Value,10,9.812000000000001,10.00000000000001,OK,520000,0.32
14417,Germany,Personal Care,11.71,1,Value,15,13.4665,14.99999999999999,OK,460000,0.31
14418,France,Home Care,5.32,8,Premium,50,7.98,50.0,OK,430000,0.29
14419,Germany,Food & Refreshment,12.56,8,Premium,55,19.468,55.00000000000001,OK,460000,0.31
14420,Germany,Food & Refreshment,4.48,6,Standard,28,5.734400000000001,28.0,OK,460000,0.31
14421,France,Home Care,8.42,7,Standard,25,10.525,25.0,OK,430000,0.29
14422,Germany,Home Care,3.6,10,Premium,50,5.4,50.0,OK,460000,0.31
14423,UK,Home Care,7.4,2,Value,10,8.14,10.00000000000001,OK,520000,0.32
14424,Spain,Food & Refreshment,5.11,5,Standard,28,6.540800000000001,28.0,OK,410000,0.3
14425,Spain,Food & Refreshment,4.37,7,Standard,28,5.5936,28.0,OK,410000,0.3
14426,UK,Personal Care,14.52,9,Premium,60,23.232,60.00000000000001,OK,520000,0.32
14427,Germany,Personal Care,2.82,1,Value,15,3.242999999999999,14.99999999999999,OK,460000,0.31
14428,France,Personal Care,11.92,3,Value,15,13.708,14.99999999999999,OK,430000,0.29
14429,Germany,Food & Refreshment,14.77,6,Standard,28,18.9056,28.0,OK,460000,0.31
14430,UK,Personal Care,0.79,7,Standard,30,1.027,30.0,OK,520000,0.32
14431,Germany,Home Care,10.64,6,Standard,25,13.3,25.0,OK,460000,0.31
14432,Spain,Home Care,4.17,1,Value,10,4.587000000000001,10.00000000000001,OK,410000,0.3
14433,Germany,Food & Refreshment,1.09,4,Standard,28,1.3952,28.0,OK,460000,0.31
14434,UK,Personal Care,6.34,6,Standard,30,8.242,30.00000000000003,OK,520000,0.32
14435,Spain,Home Care,14.06,8,Premium,50,21.09,50.0,OK,410000,0.3
14436,Germany,Food & Refreshment,0.67,10,Premium,55,1.0385,55.00000000000003,OK,460000,0.31
14437,Germany,Personal Care,9.02,4,Standard,30,11.726,30.0,OK,460000,0.31
14438,Spain,Home Care,7.77,7,Standard,25,9.712499999999999,24.99999999999998,OK,410000,0.3
14439,France,Personal Care,13.16,3,Value,15,15.134,14.99999999999999,OK,430000,0.29
14440,Spain,Food & Refreshment,1.72,8,Premium,55,2.666,55.00000000000001,OK,410000,0.3
14441,France,Personal Care,10.38,1,Value,15,11.937,14.99999999999999,OK,430000,0.29
14442,UK,Food & Refreshment,10.36,4,Standard,28,13.2608,28.0,OK,520000,0.32
14443,UK,Personal Care,10.2,8,Premium,60,16.32,60.00000000000001,OK,520000,0.32
14444,Spain,Home Care,14.16,10,Premium,50,21.24,50.00000000000002,OK,410000,0.3
14445,Spain,Food & Refreshment,12.43,4,Standard,28,15.9104,28.0,OK,410000,0.3
14446,UK,Food & Refreshment,1.11,2,Value,12,1.2432,12.00000000000001,OK,520000,0.32
14447,France,Food & Refreshment,7.33,2,Value,12,8.2096,11.99999999999999,OK,430000,0.29
14448,UK,Personal Care,6.27,4,Standard,30,8.151,30.0,OK,520000,0.32
14449,Spain,Personal Care,5.0,4,Standard,30,6.5,30.0,OK,410000,0.3
14450,UK,Home Care,7.04,2,Value,10,7.744000000000001,10.00000000000001,OK,520000,0.32
14451,Spain,Food & Refreshment,6.07,7,Standard,28,7.769600000000001,28.0,OK,410000,0.3
14452,Spain,Food & Refreshment,6.77,6,Standard,28,8.6656,28.0,OK,410000,0.3
14453,UK,Personal Care,14.7,3,Value,15,16.905,14.99999999999999,OK,520000,0.32
14454,France,Personal Care,1.79,8,Premium,60,2.864,60.00000000000001,OK,430000,0.29
14455,Germany,Home Care,13.87,8,Premium,50,20.805,50.0,OK,460000,0.31
14456,UK,Home Care,7.46,1,Value,10,8.206000000000001,10.00000000000001,OK,520000,0.32
14457,Germany,Personal Care,9.54,3,Value,15,10.971,14.99999999999999,OK,460000,0.31
14458,UK,Food & Refreshment,12.54,5,Standard,28,16.0512,28.0,OK,520000,0.32
14459,Germany,Home Care,5.73,2,Value,10,6.303000000000001,10.00000000000001,OK,460000,0.31
14460,France,Personal Care,6.74,5,Standard,30,8.762,30.0,OK,430000,0.29
14461,France,Personal Care,6.44,10,Premium,60,10.304,60.00000000000003,OK,430000,0.29
14462,UK,Food & Refreshment,5.93,3,Value,12,6.6416,12.00000000000001,OK,520000,0.32
14463,Spain,Personal Care,13.92,9,Premium,60,22.272,60.00000000000001,OK,410000,0.3
14464,Germany,Personal Care,12.52,1,Value,15,14.398,14.99999999999999,OK,460000,0.31
14465,Spain,Home Care,2.08,4,Standard,25,2.6,25.0,OK,410000,0.3
14466,Spain,Personal Care,2.07,10,Premium,60,3.312,60.00000000000001,OK,410000,0.3
14467,Spain,Personal Care,6.7,6,Standard,30,8.71,30.0,OK,410000,0.3
14468,France,Home Care,1.93,9,Premium,50,2.895,50.0,OK,430000,0.29
14469,UK,Food & Refreshment,9.48,3,Value,12,10.6176,12.00000000000001,OK,520000,0.32
14470,UK,Food & Refreshment,2.58,3,Value,12,2.8896,12.00000000000001,OK,520000,0.32
14471,France,Home Care,8.07,5,Standard,25,10.0875,25.0,OK,430000,0.29
14472,France,Home Care,0.6,7,Standard,25,0.75,25.0,OK,430000,0.29
14473,UK,Food & Refreshment,5.09,5,Standard,28,6.5152,28.0,OK,520000,0.32
14474,Spain,Food & Refreshment,10.32,8,Premium,55,15.996,55.00000000000001,OK,410000,0.3
14475,Germany,Food & Refreshment,7.52,5,Standard,28,9.6256,28.0,OK,460000,0.31
14476,Germany,Food & Refreshment,14.68,7,Standard,28,18.7904,28.00000000000002,OK,460000,0.31
14477,Germany,Food & Refreshment,13.17,6,Standard,28,16.8576,28.0,OK,460000,0.31
14478,Spain,Home Care,5.71,10,Premium,50,8.565,50.0,OK,410000,0.3
14479,UK,Personal Care,1.16,2,Value,15,1.334,14.99999999999999,OK,520000,0.32
14480,France,Food & Refreshment,12.76,3,Value,12,14.2912,12.00000000000001,OK,430000,0.29
14481,UK,Food & Refreshment,13.71,4,Standard,28,17.5488,28.0,OK,520000,0.32
14482,Spain,Personal Care,12.4,5,Standard,30,16.12,30.0,OK,410000,0.3
14483,France,Personal Care,2.36,9,Premium,60,3.776,60.00000000000001,OK,430000,0.29
14484,Spain,Personal Care,14.97,6,Standard,30,19.461,30.0,OK,410000,0.3
14485,Germany,Personal Care,4.25,1,Value,15,4.887499999999999,14.99999999999999,OK,460000,0.31
14486,Germany,Personal Care,11.0,3,Value,15,12.65,14.99999999999999,OK,460000,0.31
14487,Spain,Personal Care,13.67,7,Standard,30,17.771,30.0,OK,410000,0.3
14488,France,Home Care,3.92,8,Premium,50,5.88,50.0,OK,430000,0.29
14489,France,Personal Care,13.67,7,Standard,30,17.771,30.0,OK,430000,0.29
14490,UK,Personal Care,4.99,5,Standard,30,6.487,30.0,OK,520000,0.32
14491,Germany,Home Care,14.66,10,Premium,50,21.99,50.00000000000002,OK,460000,0.31
14492,UK,Personal Care,4.58,8,Premium,60,7.328,60.00000000000001,OK,520000,0.32
14493,UK,Food & Refreshment,14.32,9,Premium,55,22.196,55.00000000000001,OK,520000,0.32
14494,Spain,Food & Refreshment,1.28,7,Standard,28,1.6384,28.0,OK,410000,0.3
14495,Spain,Personal Care,10.78,9,Premium,60,17.248,60.00000000000001,OK,410000,0.3
14496,UK,Home Care,8.22,1,Value,10,9.042000000000002,10.00000000000001,OK,520000,0.32
14497,Germany,Food & Refreshment,7.43,9,Premium,55,11.5165,55.00000000000001,OK,460000,0.31
14498,Spain,Home Care,3.74,3,Value,10,4.114000000000001,10.00000000000001,OK,410000,0.3
14499,UK,Food & Refreshment,10.73,6,Standard,28,13.7344,28.0,OK,520000,0.32
14500,UK,Personal Care,3.27,8,Premium,60,5.232,60.00000000000001,OK,520000,0.32
14501,UK,Home Care,8.52,3,Value,10,9.372,10.00000000000001,OK,520000,0.32
14502,UK,Home Care,4.17,4,Standard,25,5.2125,25.0,OK,520000,0.32
14503,UK,Home Care,14.36,7,Standard,25,17.95,25.0,OK,520000,0.32
14504,UK,Food & Refreshment,0.92,7,Standard,28,1.1776,28.0,OK,520000,0.32
14505,Spain,Food & Refreshment,3.4,4,Standard,28,4.352,28.0,OK,410000,0.3
14506,Germany,Food & Refreshment,4.01,9,Premium,55,6.2155,55.00000000000001,OK,460000,0.31
14507,UK,Personal Care,6.5,3,Value,15,7.475,14.99999999999999,OK,520000,0.32
14508,France,Food & Refreshment,3.87,8,Premium,55,5.9985,55.00000000000001,OK,430000,0.29
14509,Spain,Personal Care,7.62,8,Premium,60,12.192,60.00000000000001,OK,410000,0.3
14510,Spain,Home Care,13.15,4,Standard,25,16.4375,25.0,OK,410000,0.3
14511,UK,Home Care,10.82,7,Standard,25,13.525,25.0,OK,520000,0.32
14512,Spain,Personal Care,8.91,4,Standard,30,11.583,30.0,OK,410000,0.3
14513,UK,Food & Refreshment,1.79,1,Value,12,2.0048,12.00000000000001,OK,520000,0.32
14514,Germany,Personal Care,10.56,1,Value,15,12.144,14.99999999999999,OK,460000,0.31
14515,Germany,Home Care,2.91,1,Value,10,3.201000000000001,10.00000000000001,OK,460000,0.31
14516,Spain,Home Care,11.9,2,Value,10,13.09,10.00000000000001,OK,410000,0.3
14517,Spain,Personal Care,4.13,6,Standard,30,5.369,30.0,OK,410000,0.3
14518,France,Food & Refreshment,6.55,10,Premium,55,10.1525,55.00000000000001,OK,430000,0.29
14519,Spain,Food & Refreshment,5.58,5,Standard,28,7.1424,28.0,OK,410000,0.3
14520,France,Personal Care,12.95,2,Value,15,14.8925,14.99999999999999,OK,430000,0.29
14521,Germany,Personal Care,2.33,8,Premium,60,3.728,60.00000000000001,OK,460000,0.31
14522,Germany,Food & Refreshment,8.7,9,Premium,55,13.485,55.00000000000001,OK,460000,0.31
14523,UK,Home Care,2.56,7,Standard,25,3.2,25.0,OK,520000,0.32
14524,Germany,Personal Care,10.72,9,Premium,60,17.152,60.00000000000001,OK,460000,0.31
14525,France,Food & Refreshment,13.62,4,Standard,28,17.4336,28.0,OK,430000,0.29
14526,Spain,Food & Refreshment,6.8,7,Standard,28,8.704,28.0,OK,410000,0.3
14527,UK,Home Care,7.58,5,Standard,25,9.475,25.0,OK,520000,0.32
14528,France,Home Care,13.95,5,Standard,25,17.4375,25.0,OK,430000,0.29
14529,Spain,Home Care,8.05,3,Value,10,8.855000000000002,10.00000000000001,OK,410000,0.3
14530,UK,Home Care,7.57,9,Premium,50,11.355,50.0,OK,520000,0.32
14531,Germany,Home Care,8.89,10,Premium,50,13.335,50.0,OK,460000,0.31
14532,France,Personal Care,10.49,5,Standard,30,13.637,30.0,OK,430000,0.29
14533,Spain,Food & Refreshment,2.05,6,Standard,28,2.624,28.0,OK,410000,0.3
14534,UK,Personal Care,12.41,3,Value,15,14.2715,14.99999999999999,OK,520000,0.32
14535,UK,Personal Care,6.81,10,Premium,60,10.896,60.00000000000003,OK,520000,0.32
14536,Germany,Personal Care,1.55,7,Standard,30,2.015,30.0,OK,460000,0.31
14537,Spain,Personal Care,11.9,9,Premium,60,19.04,60.00000000000001,OK,410000,0.3
14538,Germany,Personal Care,5.97,9,Premium,60,9.552,60.00000000000001,OK,460000,0.31
14539,Germany,Home Care,1.96,10,Premium,50,2.94,50.0,OK,460000,0.31
14540,Spain,Home Care,9.69,10,Premium,50,14.535,50.0,OK,410000,0.3
14541,Spain,Food & Refreshment,13.26,5,Standard,28,16.9728,28.0,OK,410000,0.3
14542,Spain,Personal Care,13.37,7,Standard,30,17.381,30.0,OK,410000,0.3
14543,France,Food & Refreshment,14.39,3,Value,12,16.1168,12.00000000000001,OK,430000,0.29
14544,Spain,Home Care,13.08,6,Standard,25,16.35,25.0,OK,410000,0.3
14545,UK,Home Care,0.53,8,Premium,50,0.795,50.0,OK,520000,0.32
14546,Germany,Home Care,6.01,8,Premium,50,9.015,50.00000000000002,OK,460000,0.31
14547,France,Personal Care,12.37,2,Value,15,14.2255,14.99999999999999,OK,430000,0.29
14548,Spain,Personal Care,5.81,6,Standard,30,7.553,30.0,OK,410000,0.3
14549,France,Home Care,9.22,7,Standard,25,11.525,25.0,OK,430000,0.29
14550,Spain,Food & Refreshment,9.29,7,Standard,28,11.8912,28.0,OK,410000,0.3
14551,France,Food & Refreshment,5.79,3,Value,12,6.484800000000001,12.00000000000001,OK,430000,0.29
14552,Germany,Home Care,13.61,9,Premium,50,20.415,50.0,OK,460000,0.31
14553,Germany,Food & Refreshment,7.8,2,Value,12,8.736,12.00000000000001,OK,460000,0.31
14554,UK,Home Care,7.24,3,Value,10,7.964000000000001,10.00000000000001,OK,520000,0.32
14555,UK,Food & Refreshment,14.96,2,Value,12,16.7552,12.00000000000001,OK,520000,0.32
14556,Spain,Home Care,7.66,9,Premium,50,11.49,50.0,OK,410000,0.3
14557,Germany,Food & Refreshment,3.09,4,Standard,28,3.9552,28.0,OK,460000,0.31
14558,France,Personal Care,7.94,2,Value,15,9.131,14.99999999999999,OK,430000,0.29
14559,France,Home Care,12.3,3,Value,10,13.53,10.00000000000001,OK,430000,0.29
14560,France,Home Care,11.76,4,Standard,25,14.7,25.0,OK,430000,0.29
14561,UK,Food & Refreshment,11.93,10,Premium,55,18.4915,54.99999999999999,OK,520000,0.32
14562,France,Home Care,10.77,6,Standard,25,13.4625,25.0,OK,430000,0.29
14563,UK,Home Care,4.19,5,Standard,25,5.237500000000001,25.0,OK,520000,0.32
14564,UK,Home Care,13.0,3,Value,10,14.3,10.00000000000001,OK,520000,0.32
14565,Spain,Personal Care,13.45,10,Premium,60,21.52,60.00000000000001,OK,410000,0.3
14566,France,Personal Care,3.32,8,Premium,60,5.312,60.00000000000001,OK,430000,0.29
14567,France,Food & Refreshment,2.39,8,Premium,55,3.7045,55.00000000000001,OK,430000,0.29
14568,Germany,Personal Care,14.65,7,Standard,30,19.045,30.0,OK,460000,0.31
14569,Spain,Food & Refreshment,13.09,3,Value,12,14.6608,12.00000000000001,OK,410000,0.3
14570,Germany,Personal Care,13.45,1,Value,15,15.4675,14.99999999999999,OK,460000,0.31
14571,Spain,Food & Refreshment,13.35,5,Standard,28,17.088,28.0,OK,410000,0.3
14572,France,Personal Care,8.35,1,Value,15,9.6025,14.99999999999999,OK,430000,0.29
14573,UK,Personal Care,9.87,6,Standard,30,12.831,30.0,OK,520000,0.32
14574,UK,Food & Refreshment,8.41,7,Standard,28,10.7648,28.0,OK,520000,0.32
14575,UK,Home Care,1.24,5,Standard,25,1.55,25.0,OK,520000,0.32
14576,UK,Home Care,11.31,4,Standard,25,14.1375,25.0,OK,520000,0.32
14577,UK,Personal Care,7.83,2,Value,15,9.0045,14.99999999999999,OK,520000,0.32
14578,Germany,Food & Refreshment,9.89,5,Standard,28,12.6592,28.0,OK,460000,0.31
14579,Spain,Home Care,7.79,9,Premium,50,11.685,50.0,OK,410000,0.3
14580,France,Food & Refreshment,7.63,4,Standard,28,9.7664,28.0,OK,430000,0.29
14581,Germany,Home Care,2.99,2,Value,10,3.289000000000001,10.00000000000001,OK,460000,0.31
14582,Spain,Food & Refreshment,4.54,6,Standard,28,5.8112,28.0,OK,410000,0.3
14583,UK,Personal Care,2.8,8,Premium,60,4.48,59.99999999999999,OK,520000,0.32
14584,Spain,Food & Refreshment,3.34,2,Value,12,3.7408,12.00000000000001,OK,410000,0.3
14585,Spain,Home Care,14.61,9,Premium,50,21.915,50.0,OK,410000,0.3
14586,UK,Personal Care,2.72,7,Standard,30,3.536,30.0,OK,520000,0.32
14587,UK,Food & Refreshment,4.4,2,Value,12,4.928000000000001,12.00000000000001,OK,520000,0.32
14588,UK,Home Care,9.06,5,Standard,25,11.325,25.0,OK,520000,0.32
14589,France,Personal Care,9.35,5,Standard,30,12.155,30.0,OK,430000,0.29
14590,UK,Food & Refreshment,2.73,7,Standard,28,3.4944,28.0,OK,520000,0.32
14591,France,Home Care,12.01,5,Standard,25,15.0125,25.0,OK,430000,0.29
14592,UK,Food & Refreshment,11.89,6,Standard,28,15.2192,28.0,OK,520000,0.32
14593,France,Food & Refreshment,3.94,9,Premium,55,6.107,55.00000000000001,OK,430000,0.29
14594,Spain,Personal Care,4.69,3,Value,15,5.3935,14.99999999999999,OK,410000,0.3
14595,Germany,Personal Care,14.1,3,Value,15,16.215,14.99999999999999,OK,460000,0.31
14596,Spain,Home Care,12.47,8,Premium,50,18.705,50.0,OK,410000,0.3
14597,Spain,Personal Care,10.62,10,Premium,60,16.992,60.00000000000003,OK,410000,0.3
14598,UK,Home Care,1.69,6,Standard,25,2.1125,25.0,OK,520000,0.32
14599,France,Food & Refreshment,6.56,10,Premium,55,10.168,55.00000000000001,OK,430000,0.29
14600,Germany,Food & Refreshment,8.61,3,Value,12,9.6432,12.00000000000001,OK,460000,0.31
14601,UK,Home Care,3.22,2,Value,10,3.542000000000001,10.00000000000001,OK,520000,0.32
14602,UK,Food & Refreshment,7.0,2,Value,12,7.840000000000001,12.00000000000001,OK,520000,0.32
14603,UK,Personal Care,9.21,2,Value,15,10.5915,14.99999999999999,OK,520000,0.32
14604,Spain,Food & Refreshment,5.25,5,Standard,28,6.72,28.0,OK,410000,0.3
14605,France,Personal Care,11.82,5,Standard,30,15.366,30.0,OK,430000,0.29
14606,France,Home Care,12.69,1,Value,10,13.959,10.00000000000001,OK,430000,0.29
14607,Germany,Home Care,5.19,2,Value,10,5.709000000000001,10.00000000000001,OK,460000,0.31
14608,France,Food & Refreshment,12.66,2,Value,12,14.1792,12.00000000000001,OK,430000,0.29
14609,France,Food & Refreshment,2.0,4,Standard,28,2.56,28.0,OK,430000,0.29
14610,UK,Personal Care,12.65,7,Standard,30,16.445,30.0,OK,520000,0.32
14611,UK,Personal Care,2.71,3,Value,15,3.1165,14.99999999999999,OK,520000,0.32
14612,Spain,Food & Refreshment,1.7,5,Standard,28,2.176,28.0,OK,410000,0.3
14613,UK,Food & Refreshment,9.81,9,Premium,55,15.2055,55.00000000000001,OK,520000,0.32
14614,UK,Home Care,7.34,5,Standard,25,9.175,25.00000000000002,OK,520000,0.32
14615,UK,Home Care,13.66,9,Premium,50,20.49,50.00000000000002,OK,520000,0.32
14616,UK,Home Care,5.77,1,Value,10,6.347,10.00000000000001,OK,520000,0.32
14617,Spain,Food & Refreshment,4.66,9,Premium,55,7.223000000000001,55.00000000000001,OK,410000,0.3
14618,UK,Food & Refreshment,7.76,5,Standard,28,9.9328,28.0,OK,520000,0.32
14619,Germany,Food & Refreshment,7.11,8,Premium,55,11.0205,55.00000000000001,OK,460000,0.31
14620,Germany,Home Care,5.49,5,Standard,25,6.862500000000001,25.0,OK,460000,0.31
14621,Germany,Food & Refreshment,10.56,6,Standard,28,13.5168,28.0,OK,460000,0.31
14622,Germany,Personal Care,11.51,8,Premium,60,18.416,60.00000000000001,OK,460000,0.31
14623,UK,Food & Refreshment,12.87,2,Value,12,14.4144,12.00000000000001,OK,520000,0.32
14624,Germany,Food & Refreshment,14.61,3,Value,12,16.3632,12.00000000000003,OK,460000,0.31
14625,UK,Food & Refreshment,4.37,9,Premium,55,6.7735,55.00000000000001,OK,520000,0.32
14626,Spain,Food & Refreshment,10.88,5,Standard,28,13.9264,28.0,OK,410000,0.3
14627,Germany,Food & Refreshment,6.22,5,Standard,28,7.9616,28.0,OK,460000,0.31
14628,France,Personal Care,10.32,9,Premium,60,16.512,60.00000000000001,OK,430000,0.29
14629,Germany,Personal Care,7.4,10,Premium,60,11.84,60.00000000000001,OK,460000,0.31
14630,Germany,Food & Refreshment,14.91,3,Value,12,16.6992,12.00000000000001,OK,460000,0.31
14631,UK,Home Care,11.07,4,Standard,25,13.8375,25.0,OK,520000,0.32
14632,Germany,Food & Refreshment,14.31,7,Standard,28,18.3168,28.0,OK,460000,0.31
14633,France,Food & Refreshment,12.61,2,Value,12,14.1232,12.00000000000001,OK,430000,0.29
14634,UK,Food & Refreshment,13.59,8,Premium,55,21.0645,55.00000000000001,OK,520000,0.32
14635,UK,Home Care,12.31,5,Standard,25,15.3875,25.0,OK,520000,0.32
14636,Spain,Home Care,7.16,1,Value,10,7.876000000000001,10.00000000000001,OK,410000,0.3
14637,Spain,Home Care,4.15,3,Value,10,4.565,10.00000000000001,OK,410000,0.3
14638,Germany,Personal Care,5.87,9,Premium,60,9.392000000000001,60.00000000000001,OK,460000,0.31
14639,Spain,Home Care,0.79,5,Standard,25,0.9875,25.0,OK,410000,0.3
14640,Spain,Personal Care,8.1,8,Premium,60,12.96,60.00000000000001,OK,410000,0.3
14641,Spain,Personal Care,7.82,1,Value,15,8.993,14.99999999999999,OK,410000,0.3
14642,UK,Home Care,8.12,7,Standard,25,10.15,25.0,OK,520000,0.32
14643,UK,Home Care,14.62,7,Standard,25,18.275,25.0,OK,520000,0.32
14644,UK,Home Care,13.72,8,Premium,50,20.58,50.0,OK,520000,0.32
14645,Spain,Personal Care,2.84,3,Value,15,3.266,14.99999999999999,OK,410000,0.3
14646,UK,Food & Refreshment,5.85,1,Value,12,6.552,12.00000000000001,OK,520000,0.32
14647,Spain,Home Care,6.65,9,Premium,50,9.975000000000001,50.00000000000002,OK,410000,0.3
14648,UK,Home Care,5.73,1,Value,10,6.303000000000001,10.00000000000001,OK,520000,0.32
14649,UK,Home Care,12.08,6,Standard,25,15.1,25.0,OK,520000,0.32
14650,France,Personal Care,8.1,9,Premium,60,12.96,60.00000000000001,OK,430000,0.29
14651,Germany,Personal Care,8.8,2,Value,15,10.12,14.99999999999999,OK,460000,0.31
14652,Spain,Food & Refreshment,12.87,4,Standard,28,16.4736,27.99999999999998,OK,410000,0.3
14653,France,Home Care,12.19,2,Value,10,13.409,10.00000000000001,OK,430000,0.29
14654,UK,Personal Care,2.42,4,Standard,30,3.146,30.0,OK,520000,0.32
14655,Spain,Food & Refreshment,10.85,2,Value,12,12.152,12.00000000000001,OK,410000,0.3
14656,UK,Home Care,6.81,1,Value,10,7.491000000000001,10.00000000000001,OK,520000,0.32
14657,Germany,Personal Care,4.77,3,Value,15,5.485499999999999,14.99999999999999,OK,460000,0.31
14658,France,Home Care,1.23,8,Premium,50,1.845,50.0,OK,430000,0.29
14659,Germany,Home Care,7.57,5,Standard,25,9.4625,25.0,OK,460000,0.31
14660,France,Personal Care,5.65,4,Standard,30,7.345000000000001,30.0,OK,430000,0.29
14661,UK,Personal Care,4.15,5,Standard,30,5.395,30.0,OK,520000,0.32
14662,Germany,Personal Care,10.57,6,Standard,30,13.741,30.0,OK,460000,0.31
14663,Germany,Home Care,11.66,6,Standard,25,14.575,25.0,OK,460000,0.31
14664,UK,Home Care,4.05,5,Standard,25,5.0625,25.0,OK,520000,0.32
14665,Germany,Food & Refreshment,1.22,6,Standard,28,1.5616,28.0,OK,460000,0.31
14666,Spain,Home Care,12.81,9,Premium,50,19.215,50.0,OK,410000,0.3
14667,France,Personal Care,0.64,5,Standard,30,0.8320000000000001,30.0,OK,430000,0.29
14668,France,Home Care,14.09,6,Standard,25,17.6125,25.0,OK,430000,0.29
14669,France,Food & Refreshment,9.6,4,Standard,28,12.288,28.0,OK,430000,0.29
14670,Spain,Food & Refreshment,5.17,3,Value,12,5.790400000000001,12.00000000000001,OK,410000,0.3
14671,France,Personal Care,4.07,6,Standard,30,5.291,30.0,OK,430000,0.29
14672,UK,Personal Care,0.63,5,Standard,30,0.8190000000000001,30.0,OK,520000,0.32
14673,Germany,Food & Refreshment,3.91,4,Standard,28,5.0048,28.0,OK,460000,0.31
14674,Spain,Food & Refreshment,2.5,5,Standard,28,3.2,28.0,OK,410000,0.3
14675,France,Food & Refreshment,9.38,7,Standard,28,12.0064,28.0,OK,430000,0.29
14676,UK,Personal Care,2.91,1,Value,15,3.3465,14.99999999999999,OK,520000,0.32
14677,Germany,Food & Refreshment,8.17,1,Value,12,9.150400000000001,12.00000000000001,OK,460000,0.31
14678,Germany,Food & Refreshment,9.06,1,Value,12,10.1472,12.00000000000001,OK,460000,0.31
14679,Spain,Personal Care,4.82,2,Value,15,5.543,14.99999999999999,OK,410000,0.3
14680,Spain,Home Care,1.01,9,Premium,50,1.515,50.0,OK,410000,0.3
14681,Spain,Home Care,1.04,5,Standard,25,1.3,25.0,OK,410000,0.3
14682,UK,Food & Refreshment,0.88,9,Premium,55,1.364,55.00000000000001,OK,520000,0.32
14683,UK,Home Care,11.22,5,Standard,25,14.025,25.0,OK,520000,0.32
14684,Spain,Home Care,5.11,7,Standard,25,6.3875,25.0,OK,410000,0.3
14685,France,Home Care,12.05,6,Standard,25,15.0625,25.0,OK,430000,0.29
14686,Germany,Home Care,6.76,2,Value,10,7.436,10.00000000000001,OK,460000,0.31
14687,Germany,Food & Refreshment,7.07,3,Value,12,7.918400000000001,12.00000000000001,OK,460000,0.31
14688,UK,Home Care,7.94,5,Standard,25,9.925,25.0,OK,520000,0.32
14689,Germany,Home Care,10.84,4,Standard,25,13.55,25.0,OK,460000,0.31
14690,France,Personal Care,4.47,6,Standard,30,5.811,30.0,OK,430000,0.29
14691,Germany,Food & Refreshment,2.26,8,Premium,55,3.503,55.00000000000001,OK,460000,0.31
14692,UK,Personal Care,8.56,8,Premium,60,13.696,60.00000000000001,OK,520000,0.32
14693,UK,Personal Care,5.24,3,Value,15,6.026,14.99999999999999,OK,520000,0.32
14694,France,Food & Refreshment,6.92,4,Standard,28,8.8576,28.0,OK,430000,0.29
14695,France,Home Care,9.88,1,Value,10,10.868,10.00000000000001,OK,430000,0.29
14696,Germany,Personal Care,7.66,2,Value,15,8.809,14.99999999999999,OK,460000,0.31
14697,Germany,Food & Refreshment,9.49,9,Premium,55,14.7095,55.00000000000001,OK,460000,0.31
14698,UK,Home Care,8.39,10,Premium,50,12.585,50.0,OK,520000,0.32
14699,France,Food & Refreshment,11.23,10,Premium,55,17.4065,55.00000000000001,OK,430000,0.29
14700,France,Personal Care,10.74,2,Value,15,12.351,14.99999999999999,OK,430000,0.29
14701,France,Home Care,8.25,6,Standard,25,10.3125,25.0,OK,430000,0.29
14702,Germany,Home Care,10.34,7,Standard,25,12.925,25.0,OK,460000,0.31
14703,France,Food & Refreshment,13.17,6,Standard,28,16.8576,28.0,OK,430000,0.29
14704,UK,Home Care,6.77,8,Premium,50,10.155,50.0,OK,520000,0.32
14705,UK,Personal Care,6.49,9,Premium,60,10.384,60.00000000000001,OK,520000,0.32
14706,Germany,Personal Care,11.58,8,Premium,60,18.528,60.00000000000001,OK,460000,0.31
14707,Spain,Personal Care,8.95,5,Standard,30,11.635,30.0,OK,410000,0.3
14708,Germany,Food & Refreshment,1.53,8,Premium,55,2.3715,55.00000000000001,OK,460000,0.31
14709,Spain,Home Care,13.44,10,Premium,50,20.16,50.0,OK,410000,0.3
14710,France,Home Care,0.95,10,Premium,50,1.425,49.99999999999998,OK,430000,0.29
14711,Germany,Home Care,11.35,9,Premium,50,17.025,50.0,OK,460000,0.31
14712,UK,Personal Care,11.5,8,Premium,60,18.4,60.00000000000001,OK,520000,0.32
14713,France,Home Care,14.32,2,Value,10,15.752,10.00000000000001,OK,430000,0.29
14714,UK,Personal Care,1.28,2,Value,15,1.472,14.99999999999999,OK,520000,0.32
14715,France,Home Care,9.15,3,Value,10,10.065,10.00000000000001,OK,430000,0.29
14716,Germany,Personal Care,6.7,7,Standard,30,8.71,30.0,OK,460000,0.31
14717,Spain,Home Care,5.29,9,Premium,50,7.935,50.0,OK,410000,0.3
14718,France,Food & Refreshment,1.81,8,Premium,55,2.8055,55.00000000000001,OK,430000,0.29
14719,Spain,Food & Refreshment,8.66,9,Premium,55,13.423,55.00000000000001,OK,410000,0.3
14720,France,Personal Care,7.45,6,Standard,30,9.685,30.0,OK,430000,0.29
14721,UK,Personal Care,2.02,1,Value,15,2.323,14.99999999999999,OK,520000,0.32
14722,UK,Home Care,9.38,4,Standard,25,11.725,25.0,OK,520000,0.32
14723,France,Home Care,11.2,6,Standard,25,14.0,25.0,OK,430000,0.29
14724,Spain,Food & Refreshment,11.63,6,Standard,28,14.8864,28.0,OK,410000,0.3
14725,Germany,Home Care,13.63,8,Premium,50,20.445,50.0,OK,460000,0.31
14726,Germany,Personal Care,6.44,1,Value,15,7.406,14.99999999999999,OK,460000,0.31
14727,UK,Personal Care,14.32,2,Value,15,16.468,14.99999999999999,OK,520000,0.32
14728,Germany,Personal Care,13.05,2,Value,15,15.0075,14.99999999999999,OK,460000,0.31
14729,UK,Personal Care,4.8,6,Standard,30,6.24,30.0,OK,520000,0.32
14730,Germany,Personal Care,2.81,7,Standard,30,3.653,30.0,OK,460000,0.31
14731,France,Food & Refreshment,6.81,2,Value,12,7.6272,12.00000000000001,OK,430000,0.29
14732,UK,Food & Refreshment,6.33,5,Standard,28,8.1024,27.99999999999998,OK,520000,0.32
14733,UK,Personal Care,8.85,6,Standard,30,11.505,30.0,OK,520000,0.32
14734,France,Home Care,8.96,4,Standard,25,11.2,25.0,OK,430000,0.29
14735,UK,Personal Care,11.37,1,Value,15,13.0755,14.99999999999999,OK,520000,0.32
14736,Germany,Food & Refreshment,7.89,3,Value,12,8.8368,12.00000000000001,OK,460000,0.31
14737,Germany,Personal Care,2.02,10,Premium,60,3.232,60.00000000000001,OK,460000,0.31
14738,UK,Food & Refreshment,12.95,9,Premium,55,20.0725,54.99999999999999,OK,520000,0.32
14739,Germany,Food & Refreshment,4.99,6,Standard,28,6.3872,28.0,OK,460000,0.31
14740,Spain,Personal Care,14.58,2,Value,15,16.767,14.99999999999999,OK,410000,0.3
14741,UK,Personal Care,2.21,9,Premium,60,3.536,60.00000000000001,OK,520000,0.32
14742,France,Home Care,14.39,4,Standard,25,17.9875,25.0,OK,430000,0.29
14743,Spain,Food & Refreshment,1.82,8,Premium,55,2.821,55.00000000000001,OK,410000,0.3
14744,UK,Home Care,3.85,10,Premium,50,5.775,50.0,OK,520000,0.32
14745,France,Personal Care,1.18,7,Standard,30,1.534,30.0,OK,430000,0.29
14746,Germany,Food & Refreshment,10.72,3,Value,12,12.0064,12.00000000000001,OK,460000,0.31
14747,France,Home Care,12.83,8,Premium,50,19.245,50.0,OK,430000,0.29
14748,Spain,Home Care,6.79,4,Standard,25,8.4875,25.0,OK,410000,0.3
14749,Germany,Home Care,13.96,2,Value,10,15.356,10.00000000000001,OK,460000,0.31
14750,UK,Personal Care,9.06,5,Standard,30,11.778,30.0,OK,520000,0.32
14751,Germany,Personal Care,9.64,1,Value,15,11.086,14.99999999999999,OK,460000,0.31
14752,UK,Personal Care,12.76,8,Premium,60,20.416,60.00000000000001,OK,520000,0.32
14753,UK,Food & Refreshment,4.8,8,Premium,55,7.44,55.00000000000001,OK,520000,0.32
14754,France,Personal Care,5.64,3,Value,15,6.485999999999999,14.99999999999999,OK,430000,0.29
14755,France,Food & Refreshment,13.64,1,Value,12,15.2768,12.00000000000001,OK,430000,0.29
14756,France,Home Care,13.56,4,Standard,25,16.95,25.0,OK,430000,0.29
14757,Spain,Home Care,14.66,9,Premium,50,21.99,50.00000000000002,OK,410000,0.3
14758,Spain,Personal Care,13.58,9,Premium,60,21.728,60.00000000000001,OK,410000,0.3
14759,France,Home Care,2.35,1,Value,10,2.585,10.00000000000001,OK,430000,0.29
14760,Spain,Personal Care,12.44,7,Standard,30,16.172,30.0,OK,410000,0.3
14761,Germany,Food & Refreshment,6.44,6,Standard,28,8.2432,27.99999999999998,OK,460000,0.31
14762,Germany,Home Care,14.87,7,Standard,25,18.5875,25.0,OK,460000,0.31
14763,Spain,Personal Care,7.35,7,Standard,30,9.555,30.0,OK,410000,0.3
14764,Spain,Home Care,8.53,8,Premium,50,12.795,50.0,OK,410000,0.3
14765,Germany,Home Care,8.18,8,Premium,50,12.27,50.0,OK,460000,0.31
14766,UK,Personal Care,5.17,10,Premium,60,8.272,60.00000000000001,OK,520000,0.32
14767,Germany,Home Care,1.59,2,Value,10,1.749,10.00000000000001,OK,460000,0.31
14768,Germany,Home Care,13.49,4,Standard,25,16.8625,25.0,OK,460000,0.31
14769,Spain,Home Care,12.14,4,Standard,25,15.175,25.0,OK,410000,0.3
14770,Germany,Home Care,2.52,10,Premium,50,3.78,50.0,OK,460000,0.31
14771,Spain,Food & Refreshment,11.76,8,Premium,55,18.228,55.00000000000003,OK,410000,0.3
14772,Spain,Home Care,9.57,3,Value,10,10.527,10.00000000000001,OK,410000,0.3
14773,France,Home Care,6.43,3,Value,10,7.073,10.00000000000001,OK,430000,0.29
14774,Germany,Personal Care,4.18,2,Value,15,4.806999999999999,14.99999999999999,OK,460000,0.31
14775,UK,Food & Refreshment,12.97,1,Value,12,14.5264,12.00000000000001,OK,520000,0.32
14776,France,Personal Care,10.65,8,Premium,60,17.04,60.00000000000003,OK,430000,0.29
14777,Spain,Personal Care,8.44,9,Premium,60,13.504,60.00000000000001,OK,410000,0.3
14778,Spain,Personal Care,9.34,9,Premium,60,14.944,60.00000000000001,OK,410000,0.3
14779,UK,Food & Refreshment,1.82,8,Premium,55,2.821,55.00000000000001,OK,520000,0.32
14780,Spain,Personal Care,7.37,5,Standard,30,9.581000000000001,30.00000000000003,OK,410000,0.3
14781,Germany,Personal Care,3.31,1,Value,15,3.8065,14.99999999999999,OK,460000,0.31
14782,France,Personal Care,3.52,9,Premium,60,5.632000000000001,60.00000000000001,OK,430000,0.29
14783,Spain,Home Care,10.09,6,Standard,25,12.6125,25.0,OK,410000,0.3
14784,Spain,Personal Care,13.71,7,Standard,30,17.823,30.0,OK,410000,0.3
14785,UK,Food & Refreshment,6.35,8,Premium,55,9.8425,55.00000000000001,OK,520000,0.32
14786,Germany,Food & Refreshment,3.51,5,Standard,28,4.4928,28.0,OK,460000,0.31
14787,Spain,Home Care,9.91,6,Standard,25,12.3875,25.0,OK,410000,0.3
14788,UK,Food & Refreshment,13.13,7,Standard,28,16.8064,28.0,OK,520000,0.32
14789,Spain,Food & Refreshment,11.35,7,Standard,28,14.528,28.0,OK,410000,0.3
14790,UK,Home Care,13.1,2,Value,10,14.41,10.00000000000001,OK,520000,0.32
14791,UK,Personal Care,8.28,1,Value,15,9.521999999999998,14.99999999999999,OK,520000,0.32
14792,Germany,Home Care,11.4,8,Premium,50,17.1,50.0,OK,460000,0.31
14793,Spain,Personal Care,2.53,5,Standard,30,3.289,30.0,OK,410000,0.3
14794,Germany,Personal Care,5.55,10,Premium,60,8.88,60.00000000000001,OK,460000,0.31
14795,UK,Food & Refreshment,6.15,2,Value,12,6.888000000000001,12.00000000000001,OK,520000,0.32
14796,France,Home Care,7.91,3,Value,10,8.701,10.00000000000001,OK,430000,0.29
14797,Spain,Food & Refreshment,13.97,6,Standard,28,17.8816,28.0,OK,410000,0.3
14798,France,Food & Refreshment,13.18,10,Premium,55,20.429,54.99999999999999,OK,430000,0.29
14799,Spain,Personal Care,2.45,6,Standard,30,3.185,30.0,OK,410000,0.3
14800,Germany,Food & Refreshment,3.01,8,Premium,55,4.6655,55.00000000000001,OK,460000,0.31
14801,Germany,Home Care,5.69,5,Standard,25,7.112500000000001,25.0,OK,460000,0.31
14802,Germany,Food & Refreshment,4.72,5,Standard,28,6.0416,28.0,OK,460000,0.31
14803,Germany,Food & Refreshment,9.41,7,Standard,28,12.0448,28.0,OK,460000,0.31
14804,Germany,Personal Care,13.59,10,Premium,60,21.744,60.00000000000001,OK,460000,0.31
14805,France,Home Care,14.45,5,Standard,25,18.0625,25.0,OK,430000,0.29
14806,Germany,Food & Refreshment,9.98,9,Premium,55,15.469,55.00000000000001,OK,460000,0.31
14807,UK,Personal Care,12.65,6,Standard,30,16.445,30.0,OK,520000,0.32
14808,UK,Food & Refreshment,8.12,7,Standard,28,10.3936,28.0,OK,520000,0.32
14809,France,Home Care,3.52,8,Premium,50,5.28,50.0,OK,430000,0.29
14810,Spain,Food & Refreshment,8.11,5,Standard,28,10.3808,28.0,OK,410000,0.3
14811,UK,Food & Refreshment,8.55,4,Standard,28,10.944,28.0,OK,520000,0.32
14812,Spain,Personal Care,11.27,8,Premium,60,18.032,60.00000000000001,OK,410000,0.3
14813,France,Food & Refreshment,3.69,10,Premium,55,5.7195,55.00000000000001,OK,430000,0.29
14814,Spain,Personal Care,5.84,9,Premium,60,9.344,59.99999999999999,OK,410000,0.3
14815,Spain,Home Care,5.78,1,Value,10,6.358000000000001,10.00000000000001,OK,410000,0.3
14816,Spain,Food & Refreshment,14.41,3,Value,12,16.1392,12.00000000000001,OK,410000,0.3
14817,Spain,Home Care,6.94,4,Standard,25,8.675,25.0,OK,410000,0.3
14818,France,Home Care,11.45,7,Standard,25,14.3125,25.0,OK,430000,0.29
14819,UK,Food & Refreshment,11.39,6,Standard,28,14.5792,28.0,OK,520000,0.32
14820,Germany,Personal Care,4.35,10,Premium,60,6.96,60.00000000000001,OK,460000,0.31
14821,Spain,Home Care,8.79,10,Premium,50,13.185,50.0,OK,410000,0.3
14822,UK,Home Care,13.47,1,Value,10,14.817,10.00000000000001,OK,520000,0.32
14823,UK,Food & Refreshment,7.39,4,Standard,28,9.4592,28.0,OK,520000,0.32
14824,France,Food & Refreshment,14.2,6,Standard,28,18.176,28.0,OK,430000,0.29
14825,UK,Food & Refreshment,3.61,3,Value,12,4.043200000000001,12.00000000000001,OK,520000,0.32
14826,France,Food & Refreshment,1.58,2,Value,12,1.7696,12.00000000000001,OK,430000,0.29
14827,Spain,Food & Refreshment,13.43,2,Value,12,15.0416,12.00000000000001,OK,410000,0.3
14828,Spain,Food & Refreshment,12.79,10,Premium,55,19.8245,55.00000000000001,OK,410000,0.3
14829,Germany,Personal Care,14.89,4,Standard,30,19.357,30.0,OK,460000,0.31
14830,Germany,Home Care,10.35,1,Value,10,11.385,10.00000000000001,OK,460000,0.31
14831,Germany,Personal Care,14.08,10,Premium,60,22.528,60.00000000000001,OK,460000,0.31
14832,UK,Personal Care,12.49,2,Value,15,14.3635,14.99999999999999,OK,520000,0.32
14833,Spain,Food & Refreshment,12.74,10,Premium,55,19.747,55.00000000000001,OK,410000,0.3
14834,France,Home Care,8.75,2,Value,10,9.625,10.00000000000001,OK,430000,0.29
14835,Germany,Personal Care,6.04,4,Standard,30,7.852,30.0,OK,460000,0.31
14836,France,Food & Refreshment,14.05,4,Standard,28,17.984,28.0,OK,430000,0.29
14837,France,Food & Refreshment,6.77,1,Value,12,7.5824,12.00000000000001,OK,430000,0.29
14838,Germany,Home Care,8.31,7,Standard,25,10.3875,25.0,OK,460000,0.31
14839,Spain,Personal Care,6.97,7,Standard,30,9.061,30.0,OK,410000,0.3
14840,Germany,Personal Care,8.69,10,Premium,60,13.904,60.00000000000001,OK,460000,0.31
14841,France,Personal Care,7.32,10,Premium,60,11.712,60.00000000000001,OK,430000,0.29
14842,Germany,Food & Refreshment,1.2,10,Premium,55,1.86,55.00000000000001,OK,460000,0.31
14843,France,Home Care,13.29,1,Value,10,14.619,10.00000000000001,OK,430000,0.29
14844,France,Home Care,6.94,8,Premium,50,10.41,50.0,OK,430000,0.29
14845,Germany,Personal Care,9.04,10,Premium,60,14.464,60.00000000000001,OK,460000,0.31
14846,UK,Food & Refreshment,2.52,7,Standard,28,3.2256,28.0,OK,520000,0.32
14847,Germany,Personal Care,0.55,7,Standard,30,0.7150000000000001,30.0,OK,460000,0.31
14848,UK,Home Care,4.06,6,Standard,25,5.074999999999999,25.0,OK,520000,0.32
14849,France,Food & Refreshment,10.72,4,Standard,28,13.7216,28.0,OK,430000,0.29
14850,France,Personal Care,1.94,8,Premium,60,3.104,60.00000000000001,OK,430000,0.29
14851,UK,Personal Care,13.68,2,Value,15,15.732,14.99999999999999,OK,520000,0.32
14852,France,Food & Refreshment,3.62,7,Standard,28,4.6336,28.0,OK,430000,0.29
14853,UK,Home Care,3.47,3,Value,10,3.817000000000001,10.00000000000001,OK,520000,0.32
14854,UK,Food & Refreshment,3.13,3,Value,12,3.5056,12.00000000000001,OK,520000,0.32
14855,France,Personal Care,0.7,7,Standard,30,0.9099999999999999,30.0,OK,430000,0.29
14856,Spain,Personal Care,11.69,3,Value,15,13.4435,14.99999999999999,OK,410000,0.3
14857,UK,Personal Care,13.19,5,Standard,30,17.147,29.99999999999998,OK,520000,0.32
14858,Germany,Personal Care,9.41,8,Premium,60,15.056,60.00000000000001,OK,460000,0.31
14859,Germany,Home Care,3.23,4,Standard,25,4.0375,25.0,OK,460000,0.31
14860,France,Home Care,4.64,7,Standard,25,5.8,25.0,OK,430000,0.29
14861,Spain,Personal Care,7.4,7,Standard,30,9.620000000000001,30.0,OK,410000,0.3
14862,France,Home Care,14.34,2,Value,10,15.774,10.00000000000001,OK,430000,0.29
14863,Spain,Home Care,4.09,8,Premium,50,6.135,50.0,OK,410000,0.3
14864,UK,Home Care,11.11,10,Premium,50,16.665,50.0,OK,520000,0.32
14865,UK,Personal Care,6.87,10,Premium,60,10.992,60.00000000000001,OK,520000,0.32
14866,UK,Food & Refreshment,4.82,9,Premium,55,7.471000000000001,55.00000000000001,OK,520000,0.32
14867,UK,Food & Refreshment,7.11,6,Standard,28,9.100800000000001,28.0,OK,520000,0.32
14868,Germany,Food & Refreshment,1.53,5,Standard,28,1.9584,28.0,OK,460000,0.31
14869,Germany,Personal Care,12.08,1,Value,15,13.892,14.99999999999999,OK,460000,0.31
14870,France,Home Care,4.03,1,Value,10,4.433000000000001,10.00000000000001,OK,430000,0.29
14871,Spain,Home Care,11.02,9,Premium,50,16.53,50.00000000000002,OK,410000,0.3
14872,UK,Personal Care,1.49,4,Standard,30,1.937,30.0,OK,520000,0.32
14873,UK,Personal Care,14.35,1,Value,15,16.5025,14.99999999999999,OK,520000,0.32
14874,Spain,Food & Refreshment,3.3,10,Premium,55,5.115,55.00000000000001,OK,410000,0.3
14875,Spain,Food & Refreshment,13.3,3,Value,12,14.896,12.00000000000001,OK,410000,0.3
14876,France,Personal Care,12.24,6,Standard,30,15.912,30.0,OK,430000,0.29
14877,Spain,Food & Refreshment,14.53,8,Premium,55,22.5215,55.00000000000001,OK,410000,0.3
14878,UK,Home Care,7.43,10,Premium,50,11.145,50.0,OK,520000,0.32
14879,UK,Personal Care,11.05,2,Value,15,12.7075,14.99999999999999,OK,520000,0.32
14880,UK,Personal Care,5.88,8,Premium,60,9.408,59.99999999999999,OK,520000,0.32
14881,UK,Home Care,3.17,1,Value,10,3.487,10.00000000000001,OK,520000,0.32
14882,UK,Home Care,6.92,2,Value,10,7.612,10.00000000000001,OK,520000,0.32
14883,France,Home Care,2.9,8,Premium,50,4.35,50.0,OK,430000,0.29
14884,UK,Food & Refreshment,14.74,7,Standard,28,18.8672,28.0,OK,520000,0.32
14885,France,Personal Care,1.9,5,Standard,30,2.47,29.99999999999998,OK,430000,0.29
14886,UK,Food & Refreshment,9.04,10,Premium,55,14.012,55.00000000000001,OK,520000,0.32
14887,Germany,Home Care,9.58,2,Value,10,10.538,10.00000000000001,OK,460000,0.31
14888,Germany,Food & Refreshment,8.3,9,Premium,55,12.865,55.00000000000001,OK,460000,0.31
14889,Germany,Home Care,10.1,5,Standard,25,12.625,25.0,OK,460000,0.31
14890,Germany,Food & Refreshment,2.18,8,Premium,55,3.379,55.00000000000001,OK,460000,0.31
14891,France,Food & Refreshment,8.55,4,Standard,28,10.944,28.0,OK,430000,0.29
14892,France,Home Care,4.66,9,Premium,50,6.99,50.0,OK,430000,0.29
14893,Spain,Food & Refreshment,14.13,10,Premium,55,21.9015,55.00000000000001,OK,410000,0.3
14894,UK,Personal Care,11.55,7,Standard,30,15.015,30.0,OK,520000,0.32
14895,Germany,Food & Refreshment,14.6,2,Value,12,16.352,12.00000000000001,OK,460000,0.31
14896,France,Food & Refreshment,1.04,3,Value,12,1.1648,12.00000000000001,OK,430000,0.29
14897,UK,Personal Care,4.63,2,Value,15,5.3245,14.99999999999999,OK,520000,0.32
14898,UK,Home Care,3.33,5,Standard,25,4.1625,24.99999999999998,OK,520000,0.32
14899,France,Personal Care,0.66,2,Value,15,0.759,14.99999999999999,OK,430000,0.29
14900,Germany,Food & Refreshment,4.01,5,Standard,28,5.1328,28.0,OK,460000,0.31
14901,Spain,Home Care,10.34,9,Premium,50,15.51,50.0,OK,410000,0.3
14902,UK,Food & Refreshment,3.85,2,Value,12,4.312,12.00000000000001,OK,520000,0.32
14903,Spain,Food & Refreshment,7.88,9,Premium,55,12.214,55.00000000000001,OK,410000,0.3
14904,Germany,Personal Care,13.37,7,Standard,30,17.381,30.0,OK,460000,0.31
14905,Germany,Personal Care,10.56,7,Standard,30,13.728,30.0,OK,460000,0.31
14906,Spain,Home Care,6.22,5,Standard,25,7.774999999999999,25.0,OK,410000,0.3
14907,Germany,Home Care,5.9,8,Premium,50,8.850000000000001,50.00000000000002,OK,460000,0.31
14908,UK,Home Care,7.11,7,Standard,25,8.887500000000001,25.0,OK,520000,0.32
14909,Spain,Food & Refreshment,3.07,6,Standard,28,3.9296,28.0,OK,410000,0.3
14910,Germany,Personal Care,9.69,2,Value,15,11.1435,14.99999999999999,OK,460000,0.31
14911,Spain,Personal Care,5.78,6,Standard,30,7.514,30.0,OK,410000,0.3
14912,UK,Personal Care,12.86,2,Value,15,14.789,14.99999999999999,OK,520000,0.32
14913,Germany,Home Care,11.47,1,Value,10,12.617,10.00000000000001,OK,460000,0.31
14914,UK,Personal Care,9.35,9,Premium,60,14.96,60.00000000000001,OK,520000,0.32
14915,Germany,Personal Care,5.78,5,Standard,30,7.514,30.0,OK,460000,0.31
14916,France,Personal Care,3.54,10,Premium,60,5.664000000000001,60.00000000000001,OK,430000,0.29
14917,Germany,Home Care,11.75,10,Premium,50,17.625,50.0,OK,460000,0.31
14918,Spain,Personal Care,7.55,4,Standard,30,9.815,30.0,OK,410000,0.3
14919,Germany,Home Care,3.76,8,Premium,50,5.64,50.0,OK,460000,0.31
14920,UK,Personal Care,3.33,5,Standard,30,4.329000000000001,30.00000000000003,OK,520000,0.32
14921,UK,Personal Care,2.9,7,Standard,30,3.77,30.0,OK,520000,0.32
14922,Germany,Personal Care,11.77,3,Value,15,13.5355,14.99999999999999,OK,460000,0.31
14923,Spain,Home Care,3.82,8,Premium,50,5.73,50.0,OK,410000,0.3
14924,France,Home Care,8.14,8,Premium,50,12.21,50.0,OK,430000,0.29
14925,Spain,Personal Care,7.05,3,Value,15,8.1075,14.99999999999999,OK,410000,0.3
14926,France,Food & Refreshment,8.9,9,Premium,55,13.795,55.00000000000001,OK,430000,0.29
14927,UK,Home Care,13.22,8,Premium,50,19.83,50.0,OK,520000,0.32
14928,Spain,Home Care,13.08,1,Value,10,14.388,10.00000000000001,OK,410000,0.3
14929,France,Personal Care,7.04,8,Premium,60,11.264,60.00000000000001,OK,430000,0.29
14930,Germany,Food & Refreshment,0.72,4,Standard,28,0.9216,28.0,OK,460000,0.31
14931,UK,Personal Care,6.68,6,Standard,30,8.684,30.0,OK,520000,0.32
14932,Germany,Home Care,9.29,10,Premium,50,13.935,50.0,OK,460000,0.31
14933,UK,Home Care,8.59,9,Premium,50,12.885,50.0,OK,520000,0.32
14934,Spain,Personal Care,9.94,5,Standard,30,12.922,30.0,OK,410000,0.3
14935,Spain,Personal Care,2.73,7,Standard,30,3.549,30.0,OK,410000,0.3
14936,UK,Food & Refreshment,9.87,1,Value,12,11.0544,12.00000000000001,OK,520000,0.32
14937,UK,Food & Refreshment,3.15,9,Premium,55,4.8825,55.00000000000001,OK,520000,0.32
14938,UK,Home Care,11.38,6,Standard,25,14.225,25.0,OK,520000,0.32
14939,Spain,Food & Refreshment,5.42,4,Standard,28,6.9376,28.0,OK,410000,0.3
14940,France,Food & Refreshment,10.79,6,Standard,28,13.8112,28.0,OK,430000,0.29
14941,Germany,Home Care,1.19,5,Standard,25,1.4875,25.0,OK,460000,0.31
14942,Germany,Home Care,6.41,3,Value,10,7.051000000000001,10.00000000000001,OK,460000,0.31
14943,Spain,Home Care,10.72,7,Standard,25,13.4,25.0,OK,410000,0.3
14944,Germany,Home Care,3.79,3,Value,10,4.169,10.00000000000001,OK,460000,0.31
14945,UK,Personal Care,12.03,2,Value,15,13.8345,14.99999999999999,OK,520000,0.32
14946,France,Home Care,9.65,4,Standard,25,12.0625,25.0,OK,430000,0.29
14947,Germany,Home Care,9.02,7,Standard,25,11.275,25.0,OK,460000,0.31
14948,France,Home Care,5.63,5,Standard,25,7.0375,25.0,OK,430000,0.29
14949,UK,Food & Refreshment,7.5,9,Premium,55,11.625,55.00000000000001,OK,520000,0.32
14950,Germany,Home Care,9.16,10,Premium,50,13.74,50.0,OK,460000,0.31
14951,Spain,Personal Care,7.35,7,Standard,30,9.555,30.0,OK,410000,0.3
14952,France,Personal Care,10.63,9,Premium,60,17.008,60.00000000000001,OK,430000,0.29
14953,UK,Home Care,6.79,9,Premium,50,10.185,50.0,OK,520000,0.32
14954,France,Personal Care,3.43,2,Value,15,3.9445,14.99999999999999,OK,430000,0.29
14955,Germany,Food & Refreshment,3.6,1,Value,12,4.032000000000001,12.00000000000003,OK,460000,0.31
14956,Germany,Home Care,0.58,4,Standard,25,0.725,25.0,OK,460000,0.31
14957,Spain,Personal Care,4.86,4,Standard,30,6.318000000000001,30.0,OK,410000,0.3
14958,UK,Personal Care,11.36,2,Value,15,13.064,14.99999999999999,OK,520000,0.32
14959,UK,Home Care,12.02,3,Value,10,13.222,10.00000000000001,OK,520000,0.32
14960,Spain,Personal Care,3.44,3,Value,15,3.956,14.99999999999999,OK,410000,0.3
14961,Spain,Home Care,14.41,5,Standard,25,18.0125,25.0,OK,410000,0.3
14962,UK,Personal Care,7.78,1,Value,15,8.947,14.99999999999999,OK,520000,0.32
14963,France,Food & Refreshment,13.8,9,Premium,55,21.39,55.00000000000001,OK,430000,0.29
14964,France,Personal Care,10.75,8,Premium,60,17.2,59.99999999999999,OK,430000,0.29
14965,Spain,Personal Care,10.98,8,Premium,60,17.568,60.00000000000001,OK,410000,0.3
14966,France,Home Care,1.73,3,Value,10,1.903,10.00000000000001,OK,430000,0.29
14967,UK,Personal Care,3.69,2,Value,15,4.2435,15.00000000000001,OK,520000,0.32
14968,Germany,Home Care,0.63,1,Value,10,0.6930000000000001,10.00000000000001,OK,460000,0.31
14969,Germany,Food & Refreshment,10.88,6,Standard,28,13.9264,28.0,OK,460000,0.31
14970,France,Home Care,5.49,10,Premium,50,8.235,49.99999999999998,OK,430000,0.29
14971,Spain,Home Care,11.91,1,Value,10,13.101,10.00000000000001,OK,410000,0.3
14972,Spain,Personal Care,5.41,5,Standard,30,7.033,30.0,OK,410000,0.3
14973,Spain,Food & Refreshment,12.38,9,Premium,55,19.189,54.99999999999999,OK,410000,0.3
14974,Spain,Home Care,2.4,9,Premium,50,3.6,50.0,OK,410000,0.3
14975,Spain,Personal Care,3.01,4,Standard,30,3.913,30.0,OK,410000,0.3
14976,France,Personal Care,5.44,7,Standard,30,7.072000000000001,30.0,OK,430000,0.29
14977,Germany,Home Care,6.42,7,Standard,25,8.025,25.0,OK,460000,0.31
14978,Germany,Personal Care,5.56,4,Standard,30,7.228,30.0,OK,460000,0.31
14979,France,Home Care,11.57,5,Standard,25,14.4625,25.0,OK,430000,0.29
14980,Spain,Home Care,1.91,9,Premium,50,2.865,50.0,OK,410000,0.3
14981,France,Home Care,5.59,7,Standard,25,6.9875,25.0,OK,430000,0.29
14982,Germany,Food & Refreshment,12.64,7,Standard,28,16.1792,28.0,OK,460000,0.31
14983,UK,Home Care,1.47,10,Premium,50,2.205,50.0,OK,520000,0.32
14984,France,Personal Care,14.16,7,Standard,30,18.408,30.0,OK,430000,0.29
14985,Spain,Food & Refreshment,14.8,9,Premium,55,22.94,55.00000000000001,OK,410000,0.3
14986,Germany,Personal Care,1.78,5,Standard,30,2.314,30.0,OK,460000,0.31
14987,Germany,Food & Refreshment,4.72,6,Standard,28,6.0416,28.0,OK,460000,0.31
14988,Germany,Food & Refreshment,5.9,3,Value,12,6.608000000000001,12.00000000000001,OK,460000,0.31
14989,Germany,Food & Refreshment,11.76,1,Value,12,13.1712,12.00000000000001,OK,460000,0.31
14990,Spain,Food & Refreshment,9.14,2,Value,12,10.2368,12.00000000000001,OK,410000,0.3
14991,UK,Personal Care,9.84,8,Premium,60,15.744,60.00000000000001,OK,520000,0.32
14992,Germany,Home Care,11.48,1,Value,10,12.628,10.00000000000001,OK,460000,0.31
14993,France,Personal Care,2.21,10,Premium,60,3.536,60.00000000000001,OK,430000,0.29
14994,UK,Home Care,12.58,7,Standard,25,15.725,25.0,OK,520000,0.32
14995,Germany,Personal Care,10.73,5,Standard,30,13.949,30.0,OK,460000,0.31
14996,UK,Food & Refreshment,8.87,6,Standard,28,11.3536,28.0,OK,520000,0.32
14997,France,Food & Refreshment,13.4,8,Premium,55,20.77,54.99999999999999,OK,430000,0.29
14998,Germany,Home Care,10.65,4,Standard,25,13.3125,25.0,OK,460000,0.31
14999,France,Home Care,3.42,6,Standard,25,4.275,25.00000000000002,OK,430000,0.29
15000,Spain,Personal Care,6.73,3,Value,15,7.7395,14.99999999999999,OK,410000,0.3
