product_id,region,category,base_cost,brand_strength_score,price_tier,max_allowed_mark_uppct,recommended_selling_price,mark_up_pct_used,warning,markup_violation
10001,Germany,Food & Refreshment,12.72,2,Value,12,14.2464,12.00000000000001,OK,True
10002,Spain,Food & Refreshment,6.97,4,Standard,28,8.9216,28.000000000000004,OK,True
10003,UK,Food & Refreshment,10.77,2,Value,12,12.0624,12.00000000000001,OK,True
10004,Germany,Food & Refreshment,11.11,3,Value,12,12.4432,12.00000000000001,OK,True
10005,Germany,Food & Refreshment,3.02,4,Standard,28,3.8656,28.000000000000004,OK,True
10006,Spain,Personal Care,5.74,4,Standard,30,7.462000000000001,30.000000000000004,OK,True
10007,UK,Food & Refreshment,9.74,10,Premium,55,15.097,55.00000000000001,OK,True
10008,UK,Food & Refreshment,1.53,9,Premium,55,2.3715,55.00000000000001,OK,True
10009,Germany,Personal Care,5.74,10,Premium,60,9.184,60.00000000000001,OK,True
10010,France,Personal Care,8.25,6,Standard,30,10.725,30.000000000000004,OK,True
10011,Germany,Personal Care,14.95,9,Premium,60,23.92,60.00000000000001,OK,True
10012,Germany,Personal Care,7.38,4,Standard,30,9.594,30.000000000000004,OK,True
10013,Germany,Personal Care,12.33,9,Premium,60,19.728,60.00000000000001,OK,True
10014,Germany,Personal Care,6.76,9,Premium,60,10.816,60.00000000000001,OK,True
10015,Spain,Food & Refreshment,12.05,6,Standard,28,15.424,28.000000000000004,OK,True
10016,UK,Food & Refreshment,9.13,5,Standard,28,11.6864,28.000000000000004,OK,True
10017,Spain,Home Care,13.36,3,Value,10,14.696,10.000000000000009,OK,True
10018,Spain,Food & Refreshment,6.46,5,Standard,28,8.2688,28.000000000000004,OK,True
10019,Spain,Food & Refreshment,9.26,3,Value,12,10.3712,12.00000000000001,OK,True
10020,Germany,Personal Care,9.64,5,Standard,30,12.532000000000002,30.000000000000004,OK,True
10021,France,Personal Care,6.55,5,Standard,30,8.515,30.000000000000004,OK,True
10022,UK,Food & Refreshment,2.59,2,Value,12,2.9008000000000003,12.00000000000001,OK,True
10023,France,Home Care,1.86,9,Premium,50,2.79,50.0,OK,False
10024,Spain,Personal Care,0.74,7,Standard,30,0.962,30.000000000000004,OK,True
10025,Spain,Food & Refreshment,13.17,6,Standard,28,16.8576,28.000000000000004,OK,True
10026,France,Food & Refreshment,3.93,5,Standard,28,5.0304,28.000000000000004,OK,True
10027,France,Home Care,3.57,4,Standard,25,4.4624999999999995,25.0,OK,False
10028,France,Home Care,11.17,8,Premium,50,16.755,50.0,OK,False
10029,Spain,Personal Care,5.14,2,Value,15,5.911,14.999999999999991,OK,False
10030,Spain,Home Care,7.84,8,Premium,50,11.76,50.0,OK,False
10031,UK,Food & Refreshment,2.86,1,Value,12,3.2032000000000003,12.00000000000001,OK,True
10032,UK,Food & Refreshment,14.42,10,Premium,55,22.351,55.00000000000001,OK,True
10033,Spain,Home Care,12.85,1,Value,10,14.135000000000002,10.000000000000009,OK,True
10034,France,Home Care,13.02,3,Value,10,14.322,10.000000000000009,OK,True
10035,France,Home Care,6.4,5,Standard,25,8.0,25.0,OK,False
10036,UK,Home Care,11.55,6,Standard,25,14.4375,25.0,OK,False
10037,Spain,Personal Care,2.59,4,Standard,30,3.367,30.000000000000004,OK,True
10038,UK,Home Care,0.62,7,Standard,25,0.775,25.0,OK,False
10039,UK,Personal Care,0.79,7,Standard,30,1.027,30.000000000000004,OK,True
10040,Germany,Food & Refreshment,9.01,2,Value,12,10.0912,12.00000000000001,OK,True
10041,Germany,Home Care,7.1,2,Value,10,7.81,10.000000000000009,OK,True
10042,Germany,Personal Care,8.01,2,Value,15,9.2115,14.999999999999991,OK,False
10043,France,Home Care,0.61,2,Value,10,0.671,10.000000000000009,OK,True
10044,Spain,Food & Refreshment,6.63,9,Premium,55,10.2765,55.00000000000001,OK,True
10045,Spain,Food & Refreshment,10.91,5,Standard,28,13.9648,28.000000000000004,OK,True
10046,Spain,Food & Refreshment,6.92,8,Premium,55,10.726,55.00000000000001,OK,True
10047,Spain,Home Care,11.12,5,Standard,25,13.9,25.0,OK,False
10048,Germany,Home Care,3.88,5,Standard,25,4.85,25.0,OK,False
10049,France,Personal Care,12.29,1,Value,15,14.133499999999998,14.999999999999991,OK,False
10050,France,Food & Refreshment,9.03,6,Standard,28,11.5584,28.000000000000004,OK,True
10051,Germany,Home Care,3.56,4,Standard,25,4.45,25.0,OK,False
10052,France,Food & Refreshment,3.93,3,Value,12,4.4016,12.00000000000001,OK,True
10053,Germany,Food & Refreshment,9.61,6,Standard,28,12.3008,28.000000000000004,OK,True
10054,Spain,Personal Care,12.53,2,Value,15,14.409499999999998,14.999999999999991,OK,False
10055,Germany,Personal Care,6.53,8,Premium,60,10.448,60.00000000000001,OK,True
10056,Spain,Personal Care,4.25,1,Value,15,4.887499999999999,14.999999999999991,OK,False
10057,Spain,Personal Care,13.07,9,Premium,60,20.912000000000003,60.00000000000001,OK,True
10058,UK,Food & Refreshment,10.2,8,Premium,55,15.81,55.00000000000001,OK,True
10059,Germany,Personal Care,7.0,1,Value,15,8.049999999999999,14.999999999999991,OK,False
10060,UK,Personal Care,7.57,10,Premium,60,12.112000000000002,60.00000000000001,OK,True
10061,Germany,Personal Care,3.46,9,Premium,60,5.5360000000000005,60.00000000000001,OK,True
10062,Germany,Personal Care,9.59,2,Value,15,11.0285,14.999999999999991,OK,False
10063,UK,Food & Refreshment,5.7,3,Value,12,6.384000000000001,12.00000000000001,OK,True
10064,UK,Personal Care,14.94,2,Value,15,17.180999999999997,14.999999999999991,OK,False
10065,Germany,Food & Refreshment,7.46,8,Premium,55,11.563,55.00000000000001,OK,True
10066,France,Home Care,7.55,2,Value,10,8.305,10.000000000000009,OK,True
10067,Spain,Food & Refreshment,8.7,10,Premium,55,13.485,55.00000000000001,OK,True
10068,UK,Food & Refreshment,13.79,2,Value,12,15.4448,12.00000000000001,OK,True
10069,Spain,Personal Care,12.11,1,Value,15,13.9265,14.999999999999991,OK,False
10070,France,Home Care,7.04,7,Standard,25,8.8,25.0,OK,False
10071,France,Home Care,10.92,2,Value,10,12.012,10.000000000000009,OK,True
10072,France,Home Care,9.0,10,Premium,50,13.5,50.0,OK,False
10073,UK,Home Care,7.64,5,Standard,25,9.55,25.0,OK,False
10074,France,Food & Refreshment,3.29,5,Standard,28,4.2112,28.000000000000004,OK,True
10075,UK,Home Care,7.23,3,Value,10,7.953000000000001,10.000000000000009,OK,True
10076,France,Food & Refreshment,4.06,3,Value,12,4.5472,12.00000000000001,OK,True
10077,Spain,Food & Refreshment,13.77,3,Value,12,15.4224,12.00000000000001,OK,True
10078,Spain,Food & Refreshment,5.36,6,Standard,28,6.8608,28.000000000000004,OK,True
10079,Germany,Home Care,14.31,4,Standard,25,17.8875,25.0,OK,False
10080,Spain,Personal Care,8.23,3,Value,15,9.4645,14.999999999999991,OK,False
10081,Germany,Personal Care,9.66,2,Value,15,11.109,14.999999999999991,OK,False
10082,Spain,Home Care,8.37,3,Value,10,9.207,10.000000000000009,OK,True
10083,UK,Personal Care,2.38,4,Standard,30,3.094,30.000000000000004,OK,True
10084,Spain,Personal Care,5.95,6,Standard,30,7.735,30.000000000000004,OK,True
10085,Germany,Food & Refreshment,1.94,4,Standard,28,2.4832,28.000000000000004,OK,True
10086,Germany,Food & Refreshment,9.53,8,Premium,55,14.7715,55.00000000000001,OK,True
10087,France,Home Care,6.98,3,Value,10,7.678000000000001,10.000000000000009,OK,True
10088,UK,Home Care,11.78,3,Value,10,12.958,10.000000000000009,OK,True
10089,Spain,Personal Care,3.7,3,Value,15,4.255,14.999999999999991,OK,False
10090,France,Food & Refreshment,2.89,8,Premium,55,4.479500000000001,55.00000000000003,OK,True
10091,Spain,Home Care,6.39,4,Standard,25,7.9875,25.0,OK,False
10092,Spain,Home Care,13.94,1,Value,10,15.334,10.000000000000009,OK,True
10093,France,Home Care,10.8,2,Value,10,11.880000000000004,10.000000000000009,OK,True
10094,France,Home Care,6.57,10,Premium,50,9.855,50.0,OK,False
10095,France,Home Care,8.0,2,Value,10,8.8,10.000000000000009,OK,True
10096,France,Home Care,1.72,3,Value,10,1.892,10.000000000000009,OK,True
10097,France,Personal Care,14.78,6,Standard,30,19.214,30.000000000000004,OK,True
10098,Spain,Food & Refreshment,10.16,8,Premium,55,15.748,55.00000000000001,OK,True
10099,France,Food & Refreshment,4.64,1,Value,12,5.1968000000000005,12.00000000000001,OK,True
10100,UK,Home Care,8.99,9,Premium,50,13.485,50.0,OK,False
10101,Germany,Food & Refreshment,2.09,1,Value,12,2.3408,12.00000000000001,OK,True
10102,France,Food & Refreshment,14.5,10,Premium,55,22.475,55.00000000000001,OK,True
10103,France,Food & Refreshment,3.03,2,Value,12,3.3936,12.00000000000001,OK,True
10104,Spain,Home Care,9.9,3,Value,10,10.89,10.000000000000009,OK,True
10105,France,Home Care,4.06,7,Standard,25,5.074999999999999,25.0,OK,False
10106,France,Food & Refreshment,10.9,9,Premium,55,16.895,54.999999999999986,OK,False
10107,France,Food & Refreshment,11.76,3,Value,12,13.1712,12.00000000000001,OK,True
10108,Spain,Home Care,10.26,8,Premium,50,15.39,50.0,OK,False
10109,France,Personal Care,9.41,9,Premium,60,15.056,60.00000000000001,OK,True
10110,Germany,Food & Refreshment,13.44,10,Premium,55,20.832,55.00000000000001,OK,True
10111,Spain,Personal Care,1.64,7,Standard,30,2.132,30.000000000000004,OK,True
10112,Germany,Food & Refreshment,5.3,4,Standard,28,6.784,28.000000000000004,OK,True
10113,Spain,Personal Care,4.1,4,Standard,30,5.33,30.000000000000004,OK,True
10114,France,Personal Care,14.83,4,Standard,30,19.279,30.000000000000004,OK,True
10115,Germany,Personal Care,6.15,6,Standard,30,7.995000000000001,30.000000000000004,OK,True
10116,Spain,Home Care,11.12,4,Standard,25,13.9,25.0,OK,False
10117,UK,Personal Care,10.43,5,Standard,30,13.559,30.000000000000004,OK,True
10118,France,Personal Care,3.58,9,Premium,60,5.728000000000001,60.00000000000001,OK,True
10119,Spain,Personal Care,3.97,7,Standard,30,5.1610000000000005,30.000000000000004,OK,True
10120,UK,Food & Refreshment,4.58,8,Premium,55,7.099,55.00000000000001,OK,True
10121,Spain,Personal Care,6.46,5,Standard,30,8.398,30.000000000000004,OK,True
10122,UK,Food & Refreshment,3.9,5,Standard,28,4.992,28.000000000000004,OK,True
10123,France,Personal Care,0.78,7,Standard,30,1.014,30.000000000000004,OK,True
10124,Germany,Personal Care,13.25,8,Premium,60,21.200000000000003,60.00000000000003,OK,True
10125,UK,Home Care,14.5,9,Premium,50,21.75,50.0,OK,False
10126,Spain,Food & Refreshment,5.45,2,Value,12,6.104000000000001,12.00000000000001,OK,True
10127,France,Personal Care,5.41,3,Value,15,6.2215,14.999999999999991,OK,False
10128,UK,Food & Refreshment,0.6,2,Value,12,0.672,12.00000000000001,OK,True
10129,Spain,Food & Refreshment,10.36,10,Premium,55,16.058,55.00000000000001,OK,True
10130,Spain,Home Care,12.47,7,Standard,25,15.5875,25.0,OK,False
10131,Spain,Home Care,2.63,2,Value,10,2.893,10.000000000000009,OK,True
10132,UK,Home Care,2.82,2,Value,10,3.102,10.000000000000009,OK,True
10133,UK,Home Care,11.96,2,Value,10,13.156000000000002,10.000000000000009,OK,True
10134,UK,Home Care,9.44,4,Standard,25,11.8,25.0,OK,False
10135,Germany,Home Care,1.15,1,Value,10,1.265,10.000000000000009,OK,True
10136,UK,Home Care,9.53,2,Value,10,10.483,10.000000000000009,OK,True
10137,UK,Home Care,4.98,3,Value,10,5.478000000000001,10.000000000000009,OK,True
10138,UK,Personal Care,5.85,7,Standard,30,7.605,30.000000000000004,OK,True
10139,Germany,Food & Refreshment,11.66,10,Premium,55,18.073,55.00000000000001,OK,True
10140,UK,Home Care,12.26,1,Value,10,13.486,10.000000000000009,OK,True
10141,Spain,Home Care,6.31,6,Standard,25,7.887499999999999,25.0,OK,False
10142,UK,Food & Refreshment,14.23,3,Value,12,15.937600000000002,12.00000000000001,OK,True
10143,Spain,Personal Care,6.39,3,Value,15,7.348499999999999,14.999999999999991,OK,False
10144,Spain,Food & Refreshment,11.69,4,Standard,28,14.9632,28.000000000000004,OK,True
10145,Spain,Food & Refreshment,7.52,4,Standard,28,9.6256,28.000000000000004,OK,True
10146,Germany,Home Care,13.51,7,Standard,25,16.8875,25.0,OK,False
10147,Germany,Food & Refreshment,13.66,3,Value,12,15.2992,12.00000000000001,OK,True
10148,Germany,Food & Refreshment,1.77,8,Premium,55,2.7435,55.00000000000001,OK,True
10149,UK,Home Care,14.08,8,Premium,50,21.12,50.0,OK,False
10150,Spain,Home Care,12.47,7,Standard,25,15.5875,25.0,OK,False
10151,Germany,Home Care,11.97,2,Value,10,13.167000000000002,10.000000000000009,OK,True
10152,Germany,Home Care,3.41,5,Standard,25,4.2625,25.0,OK,False
10153,UK,Food & Refreshment,12.17,6,Standard,28,15.5776,28.000000000000004,OK,True
10154,Germany,Food & Refreshment,12.83,10,Premium,55,19.8865,55.00000000000001,OK,True
10155,UK,Personal Care,4.69,4,Standard,30,6.097,30.000000000000004,OK,True
10156,France,Personal Care,14.31,10,Premium,60,22.896,60.00000000000001,OK,True
10157,Germany,Food & Refreshment,1.22,5,Standard,28,1.5616,28.000000000000004,OK,True
10158,France,Personal Care,2.67,9,Premium,60,4.272,60.00000000000001,OK,True
10159,UK,Food & Refreshment,8.29,7,Standard,28,10.611199999999998,28.000000000000004,OK,True
10160,Spain,Personal Care,8.85,2,Value,15,10.177499999999998,14.999999999999991,OK,False
10161,Germany,Home Care,9.85,1,Value,10,10.835,10.000000000000009,OK,True
10162,UK,Personal Care,0.75,2,Value,15,0.8624999999999999,14.999999999999991,OK,False
10163,Spain,Home Care,14.43,3,Value,10,15.873,10.000000000000009,OK,True
10164,Spain,Home Care,1.15,2,Value,10,1.265,10.000000000000009,OK,True
10165,France,Home Care,2.57,3,Value,10,2.827,10.000000000000009,OK,True
10166,UK,Home Care,0.7,10,Premium,50,1.0499999999999998,49.99999999999998,OK,False
10167,Spain,Personal Care,8.72,9,Premium,60,13.952000000000002,60.00000000000001,OK,True
10168,Germany,Food & Refreshment,14.02,4,Standard,28,17.9456,28.000000000000004,OK,True
10169,Germany,Home Care,10.16,9,Premium,50,15.24,50.0,OK,False
10170,France,Personal Care,12.43,3,Value,15,14.2945,14.999999999999991,OK,False
10171,Spain,Home Care,0.69,1,Value,10,0.759,10.000000000000009,OK,True
10172,UK,Personal Care,8.36,5,Standard,30,10.868,30.000000000000004,OK,True
10173,Germany,Personal Care,7.16,10,Premium,60,11.456,60.00000000000001,OK,True
10174,Spain,Personal Care,7.74,10,Premium,60,12.384,60.00000000000001,OK,True
10175,Spain,Food & Refreshment,1.55,2,Value,12,1.7360000000000002,12.00000000000001,OK,True
10176,France,Personal Care,10.42,4,Standard,30,13.546,30.000000000000004,OK,True
10177,Germany,Personal Care,7.8,2,Value,15,8.969999999999999,14.999999999999991,OK,False
10178,Germany,Food & Refreshment,11.59,2,Value,12,12.9808,12.00000000000001,OK,True
10179,UK,Food & Refreshment,7.54,3,Value,12,8.4448,12.00000000000001,OK,True
10180,Germany,Personal Care,2.67,5,Standard,30,3.471,30.000000000000004,OK,True
10181,UK,Food & Refreshment,9.9,4,Standard,28,12.672,28.000000000000004,OK,True
10182,Germany,Home Care,3.0,2,Value,10,3.3000000000000003,10.000000000000009,OK,True
10183,France,Home Care,13.15,10,Premium,50,19.725,50.0,OK,False
10184,Germany,Food & Refreshment,9.39,2,Value,12,10.516800000000002,12.00000000000001,OK,True
10185,UK,Food & Refreshment,2.78,6,Standard,28,3.5584,28.000000000000004,OK,True
10186,UK,Personal Care,14.45,7,Standard,30,18.785,30.000000000000004,OK,True
10187,France,Food & Refreshment,8.02,10,Premium,55,12.431,55.00000000000001,OK,True
10188,Germany,Personal Care,1.56,6,Standard,30,2.028,30.000000000000004,OK,True
10189,Germany,Home Care,9.59,7,Standard,25,11.9875,25.0,OK,False
10190,France,Food & Refreshment,4.17,1,Value,12,4.670400000000001,12.00000000000001,OK,True
10191,Germany,Personal Care,12.15,6,Standard,30,15.795000000000002,30.000000000000004,OK,True
10192,Germany,Personal Care,12.36,3,Value,15,14.214,14.999999999999991,OK,False
10193,UK,Home Care,14.69,1,Value,10,16.159000000000002,10.000000000000032,OK,True
10194,Germany,Food & Refreshment,7.78,8,Premium,55,12.059,55.00000000000001,OK,True
10195,Germany,Home Care,7.1,4,Standard,25,8.875,25.0,OK,False
10196,France,Personal Care,11.43,10,Premium,60,18.288,60.00000000000001,OK,True
10197,France,Personal Care,2.42,8,Premium,60,3.872,60.00000000000001,OK,True
10198,Spain,Food & Refreshment,8.43,10,Premium,55,13.0665,55.00000000000001,OK,True
10199,UK,Personal Care,8.42,4,Standard,30,10.946,30.000000000000004,OK,True
10200,Germany,Food & Refreshment,1.8,4,Standard,28,2.3040000000000003,28.000000000000004,OK,True
10201,Germany,Home Care,6.56,10,Premium,50,9.84,50.0,OK,False
10202,Spain,Food & Refreshment,12.87,4,Standard,28,16.473599999999998,27.99999999999998,OK,False
10203,Germany,Food & Refreshment,12.91,6,Standard,28,16.5248,27.99999999999998,OK,False
10204,UK,Personal Care,1.94,9,Premium,60,3.104,60.00000000000001,OK,True
10205,Spain,Personal Care,1.82,5,Standard,30,2.366,30.000000000000004,OK,True
10206,UK,Food & Refreshment,4.31,10,Premium,55,6.680499999999999,55.00000000000001,OK,True
10207,Spain,Personal Care,13.18,8,Premium,60,21.088,60.00000000000001,OK,True
10208,Spain,Personal Care,2.37,8,Premium,60,3.792,60.00000000000001,OK,True
10209,France,Personal Care,10.94,4,Standard,30,14.222,30.000000000000004,OK,True
10210,UK,Food & Refreshment,1.97,10,Premium,55,3.0535,55.00000000000001,OK,True
10211,Germany,Personal Care,9.54,9,Premium,60,15.264,60.00000000000001,OK,True
10212,Germany,Food & Refreshment,5.66,9,Premium,55,8.773,54.999999999999986,OK,False
10213,UK,Personal Care,11.94,5,Standard,30,15.522,30.000000000000004,OK,True
10214,Germany,Home Care,3.89,6,Standard,25,4.8625,25.0,OK,False
10215,Germany,Personal Care,9.77,5,Standard,30,12.701,30.000000000000004,OK,True
10216,UK,Personal Care,3.92,3,Value,15,4.508,15.000000000000014,OK,True
10217,Spain,Food & Refreshment,10.85,8,Premium,55,16.8175,55.00000000000001,OK,True
10218,UK,Food & Refreshment,13.17,9,Premium,55,20.4135,55.00000000000001,OK,True
10219,Spain,Personal Care,2.34,4,Standard,30,3.042,30.000000000000004,OK,True
10220,Germany,Home Care,13.07,9,Premium,50,19.605,50.0,OK,False
10221,Germany,Personal Care,9.11,9,Premium,60,14.576,60.00000000000001,OK,True
10222,Germany,Personal Care,2.34,7,Standard,30,3.042,30.000000000000004,OK,True
10223,France,Home Care,6.7,8,Premium,50,10.05,50.0,OK,False
10224,Spain,Food & Refreshment,2.83,3,Value,12,3.1696000000000004,12.00000000000001,OK,True
10225,France,Personal Care,10.66,5,Standard,30,13.858,30.000000000000004,OK,True
10226,France,Food & Refreshment,11.5,3,Value,12,12.88,12.00000000000001,OK,True
10227,UK,Food & Refreshment,2.03,7,Standard,28,2.5984,28.000000000000004,OK,True
10228,France,Home Care,7.84,6,Standard,25,9.8,25.00000000000002,OK,True
10229,UK,Home Care,12.31,3,Value,10,13.541000000000002,10.000000000000009,OK,True
10230,UK,Food & Refreshment,14.07,9,Premium,55,21.8085,55.00000000000001,OK,True
10231,France,Personal Care,7.95,1,Value,15,9.1425,14.999999999999991,OK,False
10232,Spain,Food & Refreshment,14.28,10,Premium,55,22.134,55.00000000000001,OK,True
10233,Spain,Personal Care,8.27,3,Value,15,9.5105,14.999999999999991,OK,False
10234,Spain,Personal Care,6.22,10,Premium,60,9.952,60.00000000000001,OK,True
10235,Spain,Home Care,12.8,7,Standard,25,16.0,25.0,OK,False
10236,Spain,Personal Care,7.65,3,Value,15,8.7975,14.999999999999991,OK,False
10237,France,Personal Care,7.34,3,Value,15,8.440999999999999,14.999999999999991,OK,False
10238,France,Food & Refreshment,7.61,2,Value,12,8.523200000000001,12.00000000000001,OK,True
10239,Germany,Home Care,12.78,9,Premium,50,19.17,50.0,OK,False
10240,Spain,Personal Care,12.56,4,Standard,30,16.328000000000003,30.00000000000003,OK,True
10241,France,Personal Care,6.35,10,Premium,60,10.16,60.00000000000001,OK,True
10242,Germany,Home Care,5.33,6,Standard,25,6.6625,25.0,OK,False
10243,Spain,Food & Refreshment,7.63,2,Value,12,8.5456,12.00000000000001,OK,True
10244,UK,Home Care,8.81,9,Premium,50,13.215,50.0,OK,False
10245,Germany,Home Care,3.96,7,Standard,25,4.95,25.0,OK,False
10246,France,Personal Care,12.01,10,Premium,60,19.216,60.00000000000001,OK,True
10247,UK,Personal Care,7.55,5,Standard,30,9.815,30.000000000000004,OK,True
10248,UK,Food & Refreshment,5.34,7,Standard,28,6.8352,28.000000000000004,OK,True
10249,UK,Personal Care,2.05,4,Standard,30,2.665,30.000000000000004,OK,True
10250,Germany,Personal Care,3.96,10,Premium,60,6.336,60.00000000000001,OK,True
10251,France,Home Care,14.26,7,Standard,25,17.825,25.0,OK,False
10252,UK,Personal Care,4.92,2,Value,15,5.6579999999999995,14.999999999999991,OK,False
10253,Spain,Food & Refreshment,2.95,7,Standard,28,3.776,28.000000000000004,OK,True
10254,UK,Home Care,7.18,4,Standard,25,8.975,25.0,OK,False
10255,UK,Food & Refreshment,4.95,4,Standard,28,6.336,28.000000000000004,OK,True
10256,Germany,Home Care,1.01,1,Value,10,1.1110000000000002,10.000000000000009,OK,True
10257,Germany,Personal Care,5.19,3,Value,15,5.9685,14.999999999999991,OK,False
10258,France,Home Care,8.39,5,Standard,25,10.4875,25.0,OK,False
10259,Spain,Home Care,8.5,5,Standard,25,10.625,25.0,OK,False
10260,Germany,Personal Care,5.67,2,Value,15,6.520499999999999,14.999999999999991,OK,False
10261,UK,Personal Care,6.99,4,Standard,30,9.087,29.999999999999982,OK,False
10262,France,Food & Refreshment,14.5,1,Value,12,16.240000000000002,12.00000000000001,OK,True
10263,UK,Food & Refreshment,5.97,9,Premium,55,9.2535,55.00000000000003,OK,True
10264,UK,Personal Care,4.24,1,Value,15,4.8759999999999994,14.999999999999991,OK,False
10265,Germany,Personal Care,4.03,6,Standard,30,5.239000000000001,30.000000000000004,OK,True
10266,France,Personal Care,7.14,7,Standard,30,9.282,30.000000000000004,OK,True
10267,Spain,Home Care,11.51,3,Value,10,12.661,10.000000000000009,OK,True
10268,Spain,Home Care,3.49,1,Value,10,3.839,10.000000000000009,OK,True
10269,Germany,Home Care,10.78,7,Standard,25,13.475,25.0,OK,False
10270,Germany,Personal Care,0.81,3,Value,15,0.9315,14.999999999999991,OK,False
10271,France,Food & Refreshment,6.57,10,Premium,55,10.1835,55.00000000000001,OK,True
10272,Spain,Personal Care,11.75,6,Standard,30,15.275,30.000000000000004,OK,True
10273,Spain,Home Care,5.41,6,Standard,25,6.7625,25.0,OK,False
10274,Spain,Home Care,8.67,4,Standard,25,10.8375,25.0,OK,False
10275,UK,Personal Care,3.47,6,Standard,30,4.511,30.000000000000004,OK,True
10276,Spain,Personal Care,11.26,10,Premium,60,18.016,60.00000000000001,OK,True
10277,UK,Home Care,1.26,4,Standard,25,1.575,25.0,OK,False
10278,France,Home Care,12.86,8,Premium,50,19.29,50.0,OK,False
10279,UK,Home Care,3.37,9,Premium,50,5.055,49.99999999999998,OK,False
10280,France,Personal Care,13.18,2,Value,15,15.156999999999998,14.999999999999991,OK,False
10281,Spain,Home Care,5.61,7,Standard,25,7.0125,25.0,OK,False
10282,Spain,Home Care,10.98,9,Premium,50,16.47,49.99999999999998,OK,False
10283,France,Food & Refreshment,5.13,9,Premium,55,7.9515,55.00000000000001,OK,True
10284,Germany,Personal Care,13.64,5,Standard,30,17.732000000000003,30.00000000000003,OK,True
10285,France,Food & Refreshment,2.34,1,Value,12,2.6208,12.00000000000001,OK,True
10286,Germany,Food & Refreshment,3.09,6,Standard,28,3.9552,28.000000000000004,OK,True
10287,UK,Home Care,7.65,8,Premium,50,11.475,50.00000000000002,OK,True
10288,UK,Personal Care,1.69,1,Value,15,1.9435,14.999999999999991,OK,False
10289,UK,Home Care,3.34,2,Value,10,3.674,10.000000000000009,OK,True
10290,Spain,Personal Care,14.18,1,Value,15,16.307,14.999999999999991,OK,False
10291,UK,Food & Refreshment,14.66,5,Standard,28,18.7648,28.000000000000004,OK,True
10292,Germany,Personal Care,5.96,2,Value,15,6.853999999999999,14.999999999999991,OK,False
10293,UK,Home Care,13.89,10,Premium,50,20.835,50.0,OK,False
10294,France,Home Care,8.4,10,Premium,50,12.6,50.0,OK,False
10295,France,Home Care,4.41,4,Standard,25,5.5125,25.0,OK,False
10296,Spain,Personal Care,10.68,1,Value,15,12.281999999999998,14.999999999999991,OK,False
10297,France,Food & Refreshment,10.05,7,Standard,28,12.864,28.000000000000004,OK,True
10298,Germany,Food & Refreshment,14.84,8,Premium,55,23.002,55.00000000000001,OK,True
10299,UK,Personal Care,4.34,5,Standard,30,5.642,30.000000000000004,OK,True
10300,Spain,Home Care,10.24,2,Value,10,11.264,10.000000000000009,OK,True
10301,UK,Food & Refreshment,1.25,8,Premium,55,1.9375,55.00000000000001,OK,True
10302,UK,Home Care,2.15,1,Value,10,2.365,10.000000000000009,OK,True
10303,Germany,Personal Care,0.56,7,Standard,30,0.7280000000000001,30.000000000000004,OK,True
10304,France,Home Care,14.99,1,Value,10,16.489,10.000000000000009,OK,True
10305,France,Food & Refreshment,12.13,6,Standard,28,15.5264,28.000000000000004,OK,True
10306,UK,Food & Refreshment,11.91,6,Standard,28,15.2448,28.000000000000004,OK,True
10307,Spain,Home Care,7.89,5,Standard,25,9.8625,25.0,OK,False
10308,France,Personal Care,4.85,2,Value,15,5.577499999999999,14.999999999999991,OK,False
10309,Spain,Home Care,2.69,2,Value,10,2.959,10.000000000000009,OK,True
10310,France,Personal Care,4.63,9,Premium,60,7.408,60.00000000000001,OK,True
10311,Spain,Home Care,5.95,5,Standard,25,7.4375,25.0,OK,False
10312,Germany,Food & Refreshment,11.47,5,Standard,28,14.6816,28.000000000000004,OK,True
10313,Spain,Personal Care,8.33,7,Standard,30,10.829,30.000000000000004,OK,True
10314,Germany,Personal Care,1.62,6,Standard,30,2.1060000000000003,30.000000000000004,OK,True
10315,Germany,Personal Care,0.76,2,Value,15,0.8739999999999999,14.999999999999991,OK,False
10316,Spain,Food & Refreshment,1.98,1,Value,12,2.2176,12.00000000000001,OK,True
10317,Germany,Home Care,6.45,5,Standard,25,8.0625,25.0,OK,False
10318,UK,Food & Refreshment,14.03,4,Standard,28,17.9584,28.000000000000004,OK,True
10319,Germany,Personal Care,9.74,3,Value,15,11.201,14.999999999999991,OK,False
10320,France,Home Care,12.13,2,Value,10,13.343000000000002,10.000000000000009,OK,True
10321,Spain,Food & Refreshment,7.26,10,Premium,55,11.253,55.00000000000001,OK,True
10322,UK,Personal Care,5.74,2,Value,15,6.601,14.999999999999991,OK,False
10323,Spain,Personal Care,2.07,4,Standard,30,2.691,30.000000000000004,OK,True
10324,France,Food & Refreshment,13.2,2,Value,12,14.784,12.00000000000001,OK,True
10325,France,Food & Refreshment,11.86,4,Standard,28,15.1808,28.000000000000004,OK,True
10326,France,Food & Refreshment,2.94,3,Value,12,3.2928,12.00000000000001,OK,True
10327,Germany,Personal Care,7.93,9,Premium,60,12.688,60.00000000000001,OK,True
10328,Germany,Food & Refreshment,7.57,7,Standard,28,9.6896,28.000000000000004,OK,True
10329,Spain,Personal Care,9.56,3,Value,15,10.994,14.999999999999991,OK,False
10330,Spain,Food & Refreshment,14.22,8,Premium,55,22.041,55.00000000000001,OK,True
10331,UK,Personal Care,8.91,9,Premium,60,14.256,60.00000000000001,OK,True
10332,UK,Personal Care,8.33,7,Standard,30,10.829,30.000000000000004,OK,True
10333,Spain,Home Care,1.23,6,Standard,25,1.5375,25.0,OK,False
10334,Germany,Food & Refreshment,1.41,4,Standard,28,1.8048,28.000000000000004,OK,True
10335,France,Food & Refreshment,3.22,5,Standard,28,4.1216,27.99999999999998,OK,False
10336,Spain,Personal Care,0.97,8,Premium,60,1.552,60.00000000000001,OK,True
10337,UK,Personal Care,11.28,3,Value,15,12.971999999999998,14.999999999999991,OK,False
10338,Germany,Personal Care,10.99,2,Value,15,12.6385,14.999999999999991,OK,False
10339,Spain,Home Care,2.47,3,Value,10,2.7170000000000005,10.000000000000009,OK,True
10340,Spain,Home Care,12.62,7,Standard,25,15.775,25.0,OK,False
10341,Germany,Personal Care,2.74,8,Premium,60,4.384,60.00000000000001,OK,True
10342,Spain,Food & Refreshment,4.87,1,Value,12,5.454400000000001,12.00000000000001,OK,True
10343,Germany,Food & Refreshment,4.11,7,Standard,28,5.260800000000001,28.000000000000004,OK,True
10344,France,Home Care,5.9,9,Premium,50,8.850000000000001,50.00000000000002,OK,True
10345,Germany,Home Care,4.19,3,Value,10,4.609000000000001,10.000000000000009,OK,True
10346,Germany,Personal Care,7.59,3,Value,15,8.728499999999999,14.999999999999991,OK,False
10347,Germany,Food & Refreshment,6.41,8,Premium,55,9.9355,55.00000000000001,OK,True
10348,Spain,Personal Care,14.81,4,Standard,30,19.253,30.000000000000004,OK,True
10349,Spain,Home Care,1.31,8,Premium,50,1.965,50.0,OK,False
10350,Germany,Food & Refreshment,2.56,5,Standard,28,3.2768,28.000000000000004,OK,True
10351,Spain,Food & Refreshment,1.27,3,Value,12,1.4224,12.00000000000001,OK,True
10352,UK,Home Care,9.57,4,Standard,25,11.9625,25.0,OK,False
10353,UK,Personal Care,1.29,4,Standard,30,1.677,30.000000000000004,OK,True
10354,Spain,Personal Care,12.63,8,Premium,60,20.208,60.00000000000001,OK,True
10355,Spain,Food & Refreshment,7.92,6,Standard,28,10.1376,28.000000000000004,OK,True
10356,Germany,Home Care,8.14,7,Standard,25,10.175,25.0,OK,False
10357,France,Food & Refreshment,8.64,9,Premium,55,13.392,55.00000000000001,OK,True
10358,Spain,Home Care,2.98,6,Standard,25,3.725,25.0,OK,False
10359,UK,Personal Care,3.37,3,Value,15,3.8755,14.999999999999991,OK,False
10360,Germany,Home Care,5.12,3,Value,10,5.632000000000001,10.000000000000009,OK,True
10361,Spain,Personal Care,9.11,3,Value,15,10.476499999999998,14.999999999999991,OK,False
10362,UK,Home Care,3.55,10,Premium,50,5.324999999999999,49.99999999999998,OK,False
10363,UK,Food & Refreshment,2.19,2,Value,12,2.4528000000000003,12.00000000000001,OK,True
10364,France,Personal Care,14.57,1,Value,15,16.755499999999998,14.999999999999991,OK,False
10365,Germany,Food & Refreshment,0.82,10,Premium,55,1.271,55.00000000000001,OK,True
10366,Germany,Food & Refreshment,12.14,1,Value,12,13.596800000000002,12.00000000000001,OK,True
10367,France,Personal Care,11.93,4,Standard,30,15.509,30.000000000000004,OK,True
10368,France,Personal Care,4.81,3,Value,15,5.531499999999999,14.999999999999991,OK,False
10369,Germany,Food & Refreshment,2.47,5,Standard,28,3.1616000000000004,28.000000000000004,OK,True
10370,Germany,Food & Refreshment,2.61,9,Premium,55,4.0455,55.00000000000001,OK,True
10371,Spain,Food & Refreshment,10.61,8,Premium,55,16.4455,55.00000000000001,OK,True
10372,Spain,Food & Refreshment,9.82,9,Premium,55,15.221,55.00000000000001,OK,True
10373,France,Personal Care,11.85,5,Standard,30,15.405,30.000000000000004,OK,True
10374,Spain,Personal Care,14.09,8,Premium,60,22.544,60.00000000000001,OK,True
10375,UK,Food & Refreshment,10.53,4,Standard,28,13.4784,28.000000000000004,OK,True
10376,Spain,Home Care,2.76,5,Standard,25,3.4499999999999997,25.0,OK,False
10377,Spain,Home Care,4.03,3,Value,10,4.433000000000001,10.000000000000009,OK,True
10378,UK,Personal Care,12.71,5,Standard,30,16.523000000000003,30.00000000000003,OK,True
10379,France,Food & Refreshment,3.53,3,Value,12,3.9536,12.00000000000001,OK,True
10380,UK,Food & Refreshment,1.55,5,Standard,28,1.984,28.000000000000004,OK,True
10381,Spain,Personal Care,10.7,5,Standard,30,13.91,30.000000000000004,OK,True
10382,France,Home Care,6.34,6,Standard,25,7.925,25.0,OK,False
10383,Spain,Home Care,13.84,9,Premium,50,20.76,49.99999999999998,OK,False
10384,UK,Home Care,9.93,1,Value,10,10.923,10.000000000000009,OK,True
10385,UK,Personal Care,1.81,10,Premium,60,2.8960000000000004,60.00000000000001,OK,True
10386,Spain,Home Care,14.24,6,Standard,25,17.8,25.0,OK,False
10387,Germany,Personal Care,4.25,1,Value,15,4.887499999999999,14.999999999999991,OK,False
10388,Germany,Personal Care,5.39,6,Standard,30,7.007,30.000000000000004,OK,True
10389,UK,Food & Refreshment,6.33,2,Value,12,7.089600000000001,12.00000000000001,OK,True
10390,UK,Home Care,1.24,8,Premium,50,1.86,50.0,OK,False
10391,Germany,Personal Care,7.7,3,Value,15,8.854999999999999,14.999999999999968,OK,False
10392,Germany,Home Care,2.29,10,Premium,50,3.435,50.0,OK,False
10393,Spain,Home Care,6.31,6,Standard,25,7.887499999999999,25.0,OK,False
10394,Spain,Food & Refreshment,5.59,6,Standard,28,7.1552,28.000000000000004,OK,True
10395,Germany,Home Care,11.71,4,Standard,25,14.6375,25.0,OK,False
10396,Spain,Food & Refreshment,12.15,5,Standard,28,15.552,28.000000000000004,OK,True
10397,Spain,Personal Care,2.72,2,Value,15,3.128,14.999999999999991,OK,False
10398,France,Home Care,5.81,10,Premium,50,8.715,50.0,OK,False
10399,Spain,Personal Care,5.91,10,Premium,60,9.456,60.00000000000001,OK,True
10400,UK,Home Care,2.7,8,Premium,50,4.050000000000001,50.00000000000002,OK,True
10401,Spain,Personal Care,12.08,10,Premium,60,19.328000000000003,60.00000000000003,OK,True
10402,Spain,Home Care,10.75,7,Standard,25,13.4375,25.0,OK,False
10403,Germany,Home Care,3.26,10,Premium,50,4.89,50.0,OK,False
10404,UK,Home Care,5.82,6,Standard,25,7.275,25.0,OK,False
10405,Spain,Home Care,2.03,7,Standard,25,2.5374999999999996,25.0,OK,False
10406,Spain,Home Care,9.61,1,Value,10,10.571,10.000000000000009,OK,True
10407,France,Home Care,2.26,5,Standard,25,2.8249999999999997,25.0,OK,False
10408,Spain,Home Care,14.8,7,Standard,25,18.5,25.0,OK,False
10409,Spain,Home Care,11.82,1,Value,10,13.002,10.000000000000009,OK,True
10410,France,Home Care,6.16,2,Value,10,6.776000000000001,10.000000000000009,OK,True
10411,Germany,Personal Care,8.89,9,Premium,60,14.224000000000002,60.00000000000001,OK,True
10412,Spain,Food & Refreshment,13.71,3,Value,12,15.355200000000002,12.00000000000001,OK,True
10413,France,Home Care,8.53,6,Standard,25,10.6625,25.0,OK,False
10414,UK,Food & Refreshment,3.03,7,Standard,28,3.8784,28.000000000000004,OK,True
10415,Germany,Home Care,5.99,9,Premium,50,8.985,49.99999999999998,OK,False
10416,UK,Home Care,12.73,5,Standard,25,15.9125,25.0,OK,False
10417,UK,Personal Care,9.84,4,Standard,30,12.792,30.000000000000004,OK,True
10418,France,Personal Care,9.94,2,Value,15,11.431,14.999999999999991,OK,False
10419,Spain,Food & Refreshment,13.07,3,Value,12,14.638400000000004,12.00000000000001,OK,True
10420,France,Personal Care,13.46,5,Standard,30,17.498,30.000000000000004,OK,True
10421,France,Personal Care,13.84,2,Value,15,15.916,14.999999999999991,OK,False
10422,France,Food & Refreshment,1.88,4,Standard,28,2.4064,28.000000000000004,OK,True
10423,France,Personal Care,8.39,1,Value,15,9.6485,14.999999999999991,OK,False
10424,Germany,Home Care,11.24,4,Standard,25,14.05,25.0,OK,False
10425,Spain,Food & Refreshment,11.48,7,Standard,28,14.694400000000002,28.000000000000004,OK,True
10426,UK,Food & Refreshment,9.3,3,Value,12,10.416000000000002,12.00000000000001,OK,True
10427,UK,Home Care,2.92,10,Premium,50,4.38,50.0,OK,False
10428,Spain,Personal Care,12.06,8,Premium,60,19.296000000000003,60.00000000000001,OK,True
10429,UK,Food & Refreshment,10.94,6,Standard,28,14.0032,28.000000000000004,OK,True
10430,Spain,Food & Refreshment,1.75,6,Standard,28,2.24,28.000000000000004,OK,True
10431,UK,Home Care,7.23,1,Value,10,7.953000000000001,10.000000000000009,OK,True
10432,France,Home Care,3.02,5,Standard,25,3.775,25.0,OK,False
10433,UK,Personal Care,5.39,3,Value,15,6.198499999999999,14.999999999999991,OK,False
10434,Spain,Food & Refreshment,0.76,10,Premium,55,1.1780000000000002,55.00000000000003,OK,True
10435,Spain,Personal Care,6.3,1,Value,15,7.244999999999999,14.999999999999991,OK,False
10436,Spain,Personal Care,8.47,8,Premium,60,13.552,60.00000000000001,OK,True
10437,Spain,Home Care,9.48,7,Standard,25,11.85,25.0,OK,False
10438,Spain,Food & Refreshment,10.12,7,Standard,28,12.9536,28.000000000000004,OK,True
10439,Germany,Food & Refreshment,12.63,10,Premium,55,19.576500000000003,55.00000000000001,OK,True
10440,Germany,Food & Refreshment,3.62,10,Premium,55,5.611000000000001,55.00000000000001,OK,True
10441,UK,Home Care,2.25,10,Premium,50,3.375,50.0,OK,False
10442,Spain,Home Care,12.85,4,Standard,25,16.0625,25.0,OK,False
10443,UK,Home Care,2.77,6,Standard,25,3.4625,25.0,OK,False
10444,Spain,Home Care,14.63,9,Premium,50,21.945,50.0,OK,False
10445,Spain,Home Care,12.72,3,Value,10,13.992000000000004,10.000000000000009,OK,True
10446,Germany,Food & Refreshment,7.76,9,Premium,55,12.028,55.00000000000001,OK,True
10447,Germany,Personal Care,14.73,4,Standard,30,19.149,30.000000000000004,OK,True
10448,France,Food & Refreshment,1.91,5,Standard,28,2.4448,28.000000000000004,OK,True
10449,Germany,Personal Care,4.89,7,Standard,30,6.357,30.000000000000004,OK,True
10450,France,Home Care,9.75,6,Standard,25,12.1875,25.0,OK,False
10451,France,Personal Care,5.58,10,Premium,60,8.928,60.00000000000001,OK,True
10452,France,Food & Refreshment,13.96,8,Premium,55,21.638,55.00000000000001,OK,True
10453,France,Food & Refreshment,1.45,8,Premium,55,2.2475,55.00000000000001,OK,True
10454,France,Personal Care,8.47,8,Premium,60,13.552,60.00000000000001,OK,True
10455,UK,Home Care,9.07,3,Value,10,9.977,10.000000000000009,OK,True
10456,Germany,Home Care,9.96,10,Premium,50,14.94,50.0,OK,False
10457,France,Food & Refreshment,4.21,6,Standard,28,5.3888,28.000000000000004,OK,True
10458,Spain,Personal Care,5.79,7,Standard,30,7.527,30.000000000000004,OK,True
10459,Germany,Home Care,12.73,9,Premium,50,19.095,49.99999999999998,OK,False
10460,Germany,Home Care,3.33,10,Premium,50,4.995,50.0,OK,False
10461,France,Food & Refreshment,12.49,10,Premium,55,19.3595,55.00000000000001,OK,True
10462,UK,Home Care,8.66,4,Standard,25,10.825,25.0,OK,False
10463,France,Personal Care,11.55,5,Standard,30,15.015,30.000000000000004,OK,True
10464,UK,Food & Refreshment,10.85,8,Premium,55,16.8175,55.00000000000001,OK,True
10465,Spain,Food & Refreshment,3.51,1,Value,12,3.9312,12.00000000000001,OK,True
10466,Germany,Personal Care,8.75,6,Standard,30,11.375,30.000000000000004,OK,True
10467,Spain,Food & Refreshment,13.08,4,Standard,28,16.7424,28.000000000000004,OK,True
10468,UK,Home Care,6.77,5,Standard,25,8.462499999999999,24.99999999999998,OK,False
10469,UK,Home Care,14.52,5,Standard,25,18.15,25.0,OK,False
10470,Spain,Personal Care,7.06,2,Value,15,8.119,15.000000000000014,OK,True
10471,UK,Home Care,2.57,8,Premium,50,3.854999999999999,50.0,OK,False
10472,Spain,Personal Care,6.15,2,Value,15,7.0725,14.999999999999991,OK,False
10473,Germany,Personal Care,14.3,4,Standard,30,18.59,29.999999999999982,OK,False
10474,Spain,Home Care,5.14,5,Standard,25,6.425,25.0,OK,False
10475,Germany,Personal Care,13.09,1,Value,15,15.053499999999998,14.999999999999991,OK,False
10476,Spain,Home Care,13.28,6,Standard,25,16.599999999999998,25.0,OK,False
10477,UK,Food & Refreshment,5.58,2,Value,12,6.249600000000001,12.00000000000001,OK,True
10478,Spain,Food & Refreshment,1.71,5,Standard,28,2.1888,28.000000000000004,OK,True
10479,UK,Personal Care,11.01,6,Standard,30,14.313,30.000000000000004,OK,True
10480,Spain,Home Care,5.02,8,Premium,50,7.529999999999999,50.0,OK,False
10481,Spain,Home Care,11.85,9,Premium,50,17.775,50.0,OK,False
10482,France,Food & Refreshment,6.92,6,Standard,28,8.8576,28.000000000000004,OK,True
10483,UK,Food & Refreshment,7.54,5,Standard,28,9.6512,28.000000000000025,OK,True
10484,France,Home Care,11.78,4,Standard,25,14.725,25.0,OK,False
10485,UK,Personal Care,6.04,2,Value,15,6.946,14.999999999999991,OK,False
10486,France,Food & Refreshment,6.93,2,Value,12,7.7616,12.00000000000001,OK,True
10487,Germany,Personal Care,5.95,7,Standard,30,7.735,30.000000000000004,OK,True
10488,Spain,Personal Care,5.83,5,Standard,30,7.579000000000001,30.000000000000004,OK,True
10489,UK,Food & Refreshment,8.13,7,Standard,28,10.4064,28.000000000000004,OK,True
10490,UK,Personal Care,12.23,1,Value,15,14.0645,14.999999999999991,OK,False
10491,Spain,Personal Care,5.75,1,Value,15,6.6125,14.999999999999991,OK,False
10492,UK,Home Care,8.1,5,Standard,25,10.125,25.0,OK,False
10493,UK,Personal Care,10.23,2,Value,15,11.7645,14.999999999999991,OK,False
10494,France,Home Care,4.41,8,Premium,50,6.615,50.0,OK,False
10495,UK,Food & Refreshment,4.52,3,Value,12,5.0624,12.00000000000001,OK,True
10496,Germany,Food & Refreshment,14.03,1,Value,12,15.7136,12.00000000000001,OK,True
10497,Germany,Home Care,10.99,2,Value,10,12.089,10.000000000000009,OK,True
10498,Spain,Food & Refreshment,8.87,10,Premium,55,13.7485,55.00000000000001,OK,True
10499,UK,Personal Care,9.89,10,Premium,60,15.824000000000002,60.00000000000001,OK,True
10500,Spain,Personal Care,0.92,7,Standard,30,1.1960000000000002,30.000000000000004,OK,True
10501,Germany,Personal Care,9.46,6,Standard,30,12.298000000000002,30.000000000000004,OK,True
10502,UK,Food & Refreshment,7.89,8,Premium,55,12.2295,55.00000000000001,OK,True
10503,UK,Personal Care,8.41,7,Standard,30,10.933,30.000000000000004,OK,True
10504,Spain,Food & Refreshment,5.71,10,Premium,55,8.8505,55.00000000000001,OK,True
10505,Germany,Personal Care,1.68,8,Premium,60,2.688,60.00000000000001,OK,True
10506,UK,Home Care,3.3,3,Value,10,3.63,10.000000000000009,OK,True
10507,Spain,Food & Refreshment,14.29,6,Standard,28,18.2912,28.000000000000004,OK,True
10508,Germany,Food & Refreshment,6.43,7,Standard,28,8.2304,28.000000000000004,OK,True
10509,Spain,Personal Care,7.27,10,Premium,60,11.632,60.00000000000001,OK,True
10510,France,Food & Refreshment,1.26,1,Value,12,1.4112000000000002,12.00000000000001,OK,True
10511,UK,Food & Refreshment,1.04,1,Value,12,1.1648,12.00000000000001,OK,True
10512,France,Home Care,10.9,7,Standard,25,13.625,25.0,OK,False
10513,Germany,Home Care,8.3,3,Value,10,9.13,10.000000000000009,OK,True
10514,France,Personal Care,7.88,3,Value,15,9.062,14.999999999999991,OK,False
10515,France,Home Care,4.03,5,Standard,25,5.0375000000000005,25.0,OK,False
10516,Germany,Personal Care,11.3,6,Standard,30,14.69,30.000000000000004,OK,True
10517,Spain,Personal Care,2.94,2,Value,15,3.381,14.999999999999991,OK,False
10518,France,Personal Care,3.25,3,Value,15,3.7375,14.999999999999991,OK,False
10519,Spain,Food & Refreshment,7.18,6,Standard,28,9.1904,28.000000000000004,OK,True
10520,France,Home Care,4.65,3,Value,10,5.115000000000001,10.000000000000009,OK,True
10521,Spain,Personal Care,4.09,5,Standard,30,5.317,30.000000000000004,OK,True
10522,Germany,Home Care,9.86,9,Premium,50,14.79,50.0,OK,False
10523,France,Personal Care,9.94,3,Value,15,11.431,14.999999999999991,OK,False
10524,Germany,Home Care,12.46,6,Standard,25,15.575,25.0,OK,False
10525,France,Home Care,6.56,5,Standard,25,8.2,25.0,OK,False
10526,Germany,Personal Care,1.56,5,Standard,30,2.028,30.000000000000004,OK,True
10527,Germany,Food & Refreshment,4.47,6,Standard,28,5.7216,28.000000000000004,OK,True
10528,France,Home Care,14.71,6,Standard,25,18.387500000000003,25.00000000000002,OK,True
10529,France,Food & Refreshment,9.15,1,Value,12,10.248,12.00000000000001,OK,True
10530,France,Food & Refreshment,10.79,9,Premium,55,16.7245,55.00000000000001,OK,True
10531,UK,Personal Care,0.61,5,Standard,30,0.793,30.000000000000004,OK,True
10532,Spain,Personal Care,8.01,1,Value,15,9.2115,14.999999999999991,OK,False
10533,UK,Personal Care,1.04,8,Premium,60,1.664,60.00000000000001,OK,True
10534,UK,Home Care,8.75,7,Standard,25,10.9375,25.0,OK,False
10535,Germany,Personal Care,13.85,7,Standard,30,18.005,30.000000000000004,OK,True
10536,France,Personal Care,14.54,5,Standard,30,18.902,30.000000000000004,OK,True
10537,Spain,Home Care,8.34,1,Value,10,9.174,10.000000000000009,OK,True
10538,Germany,Home Care,7.14,9,Premium,50,10.71,50.0,OK,False
10539,UK,Personal Care,14.2,9,Premium,60,22.72,60.00000000000001,OK,True
10540,France,Personal Care,10.27,8,Premium,60,16.432,59.999999999999986,OK,False
10541,Germany,Personal Care,1.44,5,Standard,30,1.872,30.000000000000004,OK,True
10542,France,Personal Care,7.25,3,Value,15,8.337499999999999,14.999999999999991,OK,False
10543,Germany,Food & Refreshment,3.98,8,Premium,55,6.1690000000000005,55.00000000000001,OK,True
10544,France,Food & Refreshment,7.31,1,Value,12,8.1872,12.00000000000001,OK,True
10545,UK,Personal Care,7.1,3,Value,15,8.165,14.999999999999991,OK,False
10546,Spain,Food & Refreshment,8.94,7,Standard,28,11.4432,28.000000000000004,OK,True
10547,UK,Home Care,5.67,4,Standard,25,7.0875,25.0,OK,False
10548,Spain,Food & Refreshment,2.88,7,Standard,28,3.6864,28.000000000000004,OK,True
10549,France,Food & Refreshment,7.8,5,Standard,28,9.984,28.000000000000004,OK,True
10550,Germany,Personal Care,12.54,6,Standard,30,16.302,30.000000000000004,OK,True
10551,UK,Food & Refreshment,10.13,7,Standard,28,12.966400000000002,28.000000000000004,OK,True
10552,Spain,Food & Refreshment,5.41,10,Premium,55,8.3855,55.00000000000001,OK,True
10553,UK,Food & Refreshment,14.07,7,Standard,28,18.009600000000002,28.000000000000025,OK,True
10554,Spain,Food & Refreshment,13.73,7,Standard,28,17.5744,28.000000000000004,OK,True
10555,UK,Home Care,3.54,7,Standard,25,4.425,25.0,OK,False
10556,Spain,Personal Care,1.07,7,Standard,30,1.3910000000000002,30.000000000000004,OK,True
10557,Spain,Personal Care,11.25,3,Value,15,12.937499999999998,14.999999999999991,OK,False
10558,France,Home Care,12.5,3,Value,10,13.750000000000002,10.000000000000009,OK,True
10559,Spain,Food & Refreshment,14.53,7,Standard,28,18.5984,28.000000000000004,OK,True
10560,France,Home Care,13.4,2,Value,10,14.740000000000002,10.000000000000009,OK,True
10561,Spain,Food & Refreshment,9.21,2,Value,12,10.315200000000004,12.00000000000001,OK,True
10562,Germany,Home Care,8.19,3,Value,10,9.009,10.000000000000009,OK,True
10563,Germany,Personal Care,0.9,4,Standard,30,1.1700000000000002,30.000000000000004,OK,True
10564,Germany,Personal Care,4.08,6,Standard,30,5.304,30.000000000000004,OK,True
10565,Spain,Personal Care,7.16,8,Premium,60,11.456,60.00000000000001,OK,True
10566,France,Food & Refreshment,9.61,10,Premium,55,14.8955,55.00000000000001,OK,True
10567,France,Food & Refreshment,8.58,10,Premium,55,13.299,55.00000000000001,OK,True
10568,Spain,Home Care,11.27,7,Standard,25,14.0875,25.0,OK,False
10569,Germany,Home Care,4.56,4,Standard,25,5.699999999999999,25.0,OK,False
10570,Germany,Personal Care,8.69,2,Value,15,9.9935,14.999999999999991,OK,False
10571,France,Food & Refreshment,1.78,2,Value,12,1.9936000000000005,12.00000000000001,OK,True
10572,Germany,Home Care,6.5,4,Standard,25,8.125,25.0,OK,False
10573,UK,Food & Refreshment,11.38,6,Standard,28,14.566400000000002,28.000000000000004,OK,True
10574,France,Food & Refreshment,10.55,3,Value,12,11.816000000000004,12.00000000000001,OK,True
10575,Germany,Personal Care,14.86,6,Standard,30,19.318,30.000000000000004,OK,True
10576,France,Personal Care,4.53,5,Standard,30,5.889,30.000000000000004,OK,True
10577,UK,Food & Refreshment,7.72,5,Standard,28,9.8816,28.000000000000004,OK,True
10578,France,Food & Refreshment,5.28,2,Value,12,5.913600000000001,12.00000000000001,OK,True
10579,France,Food & Refreshment,6.89,8,Premium,55,10.6795,55.00000000000001,OK,True
10580,France,Food & Refreshment,12.93,5,Standard,28,16.5504,28.000000000000004,OK,True
10581,France,Personal Care,10.42,2,Value,15,11.983,14.999999999999991,OK,False
10582,UK,Home Care,13.3,7,Standard,25,16.625,25.0,OK,False
10583,Spain,Personal Care,3.45,9,Premium,60,5.5200000000000005,60.00000000000001,OK,True
10584,France,Home Care,13.16,9,Premium,50,19.74,50.00000000000002,OK,True
10585,France,Food & Refreshment,1.37,1,Value,12,1.5344000000000002,12.00000000000001,OK,True
10586,Germany,Home Care,13.38,7,Standard,25,16.725,25.0,OK,False
10587,France,Personal Care,5.27,9,Premium,60,8.432,60.00000000000003,OK,True
10588,Germany,Personal Care,5.06,6,Standard,30,6.577999999999999,30.000000000000004,OK,True
10589,Spain,Food & Refreshment,7.93,1,Value,12,8.8816,12.00000000000001,OK,True
10590,UK,Personal Care,14.14,2,Value,15,16.261,14.999999999999991,OK,False
10591,UK,Food & Refreshment,1.19,4,Standard,28,1.5232,28.000000000000004,OK,True
10592,Spain,Personal Care,5.61,4,Standard,30,7.293000000000001,30.000000000000004,OK,True
10593,UK,Personal Care,12.92,2,Value,15,14.858,14.999999999999991,OK,False
10594,Spain,Food & Refreshment,6.24,8,Premium,55,9.672,55.00000000000001,OK,True
10595,Spain,Home Care,3.39,2,Value,10,3.729000000000001,10.000000000000009,OK,True
10596,Spain,Personal Care,6.66,3,Value,15,7.659,14.999999999999991,OK,False
10597,UK,Home Care,6.09,4,Standard,25,7.6125,25.0,OK,False
10598,Germany,Personal Care,13.77,9,Premium,60,22.032,60.00000000000001,OK,True
10599,Spain,Personal Care,11.55,10,Premium,60,18.48,59.999999999999986,OK,False
10600,France,Personal Care,7.82,1,Value,15,8.993,14.999999999999991,OK,False
10601,UK,Personal Care,14.83,8,Premium,60,23.728,60.00000000000001,OK,True
10602,Spain,Home Care,7.25,5,Standard,25,9.0625,25.0,OK,False
10603,Spain,Home Care,1.34,7,Standard,25,1.675,25.0,OK,False
10604,France,Personal Care,4.3,8,Premium,60,6.88,60.00000000000001,OK,True
10605,Germany,Personal Care,6.82,5,Standard,30,8.866000000000001,30.00000000000003,OK,True
10606,Germany,Home Care,2.78,8,Premium,50,4.17,50.0,OK,False
10607,Germany,Food & Refreshment,14.24,10,Premium,55,22.072000000000003,55.00000000000003,OK,True
10608,Spain,Food & Refreshment,11.62,8,Premium,55,18.011,55.00000000000001,OK,True
10609,Spain,Home Care,4.39,9,Premium,50,6.584999999999999,50.0,OK,False
10610,Spain,Personal Care,9.07,2,Value,15,10.4305,14.999999999999991,OK,False
10611,UK,Personal Care,10.96,3,Value,15,12.604,14.999999999999991,OK,False
10612,France,Food & Refreshment,14.15,1,Value,12,15.848000000000004,12.00000000000001,OK,True
10613,Spain,Food & Refreshment,13.28,4,Standard,28,16.9984,28.000000000000004,OK,True
10614,France,Home Care,7.97,5,Standard,25,9.9625,25.0,OK,False
10615,France,Food & Refreshment,11.73,1,Value,12,13.137600000000004,12.00000000000001,OK,True
10616,Germany,Home Care,8.65,8,Premium,50,12.975,50.0,OK,False
10617,UK,Food & Refreshment,8.51,2,Value,12,9.5312,12.00000000000001,OK,True
10618,Spain,Food & Refreshment,2.16,1,Value,12,2.4192000000000005,12.00000000000001,OK,True
10619,Germany,Food & Refreshment,2.33,2,Value,12,2.6096000000000004,12.00000000000001,OK,True
10620,Germany,Personal Care,8.18,5,Standard,30,10.634,30.000000000000004,OK,True
10621,Spain,Personal Care,4.4,9,Premium,60,7.040000000000001,60.00000000000001,OK,True
10622,France,Personal Care,0.81,9,Premium,60,1.2960000000000005,60.00000000000003,OK,True
10623,Germany,Food & Refreshment,10.98,2,Value,12,12.2976,12.00000000000001,OK,True
10624,France,Home Care,0.97,2,Value,10,1.067,9.999999999999986,OK,False
10625,UK,Home Care,9.13,3,Value,10,10.043,10.000000000000009,OK,True
10626,France,Home Care,8.32,7,Standard,25,10.4,25.0,OK,False
10627,UK,Home Care,14.55,3,Value,10,16.005000000000003,10.000000000000009,OK,True
10628,France,Personal Care,7.52,1,Value,15,8.648,15.000000000000014,OK,True
10629,Germany,Personal Care,1.42,6,Standard,30,1.846,30.000000000000004,OK,True
10630,Germany,Food & Refreshment,8.5,3,Value,12,9.52,12.00000000000001,OK,True
10631,UK,Food & Refreshment,12.7,1,Value,12,14.224,12.00000000000001,OK,True
10632,Spain,Home Care,14.95,4,Standard,25,18.6875,25.0,OK,False
10633,UK,Personal Care,6.74,1,Value,15,7.751,14.999999999999991,OK,False
10634,UK,Home Care,5.14,1,Value,10,5.654,10.000000000000009,OK,True
10635,France,Food & Refreshment,13.65,2,Value,12,15.288000000000002,12.00000000000001,OK,True
10636,France,Food & Refreshment,3.27,10,Premium,55,5.0685,55.00000000000001,OK,True
10637,UK,Home Care,9.42,8,Premium,50,14.13,50.0,OK,False
10638,Germany,Food & Refreshment,6.38,2,Value,12,7.145600000000001,12.00000000000001,OK,True
10639,France,Home Care,1.1,2,Value,10,1.2100000000000002,10.000000000000009,OK,True
10640,Spain,Personal Care,5.54,10,Premium,60,8.864,60.00000000000001,OK,True
10641,France,Home Care,4.35,10,Premium,50,6.5249999999999995,50.0,OK,False
10642,France,Personal Care,10.45,8,Premium,60,16.72,60.00000000000001,OK,True
10643,Spain,Personal Care,14.26,6,Standard,30,18.538,30.000000000000004,OK,True
10644,UK,Food & Refreshment,4.39,4,Standard,28,5.619199999999999,28.000000000000004,OK,True
10645,Spain,Food & Refreshment,12.27,3,Value,12,13.7424,12.00000000000001,OK,True
10646,UK,Food & Refreshment,1.3,1,Value,12,1.4560000000000002,12.00000000000001,OK,True
10647,UK,Home Care,8.3,3,Value,10,9.13,10.000000000000009,OK,True
10648,UK,Home Care,1.52,9,Premium,50,2.28,50.00000000000002,OK,True
10649,Spain,Food & Refreshment,14.04,5,Standard,28,17.9712,28.000000000000004,OK,True
10650,UK,Home Care,11.61,6,Standard,25,14.5125,25.0,OK,False
10651,Germany,Food & Refreshment,10.04,5,Standard,28,12.8512,28.000000000000004,OK,True
10652,Spain,Home Care,12.45,1,Value,10,13.695,10.000000000000009,OK,True
10653,Germany,Personal Care,9.89,10,Premium,60,15.824000000000002,60.00000000000001,OK,True
10654,UK,Personal Care,14.55,1,Value,15,16.732499999999998,14.999999999999991,OK,False
10655,France,Food & Refreshment,10.85,4,Standard,28,13.888,28.000000000000004,OK,True
10656,UK,Home Care,13.91,3,Value,10,15.301000000000002,10.000000000000009,OK,True
10657,Germany,Home Care,8.0,8,Premium,50,12.0,50.0,OK,False
10658,Germany,Personal Care,2.2,7,Standard,30,2.8600000000000003,30.000000000000004,OK,True
10659,Spain,Personal Care,8.16,7,Standard,30,10.608,30.000000000000004,OK,True
10660,France,Food & Refreshment,2.34,8,Premium,55,3.627,55.00000000000001,OK,True
10661,Spain,Personal Care,9.09,10,Premium,60,14.544,60.00000000000001,OK,True
10662,Germany,Food & Refreshment,7.5,7,Standard,28,9.6,28.000000000000004,OK,True
10663,UK,Personal Care,9.53,10,Premium,60,15.248,60.00000000000001,OK,True
10664,France,Personal Care,0.65,2,Value,15,0.7474999999999999,14.999999999999991,OK,False
10665,UK,Home Care,3.33,4,Standard,25,4.1625,24.99999999999998,OK,False
10666,UK,Personal Care,7.62,6,Standard,30,9.906,30.000000000000004,OK,True
10667,France,Personal Care,14.28,3,Value,15,16.421999999999997,14.999999999999991,OK,False
10668,Spain,Food & Refreshment,6.06,3,Value,12,6.7872,12.00000000000001,OK,True
10669,UK,Personal Care,6.65,6,Standard,30,8.645000000000001,30.000000000000004,OK,True
10670,Germany,Food & Refreshment,10.86,1,Value,12,12.1632,12.00000000000001,OK,True
10671,UK,Personal Care,9.25,1,Value,15,10.6375,14.999999999999991,OK,False
10672,France,Personal Care,4.83,5,Standard,30,6.279,30.000000000000004,OK,True
10673,France,Food & Refreshment,6.46,1,Value,12,7.235200000000001,12.00000000000001,OK,True
10674,France,Home Care,3.66,10,Premium,50,5.49,50.0,OK,False
10675,Spain,Food & Refreshment,14.51,8,Premium,55,22.4905,55.00000000000001,OK,True
10676,UK,Food & Refreshment,2.39,2,Value,12,2.6768000000000005,12.00000000000001,OK,True
10677,Spain,Food & Refreshment,5.89,6,Standard,28,7.5392,28.000000000000004,OK,True
10678,Spain,Home Care,0.87,10,Premium,50,1.305,50.0,OK,False
10679,France,Personal Care,3.72,10,Premium,60,5.952000000000001,60.00000000000001,OK,True
10680,France,Food & Refreshment,11.82,5,Standard,28,15.1296,28.000000000000004,OK,True
10681,Spain,Food & Refreshment,3.42,10,Premium,55,5.301,55.00000000000001,OK,True
10682,UK,Home Care,1.66,4,Standard,25,2.0749999999999997,25.0,OK,False
10683,Germany,Food & Refreshment,7.38,1,Value,12,8.265600000000001,12.00000000000001,OK,True
10684,Spain,Personal Care,0.64,3,Value,15,0.736,14.999999999999991,OK,False
10685,UK,Home Care,1.73,4,Standard,25,2.1625,25.0,OK,False
10686,France,Personal Care,12.21,2,Value,15,14.0415,14.999999999999991,OK,False
10687,France,Personal Care,11.69,2,Value,15,13.443499999999998,14.999999999999991,OK,False
10688,UK,Home Care,13.77,2,Value,10,15.147,10.000000000000009,OK,True
10689,Germany,Food & Refreshment,12.89,1,Value,12,14.436800000000002,12.00000000000001,OK,True
10690,France,Personal Care,10.41,10,Premium,60,16.656000000000002,60.00000000000003,OK,True
10691,France,Personal Care,1.26,2,Value,15,1.4489999999999998,14.999999999999991,OK,False
10692,France,Personal Care,11.85,6,Standard,30,15.405,30.000000000000004,OK,True
10693,UK,Personal Care,12.76,3,Value,15,14.674,14.999999999999991,OK,False
10694,Spain,Home Care,12.09,10,Premium,50,18.135,49.99999999999998,OK,False
10695,France,Home Care,7.87,5,Standard,25,9.8375,25.0,OK,False
10696,Spain,Personal Care,3.88,1,Value,15,4.462,14.999999999999991,OK,False
10697,Germany,Food & Refreshment,12.76,8,Premium,55,19.778,54.999999999999986,OK,False
10698,France,Personal Care,11.04,4,Standard,30,14.352,30.000000000000004,OK,True
10699,France,Food & Refreshment,14.72,9,Premium,55,22.816000000000003,55.00000000000001,OK,True
10700,Germany,Personal Care,2.76,4,Standard,30,3.5879999999999996,30.000000000000004,OK,True
10701,France,Food & Refreshment,3.77,2,Value,12,4.2224,12.00000000000001,OK,True
10702,Spain,Personal Care,3.57,3,Value,15,4.105499999999999,14.999999999999991,OK,False
10703,UK,Food & Refreshment,11.99,5,Standard,28,15.3472,28.000000000000004,OK,True
10704,Spain,Personal Care,3.21,10,Premium,60,5.136,60.00000000000001,OK,True
10705,UK,Personal Care,1.47,6,Standard,30,1.911,30.000000000000004,OK,True
10706,UK,Food & Refreshment,14.98,7,Standard,28,19.1744,28.000000000000004,OK,True
10707,Spain,Home Care,0.86,4,Standard,25,1.075,25.0,OK,False
10708,Spain,Food & Refreshment,12.61,7,Standard,28,16.1408,28.000000000000004,OK,True
10709,Spain,Home Care,5.8,10,Premium,50,8.7,50.0,OK,False
10710,Spain,Personal Care,12.7,3,Value,15,14.605,14.999999999999991,OK,False
10711,Germany,Food & Refreshment,8.54,7,Standard,28,10.9312,28.000000000000004,OK,True
10712,France,Food & Refreshment,13.57,4,Standard,28,17.369600000000002,28.000000000000004,OK,True
10713,UK,Food & Refreshment,13.93,8,Premium,55,21.5915,55.00000000000001,OK,True
10714,Spain,Home Care,0.63,9,Premium,50,0.945,50.0,OK,False
10715,Spain,Home Care,1.59,7,Standard,25,1.9875,25.0,OK,False
10716,Spain,Personal Care,4.13,8,Premium,60,6.6080000000000005,60.00000000000001,OK,True
10717,Germany,Home Care,10.21,8,Premium,50,15.315,50.0,OK,False
10718,Spain,Home Care,13.38,2,Value,10,14.718000000000002,10.000000000000009,OK,True
10719,Spain,Personal Care,7.17,9,Premium,60,11.472,60.00000000000001,OK,True
10720,Spain,Food & Refreshment,9.3,6,Standard,28,11.904000000000002,28.000000000000004,OK,True
10721,France,Food & Refreshment,3.23,4,Standard,28,4.1344,28.000000000000004,OK,True
10722,Germany,Personal Care,12.17,5,Standard,30,15.821,30.000000000000004,OK,True
10723,Spain,Food & Refreshment,14.53,10,Premium,55,22.5215,55.00000000000001,OK,True
10724,UK,Home Care,4.39,5,Standard,25,5.4875,25.0,OK,False
10725,UK,Personal Care,7.67,7,Standard,30,9.971,30.000000000000004,OK,True
10726,UK,Personal Care,1.75,9,Premium,60,2.8000000000000003,60.00000000000001,OK,True
10727,Germany,Personal Care,8.61,7,Standard,30,11.193,30.000000000000004,OK,True
10728,Germany,Food & Refreshment,7.79,9,Premium,55,12.0745,55.00000000000001,OK,True
10729,UK,Personal Care,2.59,4,Standard,30,3.367,30.000000000000004,OK,True
10730,Spain,Personal Care,6.91,10,Premium,60,11.056,60.00000000000001,OK,True
10731,Germany,Personal Care,5.34,10,Premium,60,8.544,60.00000000000001,OK,True
10732,UK,Food & Refreshment,8.07,4,Standard,28,10.3296,28.000000000000004,OK,True
10733,UK,Home Care,8.99,6,Standard,25,11.2375,25.0,OK,False
10734,Spain,Personal Care,0.62,8,Premium,60,0.992,60.00000000000001,OK,True
10735,France,Home Care,11.53,9,Premium,50,17.294999999999998,50.0,OK,False
10736,Germany,Food & Refreshment,10.84,1,Value,12,12.1408,12.00000000000001,OK,True
10737,Spain,Food & Refreshment,5.81,1,Value,12,6.5072,12.00000000000001,OK,True
10738,UK,Food & Refreshment,1.27,8,Premium,55,1.9685,55.00000000000001,OK,True
10739,UK,Food & Refreshment,11.45,7,Standard,28,14.656,28.000000000000004,OK,True
10740,Spain,Home Care,14.35,9,Premium,50,21.525,50.0,OK,False
10741,Germany,Personal Care,3.98,3,Value,15,4.577,14.999999999999991,OK,False
10742,France,Food & Refreshment,5.19,10,Premium,55,8.044500000000001,55.00000000000001,OK,True
10743,France,Food & Refreshment,3.17,5,Standard,28,4.0576,28.000000000000004,OK,True
10744,UK,Home Care,8.87,3,Value,10,9.757,10.000000000000009,OK,True
10745,Germany,Home Care,2.75,5,Standard,25,3.4375,25.0,OK,False
10746,France,Food & Refreshment,5.66,10,Premium,55,8.773,54.999999999999986,OK,False
10747,Germany,Personal Care,10.61,1,Value,15,12.201499999999998,14.999999999999991,OK,False
10748,Germany,Personal Care,8.62,4,Standard,30,11.206,30.000000000000004,OK,True
10749,UK,Food & Refreshment,6.1,6,Standard,28,7.808,28.000000000000004,OK,True
10750,France,Home Care,6.59,2,Value,10,7.249,10.000000000000009,OK,True
10751,Spain,Food & Refreshment,8.65,7,Standard,28,11.072,28.000000000000004,OK,True
10752,UK,Food & Refreshment,0.59,8,Premium,55,0.9145,55.00000000000001,OK,True
10753,France,Home Care,1.64,1,Value,10,1.804,10.000000000000009,OK,True
10754,France,Food & Refreshment,13.28,4,Standard,28,16.9984,28.000000000000004,OK,True
10755,France,Food & Refreshment,1.63,4,Standard,28,2.0864,28.000000000000004,OK,True
10756,France,Food & Refreshment,10.75,5,Standard,28,13.76,28.000000000000004,OK,True
10757,France,Home Care,13.84,4,Standard,25,17.3,25.0,OK,False
10758,Germany,Personal Care,4.42,9,Premium,60,7.072,60.00000000000001,OK,True
10759,UK,Personal Care,5.87,7,Standard,30,7.631,30.000000000000004,OK,True
10760,Germany,Home Care,8.75,2,Value,10,9.625,10.000000000000009,OK,True
10761,Spain,Personal Care,13.28,1,Value,15,15.271999999999998,14.999999999999991,OK,False
10762,France,Food & Refreshment,14.16,9,Premium,55,21.948,55.00000000000001,OK,True
10763,UK,Personal Care,11.22,1,Value,15,12.903,14.999999999999991,OK,False
10764,France,Food & Refreshment,1.76,6,Standard,28,2.2528,28.000000000000004,OK,True
10765,UK,Personal Care,10.2,2,Value,15,11.73,14.999999999999991,OK,False
10766,Germany,Home Care,6.45,4,Standard,25,8.0625,25.0,OK,False
10767,UK,Personal Care,7.33,6,Standard,30,9.529,30.000000000000004,OK,True
10768,Spain,Personal Care,1.21,5,Standard,30,1.573,30.000000000000004,OK,True
10769,Spain,Personal Care,3.27,6,Standard,30,4.251,30.000000000000004,OK,True
10770,UK,Home Care,11.96,3,Value,10,13.156000000000002,10.000000000000009,OK,True
10771,UK,Personal Care,7.08,5,Standard,30,9.204,30.000000000000004,OK,True
10772,UK,Home Care,4.87,2,Value,10,5.357,10.000000000000009,OK,True
10773,UK,Food & Refreshment,6.07,7,Standard,28,7.7696,28.000000000000004,OK,True
10774,Spain,Personal Care,12.89,3,Value,15,14.8235,14.999999999999991,OK,False
10775,France,Home Care,11.36,1,Value,10,12.496,10.000000000000009,OK,True
10776,UK,Home Care,4.45,8,Premium,50,6.675000000000001,50.0,OK,False
10777,UK,Personal Care,2.2,8,Premium,60,3.5200000000000005,60.00000000000001,OK,True
10778,Spain,Food & Refreshment,4.15,3,Value,12,4.648000000000001,12.00000000000001,OK,True
10779,Spain,Home Care,13.85,7,Standard,25,17.3125,25.0,OK,False
10780,Germany,Personal Care,8.93,9,Premium,60,14.288,60.00000000000001,OK,True
10781,UK,Food & Refreshment,8.24,8,Premium,55,12.772,55.00000000000001,OK,True
10782,Germany,Home Care,9.15,3,Value,10,10.065,10.000000000000009,OK,True
10783,Spain,Home Care,5.81,2,Value,10,6.391,10.000000000000009,OK,True
10784,Spain,Food & Refreshment,12.2,10,Premium,55,18.91,55.00000000000001,OK,True
10785,France,Food & Refreshment,8.09,7,Standard,28,10.3552,28.000000000000004,OK,True
10786,UK,Personal Care,2.19,7,Standard,30,2.847,30.000000000000004,OK,True
10787,Germany,Personal Care,2.37,9,Premium,60,3.792,60.00000000000001,OK,True
10788,Spain,Home Care,8.28,5,Standard,25,10.35,25.0,OK,False
10789,Spain,Food & Refreshment,14.08,4,Standard,28,18.0224,28.000000000000004,OK,True
10790,Germany,Food & Refreshment,4.97,8,Premium,55,7.7035,55.00000000000001,OK,True
10791,France,Food & Refreshment,13.11,4,Standard,28,16.7808,28.000000000000004,OK,True
10792,Spain,Home Care,11.58,4,Standard,25,14.475,25.0,OK,False
10793,UK,Food & Refreshment,4.09,2,Value,12,4.5808,12.00000000000001,OK,True
10794,Spain,Food & Refreshment,1.03,1,Value,12,1.1536000000000002,12.00000000000001,OK,True
10795,UK,Home Care,1.98,4,Standard,25,2.475,25.0,OK,False
10796,Germany,Personal Care,11.06,7,Standard,30,14.378000000000002,30.000000000000004,OK,True
10797,UK,Personal Care,3.4,9,Premium,60,5.44,60.00000000000001,OK,True
10798,Germany,Home Care,5.88,9,Premium,50,8.82,50.0,OK,False
10799,UK,Food & Refreshment,7.77,10,Premium,55,12.0435,55.00000000000001,OK,True
10800,Germany,Home Care,11.02,1,Value,10,12.122,10.000000000000009,OK,True
10801,UK,Personal Care,2.14,5,Standard,30,2.7820000000000005,30.000000000000004,OK,True
10802,France,Personal Care,6.39,7,Standard,30,8.307,30.000000000000004,OK,True
10803,UK,Home Care,7.53,7,Standard,25,9.4125,25.0,OK,False
10804,UK,Home Care,8.34,10,Premium,50,12.51,50.0,OK,False
10805,France,Personal Care,12.37,6,Standard,30,16.081,30.000000000000004,OK,True
10806,Spain,Home Care,2.99,10,Premium,50,4.485,50.0,OK,False
10807,Spain,Personal Care,12.21,4,Standard,30,15.873,30.000000000000004,OK,True
10808,UK,Home Care,10.55,3,Value,10,11.605000000000002,10.000000000000009,OK,True
10809,France,Home Care,8.56,9,Premium,50,12.84,50.0,OK,False
10810,UK,Home Care,10.64,10,Premium,50,15.96,50.0,OK,False
10811,Germany,Personal Care,6.47,4,Standard,30,8.411,30.000000000000004,OK,True
10812,Germany,Home Care,2.51,8,Premium,50,3.765,50.0,OK,False
10813,UK,Personal Care,10.15,1,Value,15,11.6725,14.999999999999991,OK,False
10814,Spain,Personal Care,8.11,7,Standard,30,10.543,30.000000000000004,OK,True
10815,Spain,Home Care,9.77,6,Standard,25,12.2125,25.0,OK,False
10816,UK,Home Care,5.4,1,Value,10,5.940000000000001,10.000000000000009,OK,True
10817,UK,Personal Care,13.65,4,Standard,30,17.745,30.000000000000004,OK,True
10818,Germany,Personal Care,9.02,5,Standard,30,11.726,30.000000000000004,OK,True
10819,Spain,Food & Refreshment,1.74,8,Premium,55,2.697,55.00000000000001,OK,True
10820,UK,Personal Care,7.02,4,Standard,30,9.126,30.000000000000004,OK,True
10821,Germany,Food & Refreshment,11.47,3,Value,12,12.846400000000004,12.00000000000001,OK,True
10822,Spain,Food & Refreshment,12.01,2,Value,12,13.451200000000002,12.00000000000001,OK,True
10823,France,Food & Refreshment,7.67,4,Standard,28,9.8176,28.000000000000004,OK,True
10824,Germany,Home Care,13.47,10,Premium,50,20.205,50.0,OK,False
10825,Spain,Home Care,4.38,4,Standard,25,5.475,25.0,OK,False
10826,Spain,Personal Care,6.45,10,Premium,60,10.32,60.00000000000001,OK,True
10827,Germany,Food & Refreshment,13.53,5,Standard,28,17.3184,28.000000000000004,OK,True
10828,France,Home Care,13.5,7,Standard,25,16.875,25.0,OK,False
10829,Germany,Home Care,10.44,9,Premium,50,15.66,50.0,OK,False
10830,Spain,Home Care,12.96,2,Value,10,14.256000000000002,10.000000000000009,OK,True
10831,UK,Home Care,1.79,5,Standard,25,2.2375,24.99999999999998,OK,False
10832,UK,Home Care,13.04,10,Premium,50,19.56,50.0,OK,False
10833,Germany,Food & Refreshment,5.15,9,Premium,55,7.982500000000001,55.00000000000001,OK,True
10834,Spain,Food & Refreshment,3.09,3,Value,12,3.4608000000000003,12.00000000000001,OK,True
10835,UK,Food & Refreshment,3.97,1,Value,12,4.446400000000001,12.00000000000001,OK,True
10836,Spain,Food & Refreshment,6.56,2,Value,12,7.3472,12.00000000000001,OK,True
10837,Germany,Personal Care,4.14,6,Standard,30,5.382,30.000000000000004,OK,True
10838,UK,Food & Refreshment,5.15,5,Standard,28,6.5920000000000005,28.000000000000004,OK,True
10839,Spain,Home Care,2.46,1,Value,10,2.706,10.000000000000009,OK,True
10840,UK,Food & Refreshment,4.79,1,Value,12,5.364800000000001,12.00000000000001,OK,True
10841,Germany,Personal Care,8.8,4,Standard,30,11.44,30.000000000000004,OK,True
10842,Spain,Home Care,6.91,4,Standard,25,8.6375,24.99999999999998,OK,False
10843,UK,Food & Refreshment,5.53,6,Standard,28,7.0784,28.000000000000004,OK,True
10844,Germany,Food & Refreshment,11.32,6,Standard,28,14.4896,28.000000000000004,OK,True
10845,UK,Food & Refreshment,13.46,10,Premium,55,20.863000000000003,55.00000000000001,OK,True
10846,UK,Home Care,11.47,6,Standard,25,14.3375,25.0,OK,False
10847,France,Home Care,5.31,1,Value,10,5.841,10.000000000000009,OK,True
10848,France,Personal Care,11.29,10,Premium,60,18.064,60.00000000000001,OK,True
10849,Germany,Home Care,2.7,9,Premium,50,4.050000000000001,50.00000000000002,OK,True
10850,France,Home Care,2.39,7,Standard,25,2.9875000000000003,25.0,OK,False
10851,Germany,Food & Refreshment,5.51,7,Standard,28,7.0527999999999995,28.000000000000004,OK,True
10852,France,Home Care,12.21,7,Standard,25,15.2625,25.0,OK,False
10853,UK,Food & Refreshment,4.07,2,Value,12,4.558400000000001,12.00000000000001,OK,True
10854,Germany,Food & Refreshment,1.42,2,Value,12,1.5904,12.00000000000001,OK,True
10855,Germany,Home Care,2.41,6,Standard,25,3.0125,25.0,OK,False
10856,UK,Personal Care,12.95,7,Standard,30,16.835,30.000000000000004,OK,True
10857,Germany,Personal Care,9.69,3,Value,15,11.143499999999998,14.999999999999991,OK,False
10858,Germany,Home Care,4.17,4,Standard,25,5.2125,25.0,OK,False
10859,France,Personal Care,8.55,3,Value,15,9.8325,14.999999999999991,OK,False
10860,Germany,Food & Refreshment,8.15,7,Standard,28,10.432,28.000000000000004,OK,True
10861,Spain,Food & Refreshment,10.0,7,Standard,28,12.8,28.000000000000004,OK,True
10862,UK,Home Care,3.88,4,Standard,25,4.85,25.0,OK,False
10863,France,Personal Care,13.03,7,Standard,30,16.939,30.000000000000004,OK,True
10864,France,Personal Care,4.99,5,Standard,30,6.487,30.000000000000004,OK,True
10865,Spain,Food & Refreshment,10.56,1,Value,12,11.8272,12.00000000000001,OK,True
10866,UK,Home Care,0.73,10,Premium,50,1.095,50.0,OK,False
10867,UK,Personal Care,5.9,4,Standard,30,7.670000000000001,30.000000000000004,OK,True
10868,France,Home Care,5.6,7,Standard,25,7.0,25.0,OK,False
10869,Germany,Personal Care,8.38,2,Value,15,9.637,14.999999999999991,OK,False
10870,France,Food & Refreshment,1.55,2,Value,12,1.7360000000000002,12.00000000000001,OK,True
10871,UK,Food & Refreshment,11.96,1,Value,12,13.395200000000004,12.00000000000001,OK,True
10872,Spain,Home Care,3.66,2,Value,10,4.026000000000001,10.000000000000009,OK,True
10873,France,Food & Refreshment,10.32,10,Premium,55,15.996,55.00000000000001,OK,True
10874,UK,Personal Care,12.15,8,Premium,60,19.44,60.00000000000001,OK,True
10875,France,Food & Refreshment,8.65,8,Premium,55,13.4075,55.00000000000001,OK,True
10876,Germany,Home Care,11.24,8,Premium,50,16.86,50.0,OK,False
10877,France,Home Care,10.1,1,Value,10,11.11,10.000000000000009,OK,True
10878,France,Home Care,5.66,1,Value,10,6.226000000000001,10.000000000000009,OK,True
10879,UK,Personal Care,12.23,10,Premium,60,19.568,60.00000000000001,OK,True
10880,UK,Personal Care,4.77,4,Standard,30,6.201,30.000000000000004,OK,True
10881,UK,Personal Care,8.78,6,Standard,30,11.414,30.000000000000004,OK,True
10882,France,Personal Care,11.31,8,Premium,60,18.096,59.999999999999986,OK,False
10883,Germany,Personal Care,5.99,2,Value,15,6.8885,14.999999999999991,OK,False
10884,Spain,Food & Refreshment,4.89,3,Value,12,5.4768,12.00000000000001,OK,True
10885,Spain,Personal Care,7.16,6,Standard,30,9.308,30.000000000000004,OK,True
10886,UK,Personal Care,12.36,10,Premium,60,19.776,60.00000000000001,OK,True
10887,UK,Food & Refreshment,13.98,4,Standard,28,17.8944,28.000000000000004,OK,True
10888,France,Personal Care,8.4,2,Value,15,9.66,14.999999999999991,OK,False
10889,Spain,Home Care,10.09,7,Standard,25,12.6125,25.0,OK,False
10890,UK,Personal Care,13.6,4,Standard,30,17.68,30.000000000000004,OK,True
10891,Germany,Personal Care,1.93,8,Premium,60,3.088,60.00000000000001,OK,True
10892,Germany,Home Care,3.87,8,Premium,50,5.805,49.99999999999998,OK,False
10893,UK,Home Care,10.78,7,Standard,25,13.475,25.0,OK,False
10894,UK,Home Care,12.44,10,Premium,50,18.66,50.0,OK,False
10895,Spain,Home Care,12.93,9,Premium,50,19.395,50.0,OK,False
10896,Spain,Personal Care,6.52,4,Standard,30,8.475999999999999,30.000000000000004,OK,True
10897,France,Home Care,1.8,7,Standard,25,2.25,25.0,OK,False
10898,Spain,Home Care,6.85,10,Premium,50,10.275,49.99999999999998,OK,False
10899,Germany,Food & Refreshment,3.85,10,Premium,55,5.9675,55.00000000000001,OK,True
10900,Germany,Home Care,4.72,1,Value,10,5.192,10.000000000000009,OK,True
10901,UK,Home Care,11.7,4,Standard,25,14.625,25.0,OK,False
10902,Spain,Food & Refreshment,1.6,2,Value,12,1.7920000000000005,12.00000000000001,OK,True
10903,France,Food & Refreshment,12.5,9,Premium,55,19.375,55.00000000000001,OK,True
10904,Germany,Personal Care,6.7,5,Standard,30,8.71,30.000000000000004,OK,True
10905,Germany,Food & Refreshment,9.14,3,Value,12,10.236800000000002,12.00000000000001,OK,True
10906,France,Personal Care,1.8,4,Standard,30,2.3400000000000003,30.000000000000004,OK,True
10907,France,Food & Refreshment,5.39,6,Standard,28,6.8992,28.000000000000004,OK,True
10908,Germany,Food & Refreshment,1.8,10,Premium,55,2.79,55.00000000000001,OK,True
10909,Germany,Personal Care,14.44,1,Value,15,16.605999999999998,14.999999999999991,OK,False
10910,France,Food & Refreshment,12.21,7,Standard,28,15.628800000000002,28.000000000000004,OK,True
10911,Germany,Personal Care,7.16,8,Premium,60,11.456,60.00000000000001,OK,True
10912,UK,Food & Refreshment,3.74,7,Standard,28,4.7872,28.000000000000004,OK,True
10913,UK,Home Care,14.04,7,Standard,25,17.549999999999997,24.99999999999998,OK,False
10914,France,Food & Refreshment,5.5,9,Premium,55,8.525,55.00000000000001,OK,True
10915,Spain,Personal Care,2.83,4,Standard,30,3.679,30.000000000000004,OK,True
10916,France,Food & Refreshment,8.67,7,Standard,28,11.0976,28.000000000000004,OK,True
10917,France,Personal Care,14.18,9,Premium,60,22.688,60.00000000000003,OK,True
10918,Spain,Personal Care,0.56,5,Standard,30,0.7280000000000001,30.000000000000004,OK,True
10919,Spain,Home Care,3.95,2,Value,10,4.345000000000001,10.000000000000009,OK,True
10920,Spain,Home Care,14.11,5,Standard,25,17.6375,25.0,OK,False
10921,UK,Personal Care,2.98,4,Standard,30,3.874,30.000000000000004,OK,True
10922,Germany,Food & Refreshment,2.14,8,Premium,55,3.317,55.00000000000001,OK,True
10923,UK,Personal Care,8.77,5,Standard,30,11.401,30.000000000000004,OK,True
10924,Germany,Personal Care,13.0,9,Premium,60,20.8,60.00000000000001,OK,True
10925,UK,Food & Refreshment,7.42,9,Premium,55,11.501,55.00000000000001,OK,True
10926,Germany,Food & Refreshment,14.92,3,Value,12,16.7104,12.00000000000001,OK,True
10927,UK,Food & Refreshment,10.35,10,Premium,55,16.0425,55.00000000000001,OK,True
10928,Spain,Food & Refreshment,1.57,6,Standard,28,2.0096000000000003,28.000000000000004,OK,True
10929,France,Personal Care,14.9,6,Standard,30,19.37,30.000000000000004,OK,True
10930,UK,Personal Care,6.41,4,Standard,30,8.333,30.000000000000004,OK,True
10931,Germany,Home Care,4.67,10,Premium,50,7.005,50.0,OK,False
10932,Spain,Personal Care,8.59,3,Value,15,9.8785,14.999999999999991,OK,False
10933,UK,Food & Refreshment,4.91,1,Value,12,5.499200000000001,12.00000000000001,OK,True
10934,UK,Home Care,1.75,7,Standard,25,2.1875,25.0,OK,False
10935,Spain,Food & Refreshment,0.52,5,Standard,28,0.6656000000000001,28.000000000000004,OK,True
10936,UK,Personal Care,7.02,10,Premium,60,11.232,60.00000000000001,OK,True
10937,France,Home Care,12.63,7,Standard,25,15.7875,25.0,OK,False
10938,UK,Food & Refreshment,8.8,1,Value,12,9.856000000000002,12.00000000000001,OK,True
10939,France,Home Care,14.99,8,Premium,50,22.485,50.0,OK,False
10940,France,Home Care,4.66,3,Value,10,5.126,10.000000000000009,OK,True
10941,Spain,Personal Care,4.57,7,Standard,30,5.941000000000001,30.000000000000004,OK,True
10942,UK,Food & Refreshment,2.82,3,Value,12,3.1584000000000003,12.00000000000001,OK,True
10943,Spain,Home Care,2.88,3,Value,10,3.168,10.000000000000009,OK,True
10944,UK,Home Care,4.64,10,Premium,50,6.959999999999999,50.0,OK,False
10945,UK,Food & Refreshment,12.0,9,Premium,55,18.6,55.00000000000001,OK,True
10946,Germany,Home Care,13.63,2,Value,10,14.993000000000002,10.000000000000009,OK,True
10947,UK,Home Care,14.64,4,Standard,25,18.3,25.0,OK,False
10948,Spain,Home Care,3.87,6,Standard,25,4.8375,25.0,OK,False
10949,France,Food & Refreshment,13.28,3,Value,12,14.8736,12.00000000000001,OK,True
10950,UK,Food & Refreshment,5.26,10,Premium,55,8.153,55.00000000000001,OK,True
10951,Germany,Food & Refreshment,2.14,10,Premium,55,3.317,55.00000000000001,OK,True
10952,Spain,Food & Refreshment,13.12,7,Standard,28,16.793599999999998,27.99999999999998,OK,False
10953,UK,Personal Care,9.72,7,Standard,30,12.636,30.000000000000004,OK,True
10954,Spain,Home Care,2.89,5,Standard,25,3.6125,25.0,OK,False
10955,Germany,Food & Refreshment,6.73,3,Value,12,7.537600000000001,12.00000000000001,OK,True
10956,Germany,Home Care,4.67,2,Value,10,5.1370000000000005,10.000000000000009,OK,True
10957,Spain,Home Care,11.18,4,Standard,25,13.975,25.0,OK,False
10958,UK,Personal Care,7.07,4,Standard,30,9.191,30.000000000000004,OK,True
10959,France,Food & Refreshment,14.84,8,Premium,55,23.002,55.00000000000001,OK,True
10960,Germany,Food & Refreshment,1.29,8,Premium,55,1.9995,55.00000000000001,OK,True
10961,UK,Home Care,5.65,5,Standard,25,7.0625,25.0,OK,False
10962,UK,Food & Refreshment,7.49,6,Standard,28,9.5872,28.000000000000004,OK,True
10963,France,Home Care,7.8,8,Premium,50,11.7,50.0,OK,False
10964,Germany,Home Care,5.08,1,Value,10,5.588000000000001,10.000000000000009,OK,True
10965,Germany,Personal Care,11.07,5,Standard,30,14.391,30.000000000000004,OK,True
10966,UK,Personal Care,13.18,4,Standard,30,17.134,30.000000000000004,OK,True
10967,UK,Personal Care,14.11,4,Standard,30,18.343,30.000000000000004,OK,True
10968,France,Home Care,12.17,2,Value,10,13.387,10.000000000000009,OK,True
10969,France,Food & Refreshment,12.83,10,Premium,55,19.8865,55.00000000000001,OK,True
10970,Germany,Personal Care,8.48,1,Value,15,9.752,14.999999999999991,OK,False
10971,Spain,Food & Refreshment,12.48,6,Standard,28,15.9744,28.000000000000004,OK,True
10972,Germany,Personal Care,4.9,7,Standard,30,6.370000000000001,30.000000000000004,OK,True
10973,UK,Personal Care,6.28,5,Standard,30,8.164000000000001,30.00000000000003,OK,True
10974,Germany,Home Care,5.1,8,Premium,50,7.65,50.0,OK,False
10975,Spain,Personal Care,7.28,9,Premium,60,11.648,60.00000000000001,OK,True
10976,France,Personal Care,4.64,2,Value,15,5.335999999999999,14.999999999999991,OK,False
10977,Spain,Home Care,14.44,4,Standard,25,18.05,25.0,OK,False
10978,Spain,Food & Refreshment,5.04,9,Premium,55,7.812,55.00000000000001,OK,True
10979,Spain,Personal Care,1.92,5,Standard,30,2.496,30.000000000000004,OK,True
10980,France,Home Care,8.14,3,Value,10,8.954,10.000000000000009,OK,True
10981,Spain,Personal Care,1.33,6,Standard,30,1.729,30.000000000000004,OK,True
10982,Spain,Home Care,2.1,3,Value,10,2.3100000000000005,10.000000000000009,OK,True
10983,Spain,Food & Refreshment,3.68,5,Standard,28,4.7104,28.000000000000004,OK,True
10984,UK,Food & Refreshment,7.23,3,Value,12,8.097600000000002,12.00000000000001,OK,True
10985,Spain,Home Care,6.78,6,Standard,25,8.475,25.0,OK,False
10986,France,Home Care,12.1,10,Premium,50,18.15,50.0,OK,False
10987,Spain,Home Care,11.22,5,Standard,25,14.025,25.0,OK,False
10988,Spain,Food & Refreshment,6.68,9,Premium,55,10.354,55.00000000000001,OK,True
10989,France,Personal Care,5.34,3,Value,15,6.140999999999999,14.999999999999991,OK,False
10990,Spain,Food & Refreshment,5.09,6,Standard,28,6.5152,28.000000000000004,OK,True
10991,France,Home Care,11.72,8,Premium,50,17.580000000000002,50.0,OK,False
10992,Spain,Home Care,1.26,7,Standard,25,1.575,25.0,OK,False
10993,France,Food & Refreshment,0.69,6,Standard,28,0.8832,28.000000000000004,OK,True
10994,Spain,Home Care,12.04,2,Value,10,13.244,10.000000000000009,OK,True
10995,Spain,Food & Refreshment,7.42,7,Standard,28,9.4976,28.000000000000004,OK,True
10996,UK,Home Care,2.4,8,Premium,50,3.5999999999999996,50.0,OK,False
10997,UK,Personal Care,3.92,1,Value,15,4.508,15.000000000000014,OK,True
10998,Spain,Personal Care,14.02,9,Premium,60,22.432,60.00000000000003,OK,True
10999,Spain,Home Care,12.96,4,Standard,25,16.200000000000003,25.00000000000002,OK,True
11000,Germany,Food & Refreshment,10.79,8,Premium,55,16.7245,55.00000000000001,OK,True
11001,France,Personal Care,7.49,10,Premium,60,11.984000000000002,60.00000000000001,OK,True
11002,Germany,Food & Refreshment,8.04,7,Standard,28,10.2912,28.000000000000004,OK,True
11003,UK,Home Care,14.64,10,Premium,50,21.96,50.0,OK,False
11004,UK,Food & Refreshment,14.5,7,Standard,28,18.56,27.99999999999998,OK,False
11005,UK,Personal Care,3.62,2,Value,15,4.162999999999999,14.999999999999968,OK,False
11006,UK,Food & Refreshment,12.26,1,Value,12,13.7312,12.00000000000001,OK,True
11007,Spain,Food & Refreshment,3.36,4,Standard,28,4.3008,28.000000000000004,OK,True
11008,UK,Home Care,3.6,2,Value,10,3.96,10.000000000000009,OK,True
11009,Spain,Home Care,10.3,8,Premium,50,15.45,50.0,OK,False
11010,Spain,Home Care,6.37,10,Premium,50,9.555,50.0,OK,False
11011,UK,Personal Care,14.01,7,Standard,30,18.213,30.000000000000004,OK,True
11012,UK,Personal Care,1.79,8,Premium,60,2.8640000000000003,60.00000000000001,OK,True
11013,France,Home Care,7.92,6,Standard,25,9.9,25.0,OK,False
11014,Germany,Home Care,13.82,1,Value,10,15.202000000000002,10.000000000000009,OK,True
11015,UK,Personal Care,13.61,9,Premium,60,21.776,60.00000000000001,OK,True
11016,France,Personal Care,2.77,6,Standard,30,3.601,30.000000000000004,OK,True
11017,France,Personal Care,5.82,10,Premium,60,9.312,60.00000000000001,OK,True
11018,Germany,Personal Care,9.48,1,Value,15,10.902,14.999999999999991,OK,False
11019,Spain,Home Care,2.81,1,Value,10,3.091,10.000000000000009,OK,True
11020,UK,Personal Care,14.54,8,Premium,60,23.264,60.00000000000001,OK,True
11021,Germany,Home Care,13.76,6,Standard,25,17.2,25.0,OK,False
11022,UK,Food & Refreshment,2.92,8,Premium,55,4.526,55.00000000000001,OK,True
11023,France,Food & Refreshment,2.26,8,Premium,55,3.5029999999999997,55.00000000000001,OK,True
11024,France,Personal Care,1.74,8,Premium,60,2.7840000000000003,60.00000000000001,OK,True
11025,Spain,Food & Refreshment,13.69,10,Premium,55,21.2195,55.00000000000001,OK,True
11026,France,Food & Refreshment,3.31,7,Standard,28,4.236800000000001,28.000000000000025,OK,True
11027,France,Food & Refreshment,6.54,7,Standard,28,8.3712,28.000000000000004,OK,True
11028,Germany,Personal Care,7.01,10,Premium,60,11.216,60.00000000000003,OK,True
11029,UK,Personal Care,9.19,4,Standard,30,11.947,30.000000000000004,OK,True
11030,UK,Food & Refreshment,1.54,9,Premium,55,2.387,55.00000000000001,OK,True
11031,Germany,Home Care,3.79,2,Value,10,4.1690000000000005,10.000000000000009,OK,True
11032,Spain,Food & Refreshment,14.01,9,Premium,55,21.7155,54.999999999999986,OK,False
11033,UK,Personal Care,13.67,10,Premium,60,21.872,60.00000000000001,OK,True
11034,France,Personal Care,11.83,3,Value,15,13.6045,14.999999999999991,OK,False
11035,UK,Personal Care,0.78,2,Value,15,0.8969999999999999,14.999999999999991,OK,False
11036,France,Food & Refreshment,5.24,4,Standard,28,6.7072,28.000000000000004,OK,True
11037,Spain,Home Care,9.61,5,Standard,25,12.0125,25.0,OK,False
11038,Germany,Personal Care,4.49,2,Value,15,5.1635,14.999999999999991,OK,False
11039,UK,Personal Care,13.69,1,Value,15,15.743499999999996,14.999999999999991,OK,False
11040,Germany,Food & Refreshment,9.69,10,Premium,55,15.0195,55.00000000000001,OK,True
11041,UK,Home Care,1.54,5,Standard,25,1.925,25.0,OK,False
11042,France,Food & Refreshment,13.68,9,Premium,55,21.204,55.00000000000001,OK,True
11043,Germany,Personal Care,14.39,5,Standard,30,18.707,30.000000000000004,OK,True
11044,UK,Home Care,1.63,10,Premium,50,2.445,50.0,OK,False
11045,France,Home Care,8.22,9,Premium,50,12.330000000000002,50.0,OK,False
11046,Germany,Personal Care,4.9,10,Premium,60,7.840000000000001,60.00000000000001,OK,True
11047,Germany,Home Care,6.2,6,Standard,25,7.75,25.0,OK,False
11048,UK,Home Care,3.1,3,Value,10,3.4100000000000006,10.000000000000009,OK,True
11049,UK,Food & Refreshment,8.88,4,Standard,28,11.3664,28.000000000000004,OK,True
11050,UK,Personal Care,14.39,4,Standard,30,18.707,30.000000000000004,OK,True
11051,France,Personal Care,7.79,1,Value,15,8.958499999999999,14.999999999999991,OK,False
11052,UK,Personal Care,1.7,3,Value,15,1.955,14.999999999999991,OK,False
11053,Germany,Personal Care,9.49,3,Value,15,10.9135,14.999999999999991,OK,False
11054,Germany,Personal Care,5.43,1,Value,15,6.2444999999999995,14.999999999999991,OK,False
11055,UK,Home Care,12.91,9,Premium,50,19.365,50.00000000000002,OK,True
11056,UK,Food & Refreshment,6.8,1,Value,12,7.616,12.00000000000001,OK,True
11057,Spain,Personal Care,3.3,9,Premium,60,5.28,60.00000000000001,OK,True
11058,Germany,Food & Refreshment,3.27,1,Value,12,3.6624,12.00000000000001,OK,True
11059,France,Food & Refreshment,11.65,2,Value,12,13.048000000000002,12.00000000000001,OK,True
11060,Spain,Home Care,4.35,2,Value,10,4.785,10.000000000000009,OK,True
11061,UK,Personal Care,11.62,6,Standard,30,15.106,30.000000000000004,OK,True
11062,UK,Home Care,3.49,7,Standard,25,4.362500000000001,25.00000000000002,OK,True
11063,Germany,Personal Care,5.16,1,Value,15,5.933999999999999,14.999999999999991,OK,False
11064,UK,Home Care,7.25,3,Value,10,7.975,10.000000000000009,OK,True
11065,France,Food & Refreshment,14.18,2,Value,12,15.8816,12.00000000000001,OK,True
11066,Germany,Personal Care,14.01,8,Premium,60,22.416,60.00000000000001,OK,True
11067,UK,Food & Refreshment,3.5,9,Premium,55,5.425,55.00000000000001,OK,True
11068,Germany,Food & Refreshment,5.69,2,Value,12,6.372800000000001,12.00000000000001,OK,True
11069,UK,Home Care,2.67,2,Value,10,2.9370000000000003,10.000000000000009,OK,True
11070,UK,Personal Care,7.89,10,Premium,60,12.624,60.00000000000001,OK,True
11071,UK,Food & Refreshment,7.18,9,Premium,55,11.129,55.00000000000001,OK,True
11072,France,Home Care,13.56,4,Standard,25,16.95,25.0,OK,False
11073,France,Personal Care,13.99,5,Standard,30,18.187,30.000000000000004,OK,True
11074,Germany,Personal Care,6.06,9,Premium,60,9.696,60.00000000000001,OK,True
11075,UK,Food & Refreshment,7.63,6,Standard,28,9.7664,28.000000000000004,OK,True
11076,UK,Personal Care,13.5,10,Premium,60,21.6,60.00000000000001,OK,True
11077,France,Food & Refreshment,12.2,9,Premium,55,18.91,55.00000000000001,OK,True
11078,UK,Personal Care,0.55,9,Premium,60,0.8800000000000001,60.00000000000001,OK,True
11079,France,Home Care,5.14,7,Standard,25,6.425,25.0,OK,False
11080,UK,Food & Refreshment,6.62,10,Premium,55,10.261,55.00000000000001,OK,True
11081,Germany,Food & Refreshment,3.83,9,Premium,55,5.9365000000000006,55.00000000000001,OK,True
11082,UK,Personal Care,3.39,5,Standard,30,4.407,30.000000000000004,OK,True
11083,UK,Personal Care,1.05,5,Standard,30,1.3650000000000002,30.000000000000004,OK,True
11084,Spain,Food & Refreshment,9.83,8,Premium,55,15.2365,55.00000000000001,OK,True
11085,France,Personal Care,4.31,10,Premium,60,6.896,60.00000000000001,OK,True
11086,UK,Home Care,1.26,4,Standard,25,1.575,25.0,OK,False
11087,UK,Personal Care,3.85,9,Premium,60,6.16,60.00000000000001,OK,True
11088,Spain,Home Care,12.13,7,Standard,25,15.1625,25.0,OK,False
11089,Spain,Home Care,12.85,7,Standard,25,16.0625,25.0,OK,False
11090,France,Home Care,7.5,3,Value,10,8.25,10.000000000000009,OK,True
11091,Spain,Home Care,6.53,4,Standard,25,8.1625,25.0,OK,False
11092,Germany,Home Care,14.68,7,Standard,25,18.35,25.00000000000002,OK,True
11093,Spain,Personal Care,3.41,5,Standard,30,4.433000000000001,30.00000000000003,OK,True
11094,Germany,Home Care,3.62,3,Value,10,3.9820000000000007,10.000000000000009,OK,True
11095,France,Personal Care,4.73,1,Value,15,5.4395,14.999999999999991,OK,False
11096,France,Home Care,3.0,7,Standard,25,3.75,25.0,OK,False
11097,France,Food & Refreshment,6.0,6,Standard,28,7.68,28.000000000000004,OK,True
11098,France,Home Care,13.71,10,Premium,50,20.565,50.0,OK,False
11099,France,Food & Refreshment,9.42,7,Standard,28,12.0576,28.000000000000004,OK,True
11100,Germany,Home Care,6.47,2,Value,10,7.117,10.000000000000009,OK,True
11101,Germany,Home Care,14.05,4,Standard,25,17.5625,25.0,OK,False
11102,France,Home Care,1.2,2,Value,10,1.32,10.000000000000009,OK,True
11103,Spain,Food & Refreshment,3.55,8,Premium,55,5.5024999999999995,55.00000000000001,OK,True
11104,UK,Food & Refreshment,8.71,7,Standard,28,11.1488,28.000000000000004,OK,True
11105,France,Home Care,9.43,1,Value,10,10.373,10.000000000000009,OK,True
11106,Spain,Personal Care,1.07,2,Value,15,1.2305,14.999999999999991,OK,False
11107,UK,Home Care,6.34,2,Value,10,6.974,10.000000000000009,OK,True
11108,France,Food & Refreshment,9.91,4,Standard,28,12.6848,28.000000000000004,OK,True
11109,France,Home Care,10.62,3,Value,10,11.682,10.000000000000009,OK,True
11110,Germany,Food & Refreshment,9.75,1,Value,12,10.920000000000002,12.00000000000001,OK,True
11111,UK,Food & Refreshment,5.15,2,Value,12,5.768000000000001,12.00000000000001,OK,True
11112,UK,Food & Refreshment,1.86,9,Premium,55,2.8830000000000005,55.00000000000003,OK,True
11113,Spain,Home Care,6.69,1,Value,10,7.359000000000001,10.000000000000009,OK,True
11114,Germany,Food & Refreshment,2.37,9,Premium,55,3.6735,55.00000000000001,OK,True
11115,Germany,Food & Refreshment,14.24,7,Standard,28,18.2272,28.000000000000004,OK,True
11116,Germany,Home Care,7.39,2,Value,10,8.129,10.000000000000009,OK,True
11117,Germany,Food & Refreshment,5.1,2,Value,12,5.712,12.00000000000001,OK,True
11118,UK,Home Care,11.61,5,Standard,25,14.5125,25.0,OK,False
11119,UK,Food & Refreshment,7.72,5,Standard,28,9.8816,28.000000000000004,OK,True
11120,France,Personal Care,5.0,4,Standard,30,6.5,30.000000000000004,OK,True
11121,France,Personal Care,12.27,10,Premium,60,19.632,60.00000000000001,OK,True
11122,Germany,Food & Refreshment,13.07,10,Premium,55,20.2585,55.00000000000001,OK,True
11123,Germany,Personal Care,10.26,3,Value,15,11.799,14.999999999999991,OK,False
11124,Germany,Home Care,1.18,4,Standard,25,1.475,25.0,OK,False
11125,France,Personal Care,8.71,10,Premium,60,13.936000000000002,60.00000000000001,OK,True
11126,Spain,Food & Refreshment,11.57,4,Standard,28,14.8096,28.000000000000004,OK,True
11127,Spain,Food & Refreshment,2.48,2,Value,12,2.7776,12.00000000000001,OK,True
11128,France,Home Care,3.82,5,Standard,25,4.7749999999999995,25.0,OK,False
11129,France,Food & Refreshment,13.3,5,Standard,28,17.024,28.000000000000004,OK,True
11130,France,Home Care,0.79,5,Standard,25,0.9875,25.0,OK,False
11131,France,Personal Care,11.41,10,Premium,60,18.256,60.00000000000001,OK,True
11132,France,Personal Care,7.37,1,Value,15,8.4755,14.999999999999991,OK,False
11133,France,Home Care,6.98,6,Standard,25,8.725000000000001,25.00000000000002,OK,True
11134,Germany,Home Care,0.6,2,Value,10,0.66,10.000000000000009,OK,True
11135,Germany,Food & Refreshment,12.38,7,Standard,28,15.8464,28.000000000000004,OK,True
11136,Germany,Personal Care,5.72,4,Standard,30,7.436,30.000000000000004,OK,True
11137,Germany,Home Care,8.34,5,Standard,25,10.425,25.0,OK,False
11138,France,Personal Care,10.32,5,Standard,30,13.416,30.000000000000004,OK,True
11139,Spain,Home Care,10.69,5,Standard,25,13.3625,25.0,OK,False
11140,UK,Personal Care,14.36,2,Value,15,16.514,14.999999999999991,OK,False
11141,France,Food & Refreshment,8.2,5,Standard,28,10.496,28.000000000000004,OK,True
11142,UK,Personal Care,6.3,3,Value,15,7.244999999999999,14.999999999999991,OK,False
11143,Spain,Personal Care,14.33,4,Standard,30,18.629,30.000000000000004,OK,True
11144,Germany,Personal Care,9.81,2,Value,15,11.2815,14.999999999999991,OK,False
11145,Spain,Personal Care,4.82,4,Standard,30,6.266000000000001,30.000000000000004,OK,True
11146,France,Personal Care,2.33,9,Premium,60,3.728,60.00000000000001,OK,True
11147,Germany,Food & Refreshment,12.72,8,Premium,55,19.716,55.00000000000001,OK,True
11148,France,Home Care,5.75,3,Value,10,6.325,10.000000000000009,OK,True
11149,Germany,Personal Care,10.08,1,Value,15,11.592,14.999999999999991,OK,False
11150,UK,Food & Refreshment,7.33,1,Value,12,8.2096,11.99999999999999,OK,False
11151,UK,Personal Care,3.38,6,Standard,30,4.394,30.000000000000004,OK,True
11152,UK,Personal Care,9.22,3,Value,15,10.603,14.999999999999991,OK,False
11153,Spain,Home Care,1.38,4,Standard,25,1.725,25.0,OK,False
11154,France,Personal Care,6.49,1,Value,15,7.4635,14.999999999999991,OK,False
11155,Spain,Food & Refreshment,8.43,8,Premium,55,13.0665,55.00000000000001,OK,True
11156,UK,Food & Refreshment,6.82,1,Value,12,7.638400000000001,12.00000000000001,OK,True
11157,France,Home Care,11.36,5,Standard,25,14.2,25.0,OK,False
11158,UK,Personal Care,12.5,6,Standard,30,16.25,30.000000000000004,OK,True
11159,Spain,Food & Refreshment,11.68,2,Value,12,13.081600000000002,12.00000000000001,OK,True
11160,Spain,Personal Care,1.06,7,Standard,30,1.378,30.000000000000004,OK,True
11161,Spain,Personal Care,3.31,7,Standard,30,4.303,30.000000000000004,OK,True
11162,UK,Personal Care,8.28,1,Value,15,9.521999999999998,14.999999999999991,OK,False
11163,France,Home Care,14.05,4,Standard,25,17.5625,25.0,OK,False
11164,France,Personal Care,12.61,4,Standard,30,16.393,30.000000000000004,OK,True
11165,UK,Food & Refreshment,12.72,5,Standard,28,16.2816,28.000000000000004,OK,True
11166,France,Personal Care,4.9,1,Value,15,5.635,14.999999999999991,OK,False
11167,UK,Food & Refreshment,6.73,1,Value,12,7.537600000000001,12.00000000000001,OK,True
11168,France,Personal Care,7.33,7,Standard,30,9.529,30.000000000000004,OK,True
11169,Germany,Food & Refreshment,2.78,9,Premium,55,4.309,55.00000000000003,OK,True
11170,Germany,Food & Refreshment,0.95,1,Value,12,1.064,12.00000000000001,OK,True
11171,Spain,Personal Care,14.23,2,Value,15,16.3645,14.999999999999991,OK,False
11172,Germany,Personal Care,3.99,6,Standard,30,5.187,30.000000000000004,OK,True
11173,Germany,Food & Refreshment,3.98,6,Standard,28,5.0944,28.000000000000004,OK,True
11174,Germany,Home Care,1.71,2,Value,10,1.881,10.000000000000009,OK,True
11175,UK,Personal Care,13.96,9,Premium,60,22.336,60.00000000000001,OK,True
11176,Germany,Home Care,8.91,4,Standard,25,11.1375,25.0,OK,False
11177,Germany,Personal Care,10.17,7,Standard,30,13.221,30.000000000000004,OK,True
11178,Spain,Personal Care,13.72,6,Standard,30,17.836000000000002,30.000000000000004,OK,True
11179,Germany,Personal Care,5.51,3,Value,15,6.336499999999999,14.999999999999991,OK,False
11180,Germany,Personal Care,9.51,8,Premium,60,15.216,60.00000000000001,OK,True
11181,France,Home Care,1.06,7,Standard,25,1.3250000000000002,25.0,OK,False
11182,Spain,Personal Care,3.21,9,Premium,60,5.136,60.00000000000001,OK,True
11183,Spain,Food & Refreshment,12.55,3,Value,12,14.056000000000004,12.00000000000001,OK,True
11184,Spain,Food & Refreshment,11.62,1,Value,12,13.0144,12.00000000000001,OK,True
11185,Spain,Home Care,5.58,2,Value,10,6.138000000000001,10.000000000000009,OK,True
11186,Spain,Personal Care,5.96,1,Value,15,6.853999999999999,14.999999999999991,OK,False
11187,Spain,Food & Refreshment,8.24,5,Standard,28,10.5472,28.000000000000004,OK,True
11188,UK,Home Care,0.5,10,Premium,50,0.75,50.0,OK,False
11189,Germany,Personal Care,4.0,2,Value,15,4.6,14.999999999999991,OK,False
11190,Spain,Food & Refreshment,3.52,3,Value,12,3.942400000000001,12.00000000000001,OK,True
11191,Germany,Food & Refreshment,4.13,8,Premium,55,6.4015,55.00000000000001,OK,True
11192,Germany,Home Care,12.19,10,Premium,50,18.285,50.0,OK,False
11193,UK,Personal Care,4.56,5,Standard,30,5.928,30.000000000000004,OK,True
11194,Spain,Personal Care,3.28,4,Standard,30,4.264,30.000000000000004,OK,True
11195,France,Food & Refreshment,7.81,5,Standard,28,9.9968,28.000000000000004,OK,True
11196,UK,Food & Refreshment,13.05,10,Premium,55,20.227500000000003,55.00000000000001,OK,True
11197,France,Food & Refreshment,4.0,6,Standard,28,5.12,28.000000000000004,OK,True
11198,Germany,Personal Care,1.64,7,Standard,30,2.132,30.000000000000004,OK,True
11199,Germany,Home Care,5.67,9,Premium,50,8.504999999999999,49.99999999999998,OK,False
11200,UK,Home Care,11.34,1,Value,10,12.474,10.000000000000009,OK,True
11201,UK,Personal Care,8.49,4,Standard,30,11.037,30.000000000000004,OK,True
11202,France,Home Care,12.34,9,Premium,50,18.51,49.99999999999998,OK,False
11203,Spain,Food & Refreshment,14.41,5,Standard,28,18.4448,28.000000000000004,OK,True
11204,France,Home Care,11.99,8,Premium,50,17.985,50.0,OK,False
11205,UK,Home Care,9.26,1,Value,10,10.186,10.000000000000009,OK,True
11206,France,Home Care,7.65,4,Standard,25,9.5625,25.0,OK,False
11207,UK,Food & Refreshment,1.08,9,Premium,55,1.6740000000000002,55.00000000000001,OK,True
11208,France,Personal Care,14.77,1,Value,15,16.9855,14.999999999999991,OK,False
11209,UK,Food & Refreshment,6.06,1,Value,12,6.7872,12.00000000000001,OK,True
11210,UK,Personal Care,2.71,4,Standard,30,3.523,30.000000000000004,OK,True
11211,UK,Personal Care,10.17,3,Value,15,11.6955,14.999999999999991,OK,False
11212,Spain,Personal Care,4.62,7,Standard,30,6.006,30.000000000000004,OK,True
11213,France,Home Care,8.99,3,Value,10,9.889,10.000000000000009,OK,True
11214,France,Home Care,9.01,1,Value,10,9.911,10.000000000000009,OK,True
11215,France,Personal Care,6.96,10,Premium,60,11.136,60.00000000000001,OK,True
11216,UK,Personal Care,12.62,2,Value,15,14.512999999999998,14.999999999999991,OK,False
11217,France,Home Care,4.34,10,Premium,50,6.51,50.0,OK,False
11218,France,Food & Refreshment,7.01,4,Standard,28,8.9728,28.000000000000004,OK,True
11219,UK,Personal Care,8.3,1,Value,15,9.545,14.999999999999991,OK,False
11220,Germany,Food & Refreshment,10.12,1,Value,12,11.3344,12.00000000000001,OK,True
11221,UK,Home Care,11.87,8,Premium,50,17.805,50.0,OK,False
11222,France,Personal Care,6.22,7,Standard,30,8.086,30.000000000000004,OK,True
11223,UK,Food & Refreshment,9.87,8,Premium,55,15.2985,55.00000000000001,OK,True
11224,Germany,Food & Refreshment,2.68,4,Standard,28,3.4304,28.000000000000004,OK,True
11225,UK,Food & Refreshment,14.02,6,Standard,28,17.9456,28.000000000000004,OK,True
11226,France,Home Care,6.05,3,Value,10,6.655,10.000000000000009,OK,True
11227,Germany,Home Care,11.08,8,Premium,50,16.62,50.0,OK,False
11228,Spain,Food & Refreshment,0.79,4,Standard,28,1.0112,28.000000000000004,OK,True
11229,France,Food & Refreshment,3.48,3,Value,12,3.8976,12.00000000000001,OK,True
11230,Germany,Home Care,7.56,4,Standard,25,9.45,25.0,OK,False
11231,Germany,Food & Refreshment,13.23,6,Standard,28,16.9344,28.000000000000004,OK,True
11232,Spain,Food & Refreshment,8.15,7,Standard,28,10.432,28.000000000000004,OK,True
11233,UK,Home Care,13.98,7,Standard,25,17.475,25.0,OK,False
11234,UK,Food & Refreshment,7.52,4,Standard,28,9.6256,28.000000000000004,OK,True
11235,France,Food & Refreshment,7.61,8,Premium,55,11.7955,55.00000000000001,OK,True
11236,Spain,Food & Refreshment,2.24,7,Standard,28,2.8672000000000004,28.000000000000004,OK,True
11237,UK,Home Care,12.14,2,Value,10,13.354,10.000000000000009,OK,True
11238,Spain,Food & Refreshment,4.08,8,Premium,55,6.324000000000001,55.00000000000001,OK,True
11239,UK,Home Care,13.54,9,Premium,50,20.31,50.0,OK,False
11240,Germany,Home Care,13.71,5,Standard,25,17.137500000000003,25.00000000000002,OK,True
11241,UK,Personal Care,14.18,4,Standard,30,18.434,30.000000000000004,OK,True
11242,Spain,Personal Care,8.04,4,Standard,30,10.452,30.000000000000004,OK,True
11243,Germany,Food & Refreshment,10.32,4,Standard,28,13.2096,28.000000000000004,OK,True
11244,Germany,Home Care,11.79,6,Standard,25,14.7375,25.0,OK,False
11245,Germany,Personal Care,2.4,4,Standard,30,3.12,30.000000000000004,OK,True
11246,Spain,Food & Refreshment,9.21,7,Standard,28,11.788800000000002,28.000000000000004,OK,True
11247,France,Personal Care,1.0,7,Standard,30,1.3,30.000000000000004,OK,True
11248,France,Personal Care,7.71,5,Standard,30,10.023,30.000000000000004,OK,True
11249,France,Home Care,2.75,5,Standard,25,3.4375,25.0,OK,False
11250,Spain,Home Care,3.15,10,Premium,50,4.725,50.0,OK,False
11251,Germany,Personal Care,5.79,8,Premium,60,9.264,60.00000000000001,OK,True
11252,France,Personal Care,6.77,7,Standard,30,8.801,30.000000000000004,OK,True
11253,Spain,Home Care,9.54,7,Standard,25,11.925,25.0,OK,False
11254,France,Food & Refreshment,1.58,6,Standard,28,2.0224,28.000000000000004,OK,True
11255,UK,Home Care,7.8,7,Standard,25,9.75,25.0,OK,False
11256,France,Personal Care,3.15,7,Standard,30,4.095,30.000000000000004,OK,True
11257,France,Food & Refreshment,8.82,10,Premium,55,13.671,55.00000000000001,OK,True
11258,Germany,Personal Care,9.74,2,Value,15,11.201,14.999999999999991,OK,False
11259,Spain,Food & Refreshment,8.57,10,Premium,55,13.2835,55.00000000000001,OK,True
11260,Germany,Personal Care,11.21,2,Value,15,12.8915,14.999999999999991,OK,False
11261,Germany,Food & Refreshment,5.37,10,Premium,55,8.323500000000001,55.00000000000003,OK,True
11262,Germany,Food & Refreshment,11.59,7,Standard,28,14.8352,28.000000000000004,OK,True
11263,Germany,Personal Care,6.78,10,Premium,60,10.848,60.00000000000001,OK,True
11264,Germany,Food & Refreshment,7.52,7,Standard,28,9.6256,28.000000000000004,OK,True
11265,France,Home Care,9.9,7,Standard,25,12.375,25.0,OK,False
11266,Germany,Personal Care,0.77,5,Standard,30,1.001,30.000000000000004,OK,True
11267,Germany,Home Care,9.98,1,Value,10,10.978000000000002,10.000000000000009,OK,True
11268,Spain,Personal Care,9.47,2,Value,15,10.8905,14.999999999999991,OK,False
11269,UK,Food & Refreshment,4.99,9,Premium,55,7.734500000000001,55.00000000000001,OK,True
11270,France,Food & Refreshment,1.74,8,Premium,55,2.697,55.00000000000001,OK,True
11271,France,Food & Refreshment,1.82,8,Premium,55,2.821,55.00000000000001,OK,True
11272,France,Personal Care,13.89,10,Premium,60,22.224000000000004,60.00000000000003,OK,True
11273,Germany,Home Care,10.49,1,Value,10,11.539,10.000000000000009,OK,True
11274,Germany,Home Care,2.34,6,Standard,25,2.925,25.0,OK,False
11275,Germany,Personal Care,5.67,9,Premium,60,9.072,60.00000000000001,OK,True
11276,Spain,Personal Care,9.09,8,Premium,60,14.544,60.00000000000001,OK,True
11277,UK,Home Care,12.62,3,Value,10,13.882,10.000000000000009,OK,True
11278,Germany,Home Care,1.13,4,Standard,25,1.4125,25.0,OK,False
11279,UK,Home Care,3.93,3,Value,10,4.323,10.000000000000009,OK,True
11280,Spain,Home Care,13.4,6,Standard,25,16.75,25.0,OK,False
11281,France,Personal Care,0.63,9,Premium,60,1.008,60.00000000000001,OK,True
11282,Germany,Personal Care,3.42,8,Premium,60,5.472,60.00000000000001,OK,True
11283,UK,Food & Refreshment,14.41,10,Premium,55,22.3355,55.00000000000001,OK,True
11284,UK,Home Care,9.39,4,Standard,25,11.7375,25.0,OK,False
11285,Germany,Food & Refreshment,4.29,2,Value,12,4.8048,12.00000000000001,OK,True
11286,France,Personal Care,1.47,8,Premium,60,2.352,59.999999999999986,OK,False
11287,France,Personal Care,0.91,8,Premium,60,1.4560000000000002,60.00000000000001,OK,True
11288,France,Food & Refreshment,4.05,6,Standard,28,5.184,28.000000000000004,OK,True
11289,Spain,Home Care,13.28,8,Premium,50,19.92,50.0,OK,False
11290,UK,Home Care,6.53,9,Premium,50,9.795,50.0,OK,False
11291,UK,Home Care,10.94,1,Value,10,12.034,10.000000000000009,OK,True
11292,UK,Home Care,13.82,9,Premium,50,20.73,50.0,OK,False
11293,Spain,Food & Refreshment,6.42,2,Value,12,7.1904,12.00000000000001,OK,True
11294,UK,Food & Refreshment,3.27,1,Value,12,3.6624,12.00000000000001,OK,True
11295,Spain,Personal Care,8.0,8,Premium,60,12.8,60.00000000000001,OK,True
11296,France,Home Care,13.67,8,Premium,50,20.505,50.0,OK,False
11297,Germany,Home Care,12.16,4,Standard,25,15.2,25.0,OK,False
11298,UK,Home Care,1.45,8,Premium,50,2.175,50.0,OK,False
11299,UK,Food & Refreshment,10.54,7,Standard,28,13.4912,28.000000000000004,OK,True
11300,France,Home Care,8.79,2,Value,10,9.669,10.000000000000009,OK,True
11301,Germany,Food & Refreshment,13.66,5,Standard,28,17.4848,28.000000000000004,OK,True
11302,Spain,Home Care,2.28,10,Premium,50,3.42,50.0,OK,False
11303,Germany,Home Care,8.24,4,Standard,25,10.3,25.0,OK,False
11304,France,Personal Care,13.25,3,Value,15,15.2375,14.999999999999991,OK,False
11305,France,Home Care,6.45,1,Value,10,7.095000000000001,10.000000000000009,OK,True
11306,Germany,Home Care,7.49,5,Standard,25,9.3625,25.0,OK,False
11307,Spain,Personal Care,1.52,10,Premium,60,2.4320000000000004,60.00000000000003,OK,True
11308,Spain,Food & Refreshment,4.53,8,Premium,55,7.0215000000000005,55.00000000000001,OK,True
11309,UK,Food & Refreshment,5.21,9,Premium,55,8.0755,55.00000000000001,OK,True
11310,Spain,Home Care,14.2,7,Standard,25,17.75,25.0,OK,False
11311,Germany,Food & Refreshment,4.6,1,Value,12,5.152,12.00000000000001,OK,True
11312,France,Home Care,7.18,1,Value,10,7.898000000000001,10.000000000000009,OK,True
11313,UK,Personal Care,10.23,1,Value,15,11.7645,14.999999999999991,OK,False
11314,UK,Personal Care,2.85,2,Value,15,3.2775,14.999999999999991,OK,False
11315,France,Home Care,7.55,1,Value,10,8.305,10.000000000000009,OK,True
11316,Spain,Personal Care,11.21,4,Standard,30,14.573000000000002,30.000000000000004,OK,True
11317,France,Personal Care,13.07,10,Premium,60,20.912000000000003,60.00000000000001,OK,True
11318,Spain,Home Care,9.58,9,Premium,50,14.37,50.0,OK,False
11319,France,Home Care,10.2,4,Standard,25,12.75,25.0,OK,False
11320,Germany,Personal Care,2.33,4,Standard,30,3.0290000000000004,30.000000000000004,OK,True
11321,Spain,Food & Refreshment,14.21,7,Standard,28,18.1888,28.000000000000004,OK,True
11322,Germany,Food & Refreshment,2.42,9,Premium,55,3.751,55.00000000000001,OK,True
11323,UK,Home Care,11.73,7,Standard,25,14.6625,25.0,OK,False
11324,France,Home Care,4.34,1,Value,10,4.774,10.000000000000009,OK,True
11325,UK,Food & Refreshment,14.04,1,Value,12,15.7248,12.00000000000001,OK,True
11326,UK,Personal Care,10.94,4,Standard,30,14.222,30.000000000000004,OK,True
11327,UK,Food & Refreshment,11.43,4,Standard,28,14.6304,28.000000000000004,OK,True
11328,UK,Food & Refreshment,3.68,1,Value,12,4.121600000000001,12.00000000000001,OK,True
11329,France,Food & Refreshment,6.92,6,Standard,28,8.8576,28.000000000000004,OK,True
11330,UK,Food & Refreshment,9.46,10,Premium,55,14.663000000000002,55.00000000000001,OK,True
11331,France,Home Care,11.66,2,Value,10,12.826,10.000000000000009,OK,True
11332,France,Home Care,2.01,5,Standard,25,2.5124999999999997,25.0,OK,False
11333,Germany,Personal Care,14.45,8,Premium,60,23.12,60.00000000000001,OK,True
11334,Spain,Personal Care,13.41,3,Value,15,15.421499999999998,14.999999999999991,OK,False
11335,Spain,Personal Care,4.42,9,Premium,60,7.072,60.00000000000001,OK,True
11336,France,Personal Care,12.43,7,Standard,30,16.159,30.000000000000004,OK,True
11337,Germany,Food & Refreshment,8.02,9,Premium,55,12.431,55.00000000000001,OK,True
11338,France,Home Care,7.2,1,Value,10,7.920000000000001,10.000000000000009,OK,True
11339,France,Home Care,5.06,5,Standard,25,6.324999999999999,25.0,OK,False
11340,France,Personal Care,8.92,3,Value,15,10.258,14.999999999999991,OK,False
11341,Germany,Personal Care,11.08,4,Standard,30,14.404,30.000000000000004,OK,True
11342,Spain,Food & Refreshment,6.46,4,Standard,28,8.2688,28.000000000000004,OK,True
11343,Germany,Food & Refreshment,9.62,7,Standard,28,12.3136,28.000000000000004,OK,True
11344,UK,Personal Care,10.64,10,Premium,60,17.024,60.00000000000001,OK,True
11345,Germany,Home Care,10.81,8,Premium,50,16.215,50.0,OK,False
11346,Germany,Home Care,1.25,10,Premium,50,1.875,50.0,OK,False
11347,Germany,Home Care,12.97,5,Standard,25,16.212500000000002,25.0,OK,False
11348,Germany,Personal Care,7.14,10,Premium,60,11.424,60.00000000000001,OK,True
11349,Spain,Home Care,4.31,7,Standard,25,5.387499999999999,25.0,OK,False
11350,UK,Food & Refreshment,4.01,3,Value,12,4.4912,12.00000000000001,OK,True
11351,Spain,Food & Refreshment,7.5,3,Value,12,8.4,12.00000000000001,OK,True
11352,Spain,Personal Care,13.36,3,Value,15,15.364,14.999999999999991,OK,False
11353,Germany,Food & Refreshment,5.99,4,Standard,28,7.6672,28.000000000000004,OK,True
11354,France,Personal Care,11.37,6,Standard,30,14.781,30.000000000000004,OK,True
11355,France,Home Care,1.9,5,Standard,25,2.375,25.0,OK,False
11356,Spain,Home Care,7.4,8,Premium,50,11.1,50.00000000000002,OK,True
11357,Spain,Home Care,14.88,5,Standard,25,18.6,25.0,OK,False
11358,Germany,Food & Refreshment,11.67,5,Standard,28,14.9376,28.000000000000004,OK,True
11359,Spain,Personal Care,3.55,10,Premium,60,5.68,60.00000000000001,OK,True
11360,Germany,Home Care,7.77,2,Value,10,8.547,10.000000000000009,OK,True
11361,France,Personal Care,3.89,5,Standard,30,5.057,30.000000000000004,OK,True
11362,France,Home Care,6.44,7,Standard,25,8.05,25.0,OK,False
11363,UK,Food & Refreshment,11.81,2,Value,12,13.227200000000002,12.00000000000001,OK,True
11364,France,Food & Refreshment,11.68,6,Standard,28,14.9504,28.000000000000004,OK,True
11365,Spain,Personal Care,3.81,7,Standard,30,4.953,30.000000000000004,OK,True
11366,France,Food & Refreshment,13.87,5,Standard,28,17.7536,28.000000000000004,OK,True
11367,Germany,Food & Refreshment,9.09,9,Premium,55,14.0895,55.00000000000001,OK,True
11368,France,Personal Care,6.01,4,Standard,30,7.813,30.000000000000004,OK,True
11369,UK,Home Care,7.78,10,Premium,50,11.67,50.0,OK,False
11370,France,Food & Refreshment,9.27,1,Value,12,10.3824,12.00000000000001,OK,True
11371,Germany,Personal Care,8.62,8,Premium,60,13.792,60.00000000000001,OK,True
11372,Germany,Food & Refreshment,7.55,8,Premium,55,11.7025,55.00000000000001,OK,True
11373,Spain,Food & Refreshment,7.82,7,Standard,28,10.0096,28.000000000000004,OK,True
11374,France,Food & Refreshment,3.06,8,Premium,55,4.743,55.00000000000001,OK,True
11375,Germany,Food & Refreshment,12.28,2,Value,12,13.7536,12.00000000000001,OK,True
11376,UK,Personal Care,8.36,3,Value,15,9.614,14.999999999999991,OK,False
11377,Spain,Personal Care,2.4,9,Premium,60,3.84,60.00000000000001,OK,True
11378,UK,Personal Care,11.61,1,Value,15,13.351499999999998,14.999999999999991,OK,False
11379,France,Food & Refreshment,14.02,8,Premium,55,21.731,55.00000000000003,OK,True
11380,France,Food & Refreshment,14.24,8,Premium,55,22.072000000000003,55.00000000000003,OK,True
11381,France,Food & Refreshment,5.85,7,Standard,28,7.488,28.000000000000004,OK,True
11382,Spain,Personal Care,2.46,5,Standard,30,3.198,30.000000000000004,OK,True
11383,Germany,Food & Refreshment,8.02,4,Standard,28,10.2656,28.000000000000004,OK,True
11384,Spain,Home Care,2.13,10,Premium,50,3.195,50.0,OK,False
11385,UK,Food & Refreshment,14.04,10,Premium,55,21.762,55.00000000000001,OK,True
11386,Spain,Home Care,3.16,10,Premium,50,4.74,50.0,OK,False
11387,UK,Food & Refreshment,4.17,10,Premium,55,6.4635,55.00000000000001,OK,True
11388,Spain,Personal Care,6.4,6,Standard,30,8.32,30.000000000000004,OK,True
11389,Germany,Food & Refreshment,6.06,1,Value,12,6.7872,12.00000000000001,OK,True
11390,UK,Home Care,12.02,5,Standard,25,15.025,25.0,OK,False
11391,France,Home Care,7.12,4,Standard,25,8.9,25.0,OK,False
11392,France,Food & Refreshment,2.98,4,Standard,28,3.8144,28.000000000000004,OK,True
11393,Spain,Home Care,4.37,7,Standard,25,5.4625,25.0,OK,False
11394,France,Home Care,7.88,9,Premium,50,11.82,50.0,OK,False
11395,UK,Personal Care,2.64,8,Premium,60,4.224,60.00000000000001,OK,True
11396,France,Food & Refreshment,9.37,8,Premium,55,14.5235,55.00000000000001,OK,True
11397,Germany,Food & Refreshment,8.7,5,Standard,28,11.136,28.000000000000004,OK,True
11398,Germany,Food & Refreshment,10.86,6,Standard,28,13.9008,28.000000000000004,OK,True
11399,Spain,Home Care,14.1,2,Value,10,15.510000000000002,10.000000000000009,OK,True
11400,UK,Food & Refreshment,13.73,3,Value,12,15.377600000000005,12.00000000000001,OK,True
11401,Germany,Food & Refreshment,14.22,5,Standard,28,18.201600000000003,28.000000000000004,OK,True
11402,Germany,Personal Care,4.05,2,Value,15,4.6575,14.999999999999991,OK,False
11403,UK,Personal Care,2.41,3,Value,15,2.7715,14.999999999999991,OK,False
11404,France,Personal Care,4.88,4,Standard,30,6.344,30.000000000000004,OK,True
11405,France,Home Care,13.48,6,Standard,25,16.85,25.0,OK,False
11406,Spain,Food & Refreshment,14.59,5,Standard,28,18.6752,28.000000000000004,OK,True
11407,France,Personal Care,12.96,10,Premium,60,20.736000000000004,60.00000000000003,OK,True
11408,UK,Personal Care,2.1,4,Standard,30,2.7300000000000004,30.000000000000004,OK,True
11409,Germany,Personal Care,14.24,2,Value,15,16.375999999999998,14.999999999999991,OK,False
11410,France,Food & Refreshment,6.64,5,Standard,28,8.4992,28.000000000000004,OK,True
11411,Spain,Food & Refreshment,0.63,5,Standard,28,0.8064,28.000000000000004,OK,True
11412,France,Food & Refreshment,6.91,7,Standard,28,8.844800000000001,28.000000000000004,OK,True
11413,UK,Home Care,1.17,1,Value,10,1.287,10.000000000000009,OK,True
11414,Spain,Home Care,8.39,4,Standard,25,10.4875,25.0,OK,False
11415,France,Personal Care,5.41,5,Standard,30,7.033,30.000000000000004,OK,True
11416,Spain,Food & Refreshment,7.36,8,Premium,55,11.408,55.00000000000001,OK,True
11417,UK,Personal Care,9.39,8,Premium,60,15.024,60.00000000000001,OK,True
11418,Germany,Food & Refreshment,13.1,1,Value,12,14.672,12.00000000000001,OK,True
11419,UK,Food & Refreshment,10.1,5,Standard,28,12.928,28.000000000000004,OK,True
11420,UK,Food & Refreshment,6.79,10,Premium,55,10.5245,55.00000000000001,OK,True
11421,UK,Home Care,12.38,1,Value,10,13.618000000000002,10.000000000000009,OK,True
11422,UK,Home Care,13.63,1,Value,10,14.993000000000002,10.000000000000009,OK,True
11423,Germany,Food & Refreshment,2.24,2,Value,12,2.5088000000000004,12.00000000000001,OK,True
11424,Germany,Personal Care,8.21,2,Value,15,9.4415,14.999999999999991,OK,False
11425,Spain,Food & Refreshment,4.63,9,Premium,55,7.1765,55.00000000000001,OK,True
11426,France,Food & Refreshment,1.18,4,Standard,28,1.5104,28.000000000000004,OK,True
11427,Germany,Personal Care,10.19,3,Value,15,11.7185,14.999999999999991,OK,False
11428,Germany,Food & Refreshment,13.01,1,Value,12,14.5712,12.00000000000001,OK,True
11429,France,Personal Care,2.86,2,Value,15,3.2889999999999997,14.999999999999991,OK,False
11430,Germany,Home Care,12.28,6,Standard,25,15.35,25.0,OK,False
11431,UK,Home Care,12.87,9,Premium,50,19.305,50.0,OK,False
11432,UK,Personal Care,13.76,5,Standard,30,17.888,30.000000000000004,OK,True
11433,France,Home Care,4.35,4,Standard,25,5.4375,25.0,OK,False
11434,Spain,Home Care,13.61,5,Standard,25,17.0125,25.0,OK,False
11435,Spain,Personal Care,5.15,9,Premium,60,8.24,59.999999999999986,OK,False
11436,France,Home Care,8.51,7,Standard,25,10.6375,25.0,OK,False
11437,France,Food & Refreshment,1.23,8,Premium,55,1.9065,55.00000000000001,OK,True
11438,UK,Food & Refreshment,1.14,4,Standard,28,1.4591999999999998,28.000000000000004,OK,True
11439,Spain,Personal Care,10.95,8,Premium,60,17.52,60.00000000000001,OK,True
11440,Germany,Home Care,6.94,6,Standard,25,8.675,25.0,OK,False
11441,UK,Food & Refreshment,4.22,5,Standard,28,5.4016,28.000000000000004,OK,True
11442,France,Food & Refreshment,3.26,7,Standard,28,4.1728,28.000000000000004,OK,True
11443,Spain,Home Care,10.21,6,Standard,25,12.7625,25.0,OK,False
11444,Germany,Home Care,0.51,3,Value,10,0.561,10.000000000000009,OK,True
11445,Germany,Food & Refreshment,12.19,5,Standard,28,15.6032,28.000000000000004,OK,True
11446,UK,Food & Refreshment,1.65,9,Premium,55,2.5575,55.00000000000001,OK,True
11447,Spain,Personal Care,3.28,7,Standard,30,4.264,30.000000000000004,OK,True
11448,Spain,Personal Care,6.1,4,Standard,30,7.93,30.000000000000004,OK,True
11449,France,Food & Refreshment,7.53,7,Standard,28,9.6384,28.000000000000004,OK,True
11450,Spain,Personal Care,5.65,5,Standard,30,7.345000000000001,30.000000000000004,OK,True
11451,Spain,Food & Refreshment,5.15,2,Value,12,5.768000000000001,12.00000000000001,OK,True
11452,UK,Food & Refreshment,14.48,6,Standard,28,18.5344,28.000000000000004,OK,True
11453,Spain,Personal Care,9.8,7,Standard,30,12.740000000000002,30.000000000000004,OK,True
11454,Germany,Personal Care,0.84,8,Premium,60,1.344,60.00000000000001,OK,True
11455,UK,Home Care,6.74,6,Standard,25,8.425,25.0,OK,False
11456,UK,Home Care,13.19,8,Premium,50,19.785,50.0,OK,False
11457,France,Home Care,4.87,7,Standard,25,6.0875,25.0,OK,False
11458,Spain,Food & Refreshment,1.87,2,Value,12,2.0944000000000003,12.00000000000001,OK,True
11459,France,Personal Care,11.5,6,Standard,30,14.95,30.000000000000004,OK,True
11460,Germany,Food & Refreshment,9.29,9,Premium,55,14.3995,55.00000000000001,OK,True
11461,UK,Personal Care,8.77,6,Standard,30,11.401,30.000000000000004,OK,True
11462,UK,Food & Refreshment,1.28,4,Standard,28,1.6384,28.000000000000004,OK,True
11463,UK,Home Care,2.54,7,Standard,25,3.175,25.0,OK,False
11464,Germany,Home Care,9.53,3,Value,10,10.483,10.000000000000009,OK,True
11465,Germany,Home Care,3.51,5,Standard,25,4.387499999999999,24.99999999999998,OK,False
11466,France,Food & Refreshment,7.81,1,Value,12,8.747200000000001,12.00000000000001,OK,True
11467,France,Personal Care,8.4,10,Premium,60,13.44,60.00000000000001,OK,True
11468,France,Personal Care,4.61,3,Value,15,5.3015,14.999999999999991,OK,False
11469,Spain,Home Care,14.25,8,Premium,50,21.375,50.0,OK,False
11470,UK,Home Care,12.72,9,Premium,50,19.08,50.0,OK,False
11471,UK,Home Care,10.97,9,Premium,50,16.455000000000002,50.0,OK,False
11472,France,Home Care,1.63,10,Premium,50,2.445,50.0,OK,False
11473,UK,Personal Care,2.04,2,Value,15,2.3459999999999996,14.999999999999991,OK,False
11474,France,Food & Refreshment,7.65,4,Standard,28,9.792,28.000000000000004,OK,True
11475,Spain,Food & Refreshment,2.83,5,Standard,28,3.6224,28.000000000000004,OK,True
11476,Spain,Food & Refreshment,14.68,3,Value,12,16.4416,12.00000000000001,OK,True
11477,Germany,Food & Refreshment,2.8,1,Value,12,3.136,12.00000000000001,OK,True
11478,Spain,Home Care,7.57,6,Standard,25,9.4625,25.0,OK,False
11479,France,Home Care,5.78,10,Premium,50,8.67,50.0,OK,False
11480,Spain,Home Care,9.77,2,Value,10,10.747,10.000000000000009,OK,True
11481,Germany,Food & Refreshment,2.37,9,Premium,55,3.6735,55.00000000000001,OK,True
11482,UK,Home Care,6.74,1,Value,10,7.414000000000001,10.000000000000009,OK,True
11483,France,Home Care,4.48,9,Premium,50,6.720000000000001,50.0,OK,False
11484,UK,Personal Care,13.37,7,Standard,30,17.381,30.000000000000004,OK,True
11485,Germany,Personal Care,1.09,10,Premium,60,1.7440000000000002,60.00000000000001,OK,True
11486,Germany,Home Care,13.75,2,Value,10,15.125000000000002,10.000000000000009,OK,True
11487,Germany,Personal Care,12.58,6,Standard,30,16.354,29.999999999999982,OK,False
11488,UK,Personal Care,4.81,8,Premium,60,7.696,60.00000000000001,OK,True
11489,UK,Home Care,11.94,2,Value,10,13.134,10.000000000000009,OK,True
11490,UK,Home Care,0.95,5,Standard,25,1.1875,25.0,OK,False
11491,UK,Home Care,14.52,6,Standard,25,18.15,25.0,OK,False
11492,Germany,Home Care,8.14,3,Value,10,8.954,10.000000000000009,OK,True
11493,Germany,Food & Refreshment,4.9,2,Value,12,5.488000000000001,12.00000000000001,OK,True
11494,France,Food & Refreshment,5.76,6,Standard,28,7.3728,28.000000000000004,OK,True
11495,France,Home Care,1.46,3,Value,10,1.606,10.000000000000009,OK,True
11496,UK,Personal Care,14.85,2,Value,15,17.077499999999997,14.999999999999991,OK,False
11497,Spain,Home Care,1.07,1,Value,10,1.1770000000000005,10.000000000000009,OK,True
11498,Spain,Home Care,10.0,8,Premium,50,15.0,50.0,OK,False
11499,Germany,Personal Care,6.92,1,Value,15,7.957999999999999,14.999999999999991,OK,False
11500,Germany,Food & Refreshment,14.26,5,Standard,28,18.2528,28.000000000000004,OK,True
11501,Germany,Home Care,4.07,6,Standard,25,5.0875,25.0,OK,False
11502,France,Home Care,8.22,3,Value,10,9.042000000000002,10.000000000000009,OK,True
11503,France,Food & Refreshment,7.49,7,Standard,28,9.5872,28.000000000000004,OK,True
11504,Germany,Food & Refreshment,10.69,2,Value,12,11.9728,12.00000000000001,OK,True
11505,Germany,Personal Care,1.49,7,Standard,30,1.937,30.000000000000004,OK,True
11506,Germany,Food & Refreshment,3.31,2,Value,12,3.7072,12.00000000000001,OK,True
11507,Spain,Food & Refreshment,3.61,5,Standard,28,4.6208,28.000000000000004,OK,True
11508,France,Food & Refreshment,11.2,7,Standard,28,14.336,28.000000000000004,OK,True
11509,Spain,Personal Care,3.24,3,Value,15,3.726,14.999999999999991,OK,False
11510,Spain,Food & Refreshment,8.82,4,Standard,28,11.2896,28.000000000000004,OK,True
11511,Germany,Food & Refreshment,3.62,1,Value,12,4.0544,12.00000000000001,OK,True
11512,Germany,Personal Care,12.99,3,Value,15,14.9385,14.999999999999991,OK,False
11513,UK,Food & Refreshment,14.16,9,Premium,55,21.948,55.00000000000001,OK,True
11514,UK,Food & Refreshment,8.02,10,Premium,55,12.431,55.00000000000001,OK,True
11515,Spain,Personal Care,5.61,5,Standard,30,7.293000000000001,30.000000000000004,OK,True
11516,France,Home Care,3.89,8,Premium,50,5.835,50.0,OK,False
11517,Germany,Personal Care,1.22,2,Value,15,1.4029999999999998,14.999999999999991,OK,False
11518,Germany,Food & Refreshment,4.39,3,Value,12,4.9168,12.00000000000001,OK,True
11519,Spain,Food & Refreshment,9.99,7,Standard,28,12.7872,28.000000000000004,OK,True
11520,UK,Food & Refreshment,8.24,10,Premium,55,12.772,55.00000000000001,OK,True
11521,France,Personal Care,14.19,4,Standard,30,18.447,30.000000000000004,OK,True
11522,UK,Food & Refreshment,6.25,9,Premium,55,9.6875,55.00000000000001,OK,True
11523,UK,Food & Refreshment,10.56,7,Standard,28,13.516800000000002,28.000000000000004,OK,True
11524,UK,Personal Care,7.6,1,Value,15,8.739999999999998,14.999999999999991,OK,False
11525,UK,Home Care,7.93,4,Standard,25,9.9125,25.0,OK,False
11526,Germany,Home Care,4.38,10,Premium,50,6.57,50.0,OK,False
11527,Germany,Food & Refreshment,7.1,6,Standard,28,9.088,28.000000000000004,OK,True
11528,UK,Personal Care,7.33,6,Standard,30,9.529,30.000000000000004,OK,True
11529,France,Food & Refreshment,10.75,10,Premium,55,16.6625,55.00000000000001,OK,True
11530,Spain,Personal Care,14.14,6,Standard,30,18.382,30.000000000000004,OK,True
11531,France,Personal Care,5.28,5,Standard,30,6.864000000000001,30.000000000000004,OK,True
11532,France,Home Care,1.11,3,Value,10,1.2210000000000003,10.000000000000009,OK,True
11533,France,Home Care,7.7,2,Value,10,8.47,10.000000000000009,OK,True
11534,UK,Personal Care,8.39,3,Value,15,9.6485,14.999999999999991,OK,False
11535,Germany,Food & Refreshment,2.94,9,Premium,55,4.557,55.00000000000003,OK,True
11536,France,Home Care,11.53,3,Value,10,12.683,10.000000000000009,OK,True
11537,UK,Food & Refreshment,14.78,3,Value,12,16.5536,12.00000000000001,OK,True
11538,France,Home Care,14.21,1,Value,10,15.631000000000002,10.000000000000009,OK,True
11539,France,Home Care,3.36,2,Value,10,3.696,10.000000000000009,OK,True
11540,UK,Food & Refreshment,13.19,3,Value,12,14.7728,12.00000000000001,OK,True
11541,Germany,Home Care,10.72,2,Value,10,11.792000000000002,10.000000000000009,OK,True
11542,Germany,Home Care,7.08,8,Premium,50,10.62,50.00000000000002,OK,True
11543,Spain,Food & Refreshment,8.34,6,Standard,28,10.6752,28.000000000000004,OK,True
11544,UK,Home Care,12.82,7,Standard,25,16.025,24.99999999999998,OK,False
11545,Spain,Home Care,7.46,1,Value,10,8.206000000000001,10.000000000000009,OK,True
11546,Spain,Home Care,5.91,6,Standard,25,7.3875,25.0,OK,False
11547,Spain,Food & Refreshment,7.65,2,Value,12,8.568000000000001,12.00000000000001,OK,True
11548,Germany,Personal Care,8.9,6,Standard,30,11.57,30.000000000000004,OK,True
11549,UK,Food & Refreshment,3.24,3,Value,12,3.628800000000001,12.00000000000001,OK,True
11550,Spain,Personal Care,13.56,7,Standard,30,17.628,30.000000000000004,OK,True
11551,UK,Home Care,10.28,3,Value,10,11.308,10.000000000000009,OK,True
11552,UK,Personal Care,9.68,9,Premium,60,15.488,60.00000000000001,OK,True
11553,Germany,Food & Refreshment,1.94,3,Value,12,2.1728,12.00000000000001,OK,True
11554,Spain,Food & Refreshment,9.26,7,Standard,28,11.8528,28.000000000000004,OK,True
11555,Spain,Home Care,2.25,4,Standard,25,2.8125,25.0,OK,False
11556,UK,Personal Care,1.64,8,Premium,60,2.624,60.00000000000001,OK,True
11557,France,Home Care,8.15,2,Value,10,8.965000000000002,10.000000000000009,OK,True
11558,Germany,Home Care,6.34,8,Premium,50,9.51,50.0,OK,False
11559,Germany,Food & Refreshment,9.04,9,Premium,55,14.012,55.00000000000001,OK,True
11560,Germany,Personal Care,1.79,8,Premium,60,2.8640000000000003,60.00000000000001,OK,True
11561,Germany,Personal Care,6.75,6,Standard,30,8.775,30.000000000000004,OK,True
11562,Spain,Personal Care,3.03,10,Premium,60,4.848,60.00000000000001,OK,True
11563,Spain,Personal Care,14.81,1,Value,15,17.031499999999998,14.999999999999991,OK,False
11564,France,Home Care,8.64,7,Standard,25,10.8,25.0,OK,False
11565,Germany,Home Care,10.47,1,Value,10,11.517,10.000000000000009,OK,True
11566,Germany,Food & Refreshment,5.22,7,Standard,28,6.6815999999999995,28.000000000000004,OK,True
11567,UK,Home Care,1.87,2,Value,10,2.0570000000000004,10.000000000000009,OK,True
11568,Spain,Home Care,14.65,8,Premium,50,21.975,50.0,OK,False
11569,Germany,Food & Refreshment,4.65,2,Value,12,5.208000000000001,12.00000000000001,OK,True
11570,France,Food & Refreshment,6.65,3,Value,12,7.448000000000001,12.00000000000001,OK,True
11571,France,Food & Refreshment,9.92,3,Value,12,11.1104,12.00000000000001,OK,True
11572,Spain,Home Care,0.86,1,Value,10,0.946,10.000000000000009,OK,True
11573,France,Home Care,12.25,5,Standard,25,15.3125,25.0,OK,False
11574,France,Food & Refreshment,8.28,5,Standard,28,10.5984,28.000000000000004,OK,True
11575,Spain,Food & Refreshment,4.53,10,Premium,55,7.0215000000000005,55.00000000000001,OK,True
11576,Germany,Food & Refreshment,1.39,5,Standard,28,1.7792,28.000000000000004,OK,True
11577,Germany,Home Care,2.86,9,Premium,50,4.29,50.0,OK,False
11578,France,Home Care,13.48,6,Standard,25,16.85,25.0,OK,False
11579,France,Personal Care,10.45,6,Standard,30,13.585,30.000000000000004,OK,True
11580,Germany,Home Care,4.12,3,Value,10,4.532000000000001,10.000000000000009,OK,True
11581,Spain,Home Care,1.45,5,Standard,25,1.8125,25.0,OK,False
11582,France,Home Care,10.51,10,Premium,50,15.765,50.0,OK,False
11583,UK,Food & Refreshment,8.8,7,Standard,28,11.264,28.000000000000004,OK,True
11584,Spain,Home Care,6.37,3,Value,10,7.007000000000001,10.000000000000009,OK,True
11585,France,Food & Refreshment,5.77,2,Value,12,6.4624,12.00000000000001,OK,True
11586,France,Personal Care,3.64,5,Standard,30,4.732,30.000000000000004,OK,True
11587,UK,Personal Care,10.21,3,Value,15,11.7415,14.999999999999991,OK,False
11588,UK,Food & Refreshment,14.57,5,Standard,28,18.6496,28.000000000000004,OK,True
11589,Germany,Food & Refreshment,3.05,9,Premium,55,4.7275,55.00000000000001,OK,True
11590,Spain,Food & Refreshment,9.16,10,Premium,55,14.198,55.00000000000001,OK,True
11591,Spain,Home Care,6.65,1,Value,10,7.315000000000001,10.000000000000009,OK,True
11592,Germany,Personal Care,6.98,4,Standard,30,9.074000000000002,30.000000000000004,OK,True
11593,Spain,Food & Refreshment,4.19,10,Premium,55,6.4945,55.00000000000001,OK,True
11594,Spain,Home Care,12.46,5,Standard,25,15.575,25.0,OK,False
11595,Spain,Personal Care,7.54,2,Value,15,8.671,14.999999999999991,OK,False
11596,Spain,Home Care,8.38,2,Value,10,9.218000000000002,10.000000000000009,OK,True
11597,Spain,Personal Care,4.92,1,Value,15,5.6579999999999995,14.999999999999991,OK,False
11598,UK,Home Care,3.14,8,Premium,50,4.71,50.0,OK,False
11599,Spain,Personal Care,1.75,2,Value,15,2.0124999999999997,14.999999999999991,OK,False
11600,UK,Personal Care,10.85,3,Value,15,12.4775,14.999999999999991,OK,False
11601,Spain,Home Care,3.35,2,Value,10,3.685000000000001,10.000000000000009,OK,True
11602,Germany,Food & Refreshment,10.51,4,Standard,28,13.4528,28.000000000000004,OK,True
11603,France,Personal Care,6.16,1,Value,15,7.084,14.999999999999991,OK,False
11604,UK,Food & Refreshment,6.53,3,Value,12,7.313600000000001,12.00000000000001,OK,True
11605,Spain,Home Care,7.3,5,Standard,25,9.125,25.0,OK,False
11606,Germany,Food & Refreshment,5.83,10,Premium,55,9.0365,55.00000000000001,OK,True
11607,France,Food & Refreshment,1.96,1,Value,12,2.1952000000000003,12.00000000000001,OK,True
11608,UK,Food & Refreshment,4.99,4,Standard,28,6.3872,28.000000000000004,OK,True
11609,France,Food & Refreshment,10.12,6,Standard,28,12.9536,28.000000000000004,OK,True
11610,Germany,Food & Refreshment,10.15,4,Standard,28,12.992,28.000000000000004,OK,True
11611,UK,Personal Care,4.65,7,Standard,30,6.045000000000001,30.000000000000004,OK,True
11612,France,Personal Care,7.17,7,Standard,30,9.321,30.000000000000004,OK,True
11613,Spain,Personal Care,3.3,6,Standard,30,4.29,30.000000000000004,OK,True
11614,UK,Home Care,3.55,9,Premium,50,5.324999999999999,49.99999999999998,OK,False
11615,France,Food & Refreshment,0.83,2,Value,12,0.9296,12.00000000000001,OK,True
11616,Germany,Personal Care,13.5,10,Premium,60,21.6,60.00000000000001,OK,True
11617,Germany,Home Care,3.56,8,Premium,50,5.34,50.0,OK,False
11618,UK,Personal Care,3.8,8,Premium,60,6.08,60.00000000000001,OK,True
11619,France,Personal Care,4.55,10,Premium,60,7.28,60.00000000000001,OK,True
11620,UK,Food & Refreshment,2.35,4,Standard,28,3.008,28.000000000000004,OK,True
11621,UK,Home Care,9.77,6,Standard,25,12.2125,25.0,OK,False
11622,France,Food & Refreshment,1.59,6,Standard,28,2.0352,28.000000000000004,OK,True
11623,France,Food & Refreshment,2.45,5,Standard,28,3.136,28.000000000000004,OK,True
11624,Spain,Personal Care,9.85,1,Value,15,11.3275,14.999999999999991,OK,False
11625,France,Food & Refreshment,5.43,3,Value,12,6.0816,12.00000000000001,OK,True
11626,Germany,Home Care,10.77,7,Standard,25,13.4625,25.0,OK,False
11627,UK,Food & Refreshment,8.58,8,Premium,55,13.299,55.00000000000001,OK,True
11628,UK,Food & Refreshment,4.21,2,Value,12,4.7152,12.00000000000001,OK,True
11629,Germany,Food & Refreshment,9.94,3,Value,12,11.1328,12.00000000000001,OK,True
11630,France,Personal Care,2.19,4,Standard,30,2.847,30.000000000000004,OK,True
11631,Germany,Home Care,8.28,5,Standard,25,10.35,25.0,OK,False
11632,Germany,Personal Care,6.84,3,Value,15,7.866,14.999999999999991,OK,False
11633,Spain,Personal Care,4.38,5,Standard,30,5.694,30.000000000000004,OK,True
11634,Germany,Personal Care,9.26,8,Premium,60,14.816,60.00000000000001,OK,True
11635,UK,Personal Care,13.13,8,Premium,60,21.008000000000003,60.00000000000001,OK,True
11636,Germany,Personal Care,14.98,2,Value,15,17.227,14.999999999999991,OK,False
11637,UK,Home Care,9.31,6,Standard,25,11.6375,25.0,OK,False
11638,UK,Food & Refreshment,6.37,4,Standard,28,8.1536,28.000000000000004,OK,True
11639,UK,Personal Care,3.77,9,Premium,60,6.032,60.00000000000001,OK,True
11640,France,Personal Care,4.23,10,Premium,60,6.768000000000001,60.00000000000001,OK,True
11641,Spain,Home Care,7.45,2,Value,10,8.195,10.000000000000009,OK,True
11642,UK,Home Care,5.83,8,Premium,50,8.745000000000001,50.00000000000002,OK,True
11643,UK,Food & Refreshment,13.75,1,Value,12,15.400000000000002,12.00000000000001,OK,True
11644,France,Home Care,5.84,6,Standard,25,7.3,25.0,OK,False
11645,UK,Food & Refreshment,5.91,10,Premium,55,9.1605,55.00000000000001,OK,True
11646,Germany,Personal Care,6.06,1,Value,15,6.968999999999999,14.999999999999991,OK,False
11647,Germany,Personal Care,12.63,2,Value,15,14.5245,14.999999999999991,OK,False
11648,Spain,Food & Refreshment,9.94,3,Value,12,11.1328,12.00000000000001,OK,True
11649,UK,Home Care,9.41,9,Premium,50,14.115,50.0,OK,False
11650,France,Food & Refreshment,5.35,5,Standard,28,6.848,28.000000000000004,OK,True
11651,Germany,Home Care,12.36,10,Premium,50,18.54,50.0,OK,False
11652,France,Personal Care,1.06,10,Premium,60,1.6960000000000002,60.00000000000001,OK,True
11653,France,Home Care,13.13,2,Value,10,14.443,10.000000000000009,OK,True
11654,Germany,Food & Refreshment,7.93,10,Premium,55,12.2915,55.00000000000001,OK,True
11655,France,Food & Refreshment,6.27,5,Standard,28,8.025599999999999,28.000000000000004,OK,True
11656,Germany,Personal Care,7.71,5,Standard,30,10.023,30.000000000000004,OK,True
11657,France,Home Care,10.18,1,Value,10,11.198,10.000000000000009,OK,True
11658,Germany,Home Care,0.69,3,Value,10,0.759,10.000000000000009,OK,True
11659,UK,Home Care,13.14,5,Standard,25,16.425,25.0,OK,False
11660,Spain,Personal Care,6.98,9,Premium,60,11.168,60.00000000000001,OK,True
11661,Germany,Home Care,5.47,10,Premium,50,8.205,50.0,OK,False
11662,Germany,Food & Refreshment,2.5,1,Value,12,2.8000000000000003,12.00000000000001,OK,True
11663,Spain,Home Care,6.87,8,Premium,50,10.305,50.0,OK,False
11664,Germany,Personal Care,7.7,1,Value,15,8.854999999999999,14.999999999999968,OK,False
11665,Germany,Home Care,6.35,9,Premium,50,9.525,49.99999999999998,OK,False
11666,France,Home Care,10.34,6,Standard,25,12.925,25.0,OK,False
11667,Spain,Food & Refreshment,6.6,1,Value,12,7.392,12.00000000000001,OK,True
11668,UK,Home Care,14.44,8,Premium,50,21.66,50.0,OK,False
11669,Germany,Food & Refreshment,9.19,5,Standard,28,11.7632,28.000000000000004,OK,True
11670,Spain,Food & Refreshment,12.21,7,Standard,28,15.628800000000002,28.000000000000004,OK,True
11671,France,Personal Care,2.09,7,Standard,30,2.717,30.000000000000004,OK,True
11672,UK,Food & Refreshment,6.26,7,Standard,28,8.0128,28.000000000000004,OK,True
11673,Spain,Food & Refreshment,5.38,6,Standard,28,6.8864,28.000000000000004,OK,True
11674,UK,Personal Care,8.76,8,Premium,60,14.016,60.00000000000001,OK,True
11675,UK,Food & Refreshment,12.99,9,Premium,55,20.1345,54.999999999999986,OK,False
11676,UK,Personal Care,1.64,2,Value,15,1.8859999999999997,14.999999999999991,OK,False
11677,Germany,Home Care,1.55,7,Standard,25,1.9375,25.0,OK,False
11678,Germany,Personal Care,12.83,2,Value,15,14.754499999999998,14.999999999999991,OK,False
11679,France,Food & Refreshment,3.59,6,Standard,28,4.5952,28.000000000000004,OK,True
11680,France,Personal Care,10.2,2,Value,15,11.73,14.999999999999991,OK,False
11681,Spain,Food & Refreshment,8.37,10,Premium,55,12.9735,55.00000000000001,OK,True
11682,France,Home Care,12.58,6,Standard,25,15.725,25.0,OK,False
11683,UK,Personal Care,2.31,2,Value,15,2.6565,14.999999999999991,OK,False
11684,UK,Home Care,2.38,1,Value,10,2.618,10.000000000000009,OK,True
11685,Germany,Food & Refreshment,8.57,7,Standard,28,10.9696,28.000000000000004,OK,True
11686,UK,Food & Refreshment,14.22,3,Value,12,15.926400000000005,12.00000000000001,OK,True
11687,Spain,Home Care,6.52,4,Standard,25,8.149999999999999,24.99999999999998,OK,False
11688,UK,Personal Care,5.24,6,Standard,30,6.812,30.000000000000004,OK,True
11689,UK,Personal Care,9.3,5,Standard,30,12.090000000000002,30.000000000000004,OK,True
11690,Spain,Food & Refreshment,13.99,4,Standard,28,17.9072,28.000000000000004,OK,True
11691,France,Home Care,12.64,9,Premium,50,18.96,50.0,OK,False
11692,France,Home Care,14.93,6,Standard,25,18.6625,25.00000000000002,OK,True
11693,Spain,Personal Care,0.83,6,Standard,30,1.079,30.000000000000004,OK,True
11694,Germany,Personal Care,2.14,2,Value,15,2.461,14.999999999999991,OK,False
11695,UK,Personal Care,9.34,6,Standard,30,12.142,30.000000000000004,OK,True
11696,Spain,Home Care,12.4,7,Standard,25,15.5,25.0,OK,False
11697,UK,Personal Care,4.64,8,Premium,60,7.424,60.00000000000001,OK,True
11698,Germany,Personal Care,3.97,8,Premium,60,6.352,60.00000000000001,OK,True
11699,UK,Food & Refreshment,11.91,9,Premium,55,18.4605,55.00000000000001,OK,True
11700,Spain,Personal Care,1.32,10,Premium,60,2.112,60.00000000000001,OK,True
11701,UK,Personal Care,5.86,3,Value,15,6.739,14.999999999999991,OK,False
11702,France,Home Care,7.83,10,Premium,50,11.745,50.00000000000002,OK,True
11703,Germany,Home Care,8.63,7,Standard,25,10.7875,25.0,OK,False
11704,Germany,Food & Refreshment,11.06,7,Standard,28,14.1568,28.000000000000004,OK,True
11705,Germany,Personal Care,5.65,1,Value,15,6.4975,14.999999999999991,OK,False
11706,Spain,Food & Refreshment,9.38,8,Premium,55,14.539,55.00000000000001,OK,True
11707,Germany,Home Care,8.99,4,Standard,25,11.2375,25.0,OK,False
11708,France,Food & Refreshment,8.44,5,Standard,28,10.8032,28.000000000000004,OK,True
11709,Spain,Home Care,9.79,6,Standard,25,12.2375,25.0,OK,False
11710,France,Food & Refreshment,4.26,3,Value,12,4.7712,12.00000000000001,OK,True
11711,UK,Food & Refreshment,1.73,5,Standard,28,2.2144,28.000000000000004,OK,True
11712,UK,Personal Care,2.23,10,Premium,60,3.568,60.00000000000001,OK,True
11713,UK,Food & Refreshment,3.76,5,Standard,28,4.8128,28.000000000000004,OK,True
11714,UK,Personal Care,7.75,1,Value,15,8.9125,14.999999999999991,OK,False
11715,France,Personal Care,12.69,3,Value,15,14.5935,14.999999999999991,OK,False
11716,Spain,Personal Care,10.67,3,Value,15,12.270499999999998,14.999999999999991,OK,False
11717,Spain,Personal Care,11.94,1,Value,15,13.730999999999998,14.999999999999991,OK,False
11718,Germany,Food & Refreshment,5.59,7,Standard,28,7.1552,28.000000000000004,OK,True
11719,France,Home Care,6.37,1,Value,10,7.007000000000001,10.000000000000009,OK,True
11720,UK,Home Care,6.21,7,Standard,25,7.7625,25.0,OK,False
11721,France,Home Care,3.28,4,Standard,25,4.1,25.0,OK,False
11722,Germany,Food & Refreshment,1.39,9,Premium,55,2.1545,55.00000000000003,OK,True
11723,Germany,Personal Care,9.07,7,Standard,30,11.791,30.000000000000004,OK,True
11724,France,Home Care,14.84,5,Standard,25,18.55,25.0,OK,False
11725,France,Food & Refreshment,2.92,7,Standard,28,3.7376,28.000000000000004,OK,True
11726,France,Personal Care,1.18,9,Premium,60,1.888,60.00000000000001,OK,True
11727,Spain,Home Care,11.8,10,Premium,50,17.700000000000003,50.00000000000002,OK,True
11728,UK,Personal Care,4.16,6,Standard,30,5.408,30.000000000000004,OK,True
11729,France,Home Care,12.53,1,Value,10,13.783,10.000000000000009,OK,True
11730,France,Home Care,10.71,6,Standard,25,13.3875,25.0,OK,False
11731,France,Home Care,14.21,1,Value,10,15.631000000000002,10.000000000000009,OK,True
11732,Germany,Personal Care,6.43,4,Standard,30,8.359,30.000000000000004,OK,True
11733,Germany,Food & Refreshment,10.1,8,Premium,55,15.655,55.00000000000001,OK,True
11734,Spain,Personal Care,7.24,5,Standard,30,9.412,30.000000000000004,OK,True
11735,UK,Home Care,9.64,5,Standard,25,12.05,25.0,OK,False
11736,Spain,Personal Care,7.02,10,Premium,60,11.232,60.00000000000001,OK,True
11737,UK,Food & Refreshment,3.24,8,Premium,55,5.022,55.00000000000001,OK,True
11738,Germany,Personal Care,7.86,8,Premium,60,12.576,60.00000000000001,OK,True
11739,Germany,Food & Refreshment,8.16,1,Value,12,9.1392,12.00000000000001,OK,True
11740,Germany,Food & Refreshment,12.25,5,Standard,28,15.68,28.000000000000004,OK,True
11741,Spain,Personal Care,11.17,5,Standard,30,14.521,30.000000000000004,OK,True
11742,France,Home Care,10.12,8,Premium,50,15.18,50.0,OK,False
11743,France,Food & Refreshment,2.14,1,Value,12,2.3968000000000003,12.00000000000001,OK,True
11744,Germany,Personal Care,10.95,7,Standard,30,14.235,30.000000000000004,OK,True
11745,France,Food & Refreshment,7.75,7,Standard,28,9.92,28.000000000000004,OK,True
11746,France,Home Care,13.46,9,Premium,50,20.19,50.0,OK,False
11747,Spain,Personal Care,13.84,2,Value,15,15.916,14.999999999999991,OK,False
11748,UK,Personal Care,1.3,3,Value,15,1.495,14.999999999999991,OK,False
11749,Germany,Personal Care,12.4,4,Standard,30,16.12,30.000000000000004,OK,True
11750,Germany,Home Care,1.05,1,Value,10,1.1550000000000002,10.000000000000009,OK,True
11751,Spain,Food & Refreshment,5.82,7,Standard,28,7.4496,28.000000000000004,OK,True
11752,Spain,Personal Care,8.36,10,Premium,60,13.376,60.00000000000001,OK,True
11753,France,Food & Refreshment,2.65,3,Value,12,2.968,12.00000000000001,OK,True
11754,Germany,Food & Refreshment,11.32,3,Value,12,12.678400000000002,12.00000000000001,OK,True
11755,UK,Home Care,0.62,3,Value,10,0.682,10.000000000000009,OK,True
11756,Spain,Personal Care,2.94,8,Premium,60,4.704,59.999999999999986,OK,False
11757,UK,Food & Refreshment,8.92,9,Premium,55,13.826,55.00000000000001,OK,True
11758,UK,Personal Care,10.86,10,Premium,60,17.376,60.00000000000001,OK,True
11759,Germany,Personal Care,13.79,2,Value,15,15.858499999999998,14.999999999999991,OK,False
11760,Germany,Home Care,10.73,10,Premium,50,16.095,49.99999999999998,OK,False
11761,Spain,Personal Care,10.24,10,Premium,60,16.384,60.00000000000001,OK,True
11762,Germany,Personal Care,6.22,1,Value,15,7.153,14.999999999999991,OK,False
11763,Germany,Food & Refreshment,0.52,9,Premium,55,0.806,55.00000000000001,OK,True
11764,Germany,Home Care,2.24,6,Standard,25,2.8000000000000003,25.0,OK,False
11765,UK,Personal Care,8.25,9,Premium,60,13.2,60.00000000000001,OK,True
11766,Spain,Food & Refreshment,10.29,6,Standard,28,13.1712,28.000000000000004,OK,True
11767,France,Home Care,6.55,2,Value,10,7.205,10.000000000000009,OK,True
11768,UK,Home Care,11.09,1,Value,10,12.199000000000002,10.000000000000009,OK,True
11769,Germany,Food & Refreshment,8.07,8,Premium,55,12.508500000000002,55.00000000000001,OK,True
11770,UK,Food & Refreshment,1.58,3,Value,12,1.7696000000000005,12.00000000000001,OK,True
11771,Germany,Food & Refreshment,3.28,1,Value,12,3.6736,12.00000000000001,OK,True
11772,Germany,Food & Refreshment,12.68,8,Premium,55,19.654,55.00000000000001,OK,True
11773,UK,Food & Refreshment,11.01,1,Value,12,12.3312,12.00000000000001,OK,True
11774,Spain,Personal Care,13.47,8,Premium,60,21.552000000000003,60.00000000000001,OK,True
11775,Germany,Personal Care,2.2,1,Value,15,2.53,14.999999999999991,OK,False
11776,Spain,Home Care,14.86,9,Premium,50,22.29,50.0,OK,False
11777,France,Personal Care,3.54,9,Premium,60,5.664000000000001,60.00000000000001,OK,True
11778,Germany,Personal Care,0.67,9,Premium,60,1.072,60.00000000000001,OK,True
11779,Spain,Personal Care,14.96,3,Value,15,17.204,14.999999999999991,OK,False
11780,Spain,Food & Refreshment,4.58,4,Standard,28,5.8624,28.000000000000004,OK,True
11781,France,Home Care,10.19,5,Standard,25,12.7375,25.0,OK,False
11782,Spain,Home Care,3.06,6,Standard,25,3.825,25.0,OK,False
11783,Spain,Home Care,8.91,9,Premium,50,13.365,50.0,OK,False
11784,France,Home Care,13.61,4,Standard,25,17.0125,25.0,OK,False
11785,Germany,Personal Care,5.14,6,Standard,30,6.6819999999999995,30.000000000000004,OK,True
11786,Spain,Personal Care,10.22,1,Value,15,11.753,14.999999999999991,OK,False
11787,Spain,Food & Refreshment,3.22,2,Value,12,3.6064000000000007,12.00000000000001,OK,True
11788,Spain,Home Care,9.56,8,Premium,50,14.34,50.0,OK,False
11789,UK,Personal Care,5.38,4,Standard,30,6.994,30.000000000000004,OK,True
11790,France,Personal Care,3.56,10,Premium,60,5.696000000000001,60.00000000000001,OK,True
11791,UK,Food & Refreshment,5.04,7,Standard,28,6.4512,28.000000000000004,OK,True
11792,France,Food & Refreshment,3.09,4,Standard,28,3.9552,28.000000000000004,OK,True
11793,Germany,Food & Refreshment,13.58,9,Premium,55,21.049,55.00000000000001,OK,True
11794,Germany,Personal Care,6.26,9,Premium,60,10.016,60.00000000000001,OK,True
11795,Spain,Personal Care,4.06,4,Standard,30,5.278,30.000000000000004,OK,True
11796,France,Food & Refreshment,7.0,8,Premium,55,10.85,55.00000000000001,OK,True
11797,Germany,Home Care,5.15,6,Standard,25,6.4375,25.0,OK,False
11798,France,Food & Refreshment,11.29,1,Value,12,12.6448,12.00000000000001,OK,True
11799,Germany,Food & Refreshment,14.58,7,Standard,28,18.6624,28.000000000000004,OK,True
11800,UK,Food & Refreshment,6.85,1,Value,12,7.672000000000001,12.00000000000001,OK,True
11801,Germany,Food & Refreshment,12.98,3,Value,12,14.5376,12.00000000000001,OK,True
11802,UK,Personal Care,8.71,8,Premium,60,13.936000000000002,60.00000000000001,OK,True
11803,Germany,Home Care,2.78,9,Premium,50,4.17,50.0,OK,False
11804,Spain,Food & Refreshment,10.51,3,Value,12,11.7712,12.00000000000001,OK,True
11805,UK,Home Care,7.94,1,Value,10,8.734000000000002,10.000000000000009,OK,True
11806,Germany,Home Care,9.93,1,Value,10,10.923,10.000000000000009,OK,True
11807,Spain,Home Care,13.4,7,Standard,25,16.75,25.0,OK,False
11808,UK,Food & Refreshment,6.89,5,Standard,28,8.8192,28.000000000000004,OK,True
11809,Spain,Personal Care,13.57,1,Value,15,15.6055,14.999999999999991,OK,False
11810,France,Food & Refreshment,11.38,6,Standard,28,14.566400000000002,28.000000000000004,OK,True
11811,France,Home Care,7.58,6,Standard,25,9.475,25.0,OK,False
11812,UK,Home Care,9.25,4,Standard,25,11.5625,25.0,OK,False
11813,Germany,Personal Care,5.22,7,Standard,30,6.786,30.000000000000004,OK,True
11814,UK,Food & Refreshment,14.76,7,Standard,28,18.8928,28.000000000000004,OK,True
11815,Spain,Home Care,10.18,9,Premium,50,15.27,50.0,OK,False
11816,Germany,Personal Care,1.14,1,Value,15,1.3109999999999995,14.999999999999991,OK,False
11817,France,Home Care,5.24,5,Standard,25,6.550000000000001,25.0,OK,False
11818,Germany,Personal Care,9.54,10,Premium,60,15.264,60.00000000000001,OK,True
11819,France,Personal Care,1.32,3,Value,15,1.518,14.999999999999991,OK,False
11820,Germany,Food & Refreshment,0.85,7,Standard,28,1.088,28.000000000000004,OK,True
11821,Germany,Home Care,7.03,4,Standard,25,8.7875,25.0,OK,False
11822,Germany,Food & Refreshment,5.32,4,Standard,28,6.8096000000000005,28.000000000000004,OK,True
11823,Spain,Home Care,6.86,1,Value,10,7.546000000000001,10.000000000000009,OK,True
11824,Spain,Food & Refreshment,4.31,1,Value,12,4.8272,12.00000000000001,OK,True
11825,UK,Home Care,2.89,10,Premium,50,4.335,50.0,OK,False
11826,UK,Food & Refreshment,10.49,2,Value,12,11.7488,12.00000000000001,OK,True
11827,France,Personal Care,7.96,2,Value,15,9.154,14.999999999999991,OK,False
11828,Spain,Home Care,3.4,1,Value,10,3.74,10.000000000000009,OK,True
11829,France,Home Care,5.13,8,Premium,50,7.695,50.0,OK,False
11830,UK,Personal Care,9.08,6,Standard,30,11.804,30.000000000000004,OK,True
11831,France,Food & Refreshment,1.55,6,Standard,28,1.984,28.000000000000004,OK,True
11832,UK,Home Care,2.64,10,Premium,50,3.96,50.0,OK,False
11833,Spain,Home Care,1.56,10,Premium,50,2.34,49.99999999999998,OK,False
11834,Germany,Food & Refreshment,12.28,9,Premium,55,19.034,55.00000000000001,OK,True
11835,Spain,Personal Care,11.41,5,Standard,30,14.833,30.000000000000004,OK,True
11836,France,Food & Refreshment,11.42,4,Standard,28,14.6176,28.000000000000004,OK,True
11837,France,Food & Refreshment,10.89,6,Standard,28,13.9392,28.000000000000004,OK,True
11838,Spain,Food & Refreshment,10.21,8,Premium,55,15.825500000000002,55.00000000000001,OK,True
11839,Spain,Home Care,7.42,1,Value,10,8.162,10.000000000000009,OK,True
11840,UK,Personal Care,9.81,7,Standard,30,12.753000000000002,30.000000000000004,OK,True
11841,France,Personal Care,1.06,8,Premium,60,1.6960000000000002,60.00000000000001,OK,True
11842,France,Food & Refreshment,9.51,9,Premium,55,14.7405,55.00000000000001,OK,True
11843,Spain,Home Care,11.78,8,Premium,50,17.669999999999998,50.0,OK,False
11844,Germany,Food & Refreshment,7.76,7,Standard,28,9.9328,28.000000000000004,OK,True
11845,France,Home Care,5.68,3,Value,10,6.248,10.000000000000009,OK,True
11846,Germany,Home Care,4.52,2,Value,10,4.9719999999999995,10.000000000000009,OK,True
11847,Spain,Home Care,9.82,3,Value,10,10.802,10.000000000000009,OK,True
11848,Spain,Home Care,10.55,4,Standard,25,13.1875,25.0,OK,False
11849,UK,Personal Care,13.13,4,Standard,30,17.069000000000003,30.000000000000004,OK,True
11850,France,Home Care,5.46,6,Standard,25,6.825,25.0,OK,False
11851,Germany,Home Care,11.66,7,Standard,25,14.575,25.0,OK,False
11852,UK,Food & Refreshment,8.64,4,Standard,28,11.0592,28.000000000000004,OK,True
11853,France,Food & Refreshment,13.3,10,Premium,55,20.615,55.00000000000001,OK,True
11854,UK,Personal Care,8.15,6,Standard,30,10.595,30.000000000000004,OK,True
11855,Spain,Food & Refreshment,8.01,9,Premium,55,12.4155,55.00000000000001,OK,True
11856,France,Home Care,8.88,6,Standard,25,11.1,25.0,OK,False
11857,UK,Food & Refreshment,11.37,3,Value,12,12.7344,12.00000000000001,OK,True
11858,UK,Personal Care,14.49,1,Value,15,16.6635,14.999999999999991,OK,False
11859,Germany,Food & Refreshment,1.57,10,Premium,55,2.4335,55.00000000000001,OK,True
11860,UK,Food & Refreshment,1.27,10,Premium,55,1.9685,55.00000000000001,OK,True
11861,France,Personal Care,14.09,5,Standard,30,18.317,30.000000000000004,OK,True
11862,France,Personal Care,8.18,10,Premium,60,13.088,60.00000000000001,OK,True
11863,Germany,Home Care,9.42,10,Premium,50,14.13,50.0,OK,False
11864,France,Food & Refreshment,7.5,3,Value,12,8.4,12.00000000000001,OK,True
11865,Spain,Home Care,1.86,8,Premium,50,2.79,50.0,OK,False
11866,France,Food & Refreshment,11.64,10,Premium,55,18.042,55.00000000000001,OK,True
11867,France,Food & Refreshment,11.33,1,Value,12,12.6896,12.00000000000001,OK,True
11868,UK,Home Care,5.02,2,Value,10,5.522,10.000000000000009,OK,True
11869,UK,Food & Refreshment,4.94,3,Value,12,5.532800000000001,12.00000000000001,OK,True
11870,France,Food & Refreshment,12.65,3,Value,12,14.168,12.00000000000001,OK,True
11871,Germany,Food & Refreshment,1.55,8,Premium,55,2.4025000000000003,55.00000000000001,OK,True
11872,UK,Personal Care,13.28,5,Standard,30,17.264,30.000000000000004,OK,True
11873,Germany,Home Care,4.22,8,Premium,50,6.33,50.0,OK,False
11874,France,Personal Care,9.1,6,Standard,30,11.83,30.000000000000004,OK,True
11875,France,Home Care,14.07,2,Value,10,15.477000000000002,10.000000000000009,OK,True
11876,Spain,Home Care,10.33,4,Standard,25,12.9125,25.0,OK,False
11877,UK,Food & Refreshment,6.51,9,Premium,55,10.0905,55.00000000000001,OK,True
11878,France,Home Care,10.5,4,Standard,25,13.125,25.0,OK,False
11879,Spain,Personal Care,5.49,5,Standard,30,7.1370000000000005,30.000000000000004,OK,True
11880,UK,Personal Care,4.52,5,Standard,30,5.8759999999999994,30.000000000000004,OK,True
11881,France,Personal Care,14.95,10,Premium,60,23.92,60.00000000000001,OK,True
11882,France,Home Care,11.39,8,Premium,50,17.085,50.0,OK,False
11883,UK,Personal Care,9.85,6,Standard,30,12.805,30.000000000000004,OK,True
11884,UK,Home Care,5.65,10,Premium,50,8.475000000000001,50.00000000000002,OK,True
11885,UK,Personal Care,1.21,7,Standard,30,1.573,30.000000000000004,OK,True
11886,France,Personal Care,0.95,6,Standard,30,1.235,29.999999999999982,OK,False
11887,France,Home Care,8.54,5,Standard,25,10.675,25.0,OK,False
11888,Spain,Personal Care,11.55,5,Standard,30,15.015,30.000000000000004,OK,True
11889,Germany,Food & Refreshment,8.29,3,Value,12,9.2848,12.00000000000001,OK,True
11890,UK,Home Care,12.69,7,Standard,25,15.8625,25.0,OK,False
11891,France,Home Care,0.98,10,Premium,50,1.47,50.0,OK,False
11892,France,Home Care,5.82,5,Standard,25,7.275,25.0,OK,False
11893,UK,Food & Refreshment,3.94,7,Standard,28,5.0432,28.000000000000004,OK,True
11894,Germany,Home Care,6.99,2,Value,10,7.689000000000001,10.000000000000009,OK,True
11895,UK,Personal Care,1.55,9,Premium,60,2.4800000000000004,60.00000000000003,OK,True
11896,Germany,Personal Care,14.33,8,Premium,60,22.928,60.00000000000001,OK,True
11897,France,Personal Care,3.74,5,Standard,30,4.862,30.000000000000004,OK,True
11898,Germany,Home Care,13.87,2,Value,10,15.257,10.000000000000009,OK,True
11899,Spain,Personal Care,6.68,6,Standard,30,8.684,30.000000000000004,OK,True
11900,France,Home Care,14.79,8,Premium,50,22.185,50.0,OK,False
11901,Spain,Personal Care,8.53,7,Standard,30,11.089,30.000000000000004,OK,True
11902,UK,Food & Refreshment,14.0,8,Premium,55,21.7,55.00000000000001,OK,True
11903,UK,Food & Refreshment,0.58,4,Standard,28,0.7424,28.000000000000004,OK,True
11904,UK,Food & Refreshment,11.35,3,Value,12,12.712000000000002,12.00000000000001,OK,True
11905,Germany,Food & Refreshment,13.59,7,Standard,28,17.3952,28.000000000000004,OK,True
11906,France,Home Care,2.53,2,Value,10,2.783,10.000000000000009,OK,True
11907,UK,Personal Care,1.89,5,Standard,30,2.457,30.000000000000004,OK,True
11908,UK,Food & Refreshment,6.66,7,Standard,28,8.5248,28.000000000000004,OK,True
11909,France,Home Care,14.04,1,Value,10,15.444,10.000000000000009,OK,True
11910,UK,Food & Refreshment,8.36,4,Standard,28,10.7008,28.000000000000004,OK,True
11911,Spain,Food & Refreshment,8.15,2,Value,12,9.128000000000002,12.00000000000001,OK,True
11912,France,Home Care,2.55,6,Standard,25,3.1875,25.0,OK,False
11913,France,Home Care,0.51,1,Value,10,0.561,10.000000000000009,OK,True
11914,France,Personal Care,12.25,7,Standard,30,15.925,30.000000000000004,OK,True
11915,Spain,Personal Care,1.77,3,Value,15,2.0355,14.999999999999991,OK,False
11916,France,Food & Refreshment,9.69,1,Value,12,10.8528,12.00000000000001,OK,True
11917,Spain,Food & Refreshment,13.76,8,Premium,55,21.328,55.00000000000001,OK,True
11918,France,Personal Care,3.53,7,Standard,30,4.5889999999999995,30.000000000000004,OK,True
11919,Germany,Personal Care,10.15,2,Value,15,11.6725,14.999999999999991,OK,False
11920,UK,Home Care,1.64,7,Standard,25,2.05,25.0,OK,False
11921,Germany,Personal Care,9.25,3,Value,15,10.6375,14.999999999999991,OK,False
11922,UK,Personal Care,2.88,9,Premium,60,4.608,59.999999999999986,OK,False
11923,Spain,Food & Refreshment,11.17,8,Premium,55,17.3135,55.00000000000001,OK,True
11924,Germany,Personal Care,4.87,5,Standard,30,6.331,30.000000000000004,OK,True
11925,France,Food & Refreshment,7.22,7,Standard,28,9.2416,28.000000000000004,OK,True
11926,UK,Personal Care,9.19,3,Value,15,10.568499999999998,14.999999999999991,OK,False
11927,UK,Home Care,2.98,1,Value,10,3.278,10.000000000000009,OK,True
11928,Germany,Personal Care,11.25,1,Value,15,12.937499999999998,14.999999999999991,OK,False
11929,Spain,Personal Care,4.89,2,Value,15,5.623499999999999,14.999999999999991,OK,False
11930,Germany,Personal Care,10.1,8,Premium,60,16.16,60.00000000000001,OK,True
11931,Spain,Food & Refreshment,2.8,1,Value,12,3.136,12.00000000000001,OK,True
11932,Spain,Home Care,10.48,5,Standard,25,13.1,25.0,OK,False
11933,UK,Personal Care,2.36,9,Premium,60,3.776,60.00000000000001,OK,True
11934,Germany,Food & Refreshment,6.67,9,Premium,55,10.3385,55.00000000000001,OK,True
11935,Germany,Home Care,4.08,2,Value,10,4.488,10.000000000000009,OK,True
11936,Spain,Food & Refreshment,11.35,7,Standard,28,14.528,28.000000000000004,OK,True
11937,Germany,Food & Refreshment,4.3,1,Value,12,4.816,12.00000000000001,OK,True
11938,France,Home Care,13.28,3,Value,10,14.608,10.000000000000009,OK,True
11939,France,Personal Care,13.43,6,Standard,30,17.459,30.000000000000004,OK,True
11940,Germany,Food & Refreshment,3.35,9,Premium,55,5.1925,54.999999999999986,OK,False
11941,Germany,Food & Refreshment,9.4,10,Premium,55,14.57,55.00000000000001,OK,True
11942,Spain,Personal Care,1.77,2,Value,15,2.0355,14.999999999999991,OK,False
11943,France,Personal Care,6.18,7,Standard,30,8.034,30.00000000000003,OK,True
11944,France,Home Care,10.84,4,Standard,25,13.55,25.0,OK,False
11945,UK,Home Care,10.06,2,Value,10,11.066,10.000000000000009,OK,True
11946,Spain,Home Care,9.56,3,Value,10,10.516000000000002,10.000000000000009,OK,True
11947,UK,Personal Care,4.6,6,Standard,30,5.9799999999999995,30.000000000000004,OK,True
11948,France,Food & Refreshment,5.98,10,Premium,55,9.269,54.999999999999986,OK,False
11949,Spain,Food & Refreshment,1.99,9,Premium,55,3.0845,55.00000000000001,OK,True
11950,Germany,Home Care,10.93,8,Premium,50,16.395,50.0,OK,False
11951,Spain,Personal Care,7.81,10,Premium,60,12.496,60.00000000000001,OK,True
11952,Germany,Food & Refreshment,10.78,9,Premium,55,16.709,55.00000000000001,OK,True
11953,Germany,Home Care,4.11,4,Standard,25,5.1375,25.0,OK,False
11954,Spain,Food & Refreshment,5.2,4,Standard,28,6.656000000000001,28.000000000000004,OK,True
11955,Germany,Food & Refreshment,5.35,9,Premium,55,8.2925,55.00000000000003,OK,True
11956,UK,Personal Care,0.87,8,Premium,60,1.392,60.00000000000001,OK,True
11957,France,Personal Care,5.45,2,Value,15,6.2675,14.999999999999991,OK,False
11958,Germany,Food & Refreshment,12.15,8,Premium,55,18.8325,54.999999999999986,OK,False
11959,UK,Home Care,13.51,1,Value,10,14.861,10.000000000000009,OK,True
11960,Germany,Personal Care,8.01,9,Premium,60,12.816,60.00000000000001,OK,True
11961,France,Food & Refreshment,7.1,9,Premium,55,11.005,55.00000000000001,OK,True
11962,UK,Personal Care,0.95,8,Premium,60,1.52,60.00000000000001,OK,True
11963,France,Personal Care,13.25,5,Standard,30,17.225,30.000000000000004,OK,True
11964,France,Personal Care,0.69,5,Standard,30,0.8969999999999999,30.000000000000004,OK,True
11965,UK,Food & Refreshment,14.2,3,Value,12,15.904,12.00000000000001,OK,True
11966,UK,Home Care,7.59,5,Standard,25,9.4875,25.00000000000002,OK,True
11967,UK,Home Care,5.46,4,Standard,25,6.825,25.0,OK,False
11968,Spain,Home Care,13.9,1,Value,10,15.29,10.000000000000009,OK,True
11969,UK,Personal Care,0.85,9,Premium,60,1.36,60.00000000000001,OK,True
11970,UK,Food & Refreshment,8.93,10,Premium,55,13.8415,55.00000000000001,OK,True
11971,UK,Personal Care,8.46,4,Standard,30,10.998,30.000000000000004,OK,True
11972,UK,Home Care,3.68,3,Value,10,4.048000000000001,10.000000000000032,OK,True
11973,Germany,Home Care,6.72,6,Standard,25,8.4,25.0,OK,False
11974,Spain,Food & Refreshment,9.96,1,Value,12,11.155200000000002,12.00000000000001,OK,True
11975,France,Personal Care,11.04,5,Standard,30,14.352,30.000000000000004,OK,True
11976,UK,Home Care,0.51,7,Standard,25,0.6375,25.0,OK,False
11977,Germany,Food & Refreshment,14.08,2,Value,12,15.769600000000002,12.00000000000001,OK,True
11978,Germany,Personal Care,2.89,10,Premium,60,4.6240000000000006,60.00000000000001,OK,True
11979,Germany,Personal Care,3.89,9,Premium,60,6.224,60.00000000000001,OK,True
11980,France,Home Care,4.32,6,Standard,25,5.4,25.0,OK,False
11981,UK,Home Care,1.05,2,Value,10,1.1550000000000002,10.000000000000009,OK,True
11982,Spain,Personal Care,2.28,8,Premium,60,3.648,60.00000000000001,OK,True
11983,Spain,Personal Care,14.8,8,Premium,60,23.680000000000003,60.00000000000001,OK,True
11984,Germany,Home Care,5.07,1,Value,10,5.577000000000001,10.000000000000009,OK,True
11985,France,Personal Care,2.17,1,Value,15,2.4955,14.999999999999991,OK,False
11986,France,Home Care,2.05,1,Value,10,2.255,10.000000000000009,OK,True
11987,France,Personal Care,10.93,4,Standard,30,14.209,30.000000000000004,OK,True
11988,Spain,Home Care,12.89,4,Standard,25,16.1125,25.0,OK,False
11989,Germany,Food & Refreshment,4.23,8,Premium,55,6.556500000000001,55.00000000000001,OK,True
11990,UK,Home Care,0.8,1,Value,10,0.8800000000000001,10.000000000000009,OK,True
11991,Spain,Home Care,3.73,10,Premium,50,5.595,50.0,OK,False
11992,Germany,Food & Refreshment,1.32,3,Value,12,1.4784000000000002,12.00000000000001,OK,True
11993,Germany,Personal Care,2.0,1,Value,15,2.3,14.999999999999991,OK,False
11994,UK,Food & Refreshment,6.76,9,Premium,55,10.478,55.00000000000001,OK,True
11995,UK,Home Care,3.83,10,Premium,50,5.745,50.0,OK,False
11996,UK,Personal Care,7.98,9,Premium,60,12.768,60.00000000000001,OK,True
11997,France,Food & Refreshment,4.18,7,Standard,28,5.3504,28.000000000000004,OK,True
11998,UK,Personal Care,14.14,8,Premium,60,22.624,60.00000000000001,OK,True
11999,Germany,Personal Care,13.64,1,Value,15,15.686,14.999999999999991,OK,False
12000,UK,Food & Refreshment,8.72,5,Standard,28,11.161600000000002,28.000000000000004,OK,True
12001,Germany,Personal Care,5.64,2,Value,15,6.485999999999999,14.999999999999991,OK,False
12002,Spain,Food & Refreshment,6.03,1,Value,12,6.7536000000000005,12.00000000000001,OK,True
12003,France,Home Care,6.47,3,Value,10,7.117,10.000000000000009,OK,True
12004,Spain,Personal Care,11.05,7,Standard,30,14.365000000000002,30.000000000000004,OK,True
12005,Spain,Home Care,7.05,1,Value,10,7.755000000000001,10.000000000000009,OK,True
12006,Germany,Home Care,12.92,2,Value,10,14.212000000000002,10.000000000000009,OK,True
12007,Spain,Personal Care,14.19,2,Value,15,16.318499999999997,14.999999999999991,OK,False
12008,Germany,Food & Refreshment,5.37,4,Standard,28,6.873600000000001,28.000000000000004,OK,True
12009,UK,Personal Care,8.63,3,Value,15,9.9245,14.999999999999991,OK,False
12010,UK,Home Care,1.88,3,Value,10,2.068,10.000000000000009,OK,True
12011,Germany,Home Care,3.41,10,Premium,50,5.115,50.0,OK,False
12012,UK,Food & Refreshment,6.5,5,Standard,28,8.32,28.000000000000004,OK,True
12013,France,Personal Care,3.49,3,Value,15,4.0135,14.999999999999991,OK,False
12014,Spain,Home Care,13.21,7,Standard,25,16.512500000000003,25.00000000000002,OK,True
12015,France,Home Care,2.8,5,Standard,25,3.5,25.0,OK,False
12016,Spain,Home Care,7.11,4,Standard,25,8.887500000000001,25.0,OK,False
12017,UK,Food & Refreshment,9.28,3,Value,12,10.3936,12.00000000000001,OK,True
12018,France,Home Care,10.53,4,Standard,25,13.1625,25.0,OK,False
12019,UK,Home Care,6.05,2,Value,10,6.655,10.000000000000009,OK,True
12020,Spain,Personal Care,13.1,1,Value,15,15.064999999999998,14.999999999999991,OK,False
12021,Germany,Personal Care,8.74,3,Value,15,10.051,14.999999999999991,OK,False
12022,Germany,Home Care,6.87,2,Value,10,7.557,10.000000000000009,OK,True
12023,France,Home Care,1.47,1,Value,10,1.617,10.000000000000009,OK,True
12024,UK,Personal Care,7.24,1,Value,15,8.325999999999999,14.999999999999968,OK,False
12025,UK,Food & Refreshment,12.4,2,Value,12,13.888000000000002,12.00000000000001,OK,True
12026,France,Food & Refreshment,9.41,9,Premium,55,14.5855,55.00000000000001,OK,True
12027,Germany,Food & Refreshment,12.57,5,Standard,28,16.0896,28.000000000000004,OK,True
12028,Spain,Food & Refreshment,7.66,9,Premium,55,11.873,55.00000000000001,OK,True
12029,France,Food & Refreshment,2.22,8,Premium,55,3.4410000000000003,55.00000000000001,OK,True
12030,Spain,Food & Refreshment,0.7,6,Standard,28,0.8959999999999999,28.000000000000004,OK,True
12031,Germany,Food & Refreshment,4.9,1,Value,12,5.488000000000001,12.00000000000001,OK,True
12032,UK,Food & Refreshment,10.62,10,Premium,55,16.461,55.00000000000001,OK,True
12033,Germany,Personal Care,11.96,5,Standard,30,15.548000000000002,30.000000000000004,OK,True
12034,France,Food & Refreshment,4.79,1,Value,12,5.364800000000001,12.00000000000001,OK,True
12035,UK,Food & Refreshment,7.69,7,Standard,28,9.8432,28.000000000000004,OK,True
12036,France,Food & Refreshment,6.61,10,Premium,55,10.245500000000002,55.00000000000003,OK,True
12037,France,Home Care,6.45,8,Premium,50,9.675,50.0,OK,False
12038,Germany,Personal Care,3.85,8,Premium,60,6.16,60.00000000000001,OK,True
12039,France,Personal Care,2.48,7,Standard,30,3.224,30.000000000000004,OK,True
12040,Germany,Personal Care,3.35,2,Value,15,3.8525,14.999999999999991,OK,False
12041,UK,Food & Refreshment,1.3,5,Standard,28,1.664,28.000000000000004,OK,True
12042,Germany,Food & Refreshment,3.37,4,Standard,28,4.3136,28.000000000000004,OK,True
12043,UK,Home Care,0.63,5,Standard,25,0.7875,25.0,OK,False
12044,Germany,Personal Care,9.6,10,Premium,60,15.36,60.00000000000001,OK,True
12045,Spain,Food & Refreshment,5.09,9,Premium,55,7.8895,55.00000000000001,OK,True
12046,Spain,Personal Care,14.61,4,Standard,30,18.993,30.000000000000004,OK,True
12047,France,Home Care,3.31,8,Premium,50,4.965,50.0,OK,False
12048,Germany,Home Care,5.51,8,Premium,50,8.265,50.00000000000002,OK,True
12049,Germany,Home Care,5.69,2,Value,10,6.259000000000001,10.000000000000009,OK,True
12050,UK,Personal Care,0.62,6,Standard,30,0.806,30.000000000000004,OK,True
12051,France,Food & Refreshment,12.67,5,Standard,28,16.2176,28.000000000000004,OK,True
12052,Germany,Food & Refreshment,0.96,2,Value,12,1.0752000000000002,12.00000000000001,OK,True
12053,France,Home Care,14.13,10,Premium,50,21.195,50.0,OK,False
12054,Spain,Food & Refreshment,13.44,4,Standard,28,17.2032,28.000000000000004,OK,True
12055,Germany,Home Care,8.27,7,Standard,25,10.3375,25.0,OK,False
12056,Germany,Personal Care,8.38,1,Value,15,9.637,14.999999999999991,OK,False
12057,France,Home Care,9.98,9,Premium,50,14.97,50.0,OK,False
12058,Germany,Personal Care,6.11,10,Premium,60,9.776000000000002,60.00000000000001,OK,True
12059,France,Home Care,9.88,1,Value,10,10.868000000000002,10.000000000000009,OK,True
12060,Germany,Food & Refreshment,1.15,5,Standard,28,1.472,28.000000000000004,OK,True
12061,UK,Food & Refreshment,1.28,7,Standard,28,1.6384,28.000000000000004,OK,True
12062,France,Home Care,7.13,8,Premium,50,10.695,50.0,OK,False
12063,Germany,Food & Refreshment,8.47,2,Value,12,9.4864,12.00000000000001,OK,True
12064,Spain,Food & Refreshment,13.37,4,Standard,28,17.113599999999998,28.000000000000004,OK,True
12065,Germany,Food & Refreshment,2.02,2,Value,12,2.2624000000000004,12.00000000000001,OK,True
12066,Spain,Personal Care,12.43,4,Standard,30,16.159,30.000000000000004,OK,True
12067,Spain,Food & Refreshment,3.55,6,Standard,28,4.544,28.000000000000004,OK,True
12068,UK,Personal Care,6.21,6,Standard,30,8.073,30.000000000000004,OK,True
12069,France,Home Care,5.09,2,Value,10,5.599,10.000000000000009,OK,True
12070,Germany,Food & Refreshment,6.3,4,Standard,28,8.064,28.000000000000004,OK,True
12071,UK,Food & Refreshment,2.68,4,Standard,28,3.4304,28.000000000000004,OK,True
12072,Germany,Food & Refreshment,7.8,1,Value,12,8.736,12.00000000000001,OK,True
12073,Spain,Home Care,12.12,2,Value,10,13.332,10.000000000000009,OK,True
12074,France,Personal Care,6.9,3,Value,15,7.935,14.999999999999991,OK,False
12075,Germany,Personal Care,7.61,5,Standard,30,9.893,30.000000000000004,OK,True
12076,Germany,Food & Refreshment,12.81,8,Premium,55,19.855500000000003,55.00000000000003,OK,True
12077,Spain,Home Care,10.74,6,Standard,25,13.425,25.0,OK,False
12078,Germany,Home Care,7.61,3,Value,10,8.371,10.000000000000009,OK,True
12079,Germany,Home Care,4.24,6,Standard,25,5.300000000000001,25.0,OK,False
12080,Spain,Home Care,13.33,7,Standard,25,16.6625,25.0,OK,False
12081,UK,Home Care,8.87,6,Standard,25,11.0875,25.0,OK,False
12082,Spain,Personal Care,3.71,10,Premium,60,5.936,60.00000000000001,OK,True
12083,UK,Personal Care,4.4,6,Standard,30,5.720000000000001,30.000000000000004,OK,True
12084,France,Personal Care,12.15,1,Value,15,13.9725,14.999999999999991,OK,False
12085,UK,Food & Refreshment,1.14,3,Value,12,1.2768,12.00000000000001,OK,True
12086,UK,Home Care,14.89,7,Standard,25,18.6125,25.0,OK,False
12087,France,Food & Refreshment,2.39,4,Standard,28,3.0592,28.000000000000004,OK,True
12088,UK,Home Care,12.04,4,Standard,25,15.05,25.0,OK,False
12089,Spain,Personal Care,6.22,7,Standard,30,8.086,30.000000000000004,OK,True
12090,UK,Food & Refreshment,7.64,9,Premium,55,11.842,55.00000000000001,OK,True
12091,France,Personal Care,13.27,2,Value,15,15.2605,14.999999999999991,OK,False
12092,Spain,Home Care,6.49,9,Premium,50,9.735,49.99999999999998,OK,False
12093,France,Home Care,8.29,3,Value,10,9.119,10.000000000000009,OK,True
12094,France,Home Care,1.21,6,Standard,25,1.5125,25.0,OK,False
12095,Germany,Personal Care,0.53,4,Standard,30,0.6890000000000001,30.000000000000004,OK,True
12096,Germany,Home Care,4.05,1,Value,10,4.455,10.000000000000009,OK,True
12097,France,Personal Care,10.37,9,Premium,60,16.592,60.00000000000001,OK,True
12098,France,Food & Refreshment,2.26,6,Standard,28,2.8928,28.000000000000004,OK,True
12099,France,Home Care,2.15,8,Premium,50,3.2249999999999996,50.0,OK,False
12100,Germany,Home Care,6.46,2,Value,10,7.106000000000001,10.000000000000009,OK,True
12101,Germany,Home Care,9.89,7,Standard,25,12.3625,25.0,OK,False
12102,UK,Food & Refreshment,10.83,6,Standard,28,13.8624,28.000000000000004,OK,True
12103,UK,Home Care,3.09,2,Value,10,3.399,10.000000000000009,OK,True
12104,France,Personal Care,1.65,2,Value,15,1.8974999999999995,14.999999999999991,OK,False
12105,Spain,Personal Care,14.14,4,Standard,30,18.382,30.000000000000004,OK,True
12106,Spain,Home Care,4.28,4,Standard,25,5.3500000000000005,25.0,OK,False
12107,Germany,Home Care,12.87,3,Value,10,14.157,10.000000000000009,OK,True
12108,Germany,Food & Refreshment,13.02,8,Premium,55,20.181,55.00000000000001,OK,True
12109,Germany,Food & Refreshment,11.7,7,Standard,28,14.976,28.000000000000004,OK,True
12110,France,Food & Refreshment,2.95,2,Value,12,3.3040000000000007,12.00000000000001,OK,True
12111,Spain,Home Care,12.42,3,Value,10,13.662,10.000000000000009,OK,True
12112,UK,Food & Refreshment,11.65,10,Premium,55,18.0575,55.00000000000001,OK,True
12113,France,Food & Refreshment,9.15,9,Premium,55,14.1825,55.00000000000001,OK,True
12114,UK,Personal Care,5.39,5,Standard,30,7.007,30.000000000000004,OK,True
12115,UK,Food & Refreshment,4.31,2,Value,12,4.8272,12.00000000000001,OK,True
12116,France,Personal Care,2.27,3,Value,15,2.6104999999999996,14.999999999999991,OK,False
12117,UK,Personal Care,7.89,8,Premium,60,12.624,60.00000000000001,OK,True
12118,Spain,Food & Refreshment,8.99,4,Standard,28,11.5072,28.000000000000004,OK,True
12119,UK,Personal Care,5.71,2,Value,15,6.5665,14.999999999999991,OK,False
12120,Spain,Home Care,7.39,2,Value,10,8.129,10.000000000000009,OK,True
12121,Spain,Home Care,5.77,6,Standard,25,7.2125,25.0,OK,False
12122,Spain,Food & Refreshment,9.79,8,Premium,55,15.174499999999998,55.00000000000001,OK,True
12123,Germany,Home Care,13.57,7,Standard,25,16.9625,24.99999999999998,OK,False
12124,UK,Personal Care,2.88,4,Standard,30,3.744,30.000000000000004,OK,True
12125,France,Home Care,6.03,2,Value,10,6.633000000000001,10.000000000000009,OK,True
12126,France,Food & Refreshment,2.54,9,Premium,55,3.937,55.00000000000001,OK,True
12127,UK,Food & Refreshment,9.56,4,Standard,28,12.2368,28.000000000000004,OK,True
12128,Germany,Personal Care,11.07,9,Premium,60,17.712,59.999999999999986,OK,False
12129,Germany,Food & Refreshment,14.01,5,Standard,28,17.9328,28.000000000000004,OK,True
12130,Spain,Home Care,4.54,7,Standard,25,5.675,25.0,OK,False
12131,UK,Food & Refreshment,14.28,5,Standard,28,18.2784,28.000000000000025,OK,True
12132,UK,Personal Care,1.42,2,Value,15,1.6329999999999998,14.999999999999991,OK,False
12133,France,Food & Refreshment,9.24,6,Standard,28,11.8272,28.000000000000004,OK,True
12134,UK,Home Care,1.33,7,Standard,25,1.6625,25.0,OK,False
12135,Germany,Personal Care,13.46,6,Standard,30,17.498,30.000000000000004,OK,True
12136,UK,Home Care,8.18,3,Value,10,8.998000000000001,10.000000000000009,OK,True
12137,France,Personal Care,10.21,10,Premium,60,16.336000000000002,60.00000000000001,OK,True
12138,Spain,Food & Refreshment,12.56,8,Premium,55,19.468,55.00000000000001,OK,True
12139,France,Personal Care,2.68,3,Value,15,3.082,14.999999999999991,OK,False
12140,France,Personal Care,1.06,5,Standard,30,1.378,30.000000000000004,OK,True
12141,Spain,Food & Refreshment,13.24,9,Premium,55,20.522,55.00000000000001,OK,True
12142,France,Home Care,5.07,5,Standard,25,6.3375,25.0,OK,False
12143,France,Food & Refreshment,2.37,7,Standard,28,3.0336000000000003,28.000000000000004,OK,True
12144,UK,Personal Care,7.29,7,Standard,30,9.477,30.000000000000004,OK,True
12145,UK,Food & Refreshment,9.18,5,Standard,28,11.7504,28.000000000000004,OK,True
12146,Spain,Personal Care,0.95,2,Value,15,1.0924999999999998,14.999999999999991,OK,False
12147,UK,Food & Refreshment,4.49,5,Standard,28,5.7472,28.000000000000004,OK,True
12148,UK,Food & Refreshment,0.98,7,Standard,28,1.2544,28.000000000000004,OK,True
12149,France,Home Care,6.59,7,Standard,25,8.2375,25.00000000000002,OK,True
12150,Germany,Personal Care,13.48,4,Standard,30,17.524,30.000000000000004,OK,True
12151,UK,Home Care,14.75,1,Value,10,16.225,10.000000000000009,OK,True
12152,Germany,Personal Care,9.74,6,Standard,30,12.662,30.000000000000004,OK,True
12153,UK,Food & Refreshment,2.84,3,Value,12,3.1808,12.00000000000001,OK,True
12154,UK,Personal Care,13.63,5,Standard,30,17.719,30.000000000000004,OK,True
12155,Spain,Home Care,7.99,4,Standard,25,9.9875,25.0,OK,False
12156,Spain,Home Care,2.73,2,Value,10,3.003,10.000000000000009,OK,True
12157,Spain,Home Care,13.87,7,Standard,25,17.3375,25.0,OK,False
12158,Germany,Personal Care,11.48,5,Standard,30,14.924,30.000000000000004,OK,True
12159,France,Home Care,11.11,7,Standard,25,13.8875,25.0,OK,False
12160,UK,Home Care,10.78,9,Premium,50,16.169999999999998,50.0,OK,False
12161,UK,Home Care,3.4,4,Standard,25,4.25,25.0,OK,False
12162,UK,Food & Refreshment,3.56,5,Standard,28,4.5568,28.000000000000004,OK,True
12163,Germany,Food & Refreshment,10.48,9,Premium,55,16.244,54.999999999999986,OK,False
12164,Spain,Personal Care,3.69,10,Premium,60,5.904,60.00000000000001,OK,True
12165,France,Personal Care,6.86,4,Standard,30,8.918000000000001,30.000000000000004,OK,True
12166,Germany,Home Care,11.84,5,Standard,25,14.8,25.0,OK,False
12167,Spain,Food & Refreshment,11.87,5,Standard,28,15.1936,28.000000000000004,OK,True
12168,Germany,Home Care,7.07,8,Premium,50,10.605,50.0,OK,False
12169,France,Home Care,11.99,4,Standard,25,14.9875,25.0,OK,False
12170,Spain,Food & Refreshment,12.66,4,Standard,28,16.2048,27.99999999999998,OK,False
12171,Germany,Food & Refreshment,9.99,7,Standard,28,12.7872,28.000000000000004,OK,True
12172,France,Food & Refreshment,3.81,5,Standard,28,4.8768,28.000000000000004,OK,True
12173,UK,Personal Care,4.47,6,Standard,30,5.811,30.000000000000004,OK,True
12174,France,Personal Care,5.07,6,Standard,30,6.591,30.000000000000004,OK,True
12175,UK,Home Care,2.19,6,Standard,25,2.7375,25.0,OK,False
12176,Germany,Personal Care,4.46,10,Premium,60,7.136,60.00000000000001,OK,True
12177,Spain,Food & Refreshment,3.54,5,Standard,28,4.5312,28.000000000000004,OK,True
12178,Spain,Food & Refreshment,7.1,5,Standard,28,9.088,28.000000000000004,OK,True
12179,Germany,Personal Care,13.67,9,Premium,60,21.872,60.00000000000001,OK,True
12180,Spain,Home Care,2.01,8,Premium,50,3.0149999999999997,50.0,OK,False
12181,Spain,Home Care,10.94,4,Standard,25,13.675,25.0,OK,False
12182,UK,Personal Care,10.47,7,Standard,30,13.611,30.000000000000004,OK,True
12183,Germany,Home Care,1.89,8,Premium,50,2.835,50.0,OK,False
12184,France,Home Care,13.88,9,Premium,50,20.82,50.0,OK,False
12185,UK,Home Care,8.74,5,Standard,25,10.925,25.0,OK,False
12186,Germany,Food & Refreshment,5.77,3,Value,12,6.4624,12.00000000000001,OK,True
12187,UK,Food & Refreshment,11.47,4,Standard,28,14.6816,28.000000000000004,OK,True
12188,France,Personal Care,4.23,10,Premium,60,6.768000000000001,60.00000000000001,OK,True
12189,France,Food & Refreshment,10.56,6,Standard,28,13.516800000000002,28.000000000000004,OK,True
12190,Germany,Home Care,1.08,10,Premium,50,1.62,50.0,OK,False
12191,France,Food & Refreshment,12.67,5,Standard,28,16.2176,28.000000000000004,OK,True
12192,UK,Personal Care,7.0,9,Premium,60,11.2,60.00000000000001,OK,True
12193,France,Food & Refreshment,9.73,3,Value,12,10.897600000000002,12.00000000000001,OK,True
12194,UK,Home Care,3.71,2,Value,10,4.081,10.000000000000009,OK,True
12195,UK,Home Care,10.32,6,Standard,25,12.9,25.0,OK,False
12196,France,Personal Care,11.7,7,Standard,30,15.21,30.000000000000004,OK,True
12197,Germany,Food & Refreshment,7.36,5,Standard,28,9.4208,28.000000000000004,OK,True
12198,Spain,Food & Refreshment,9.46,1,Value,12,10.595200000000002,12.00000000000001,OK,True
12199,France,Food & Refreshment,7.12,3,Value,12,7.974400000000001,12.00000000000001,OK,True
12200,UK,Home Care,13.46,3,Value,10,14.806000000000004,10.000000000000009,OK,True
12201,UK,Personal Care,7.72,4,Standard,30,10.036,30.000000000000004,OK,True
12202,France,Food & Refreshment,12.71,10,Premium,55,19.7005,55.00000000000001,OK,True
12203,Germany,Home Care,12.12,6,Standard,25,15.15,25.0,OK,False
12204,Germany,Home Care,6.45,5,Standard,25,8.0625,25.0,OK,False
12205,UK,Home Care,3.84,1,Value,10,4.224,10.000000000000009,OK,True
12206,UK,Food & Refreshment,6.39,6,Standard,28,8.1792,28.000000000000004,OK,True
12207,Germany,Food & Refreshment,12.48,9,Premium,55,19.344,55.00000000000001,OK,True
12208,Spain,Food & Refreshment,3.8,1,Value,12,4.256,12.00000000000001,OK,True
12209,France,Food & Refreshment,8.1,8,Premium,55,12.555,55.00000000000001,OK,True
12210,UK,Food & Refreshment,12.19,8,Premium,55,18.8945,55.00000000000001,OK,True
12211,UK,Food & Refreshment,5.63,3,Value,12,6.3056,12.00000000000001,OK,True
12212,Germany,Food & Refreshment,9.81,9,Premium,55,15.2055,55.00000000000001,OK,True
12213,France,Food & Refreshment,4.06,8,Premium,55,6.292999999999999,55.00000000000001,OK,True
12214,Germany,Food & Refreshment,2.08,3,Value,12,2.3296,12.00000000000001,OK,True
12215,France,Home Care,12.02,10,Premium,50,18.03,50.00000000000002,OK,True
12216,France,Food & Refreshment,1.94,5,Standard,28,2.4832,28.000000000000004,OK,True
12217,France,Personal Care,4.44,3,Value,15,5.106,14.999999999999991,OK,False
12218,UK,Home Care,12.9,5,Standard,25,16.125,25.0,OK,False
12219,Spain,Food & Refreshment,5.52,9,Premium,55,8.556,55.00000000000001,OK,True
12220,Germany,Personal Care,14.61,4,Standard,30,18.993,30.000000000000004,OK,True
12221,Spain,Food & Refreshment,14.71,6,Standard,28,18.8288,28.000000000000004,OK,True
12222,Germany,Personal Care,4.39,3,Value,15,5.048499999999999,14.999999999999991,OK,False
12223,France,Personal Care,1.09,3,Value,15,1.2535,14.999999999999991,OK,False
12224,UK,Personal Care,10.72,5,Standard,30,13.936000000000002,30.000000000000004,OK,True
12225,Spain,Personal Care,7.04,8,Premium,60,11.264,60.00000000000001,OK,True
12226,UK,Home Care,1.96,8,Premium,50,2.94,50.0,OK,False
12227,Germany,Home Care,10.76,3,Value,10,11.836,10.000000000000009,OK,True
12228,UK,Personal Care,0.95,8,Premium,60,1.52,60.00000000000001,OK,True
12229,UK,Food & Refreshment,13.12,8,Premium,55,20.336,55.00000000000001,OK,True
12230,Spain,Personal Care,2.51,3,Value,15,2.8864999999999994,14.999999999999991,OK,False
12231,France,Home Care,2.35,10,Premium,50,3.5250000000000004,50.0,OK,False
12232,UK,Food & Refreshment,3.05,10,Premium,55,4.7275,55.00000000000001,OK,True
12233,France,Home Care,14.42,2,Value,10,15.862000000000002,10.000000000000009,OK,True
12234,Germany,Home Care,10.55,10,Premium,50,15.825,50.0,OK,False
12235,UK,Food & Refreshment,12.12,2,Value,12,13.5744,12.00000000000001,OK,True
12236,Spain,Personal Care,6.27,9,Premium,60,10.032,60.00000000000001,OK,True
12237,Germany,Personal Care,5.38,7,Standard,30,6.994,30.000000000000004,OK,True
12238,Germany,Personal Care,3.9,6,Standard,30,5.07,30.000000000000004,OK,True
12239,Spain,Personal Care,7.47,7,Standard,30,9.711,30.000000000000004,OK,True
12240,UK,Food & Refreshment,8.5,8,Premium,55,13.175,55.00000000000001,OK,True
12241,UK,Food & Refreshment,9.66,1,Value,12,10.8192,12.00000000000001,OK,True
12242,Germany,Food & Refreshment,4.23,8,Premium,55,6.556500000000001,55.00000000000001,OK,True
12243,UK,Home Care,14.26,3,Value,10,15.686000000000002,10.000000000000009,OK,True
12244,France,Food & Refreshment,2.96,3,Value,12,3.3152000000000004,12.00000000000001,OK,True
12245,Spain,Personal Care,14.5,6,Standard,30,18.85,30.000000000000004,OK,True
12246,France,Home Care,0.72,4,Standard,25,0.8999999999999999,25.0,OK,False
12247,UK,Personal Care,7.48,4,Standard,30,9.724,30.000000000000004,OK,True
12248,Germany,Personal Care,5.33,4,Standard,30,6.929,30.000000000000004,OK,True
12249,Spain,Food & Refreshment,7.01,10,Premium,55,10.8655,55.00000000000003,OK,True
12250,UK,Food & Refreshment,8.77,9,Premium,55,13.5935,55.00000000000001,OK,True
12251,UK,Personal Care,6.82,8,Premium,60,10.912,60.00000000000001,OK,True
12252,Germany,Personal Care,6.52,3,Value,15,7.497999999999999,14.999999999999991,OK,False
12253,Germany,Home Care,11.12,1,Value,10,12.232,10.000000000000009,OK,True
12254,France,Food & Refreshment,10.45,1,Value,12,11.704,12.00000000000001,OK,True
12255,Spain,Home Care,12.58,1,Value,10,13.838,10.000000000000009,OK,True
12256,Spain,Home Care,4.12,4,Standard,25,5.15,25.0,OK,False
12257,Germany,Home Care,9.34,6,Standard,25,11.675,25.0,OK,False
12258,France,Personal Care,8.99,4,Standard,30,11.687,30.000000000000004,OK,True
12259,Spain,Home Care,5.86,3,Value,10,6.446000000000001,10.000000000000009,OK,True
12260,Germany,Home Care,7.55,8,Premium,50,11.325,50.0,OK,False
12261,UK,Personal Care,5.05,8,Premium,60,8.08,60.00000000000001,OK,True
12262,Spain,Food & Refreshment,2.56,6,Standard,28,3.2768,28.000000000000004,OK,True
12263,France,Food & Refreshment,3.6,9,Premium,55,5.58,55.00000000000001,OK,True
12264,France,Home Care,2.03,10,Premium,50,3.045,50.0,OK,False
12265,France,Personal Care,10.4,1,Value,15,11.96,14.999999999999991,OK,False
12266,UK,Food & Refreshment,10.08,8,Premium,55,15.624,55.00000000000001,OK,True
12267,Spain,Home Care,14.28,6,Standard,25,17.849999999999998,25.0,OK,False
12268,Spain,Home Care,11.08,1,Value,10,12.188,10.000000000000009,OK,True
12269,UK,Personal Care,1.25,4,Standard,30,1.625,30.000000000000004,OK,True
12270,Spain,Home Care,13.32,5,Standard,25,16.65,24.99999999999998,OK,False
12271,UK,Food & Refreshment,13.01,7,Standard,28,16.6528,28.000000000000004,OK,True
12272,UK,Personal Care,6.93,8,Premium,60,11.088,60.00000000000003,OK,True
12273,UK,Food & Refreshment,9.0,9,Premium,55,13.95,55.00000000000001,OK,True
12274,France,Food & Refreshment,14.65,6,Standard,28,18.752,28.000000000000004,OK,True
12275,Spain,Food & Refreshment,8.22,10,Premium,55,12.741,55.00000000000001,OK,True
12276,UK,Home Care,13.63,9,Premium,50,20.445,50.0,OK,False
12277,Spain,Home Care,1.7,4,Standard,25,2.125,25.0,OK,False
12278,France,Food & Refreshment,3.27,8,Premium,55,5.0685,55.00000000000001,OK,True
12279,UK,Food & Refreshment,6.89,3,Value,12,7.7168,12.00000000000001,OK,True
12280,Germany,Personal Care,8.98,4,Standard,30,11.674,30.000000000000004,OK,True
12281,France,Personal Care,12.34,10,Premium,60,19.744,60.00000000000001,OK,True
12282,Germany,Home Care,14.83,4,Standard,25,18.5375,25.0,OK,False
12283,Spain,Home Care,6.14,6,Standard,25,7.675,25.0,OK,False
12284,Spain,Personal Care,1.19,9,Premium,60,1.904,60.00000000000001,OK,True
12285,France,Food & Refreshment,12.12,6,Standard,28,15.5136,28.000000000000004,OK,True
12286,Spain,Home Care,9.26,1,Value,10,10.186,10.000000000000009,OK,True
12287,Germany,Food & Refreshment,3.38,5,Standard,28,4.3264,28.000000000000004,OK,True
12288,UK,Personal Care,7.68,9,Premium,60,12.288,60.00000000000001,OK,True
12289,UK,Home Care,11.26,5,Standard,25,14.075,25.0,OK,False
12290,UK,Home Care,11.67,6,Standard,25,14.5875,25.0,OK,False
12291,France,Personal Care,7.74,3,Value,15,8.901,14.999999999999991,OK,False
12292,Spain,Home Care,4.93,8,Premium,50,7.395,50.0,OK,False
12293,Germany,Personal Care,14.62,10,Premium,60,23.392,60.00000000000001,OK,True
12294,Spain,Home Care,10.12,4,Standard,25,12.65,25.0,OK,False
12295,Spain,Personal Care,6.42,4,Standard,30,8.346,30.000000000000004,OK,True
12296,Spain,Home Care,4.57,5,Standard,25,5.7125,25.0,OK,False
12297,UK,Food & Refreshment,11.1,10,Premium,55,17.205,54.999999999999986,OK,False
12298,Germany,Food & Refreshment,4.01,9,Premium,55,6.2155,55.00000000000001,OK,True
12299,Germany,Food & Refreshment,2.99,8,Premium,55,4.6345,54.999999999999986,OK,False
12300,Spain,Home Care,8.18,7,Standard,25,10.225,25.0,OK,False
12301,UK,Home Care,4.7,5,Standard,25,5.875,25.0,OK,False
12302,UK,Food & Refreshment,9.62,9,Premium,55,14.911,55.00000000000001,OK,True
12303,Germany,Food & Refreshment,2.21,9,Premium,55,3.4255,55.00000000000001,OK,True
12304,UK,Personal Care,10.0,10,Premium,60,16.0,60.00000000000001,OK,True
12305,UK,Personal Care,4.61,10,Premium,60,7.376000000000001,60.00000000000001,OK,True
12306,UK,Personal Care,0.5,2,Value,15,0.575,14.999999999999991,OK,False
12307,France,Food & Refreshment,2.34,4,Standard,28,2.9952,28.000000000000004,OK,True
12308,Spain,Food & Refreshment,14.04,8,Premium,55,21.762,55.00000000000001,OK,True
12309,Germany,Food & Refreshment,13.08,1,Value,12,14.6496,12.00000000000001,OK,True
12310,Germany,Personal Care,3.89,5,Standard,30,5.057,30.000000000000004,OK,True
12311,France,Home Care,11.79,8,Premium,50,17.685,50.0,OK,False
12312,Spain,Food & Refreshment,9.32,2,Value,12,10.4384,12.00000000000001,OK,True
12313,Germany,Home Care,14.58,2,Value,10,16.038,10.000000000000009,OK,True
12314,UK,Home Care,5.92,8,Premium,50,8.879999999999999,49.99999999999998,OK,False
12315,Germany,Home Care,10.38,10,Premium,50,15.57,50.0,OK,False
12316,UK,Personal Care,1.42,9,Premium,60,2.272,59.999999999999986,OK,False
12317,France,Home Care,6.25,7,Standard,25,7.8125,25.0,OK,False
12318,UK,Food & Refreshment,14.48,8,Premium,55,22.444000000000003,55.00000000000001,OK,True
12319,Germany,Personal Care,8.32,5,Standard,30,10.816,30.000000000000004,OK,True
12320,Germany,Food & Refreshment,4.67,1,Value,12,5.2304,12.00000000000001,OK,True
12321,Germany,Food & Refreshment,2.24,4,Standard,28,2.8672000000000004,28.000000000000004,OK,True
12322,France,Personal Care,10.7,2,Value,15,12.304999999999998,14.999999999999991,OK,False
12323,France,Food & Refreshment,9.85,3,Value,12,11.032,12.00000000000001,OK,True
12324,Spain,Food & Refreshment,5.92,3,Value,12,6.630400000000001,12.00000000000001,OK,True
12325,Germany,Personal Care,14.29,9,Premium,60,22.864,60.00000000000001,OK,True
12326,UK,Food & Refreshment,0.82,10,Premium,55,1.271,55.00000000000001,OK,True
12327,France,Home Care,4.9,4,Standard,25,6.125,25.0,OK,False
12328,Germany,Food & Refreshment,13.86,2,Value,12,15.5232,12.00000000000001,OK,True
12329,Germany,Home Care,5.15,3,Value,10,5.665000000000001,10.000000000000009,OK,True
12330,France,Food & Refreshment,4.16,3,Value,12,4.6592,12.00000000000001,OK,True
12331,Spain,Personal Care,8.25,7,Standard,30,10.725,30.000000000000004,OK,True
12332,France,Personal Care,12.45,8,Premium,60,19.92,60.00000000000003,OK,True
12333,France,Food & Refreshment,2.0,6,Standard,28,2.56,28.000000000000004,OK,True
12334,UK,Personal Care,14.17,4,Standard,30,18.421,30.000000000000004,OK,True
12335,UK,Food & Refreshment,12.03,6,Standard,28,15.3984,28.000000000000004,OK,True
12336,Spain,Personal Care,3.13,1,Value,15,3.5994999999999995,14.999999999999991,OK,False
12337,Germany,Home Care,10.82,10,Premium,50,16.23,50.0,OK,False
12338,France,Food & Refreshment,6.08,8,Premium,55,9.424,55.00000000000003,OK,True
12339,Spain,Home Care,6.33,1,Value,10,6.963000000000001,10.000000000000009,OK,True
12340,UK,Home Care,11.86,5,Standard,25,14.825,25.0,OK,False
12341,France,Food & Refreshment,14.46,2,Value,12,16.195200000000003,12.00000000000001,OK,True
12342,Germany,Home Care,2.34,6,Standard,25,2.925,25.0,OK,False
12343,UK,Food & Refreshment,6.6,9,Premium,55,10.23,55.00000000000001,OK,True
12344,UK,Home Care,7.47,5,Standard,25,9.3375,25.0,OK,False
12345,UK,Food & Refreshment,5.96,4,Standard,28,7.6288,28.000000000000004,OK,True
12346,Spain,Food & Refreshment,5.77,2,Value,12,6.4624,12.00000000000001,OK,True
12347,Germany,Personal Care,1.26,3,Value,15,1.4489999999999998,14.999999999999991,OK,False
12348,France,Food & Refreshment,10.44,6,Standard,28,13.3632,28.000000000000004,OK,True
12349,Spain,Food & Refreshment,6.83,8,Premium,55,10.5865,55.00000000000001,OK,True
12350,Spain,Home Care,3.32,8,Premium,50,4.9799999999999995,50.0,OK,False
12351,Spain,Food & Refreshment,12.33,5,Standard,28,15.7824,28.000000000000004,OK,True
12352,UK,Personal Care,12.14,5,Standard,30,15.782000000000002,30.000000000000004,OK,True
12353,Germany,Home Care,7.55,10,Premium,50,11.325,50.0,OK,False
12354,Spain,Home Care,4.83,3,Value,10,5.313000000000001,10.000000000000009,OK,True
12355,France,Personal Care,9.75,7,Standard,30,12.675,30.000000000000004,OK,True
12356,Germany,Home Care,4.68,6,Standard,25,5.85,25.0,OK,False
12357,France,Home Care,3.92,1,Value,10,4.312,10.000000000000009,OK,True
12358,Germany,Home Care,11.09,4,Standard,25,13.8625,25.0,OK,False
12359,France,Home Care,1.08,6,Standard,25,1.35,25.0,OK,False
12360,UK,Personal Care,1.87,6,Standard,30,2.431,30.000000000000004,OK,True
12361,Spain,Personal Care,0.6,3,Value,15,0.69,14.999999999999991,OK,False
12362,France,Home Care,2.72,6,Standard,25,3.4000000000000004,25.0,OK,False
12363,Germany,Home Care,1.5,10,Premium,50,2.25,50.0,OK,False
12364,Spain,Personal Care,14.94,6,Standard,30,19.422,30.000000000000004,OK,True
12365,Spain,Personal Care,4.69,9,Premium,60,7.504000000000001,60.00000000000001,OK,True
12366,Germany,Personal Care,2.66,9,Premium,60,4.256,60.00000000000001,OK,True
12367,France,Home Care,3.99,2,Value,10,4.389,10.000000000000009,OK,True
12368,UK,Home Care,14.07,4,Standard,25,17.5875,24.99999999999998,OK,False
12369,UK,Food & Refreshment,8.04,9,Premium,55,12.462,55.00000000000001,OK,True
12370,France,Personal Care,5.79,4,Standard,30,7.527,30.000000000000004,OK,True
12371,Spain,Home Care,13.16,8,Premium,50,19.74,50.00000000000002,OK,True
12372,Spain,Personal Care,6.23,10,Premium,60,9.968000000000002,60.00000000000001,OK,True
12373,Spain,Home Care,5.36,3,Value,10,5.896000000000001,10.000000000000009,OK,True
12374,Spain,Personal Care,3.51,3,Value,15,4.036499999999999,14.999999999999991,OK,False
12375,France,Home Care,5.98,9,Premium,50,8.97,50.0,OK,False
12376,Spain,Food & Refreshment,5.09,10,Premium,55,7.8895,55.00000000000001,OK,True
12377,Germany,Food & Refreshment,10.32,8,Premium,55,15.996,55.00000000000001,OK,True
12378,Spain,Personal Care,4.7,1,Value,15,5.404999999999999,14.999999999999991,OK,False
12379,UK,Home Care,8.87,10,Premium,50,13.305,50.0,OK,False
12380,Spain,Home Care,1.46,2,Value,10,1.606,10.000000000000009,OK,True
12381,France,Personal Care,3.27,3,Value,15,3.760499999999999,14.999999999999991,OK,False
12382,UK,Home Care,6.41,2,Value,10,7.051000000000001,10.000000000000009,OK,True
12383,France,Personal Care,14.09,3,Value,15,16.2035,14.999999999999991,OK,False
12384,France,Home Care,5.97,8,Premium,50,8.955,50.0,OK,False
12385,UK,Personal Care,10.13,6,Standard,30,13.169000000000002,30.000000000000004,OK,True
12386,France,Home Care,4.2,7,Standard,25,5.25,25.0,OK,False
12387,France,Personal Care,2.34,10,Premium,60,3.744,60.00000000000001,OK,True
12388,Spain,Home Care,1.35,10,Premium,50,2.0250000000000004,50.00000000000002,OK,True
12389,Germany,Food & Refreshment,4.93,6,Standard,28,6.3104,28.000000000000004,OK,True
12390,France,Home Care,2.79,1,Value,10,3.0690000000000004,10.000000000000009,OK,True
12391,France,Personal Care,3.02,3,Value,15,3.473,14.999999999999991,OK,False
12392,France,Food & Refreshment,11.53,1,Value,12,12.9136,12.00000000000001,OK,True
12393,Spain,Home Care,0.73,10,Premium,50,1.095,50.0,OK,False
12394,Germany,Food & Refreshment,8.59,9,Premium,55,13.3145,55.00000000000001,OK,True
12395,UK,Home Care,6.0,9,Premium,50,9.0,50.0,OK,False
12396,Spain,Food & Refreshment,7.84,5,Standard,28,10.0352,28.000000000000004,OK,True
12397,Spain,Personal Care,8.66,4,Standard,30,11.258,30.000000000000004,OK,True
12398,Germany,Home Care,5.04,9,Premium,50,7.56,50.0,OK,False
12399,Germany,Home Care,4.78,9,Premium,50,7.17,50.0,OK,False
12400,Spain,Personal Care,11.13,3,Value,15,12.7995,14.999999999999991,OK,False
12401,UK,Food & Refreshment,13.13,5,Standard,28,16.8064,28.000000000000004,OK,True
12402,Spain,Personal Care,3.29,3,Value,15,3.7835,14.999999999999991,OK,False
12403,Germany,Personal Care,1.92,10,Premium,60,3.072,60.00000000000001,OK,True
12404,UK,Food & Refreshment,13.52,2,Value,12,15.1424,12.00000000000001,OK,True
12405,Germany,Personal Care,5.57,1,Value,15,6.4055,14.999999999999991,OK,False
12406,UK,Home Care,8.49,10,Premium,50,12.735,50.0,OK,False
12407,France,Home Care,5.71,2,Value,10,6.281000000000001,10.000000000000009,OK,True
12408,Germany,Home Care,2.32,8,Premium,50,3.4799999999999995,50.0,OK,False
12409,Germany,Personal Care,9.05,8,Premium,60,14.480000000000002,60.00000000000001,OK,True
12410,Spain,Home Care,8.11,3,Value,10,8.921,10.000000000000009,OK,True
12411,Germany,Home Care,3.44,7,Standard,25,4.3,25.0,OK,False
12412,Germany,Home Care,7.05,7,Standard,25,8.8125,25.0,OK,False
12413,France,Home Care,12.06,2,Value,10,13.266000000000002,10.000000000000009,OK,True
12414,Germany,Home Care,9.06,9,Premium,50,13.59,50.0,OK,False
12415,France,Home Care,1.91,3,Value,10,2.101,10.000000000000009,OK,True
12416,France,Personal Care,8.45,2,Value,15,9.717499999999998,14.999999999999991,OK,False
12417,France,Home Care,10.69,3,Value,10,11.759,10.000000000000009,OK,True
12418,France,Home Care,11.99,2,Value,10,13.189000000000002,10.000000000000009,OK,True
12419,UK,Food & Refreshment,9.62,8,Premium,55,14.911,55.00000000000001,OK,True
12420,Spain,Personal Care,2.71,5,Standard,30,3.523,30.000000000000004,OK,True
12421,UK,Personal Care,10.8,3,Value,15,12.42,14.999999999999991,OK,False
12422,Germany,Personal Care,10.32,5,Standard,30,13.416,30.000000000000004,OK,True
12423,UK,Personal Care,0.85,8,Premium,60,1.36,60.00000000000001,OK,True
12424,UK,Home Care,6.47,7,Standard,25,8.0875,25.0,OK,False
12425,Germany,Home Care,5.33,6,Standard,25,6.6625,25.0,OK,False
12426,Germany,Food & Refreshment,10.21,1,Value,12,11.435200000000002,12.00000000000001,OK,True
12427,Germany,Food & Refreshment,3.63,10,Premium,55,5.6265,55.00000000000001,OK,True
12428,UK,Personal Care,9.07,1,Value,15,10.4305,14.999999999999991,OK,False
12429,UK,Food & Refreshment,13.74,1,Value,12,15.388800000000002,12.00000000000001,OK,True
12430,Germany,Food & Refreshment,12.07,10,Premium,55,18.7085,55.00000000000001,OK,True
12431,Spain,Personal Care,13.86,8,Premium,60,22.176,60.00000000000003,OK,True
12432,Spain,Personal Care,14.69,8,Premium,60,23.504,60.00000000000001,OK,True
12433,France,Food & Refreshment,0.65,7,Standard,28,0.8320000000000001,28.000000000000004,OK,True
12434,Germany,Home Care,9.53,6,Standard,25,11.9125,25.0,OK,False
12435,France,Food & Refreshment,6.49,4,Standard,28,8.3072,28.000000000000004,OK,True
12436,Spain,Food & Refreshment,12.97,1,Value,12,14.526400000000002,12.00000000000001,OK,True
12437,France,Home Care,4.15,9,Premium,50,6.2250000000000005,50.0,OK,False
12438,Germany,Home Care,14.72,1,Value,10,16.192000000000004,10.000000000000032,OK,True
12439,Germany,Personal Care,9.4,4,Standard,30,12.22,30.000000000000004,OK,True
12440,Germany,Personal Care,12.01,3,Value,15,13.8115,14.999999999999991,OK,False
12441,UK,Food & Refreshment,1.74,7,Standard,28,2.2272,28.000000000000004,OK,True
12442,France,Home Care,3.16,5,Standard,25,3.95,25.0,OK,False
12443,Spain,Personal Care,11.5,5,Standard,30,14.95,30.000000000000004,OK,True
12444,Spain,Food & Refreshment,0.82,4,Standard,28,1.0496,27.99999999999998,OK,False
12445,Spain,Home Care,12.34,1,Value,10,13.574000000000002,10.000000000000009,OK,True
12446,UK,Food & Refreshment,0.7,5,Standard,28,0.8959999999999999,28.000000000000004,OK,True
12447,UK,Personal Care,10.03,4,Standard,30,13.039,30.000000000000004,OK,True
12448,Germany,Personal Care,5.79,10,Premium,60,9.264,60.00000000000001,OK,True
12449,Spain,Home Care,9.37,8,Premium,50,14.055,50.0,OK,False
12450,UK,Food & Refreshment,10.59,2,Value,12,11.8608,12.00000000000001,OK,True
12451,Germany,Home Care,5.47,8,Premium,50,8.205,50.0,OK,False
12452,Spain,Personal Care,2.07,1,Value,15,2.3804999999999996,14.999999999999991,OK,False
12453,France,Personal Care,1.51,4,Standard,30,1.963,30.000000000000004,OK,True
12454,Germany,Food & Refreshment,9.04,3,Value,12,10.1248,12.00000000000001,OK,True
12455,UK,Food & Refreshment,8.05,5,Standard,28,10.304,28.000000000000004,OK,True
12456,UK,Food & Refreshment,11.26,5,Standard,28,14.4128,28.000000000000004,OK,True
12457,Germany,Home Care,7.89,5,Standard,25,9.8625,25.0,OK,False
12458,Germany,Food & Refreshment,6.63,4,Standard,28,8.4864,28.000000000000004,OK,True
12459,UK,Food & Refreshment,6.27,8,Premium,55,9.7185,54.999999999999986,OK,False
12460,France,Personal Care,0.88,3,Value,15,1.012,14.999999999999991,OK,False
12461,Spain,Personal Care,5.37,4,Standard,30,6.981000000000001,30.000000000000004,OK,True
12462,France,Food & Refreshment,14.65,1,Value,12,16.408,12.00000000000001,OK,True
12463,Germany,Food & Refreshment,13.17,7,Standard,28,16.8576,28.000000000000004,OK,True
12464,France,Personal Care,5.28,1,Value,15,6.072,14.999999999999991,OK,False
12465,UK,Food & Refreshment,9.02,2,Value,12,10.1024,12.00000000000001,OK,True
12466,Germany,Home Care,12.79,7,Standard,25,15.9875,25.0,OK,False
12467,Spain,Home Care,6.9,1,Value,10,7.590000000000001,10.000000000000009,OK,True
12468,UK,Home Care,0.76,3,Value,10,0.8360000000000001,10.000000000000009,OK,True
12469,UK,Food & Refreshment,1.58,6,Standard,28,2.0224,28.000000000000004,OK,True
12470,Spain,Personal Care,7.9,6,Standard,30,10.27,30.000000000000004,OK,True
12471,Spain,Food & Refreshment,14.56,6,Standard,28,18.6368,28.000000000000004,OK,True
12472,France,Food & Refreshment,10.55,2,Value,12,11.816000000000004,12.00000000000001,OK,True
12473,Germany,Personal Care,1.53,2,Value,15,1.7594999999999998,14.999999999999991,OK,False
12474,Spain,Personal Care,3.25,6,Standard,30,4.2250000000000005,30.00000000000003,OK,True
12475,Spain,Personal Care,11.68,10,Premium,60,18.688,59.999999999999986,OK,False
12476,Germany,Home Care,12.7,5,Standard,25,15.875,25.0,OK,False
12477,Spain,Food & Refreshment,9.46,7,Standard,28,12.108800000000002,28.000000000000004,OK,True
12478,Spain,Personal Care,9.84,7,Standard,30,12.792,30.000000000000004,OK,True
12479,France,Food & Refreshment,0.91,5,Standard,28,1.1648,28.000000000000004,OK,True
12480,UK,Home Care,12.51,8,Premium,50,18.765,50.0,OK,False
12481,UK,Home Care,11.93,10,Premium,50,17.895,50.0,OK,False
12482,UK,Personal Care,4.26,6,Standard,30,5.538,30.000000000000004,OK,True
12483,UK,Personal Care,10.78,5,Standard,30,14.014,30.000000000000004,OK,True
12484,Spain,Food & Refreshment,3.62,4,Standard,28,4.6336,28.000000000000004,OK,True
12485,Germany,Personal Care,1.08,7,Standard,30,1.404,30.000000000000004,OK,True
12486,Germany,Food & Refreshment,3.42,4,Standard,28,4.3776,28.000000000000004,OK,True
12487,France,Personal Care,3.09,5,Standard,30,4.017,30.00000000000003,OK,True
12488,France,Food & Refreshment,5.4,5,Standard,28,6.912000000000001,28.000000000000004,OK,True
12489,Spain,Food & Refreshment,6.57,1,Value,12,7.358400000000001,12.00000000000001,OK,True
12490,Germany,Food & Refreshment,7.87,1,Value,12,8.814400000000001,12.00000000000001,OK,True
12491,Germany,Food & Refreshment,7.41,3,Value,12,8.2992,12.00000000000001,OK,True
12492,UK,Home Care,4.42,3,Value,10,4.862,10.000000000000009,OK,True
12493,Spain,Food & Refreshment,0.92,2,Value,12,1.0304000000000002,12.00000000000001,OK,True
12494,Spain,Personal Care,9.27,2,Value,15,10.6605,14.999999999999991,OK,False
12495,UK,Home Care,6.24,6,Standard,25,7.800000000000001,25.0,OK,False
12496,Spain,Home Care,4.83,1,Value,10,5.313000000000001,10.000000000000009,OK,True
12497,Spain,Food & Refreshment,13.07,6,Standard,28,16.7296,28.000000000000004,OK,True
12498,France,Home Care,11.33,5,Standard,25,14.1625,25.0,OK,False
12499,Germany,Food & Refreshment,12.94,6,Standard,28,16.5632,28.000000000000004,OK,True
12500,Spain,Personal Care,7.68,5,Standard,30,9.984,30.000000000000004,OK,True
12501,France,Food & Refreshment,2.4,7,Standard,28,3.072,28.000000000000004,OK,True
12502,Germany,Home Care,10.6,1,Value,10,11.66,10.000000000000009,OK,True
12503,UK,Personal Care,3.49,3,Value,15,4.0135,14.999999999999991,OK,False
12504,France,Food & Refreshment,6.9,6,Standard,28,8.832,28.000000000000004,OK,True
12505,France,Personal Care,1.44,1,Value,15,1.656,14.999999999999991,OK,False
12506,Germany,Personal Care,12.47,7,Standard,30,16.211000000000002,30.000000000000004,OK,True
12507,UK,Home Care,2.33,4,Standard,25,2.9125,25.0,OK,False
12508,France,Personal Care,13.59,3,Value,15,15.6285,14.999999999999991,OK,False
12509,Spain,Home Care,13.03,10,Premium,50,19.545,50.0,OK,False
12510,Spain,Personal Care,7.24,9,Premium,60,11.584,60.00000000000001,OK,True
12511,Spain,Food & Refreshment,11.29,1,Value,12,12.6448,12.00000000000001,OK,True
12512,UK,Personal Care,9.48,8,Premium,60,15.168,60.00000000000001,OK,True
12513,France,Food & Refreshment,12.14,1,Value,12,13.596800000000002,12.00000000000001,OK,True
12514,Spain,Food & Refreshment,6.76,5,Standard,28,8.6528,28.000000000000004,OK,True
12515,UK,Personal Care,11.89,10,Premium,60,19.024,60.00000000000001,OK,True
12516,Spain,Food & Refreshment,7.21,8,Premium,55,11.1755,55.00000000000001,OK,True
12517,Germany,Personal Care,14.14,6,Standard,30,18.382,30.000000000000004,OK,True
12518,France,Personal Care,7.55,7,Standard,30,9.815,30.000000000000004,OK,True
12519,France,Food & Refreshment,7.21,8,Premium,55,11.1755,55.00000000000001,OK,True
12520,UK,Food & Refreshment,11.88,6,Standard,28,15.206400000000002,28.000000000000004,OK,True
12521,UK,Home Care,12.41,6,Standard,25,15.5125,25.0,OK,False
12522,France,Food & Refreshment,8.54,6,Standard,28,10.9312,28.000000000000004,OK,True
12523,Spain,Home Care,3.11,5,Standard,25,3.8875,25.0,OK,False
12524,Spain,Food & Refreshment,7.28,8,Premium,55,11.284,55.00000000000001,OK,True
12525,Germany,Personal Care,14.54,2,Value,15,16.720999999999997,14.999999999999991,OK,False
12526,Spain,Food & Refreshment,11.42,7,Standard,28,14.6176,28.000000000000004,OK,True
12527,UK,Personal Care,12.26,4,Standard,30,15.938,30.000000000000004,OK,True
12528,UK,Personal Care,0.98,1,Value,15,1.127,15.000000000000014,OK,True
12529,Spain,Personal Care,7.28,5,Standard,30,9.464,30.000000000000004,OK,True
12530,UK,Home Care,9.88,3,Value,10,10.868000000000002,10.000000000000009,OK,True
12531,France,Food & Refreshment,12.54,4,Standard,28,16.051199999999998,28.000000000000004,OK,True
12532,France,Personal Care,1.21,7,Standard,30,1.573,30.000000000000004,OK,True
12533,Spain,Personal Care,12.86,5,Standard,30,16.718,30.000000000000004,OK,True
12534,France,Home Care,8.45,4,Standard,25,10.5625,25.0,OK,False
12535,France,Food & Refreshment,3.36,1,Value,12,3.7632,12.00000000000001,OK,True
12536,Germany,Food & Refreshment,5.1,6,Standard,28,6.528,28.000000000000004,OK,True
12537,Germany,Home Care,4.59,10,Premium,50,6.885,50.0,OK,False
12538,France,Home Care,8.2,6,Standard,25,10.25,25.0,OK,False
12539,Spain,Food & Refreshment,1.25,7,Standard,28,1.6,28.000000000000004,OK,True
12540,Germany,Home Care,2.8,1,Value,10,3.08,10.000000000000009,OK,True
12541,UK,Food & Refreshment,12.28,4,Standard,28,15.7184,28.000000000000004,OK,True
12542,UK,Food & Refreshment,2.42,9,Premium,55,3.751,55.00000000000001,OK,True
12543,UK,Personal Care,3.88,10,Premium,60,6.208,60.00000000000001,OK,True
12544,Spain,Personal Care,7.07,6,Standard,30,9.191,30.000000000000004,OK,True
12545,France,Food & Refreshment,8.0,2,Value,12,8.96,12.00000000000001,OK,True
12546,UK,Food & Refreshment,11.57,4,Standard,28,14.8096,28.000000000000004,OK,True
12547,Spain,Food & Refreshment,6.99,6,Standard,28,8.9472,28.000000000000004,OK,True
12548,Germany,Food & Refreshment,11.95,4,Standard,28,15.296,28.000000000000004,OK,True
12549,France,Food & Refreshment,9.47,10,Premium,55,14.6785,55.00000000000001,OK,True
12550,Germany,Food & Refreshment,2.14,7,Standard,28,2.7392000000000003,28.000000000000004,OK,True
12551,Spain,Home Care,2.77,3,Value,10,3.047,10.000000000000009,OK,True
12552,UK,Food & Refreshment,6.84,6,Standard,28,8.7552,28.000000000000004,OK,True
12553,UK,Home Care,6.25,4,Standard,25,7.8125,25.0,OK,False
12554,Spain,Home Care,11.28,3,Value,10,12.408,10.000000000000009,OK,True
12555,UK,Food & Refreshment,8.92,3,Value,12,9.9904,12.00000000000001,OK,True
12556,France,Food & Refreshment,6.13,2,Value,12,6.865600000000001,12.00000000000001,OK,True
12557,Spain,Home Care,2.98,3,Value,10,3.278,10.000000000000009,OK,True
12558,Germany,Home Care,3.79,10,Premium,50,5.6850000000000005,50.00000000000002,OK,True
12559,Spain,Food & Refreshment,8.84,1,Value,12,9.9008,12.00000000000001,OK,True
12560,France,Food & Refreshment,6.64,3,Value,12,7.436800000000001,12.00000000000001,OK,True
12561,France,Home Care,7.97,9,Premium,50,11.955,50.0,OK,False
12562,Spain,Home Care,2.97,4,Standard,25,3.7125,25.0,OK,False
12563,Spain,Home Care,10.11,3,Value,10,11.121,10.000000000000009,OK,True
12564,UK,Personal Care,12.86,8,Premium,60,20.576,60.00000000000001,OK,True
12565,France,Home Care,4.24,1,Value,10,4.664000000000001,10.000000000000009,OK,True
12566,Spain,Personal Care,7.63,5,Standard,30,9.919,30.000000000000004,OK,True
12567,Spain,Food & Refreshment,14.65,1,Value,12,16.408,12.00000000000001,OK,True
12568,France,Food & Refreshment,5.33,7,Standard,28,6.8224,28.000000000000004,OK,True
12569,Spain,Home Care,9.13,5,Standard,25,11.4125,25.0,OK,False
12570,UK,Food & Refreshment,1.81,2,Value,12,2.0272,12.00000000000001,OK,True
12571,France,Food & Refreshment,9.29,1,Value,12,10.4048,12.00000000000001,OK,True
12572,UK,Food & Refreshment,1.8,7,Standard,28,2.3040000000000003,28.000000000000004,OK,True
12573,UK,Food & Refreshment,14.41,1,Value,12,16.139200000000002,12.00000000000001,OK,True
12574,UK,Personal Care,10.88,3,Value,15,12.512,14.999999999999991,OK,False
12575,UK,Personal Care,11.93,6,Standard,30,15.509,30.000000000000004,OK,True
12576,France,Home Care,10.71,6,Standard,25,13.3875,25.0,OK,False
12577,UK,Home Care,9.05,7,Standard,25,11.3125,25.0,OK,False
12578,UK,Home Care,7.02,1,Value,10,7.722,10.000000000000009,OK,True
12579,Spain,Food & Refreshment,12.95,7,Standard,28,16.576,28.000000000000004,OK,True
12580,France,Food & Refreshment,14.37,2,Value,12,16.0944,12.00000000000001,OK,True
12581,France,Personal Care,7.74,6,Standard,30,10.062,30.000000000000004,OK,True
12582,Germany,Personal Care,14.01,8,Premium,60,22.416,60.00000000000001,OK,True
12583,France,Home Care,8.96,5,Standard,25,11.2,25.0,OK,False
12584,France,Personal Care,8.31,10,Premium,60,13.296,60.00000000000001,OK,True
12585,Germany,Personal Care,7.09,3,Value,15,8.1535,14.999999999999991,OK,False
12586,France,Personal Care,3.53,8,Premium,60,5.648,60.00000000000001,OK,True
12587,France,Personal Care,0.55,8,Premium,60,0.8800000000000001,60.00000000000001,OK,True
12588,France,Personal Care,4.0,4,Standard,30,5.2,30.000000000000004,OK,True
12589,France,Home Care,7.89,8,Premium,50,11.835,50.0,OK,False
12590,Germany,Home Care,6.01,5,Standard,25,7.512499999999999,25.0,OK,False
12591,France,Personal Care,7.0,5,Standard,30,9.1,30.000000000000004,OK,True
12592,France,Home Care,14.72,3,Value,10,16.192000000000004,10.000000000000032,OK,True
12593,Germany,Food & Refreshment,5.58,7,Standard,28,7.1424,28.000000000000004,OK,True
12594,Spain,Personal Care,7.06,9,Premium,60,11.296,60.00000000000001,OK,True
12595,UK,Food & Refreshment,2.44,9,Premium,55,3.782,55.00000000000001,OK,True
12596,Spain,Home Care,1.2,1,Value,10,1.32,10.000000000000009,OK,True
12597,Germany,Home Care,11.74,1,Value,10,12.914,10.000000000000009,OK,True
12598,UK,Food & Refreshment,8.77,10,Premium,55,13.5935,55.00000000000001,OK,True
12599,Germany,Home Care,11.53,5,Standard,25,14.4125,25.0,OK,False
12600,Germany,Personal Care,2.67,1,Value,15,3.0704999999999996,14.999999999999991,OK,False
12601,France,Food & Refreshment,8.79,4,Standard,28,11.2512,28.000000000000004,OK,True
12602,UK,Personal Care,4.18,1,Value,15,4.8069999999999995,14.999999999999991,OK,False
12603,France,Food & Refreshment,3.81,2,Value,12,4.267200000000001,12.00000000000001,OK,True
12604,UK,Home Care,0.67,2,Value,10,0.7370000000000001,10.000000000000009,OK,True
12605,Germany,Food & Refreshment,2.39,4,Standard,28,3.0592,28.000000000000004,OK,True
12606,Germany,Food & Refreshment,4.98,8,Premium,55,7.719000000000001,55.00000000000001,OK,True
12607,Spain,Personal Care,2.19,2,Value,15,2.5185,14.999999999999991,OK,False
12608,UK,Home Care,14.79,9,Premium,50,22.185,50.0,OK,False
12609,France,Personal Care,4.98,9,Premium,60,7.968000000000001,60.00000000000001,OK,True
12610,Spain,Home Care,2.39,2,Value,10,2.6290000000000004,10.000000000000009,OK,True
12611,Spain,Personal Care,3.39,1,Value,15,3.8985,14.999999999999991,OK,False
12612,Spain,Food & Refreshment,9.02,10,Premium,55,13.981,55.00000000000001,OK,True
12613,France,Personal Care,1.43,10,Premium,60,2.288,59.999999999999986,OK,False
12614,Spain,Home Care,13.01,9,Premium,50,19.515,50.0,OK,False
12615,France,Home Care,14.44,2,Value,10,15.884,10.000000000000009,OK,True
12616,Spain,Food & Refreshment,4.08,8,Premium,55,6.324000000000001,55.00000000000001,OK,True
12617,France,Home Care,7.03,3,Value,10,7.733,10.000000000000009,OK,True
12618,Germany,Personal Care,0.82,1,Value,15,0.9429999999999998,14.999999999999991,OK,False
12619,Germany,Food & Refreshment,9.79,1,Value,12,10.9648,12.00000000000001,OK,True
12620,Germany,Home Care,6.5,10,Premium,50,9.75,50.0,OK,False
12621,Germany,Home Care,4.42,2,Value,10,4.862,10.000000000000009,OK,True
12622,Germany,Personal Care,3.5,7,Standard,30,4.55,30.000000000000004,OK,True
12623,Spain,Personal Care,9.98,6,Standard,30,12.974,30.000000000000004,OK,True
12624,Spain,Food & Refreshment,6.54,2,Value,12,7.324800000000001,12.00000000000001,OK,True
12625,Spain,Home Care,3.11,4,Standard,25,3.8875,25.0,OK,False
12626,France,Personal Care,10.49,2,Value,15,12.0635,14.999999999999991,OK,False
12627,France,Food & Refreshment,8.69,1,Value,12,9.7328,12.00000000000001,OK,True
12628,France,Home Care,12.95,3,Value,10,14.245,10.000000000000009,OK,True
12629,France,Home Care,2.2,4,Standard,25,2.75,25.0,OK,False
12630,Germany,Food & Refreshment,11.89,10,Premium,55,18.4295,55.00000000000001,OK,True
12631,Germany,Food & Refreshment,10.27,5,Standard,28,13.1456,28.000000000000004,OK,True
12632,Germany,Personal Care,2.17,5,Standard,30,2.821,30.000000000000004,OK,True
12633,UK,Home Care,10.57,7,Standard,25,13.2125,25.0,OK,False
12634,Spain,Home Care,6.9,10,Premium,50,10.35,50.00000000000002,OK,True
12635,France,Home Care,14.2,8,Premium,50,21.299999999999997,49.99999999999998,OK,False
12636,France,Food & Refreshment,2.55,9,Premium,55,3.9525,55.00000000000001,OK,True
12637,Germany,Personal Care,9.82,7,Standard,30,12.766,30.000000000000004,OK,True
12638,France,Home Care,6.04,5,Standard,25,7.55,25.0,OK,False
12639,France,Food & Refreshment,14.37,9,Premium,55,22.2735,55.00000000000001,OK,True
12640,Spain,Home Care,5.28,8,Premium,50,7.92,50.0,OK,False
12641,Germany,Personal Care,14.45,10,Premium,60,23.12,60.00000000000001,OK,True
12642,Spain,Home Care,13.57,9,Premium,50,20.355,50.0,OK,False
12643,UK,Personal Care,4.42,10,Premium,60,7.072,60.00000000000001,OK,True
12644,UK,Personal Care,12.15,8,Premium,60,19.44,60.00000000000001,OK,True
12645,UK,Home Care,14.94,6,Standard,25,18.675,25.0,OK,False
12646,Germany,Home Care,4.16,4,Standard,25,5.2,25.0,OK,False
12647,France,Personal Care,6.83,9,Premium,60,10.928,60.00000000000001,OK,True
12648,Germany,Food & Refreshment,8.04,9,Premium,55,12.462,55.00000000000001,OK,True
12649,Germany,Personal Care,4.78,10,Premium,60,7.648000000000001,60.00000000000001,OK,True
12650,France,Home Care,0.72,10,Premium,50,1.08,50.00000000000002,OK,True
12651,Spain,Home Care,3.69,9,Premium,50,5.535,50.0,OK,False
12652,UK,Food & Refreshment,4.59,10,Premium,55,7.1145,55.00000000000001,OK,True
12653,Spain,Personal Care,6.93,3,Value,15,7.969499999999999,14.999999999999991,OK,False
12654,UK,Personal Care,2.98,3,Value,15,3.4269999999999996,14.999999999999991,OK,False
12655,Germany,Personal Care,13.16,6,Standard,30,17.108,30.000000000000004,OK,True
12656,UK,Home Care,10.72,6,Standard,25,13.4,25.0,OK,False
12657,Germany,Personal Care,1.74,6,Standard,30,2.262,30.000000000000004,OK,True
12658,Spain,Food & Refreshment,9.93,5,Standard,28,12.7104,28.000000000000004,OK,True
12659,Germany,Home Care,9.98,5,Standard,25,12.475,25.0,OK,False
12660,Spain,Home Care,14.37,2,Value,10,15.807,10.000000000000009,OK,True
12661,France,Personal Care,0.54,7,Standard,30,0.7020000000000001,30.000000000000004,OK,True
12662,France,Food & Refreshment,4.1,4,Standard,28,5.247999999999999,28.000000000000004,OK,True
12663,France,Home Care,13.95,3,Value,10,15.345,10.000000000000009,OK,True
12664,Germany,Home Care,14.02,8,Premium,50,21.03,50.00000000000002,OK,True
12665,France,Personal Care,10.95,4,Standard,30,14.235,30.000000000000004,OK,True
12666,UK,Personal Care,11.6,4,Standard,30,15.08,30.000000000000004,OK,True
12667,Spain,Food & Refreshment,1.83,8,Premium,55,2.8365,55.00000000000001,OK,True
12668,Spain,Personal Care,7.95,1,Value,15,9.1425,14.999999999999991,OK,False
12669,UK,Food & Refreshment,3.86,9,Premium,55,5.983,55.00000000000001,OK,True
12670,Germany,Home Care,3.13,7,Standard,25,3.9125,25.0,OK,False
12671,Germany,Food & Refreshment,12.25,2,Value,12,13.72,12.00000000000001,OK,True
12672,Spain,Food & Refreshment,2.46,6,Standard,28,3.1488,28.000000000000004,OK,True
12673,France,Food & Refreshment,7.3,8,Premium,55,11.315,55.00000000000001,OK,True
12674,Germany,Home Care,14.11,5,Standard,25,17.6375,25.0,OK,False
12675,Germany,Personal Care,3.19,6,Standard,30,4.147,30.000000000000004,OK,True
12676,UK,Home Care,14.68,10,Premium,50,22.02,50.0,OK,False
12677,UK,Personal Care,14.92,8,Premium,60,23.872,60.00000000000001,OK,True
12678,France,Food & Refreshment,8.56,6,Standard,28,10.9568,28.000000000000004,OK,True
12679,Germany,Food & Refreshment,2.97,9,Premium,55,4.6035,55.00000000000001,OK,True
12680,Germany,Food & Refreshment,5.08,9,Premium,55,7.874,55.00000000000001,OK,True
12681,UK,Food & Refreshment,6.66,9,Premium,55,10.323,55.00000000000001,OK,True
12682,Germany,Food & Refreshment,4.99,6,Standard,28,6.3872,28.000000000000004,OK,True
12683,Spain,Personal Care,4.57,9,Premium,60,7.312000000000001,60.00000000000001,OK,True
12684,UK,Personal Care,14.6,3,Value,15,16.79,14.999999999999991,OK,False
12685,France,Food & Refreshment,2.72,5,Standard,28,3.4816000000000003,28.000000000000004,OK,True
12686,UK,Home Care,11.13,2,Value,10,12.243000000000002,10.000000000000009,OK,True
12687,Germany,Home Care,0.51,8,Premium,50,0.765,50.0,OK,False
12688,France,Food & Refreshment,9.14,4,Standard,28,11.6992,28.000000000000004,OK,True
12689,UK,Personal Care,13.78,6,Standard,30,17.914,30.00000000000003,OK,True
12690,Spain,Home Care,4.68,6,Standard,25,5.85,25.0,OK,False
12691,Spain,Home Care,3.19,5,Standard,25,3.9875,25.0,OK,False
12692,UK,Home Care,9.95,1,Value,10,10.945,10.000000000000009,OK,True
12693,Spain,Food & Refreshment,10.83,7,Standard,28,13.8624,28.000000000000004,OK,True
12694,Spain,Home Care,10.48,10,Premium,50,15.72,50.0,OK,False
12695,Spain,Home Care,5.13,8,Premium,50,7.695,50.0,OK,False
12696,France,Home Care,4.16,1,Value,10,4.5760000000000005,10.000000000000009,OK,True
12697,Spain,Home Care,14.36,10,Premium,50,21.54,50.0,OK,False
12698,Spain,Personal Care,13.89,7,Standard,30,18.057,30.000000000000004,OK,True
12699,Spain,Food & Refreshment,7.13,4,Standard,28,9.1264,28.000000000000004,OK,True
12700,France,Food & Refreshment,12.77,6,Standard,28,16.3456,28.000000000000004,OK,True
12701,UK,Personal Care,7.06,9,Premium,60,11.296,60.00000000000001,OK,True
12702,Germany,Personal Care,6.65,5,Standard,30,8.645000000000001,30.000000000000004,OK,True
12703,Spain,Food & Refreshment,2.77,8,Premium,55,4.2935,55.00000000000001,OK,True
12704,UK,Home Care,6.68,5,Standard,25,8.35,25.0,OK,False
12705,Spain,Home Care,8.29,2,Value,10,9.119,10.000000000000009,OK,True
12706,France,Food & Refreshment,0.83,4,Standard,28,1.0624,28.000000000000004,OK,True
12707,UK,Home Care,6.94,2,Value,10,7.634000000000001,10.000000000000009,OK,True
12708,France,Personal Care,11.83,7,Standard,30,15.379,30.000000000000004,OK,True
12709,Spain,Home Care,10.36,7,Standard,25,12.95,25.0,OK,False
12710,Spain,Home Care,9.71,3,Value,10,10.681,10.000000000000009,OK,True
12711,France,Home Care,13.69,7,Standard,25,17.1125,25.0,OK,False
12712,Germany,Food & Refreshment,0.76,1,Value,12,0.8512000000000001,12.00000000000001,OK,True
12713,France,Personal Care,8.58,1,Value,15,9.867,14.999999999999991,OK,False
12714,Spain,Home Care,11.92,9,Premium,50,17.88,50.0,OK,False
12715,France,Food & Refreshment,8.35,6,Standard,28,10.688,28.000000000000004,OK,True
12716,Germany,Home Care,5.2,5,Standard,25,6.5,25.0,OK,False
12717,France,Personal Care,2.48,6,Standard,30,3.224,30.000000000000004,OK,True
12718,Germany,Home Care,13.37,6,Standard,25,16.7125,25.0,OK,False
12719,Germany,Personal Care,7.33,1,Value,15,8.429499999999999,14.999999999999991,OK,False
12720,France,Home Care,13.23,5,Standard,25,16.5375,25.0,OK,False
12721,France,Personal Care,8.99,9,Premium,60,14.384,60.00000000000001,OK,True
12722,UK,Home Care,10.28,4,Standard,25,12.85,25.0,OK,False
12723,Spain,Personal Care,12.16,3,Value,15,13.983999999999998,14.999999999999991,OK,False
12724,Germany,Home Care,10.06,1,Value,10,11.066,10.000000000000009,OK,True
12725,UK,Home Care,6.27,2,Value,10,6.897,10.000000000000009,OK,True
12726,France,Food & Refreshment,7.95,3,Value,12,8.904000000000002,12.00000000000001,OK,True
12727,Spain,Food & Refreshment,12.14,4,Standard,28,15.5392,28.000000000000004,OK,True
12728,UK,Personal Care,5.92,7,Standard,30,7.696,30.000000000000004,OK,True
12729,Germany,Home Care,6.13,6,Standard,25,7.6625,25.0,OK,False
12730,UK,Personal Care,1.89,8,Premium,60,3.024,60.00000000000001,OK,True
12731,Germany,Food & Refreshment,13.76,9,Premium,55,21.328,55.00000000000001,OK,True
12732,France,Personal Care,1.82,6,Standard,30,2.366,30.000000000000004,OK,True
12733,Spain,Personal Care,9.9,7,Standard,30,12.87,30.000000000000004,OK,True
12734,Spain,Food & Refreshment,6.49,4,Standard,28,8.3072,28.000000000000004,OK,True
12735,Spain,Home Care,6.38,2,Value,10,7.018000000000001,10.000000000000009,OK,True
12736,France,Personal Care,10.35,9,Premium,60,16.56,59.999999999999986,OK,False
12737,Germany,Food & Refreshment,1.47,9,Premium,55,2.2785,55.00000000000003,OK,True
12738,France,Home Care,9.11,4,Standard,25,11.3875,25.0,OK,False
12739,Spain,Food & Refreshment,11.69,3,Value,12,13.0928,12.00000000000001,OK,True
12740,France,Personal Care,12.51,10,Premium,60,20.016,60.00000000000001,OK,True
12741,France,Home Care,2.97,6,Standard,25,3.7125,25.0,OK,False
12742,France,Home Care,13.51,3,Value,10,14.861,10.000000000000009,OK,True
12743,Germany,Food & Refreshment,10.01,1,Value,12,11.211200000000002,12.00000000000001,OK,True
12744,UK,Food & Refreshment,13.29,4,Standard,28,17.0112,28.000000000000004,OK,True
12745,UK,Food & Refreshment,7.54,1,Value,12,8.4448,12.00000000000001,OK,True
12746,France,Home Care,8.36,2,Value,10,9.196,10.000000000000009,OK,True
12747,UK,Home Care,13.83,3,Value,10,15.213,10.000000000000009,OK,True
12748,UK,Personal Care,13.55,8,Premium,60,21.680000000000003,60.00000000000001,OK,True
12749,France,Home Care,7.0,10,Premium,50,10.5,50.0,OK,False
12750,France,Personal Care,4.48,4,Standard,30,5.824000000000001,30.000000000000004,OK,True
12751,Spain,Food & Refreshment,6.2,4,Standard,28,7.936000000000001,28.000000000000004,OK,True
12752,UK,Food & Refreshment,6.12,10,Premium,55,9.486,55.00000000000001,OK,True
12753,Germany,Home Care,4.66,9,Premium,50,6.99,50.0,OK,False
12754,France,Food & Refreshment,4.39,7,Standard,28,5.619199999999999,28.000000000000004,OK,True
12755,Spain,Food & Refreshment,12.99,2,Value,12,14.548800000000002,12.00000000000001,OK,True
12756,Germany,Home Care,1.51,3,Value,10,1.6610000000000005,10.000000000000009,OK,True
12757,UK,Personal Care,10.33,4,Standard,30,13.429,30.000000000000004,OK,True
12758,Spain,Home Care,3.01,4,Standard,25,3.7625,25.0,OK,False
12759,France,Personal Care,5.5,10,Premium,60,8.8,60.00000000000001,OK,True
12760,Germany,Home Care,1.39,8,Premium,50,2.085,50.0,OK,False
12761,France,Home Care,4.41,10,Premium,50,6.615,50.0,OK,False
12762,UK,Food & Refreshment,11.64,10,Premium,55,18.042,55.00000000000001,OK,True
12763,Germany,Home Care,13.33,6,Standard,25,16.6625,25.0,OK,False
12764,UK,Home Care,3.71,3,Value,10,4.081,10.000000000000009,OK,True
12765,UK,Personal Care,7.22,9,Premium,60,11.552,60.00000000000001,OK,True
12766,Spain,Food & Refreshment,7.32,10,Premium,55,11.346,55.00000000000001,OK,True
12767,France,Personal Care,13.17,8,Premium,60,21.072000000000003,60.00000000000003,OK,True
12768,Germany,Personal Care,11.56,9,Premium,60,18.496,60.00000000000001,OK,True
12769,UK,Food & Refreshment,7.94,5,Standard,28,10.163200000000002,28.000000000000004,OK,True
12770,UK,Food & Refreshment,10.23,3,Value,12,11.4576,12.00000000000001,OK,True
12771,Germany,Food & Refreshment,12.79,4,Standard,28,16.371199999999998,28.000000000000004,OK,True
12772,UK,Home Care,0.64,5,Standard,25,0.8,25.0,OK,False
12773,Spain,Food & Refreshment,6.34,9,Premium,55,9.827,55.00000000000001,OK,True
12774,Spain,Food & Refreshment,13.66,9,Premium,55,21.173,55.00000000000001,OK,True
12775,Spain,Food & Refreshment,11.23,3,Value,12,12.577600000000002,12.00000000000001,OK,True
12776,Spain,Personal Care,8.37,7,Standard,30,10.881,30.000000000000004,OK,True
12777,UK,Personal Care,8.18,6,Standard,30,10.634,30.000000000000004,OK,True
12778,Germany,Home Care,5.54,4,Standard,25,6.925,25.0,OK,False
12779,Germany,Personal Care,8.05,5,Standard,30,10.465000000000002,30.000000000000004,OK,True
12780,Germany,Home Care,10.0,10,Premium,50,15.0,50.0,OK,False
12781,Germany,Personal Care,6.57,2,Value,15,7.555499999999999,14.999999999999991,OK,False
12782,France,Food & Refreshment,10.86,7,Standard,28,13.9008,28.000000000000004,OK,True
12783,Germany,Personal Care,12.99,4,Standard,30,16.887,30.000000000000004,OK,True
12784,France,Home Care,2.74,2,Value,10,3.0140000000000007,10.000000000000009,OK,True
12785,France,Personal Care,7.05,6,Standard,30,9.165,30.00000000000003,OK,True
12786,Spain,Food & Refreshment,6.42,2,Value,12,7.1904,12.00000000000001,OK,True
12787,France,Home Care,10.47,10,Premium,50,15.705000000000002,50.0,OK,False
12788,UK,Food & Refreshment,4.12,2,Value,12,4.614400000000001,12.00000000000001,OK,True
12789,France,Food & Refreshment,9.78,7,Standard,28,12.5184,28.000000000000004,OK,True
12790,Spain,Home Care,13.22,1,Value,10,14.542000000000002,10.000000000000009,OK,True
12791,France,Food & Refreshment,6.56,7,Standard,28,8.396799999999999,27.99999999999998,OK,False
12792,UK,Food & Refreshment,13.71,10,Premium,55,21.2505,55.00000000000001,OK,True
12793,UK,Personal Care,14.9,5,Standard,30,19.37,30.000000000000004,OK,True
12794,UK,Food & Refreshment,2.04,1,Value,12,2.2848,12.00000000000001,OK,True
12795,Spain,Food & Refreshment,3.88,6,Standard,28,4.9664,28.000000000000004,OK,True
12796,Spain,Food & Refreshment,14.28,7,Standard,28,18.2784,28.000000000000025,OK,True
12797,Germany,Food & Refreshment,14.4,1,Value,12,16.128000000000004,12.000000000000032,OK,True
12798,Spain,Home Care,1.92,9,Premium,50,2.88,50.0,OK,False
12799,UK,Personal Care,0.72,7,Standard,30,0.936,30.000000000000004,OK,True
12800,UK,Food & Refreshment,2.84,1,Value,12,3.1808,12.00000000000001,OK,True
12801,Spain,Food & Refreshment,14.94,3,Value,12,16.7328,12.00000000000001,OK,True
12802,France,Home Care,3.11,5,Standard,25,3.8875,25.0,OK,False
12803,Spain,Food & Refreshment,7.79,4,Standard,28,9.9712,28.000000000000004,OK,True
12804,Spain,Home Care,12.8,2,Value,10,14.080000000000002,10.000000000000009,OK,True
12805,UK,Personal Care,0.8,1,Value,15,0.92,14.999999999999991,OK,False
12806,Germany,Personal Care,9.27,4,Standard,30,12.051,30.000000000000004,OK,True
12807,UK,Food & Refreshment,4.52,7,Standard,28,5.7856,28.000000000000004,OK,True
12808,Germany,Food & Refreshment,13.0,4,Standard,28,16.64,28.000000000000004,OK,True
12809,UK,Food & Refreshment,4.61,9,Premium,55,7.145500000000001,55.00000000000001,OK,True
12810,Spain,Home Care,10.46,8,Premium,50,15.69,50.0,OK,False
12811,UK,Food & Refreshment,10.28,8,Premium,55,15.934,55.00000000000001,OK,True
12812,UK,Food & Refreshment,3.71,5,Standard,28,4.7488,28.000000000000004,OK,True
12813,UK,Personal Care,1.0,1,Value,15,1.15,14.999999999999991,OK,False
12814,Spain,Food & Refreshment,6.43,9,Premium,55,9.9665,55.00000000000001,OK,True
12815,Spain,Personal Care,4.69,2,Value,15,5.3935,14.999999999999991,OK,False
12816,Spain,Food & Refreshment,12.23,6,Standard,28,15.6544,28.000000000000004,OK,True
12817,Spain,Personal Care,12.11,10,Premium,60,19.376,60.00000000000001,OK,True
12818,Germany,Food & Refreshment,7.13,5,Standard,28,9.1264,28.000000000000004,OK,True
12819,Germany,Personal Care,9.29,10,Premium,60,14.864,60.00000000000001,OK,True
12820,France,Home Care,9.26,8,Premium,50,13.89,50.0,OK,False
12821,Spain,Personal Care,12.49,3,Value,15,14.363499999999998,14.999999999999991,OK,False
12822,Germany,Personal Care,6.66,6,Standard,30,8.658000000000001,30.00000000000003,OK,True
12823,UK,Personal Care,4.49,6,Standard,30,5.837000000000001,30.000000000000004,OK,True
12824,Spain,Food & Refreshment,4.34,10,Premium,55,6.727,55.00000000000001,OK,True
12825,France,Food & Refreshment,8.27,3,Value,12,9.2624,12.00000000000001,OK,True
12826,France,Food & Refreshment,7.01,7,Standard,28,8.9728,28.000000000000004,OK,True
12827,France,Home Care,6.88,4,Standard,25,8.6,25.0,OK,False
12828,UK,Home Care,1.82,5,Standard,25,2.275,25.0,OK,False
12829,Germany,Personal Care,10.92,9,Premium,60,17.472,60.00000000000001,OK,True
12830,UK,Home Care,3.6,6,Standard,25,4.5,25.0,OK,False
12831,Spain,Personal Care,3.36,10,Premium,60,5.376,60.00000000000001,OK,True
12832,France,Personal Care,6.48,4,Standard,30,8.424000000000001,30.000000000000004,OK,True
12833,UK,Personal Care,3.8,8,Premium,60,6.08,60.00000000000001,OK,True
12834,UK,Home Care,8.97,9,Premium,50,13.455000000000002,50.0,OK,False
12835,Germany,Food & Refreshment,5.89,10,Premium,55,9.1295,55.00000000000001,OK,True
12836,Germany,Home Care,7.01,5,Standard,25,8.7625,25.0,OK,False
12837,France,Personal Care,8.29,2,Value,15,9.533499999999998,14.999999999999991,OK,False
12838,UK,Personal Care,3.45,6,Standard,30,4.485,30.000000000000004,OK,True
12839,UK,Home Care,2.76,8,Premium,50,4.14,50.0,OK,False
12840,Germany,Personal Care,13.27,5,Standard,30,17.251,30.000000000000004,OK,True
12841,UK,Personal Care,6.79,1,Value,15,7.8085,14.999999999999991,OK,False
12842,UK,Home Care,6.48,8,Premium,50,9.72,50.0,OK,False
12843,UK,Home Care,1.02,9,Premium,50,1.53,50.0,OK,False
12844,Germany,Home Care,7.72,1,Value,10,8.492,10.000000000000009,OK,True
12845,France,Personal Care,8.54,8,Premium,60,13.664,60.00000000000001,OK,True
12846,Spain,Personal Care,8.6,10,Premium,60,13.76,60.00000000000001,OK,True
12847,France,Food & Refreshment,10.75,2,Value,12,12.04,12.00000000000001,OK,True
12848,Spain,Food & Refreshment,3.07,4,Standard,28,3.9296,28.000000000000004,OK,True
12849,UK,Home Care,4.16,2,Value,10,4.5760000000000005,10.000000000000009,OK,True
12850,France,Food & Refreshment,12.26,2,Value,12,13.7312,12.00000000000001,OK,True
12851,Spain,Personal Care,14.23,10,Premium,60,22.768,60.00000000000001,OK,True
12852,Germany,Food & Refreshment,2.47,3,Value,12,2.7664000000000004,12.00000000000001,OK,True
12853,Germany,Personal Care,7.72,8,Premium,60,12.352,60.00000000000001,OK,True
12854,France,Home Care,3.61,4,Standard,25,4.5125,25.0,OK,False
12855,France,Home Care,1.37,7,Standard,25,1.7125,25.0,OK,False
12856,UK,Personal Care,5.22,10,Premium,60,8.352,60.00000000000001,OK,True
12857,France,Food & Refreshment,2.58,3,Value,12,2.8896,12.00000000000001,OK,True
12858,UK,Home Care,10.79,10,Premium,50,16.185,50.0,OK,False
12859,UK,Home Care,8.24,3,Value,10,9.064000000000002,10.000000000000009,OK,True
12860,Germany,Food & Refreshment,2.59,2,Value,12,2.9008000000000003,12.00000000000001,OK,True
12861,Germany,Food & Refreshment,0.63,6,Standard,28,0.8064,28.000000000000004,OK,True
12862,Spain,Personal Care,12.22,6,Standard,30,15.886,30.000000000000004,OK,True
12863,Germany,Food & Refreshment,3.05,1,Value,12,3.416,12.00000000000001,OK,True
12864,Germany,Food & Refreshment,9.29,7,Standard,28,11.8912,28.000000000000004,OK,True
12865,France,Food & Refreshment,5.39,4,Standard,28,6.8992,28.000000000000004,OK,True
12866,Germany,Personal Care,8.99,3,Value,15,10.3385,14.999999999999991,OK,False
12867,Spain,Personal Care,5.08,8,Premium,60,8.128,60.00000000000001,OK,True
12868,France,Home Care,1.76,2,Value,10,1.936,10.000000000000009,OK,True
12869,Spain,Personal Care,3.73,9,Premium,60,5.968,60.00000000000001,OK,True
12870,Germany,Home Care,3.23,8,Premium,50,4.845,50.0,OK,False
12871,Spain,Food & Refreshment,6.71,8,Premium,55,10.4005,55.00000000000001,OK,True
12872,France,Home Care,10.05,3,Value,10,11.055,10.000000000000009,OK,True
12873,UK,Home Care,4.33,4,Standard,25,5.4125,25.0,OK,False
12874,Spain,Food & Refreshment,0.68,2,Value,12,0.7616000000000002,12.00000000000001,OK,True
12875,Spain,Home Care,8.02,2,Value,10,8.822000000000001,10.000000000000009,OK,True
12876,France,Personal Care,9.28,4,Standard,30,12.064,30.000000000000004,OK,True
12877,France,Personal Care,14.46,6,Standard,30,18.798,30.000000000000004,OK,True
12878,Spain,Personal Care,9.05,5,Standard,30,11.765,30.000000000000004,OK,True
12879,Germany,Personal Care,7.33,1,Value,15,8.429499999999999,14.999999999999991,OK,False
12880,Spain,Home Care,8.81,10,Premium,50,13.215,50.0,OK,False
12881,France,Home Care,13.95,1,Value,10,15.345,10.000000000000009,OK,True
12882,UK,Food & Refreshment,12.51,6,Standard,28,16.0128,27.99999999999998,OK,False
12883,UK,Home Care,5.18,3,Value,10,5.698,10.000000000000009,OK,True
12884,Germany,Home Care,3.94,3,Value,10,4.3340000000000005,10.000000000000009,OK,True
12885,Spain,Home Care,4.31,7,Standard,25,5.387499999999999,25.0,OK,False
12886,UK,Food & Refreshment,7.81,1,Value,12,8.747200000000001,12.00000000000001,OK,True
12887,Spain,Personal Care,11.29,1,Value,15,12.983499999999998,14.999999999999991,OK,False
12888,France,Home Care,7.8,10,Premium,50,11.7,50.0,OK,False
12889,UK,Food & Refreshment,1.48,3,Value,12,1.6576000000000002,12.00000000000001,OK,True
12890,Germany,Food & Refreshment,10.99,8,Premium,55,17.0345,55.00000000000001,OK,True
12891,France,Food & Refreshment,12.19,1,Value,12,13.6528,12.00000000000001,OK,True
12892,Germany,Personal Care,4.7,10,Premium,60,7.52,60.00000000000001,OK,True
12893,France,Home Care,10.13,4,Standard,25,12.6625,25.0,OK,False
12894,UK,Food & Refreshment,6.69,9,Premium,55,10.3695,55.00000000000001,OK,True
12895,Germany,Personal Care,13.39,4,Standard,30,17.407,30.000000000000004,OK,True
12896,Germany,Food & Refreshment,12.76,10,Premium,55,19.778,54.999999999999986,OK,False
12897,France,Food & Refreshment,8.12,8,Premium,55,12.586,55.00000000000001,OK,True
12898,Germany,Food & Refreshment,10.53,7,Standard,28,13.4784,28.000000000000004,OK,True
12899,France,Food & Refreshment,13.31,3,Value,12,14.9072,12.00000000000001,OK,True
12900,France,Food & Refreshment,7.69,7,Standard,28,9.8432,28.000000000000004,OK,True
12901,France,Personal Care,5.04,7,Standard,30,6.5520000000000005,30.000000000000004,OK,True
12902,France,Home Care,11.43,10,Premium,50,17.145,50.0,OK,False
12903,UK,Home Care,3.69,3,Value,10,4.059,10.000000000000009,OK,True
12904,France,Home Care,6.13,2,Value,10,6.743,10.000000000000009,OK,True
12905,Spain,Home Care,13.05,9,Premium,50,19.575000000000003,50.00000000000002,OK,True
12906,Germany,Personal Care,11.0,1,Value,15,12.65,14.999999999999991,OK,False
12907,Spain,Personal Care,6.36,7,Standard,30,8.268,30.000000000000004,OK,True
12908,UK,Personal Care,3.61,4,Standard,30,4.693,30.000000000000004,OK,True
12909,Spain,Food & Refreshment,5.66,2,Value,12,6.339200000000001,12.00000000000001,OK,True
12910,Germany,Food & Refreshment,4.62,2,Value,12,5.1744,12.00000000000001,OK,True
12911,Spain,Food & Refreshment,3.05,8,Premium,55,4.7275,55.00000000000001,OK,True
12912,UK,Home Care,11.28,7,Standard,25,14.1,25.0,OK,False
12913,France,Food & Refreshment,4.16,7,Standard,28,5.324800000000001,28.000000000000004,OK,True
12914,Spain,Home Care,7.09,5,Standard,25,8.8625,25.00000000000002,OK,True
12915,UK,Food & Refreshment,6.09,10,Premium,55,9.4395,55.00000000000001,OK,True
12916,UK,Home Care,14.74,8,Premium,50,22.11,50.0,OK,False
12917,Germany,Food & Refreshment,6.17,2,Value,12,6.910400000000001,12.00000000000001,OK,True
12918,Germany,Food & Refreshment,1.66,2,Value,12,1.8592,12.00000000000001,OK,True
12919,Spain,Personal Care,1.8,5,Standard,30,2.3400000000000003,30.000000000000004,OK,True
12920,France,Food & Refreshment,9.07,1,Value,12,10.158400000000002,12.00000000000001,OK,True
12921,UK,Food & Refreshment,9.19,6,Standard,28,11.7632,28.000000000000004,OK,True
12922,Spain,Personal Care,6.57,4,Standard,30,8.541,30.000000000000004,OK,True
12923,UK,Home Care,6.76,6,Standard,25,8.45,25.0,OK,False
12924,UK,Personal Care,1.28,7,Standard,30,1.664,30.000000000000004,OK,True
12925,France,Personal Care,7.99,3,Value,15,9.1885,14.999999999999991,OK,False
12926,France,Home Care,7.82,8,Premium,50,11.73,50.0,OK,False
12927,Spain,Food & Refreshment,2.67,7,Standard,28,3.4176,28.000000000000004,OK,True
12928,France,Home Care,2.01,1,Value,10,2.211,10.000000000000009,OK,True
12929,France,Food & Refreshment,2.29,6,Standard,28,2.9312,28.000000000000004,OK,True
12930,Spain,Food & Refreshment,1.96,7,Standard,28,2.5088,28.000000000000004,OK,True
12931,France,Home Care,9.34,4,Standard,25,11.675,25.0,OK,False
12932,Germany,Personal Care,3.35,2,Value,15,3.8525,14.999999999999991,OK,False
12933,UK,Home Care,4.15,10,Premium,50,6.2250000000000005,50.0,OK,False
12934,UK,Food & Refreshment,3.02,9,Premium,55,4.681,55.00000000000001,OK,True
12935,UK,Home Care,14.39,7,Standard,25,17.9875,25.0,OK,False
12936,UK,Home Care,12.89,1,Value,10,14.179000000000002,10.000000000000009,OK,True
12937,Spain,Food & Refreshment,3.84,8,Premium,55,5.952,55.00000000000001,OK,True
12938,UK,Personal Care,5.25,3,Value,15,6.0375,14.999999999999991,OK,False
12939,UK,Home Care,3.54,4,Standard,25,4.425,25.0,OK,False
12940,UK,Food & Refreshment,7.63,5,Standard,28,9.7664,28.000000000000004,OK,True
12941,UK,Food & Refreshment,0.78,1,Value,12,0.8736000000000002,12.00000000000001,OK,True
12942,Germany,Home Care,10.23,6,Standard,25,12.7875,25.0,OK,False
12943,UK,Personal Care,8.09,10,Premium,60,12.944,60.00000000000001,OK,True
12944,Germany,Home Care,13.53,6,Standard,25,16.912499999999998,25.0,OK,False
12945,Spain,Personal Care,2.88,2,Value,15,3.312,14.999999999999991,OK,False
12946,France,Personal Care,12.16,10,Premium,60,19.456000000000003,60.00000000000003,OK,True
12947,UK,Personal Care,11.98,6,Standard,30,15.574000000000002,30.000000000000004,OK,True
12948,France,Personal Care,2.34,8,Premium,60,3.744,60.00000000000001,OK,True
12949,France,Home Care,6.28,6,Standard,25,7.85,25.0,OK,False
12950,Spain,Food & Refreshment,2.97,4,Standard,28,3.801600000000001,28.000000000000004,OK,True
12951,France,Food & Refreshment,4.19,4,Standard,28,5.363200000000001,28.000000000000004,OK,True
12952,Germany,Food & Refreshment,4.32,9,Premium,55,6.696000000000001,55.00000000000001,OK,True
12953,France,Food & Refreshment,8.57,6,Standard,28,10.9696,28.000000000000004,OK,True
12954,France,Food & Refreshment,6.47,8,Premium,55,10.0285,55.00000000000001,OK,True
12955,France,Food & Refreshment,14.24,8,Premium,55,22.072000000000003,55.00000000000003,OK,True
12956,UK,Home Care,2.33,7,Standard,25,2.9125,25.0,OK,False
12957,UK,Personal Care,14.62,3,Value,15,16.813,14.999999999999991,OK,False
12958,Germany,Food & Refreshment,3.84,10,Premium,55,5.952,55.00000000000001,OK,True
12959,Germany,Home Care,11.71,1,Value,10,12.881000000000002,10.000000000000009,OK,True
12960,UK,Food & Refreshment,5.42,5,Standard,28,6.9376,28.000000000000004,OK,True
12961,Germany,Food & Refreshment,2.57,10,Premium,55,3.9835,55.00000000000001,OK,True
12962,UK,Personal Care,12.94,10,Premium,60,20.704,60.00000000000001,OK,True
12963,Spain,Personal Care,4.98,2,Value,15,5.727,14.999999999999991,OK,False
12964,France,Personal Care,10.05,10,Premium,60,16.080000000000002,60.00000000000001,OK,True
12965,France,Food & Refreshment,8.71,2,Value,12,9.755200000000002,12.00000000000001,OK,True
12966,Germany,Food & Refreshment,7.34,7,Standard,28,9.3952,28.000000000000025,OK,True
12967,UK,Food & Refreshment,7.69,3,Value,12,8.612800000000002,12.00000000000001,OK,True
12968,UK,Personal Care,11.12,8,Premium,60,17.791999999999998,59.999999999999986,OK,False
12969,Germany,Home Care,1.77,9,Premium,50,2.655,50.00000000000002,OK,True
12970,UK,Food & Refreshment,10.19,8,Premium,55,15.7945,55.00000000000001,OK,True
12971,Spain,Food & Refreshment,13.49,6,Standard,28,17.2672,27.99999999999998,OK,False
12972,France,Food & Refreshment,1.34,5,Standard,28,1.7152,28.000000000000004,OK,True
12973,Germany,Home Care,2.54,3,Value,10,2.7940000000000005,10.000000000000009,OK,True
12974,Germany,Food & Refreshment,10.89,3,Value,12,12.1968,12.00000000000001,OK,True
12975,UK,Home Care,6.84,7,Standard,25,8.55,25.00000000000002,OK,True
12976,Germany,Food & Refreshment,6.35,5,Standard,28,8.128,28.000000000000004,OK,True
12977,Spain,Home Care,2.49,6,Standard,25,3.1125000000000003,25.0,OK,False
12978,UK,Food & Refreshment,7.85,6,Standard,28,10.048,28.000000000000004,OK,True
12979,UK,Personal Care,2.33,9,Premium,60,3.728,60.00000000000001,OK,True
12980,UK,Personal Care,7.41,1,Value,15,8.5215,14.999999999999991,OK,False
12981,UK,Personal Care,11.57,8,Premium,60,18.512,60.00000000000001,OK,True
12982,Spain,Personal Care,4.24,10,Premium,60,6.784000000000001,60.00000000000001,OK,True
12983,UK,Food & Refreshment,7.47,5,Standard,28,9.5616,28.000000000000004,OK,True
12984,Germany,Personal Care,14.88,6,Standard,30,19.344,30.000000000000004,OK,True
12985,Spain,Home Care,10.46,6,Standard,25,13.075,25.0,OK,False
12986,France,Personal Care,12.7,1,Value,15,14.605,14.999999999999991,OK,False
12987,France,Personal Care,6.52,3,Value,15,7.497999999999999,14.999999999999991,OK,False
12988,Germany,Personal Care,11.63,6,Standard,30,15.119000000000002,30.000000000000004,OK,True
12989,Germany,Food & Refreshment,1.09,9,Premium,55,1.6895000000000002,55.00000000000001,OK,True
12990,Spain,Personal Care,2.28,6,Standard,30,2.964,30.000000000000004,OK,True
12991,France,Home Care,3.44,6,Standard,25,4.3,25.0,OK,False
12992,France,Personal Care,6.33,1,Value,15,7.2795,14.999999999999991,OK,False
12993,France,Personal Care,12.76,9,Premium,60,20.416,60.00000000000001,OK,True
12994,France,Personal Care,5.52,4,Standard,30,7.175999999999999,30.000000000000004,OK,True
12995,France,Home Care,9.99,2,Value,10,10.989,10.000000000000009,OK,True
12996,UK,Personal Care,10.79,1,Value,15,12.408499999999998,14.999999999999991,OK,False
12997,Germany,Home Care,9.0,3,Value,10,9.9,10.000000000000009,OK,True
12998,UK,Home Care,5.68,3,Value,10,6.248,10.000000000000009,OK,True
12999,France,Personal Care,8.87,5,Standard,30,11.531,30.000000000000004,OK,True
13000,Spain,Home Care,5.46,1,Value,10,6.006,10.000000000000009,OK,True
13001,Spain,Food & Refreshment,1.72,7,Standard,28,2.2016,28.000000000000004,OK,True
13002,France,Personal Care,14.9,1,Value,15,17.134999999999998,14.999999999999991,OK,False
13003,France,Personal Care,2.34,4,Standard,30,3.042,30.000000000000004,OK,True
13004,Spain,Home Care,1.55,6,Standard,25,1.9375,25.0,OK,False
13005,UK,Home Care,13.24,1,Value,10,14.564000000000002,10.000000000000009,OK,True
13006,UK,Personal Care,4.88,7,Standard,30,6.344,30.000000000000004,OK,True
13007,France,Food & Refreshment,9.93,10,Premium,55,15.3915,55.00000000000001,OK,True
13008,UK,Home Care,5.27,7,Standard,25,6.5874999999999995,25.0,OK,False
13009,Spain,Home Care,6.18,3,Value,10,6.798,10.000000000000009,OK,True
13010,UK,Food & Refreshment,4.3,4,Standard,28,5.504,28.000000000000004,OK,True
13011,France,Food & Refreshment,5.47,6,Standard,28,7.0016,28.000000000000004,OK,True
13012,Spain,Personal Care,6.46,7,Standard,30,8.398,30.000000000000004,OK,True
13013,UK,Food & Refreshment,10.95,4,Standard,28,14.016,28.000000000000004,OK,True
13014,Germany,Personal Care,7.92,10,Premium,60,12.672,60.00000000000001,OK,True
13015,Spain,Food & Refreshment,14.18,9,Premium,55,21.979,55.00000000000001,OK,True
13016,Spain,Home Care,1.11,9,Premium,50,1.665,50.0,OK,False
13017,Germany,Personal Care,7.79,9,Premium,60,12.464,60.00000000000001,OK,True
13018,Germany,Personal Care,8.97,10,Premium,60,14.352000000000002,60.00000000000001,OK,True
13019,Spain,Personal Care,13.84,6,Standard,30,17.992,30.000000000000004,OK,True
13020,Germany,Food & Refreshment,1.21,2,Value,12,1.3552000000000002,12.00000000000001,OK,True
13021,France,Home Care,8.82,2,Value,10,9.702000000000002,10.000000000000009,OK,True
13022,France,Personal Care,12.88,4,Standard,30,16.744000000000003,30.00000000000003,OK,True
13023,France,Personal Care,4.01,9,Premium,60,6.416,60.00000000000001,OK,True
13024,Spain,Personal Care,13.21,3,Value,15,15.1915,14.999999999999991,OK,False
13025,Germany,Personal Care,0.78,6,Standard,30,1.014,30.000000000000004,OK,True
13026,Germany,Home Care,11.12,2,Value,10,12.232,10.000000000000009,OK,True
13027,UK,Food & Refreshment,14.03,1,Value,12,15.7136,12.00000000000001,OK,True
13028,UK,Home Care,10.03,5,Standard,25,12.5375,25.0,OK,False
13029,Germany,Personal Care,6.87,8,Premium,60,10.992,60.00000000000001,OK,True
13030,Germany,Home Care,1.15,10,Premium,50,1.725,50.0,OK,False
13031,Germany,Personal Care,13.84,10,Premium,60,22.144,60.00000000000001,OK,True
13032,Spain,Food & Refreshment,7.32,2,Value,12,8.198400000000001,12.00000000000001,OK,True
13033,Germany,Food & Refreshment,0.92,10,Premium,55,1.4260000000000002,55.00000000000001,OK,True
13034,UK,Food & Refreshment,10.5,9,Premium,55,16.275000000000002,55.00000000000003,OK,True
13035,Spain,Personal Care,7.49,8,Premium,60,11.984000000000002,60.00000000000001,OK,True
13036,Germany,Home Care,2.3,3,Value,10,2.53,10.000000000000009,OK,True
13037,UK,Food & Refreshment,3.61,1,Value,12,4.043200000000001,12.00000000000001,OK,True
13038,Spain,Personal Care,1.44,4,Standard,30,1.872,30.000000000000004,OK,True
13039,Germany,Personal Care,8.83,8,Premium,60,14.128,60.00000000000001,OK,True
13040,Germany,Home Care,9.52,3,Value,10,10.472,10.000000000000009,OK,True
13041,Germany,Food & Refreshment,7.83,10,Premium,55,12.1365,55.00000000000001,OK,True
13042,Spain,Personal Care,12.35,2,Value,15,14.2025,14.999999999999991,OK,False
13043,UK,Home Care,12.98,7,Standard,25,16.225,25.0,OK,False
13044,UK,Food & Refreshment,9.43,4,Standard,28,12.0704,28.000000000000004,OK,True
13045,France,Home Care,0.68,6,Standard,25,0.8500000000000001,25.0,OK,False
13046,Germany,Home Care,10.58,5,Standard,25,13.225,25.0,OK,False
13047,France,Personal Care,6.56,2,Value,15,7.543999999999999,14.999999999999991,OK,False
13048,France,Personal Care,8.7,10,Premium,60,13.92,60.00000000000001,OK,True
13049,UK,Personal Care,9.91,2,Value,15,11.3965,14.999999999999991,OK,False
13050,Spain,Home Care,5.58,9,Premium,50,8.370000000000001,50.00000000000002,OK,True
13051,Spain,Personal Care,13.8,10,Premium,60,22.08,60.00000000000001,OK,True
13052,UK,Home Care,2.44,2,Value,10,2.684,10.000000000000009,OK,True
13053,Spain,Home Care,10.24,8,Premium,50,15.36,50.0,OK,False
13054,France,Personal Care,0.56,8,Premium,60,0.8960000000000001,60.00000000000001,OK,True
13055,Germany,Food & Refreshment,13.91,1,Value,12,15.579200000000002,12.00000000000001,OK,True
13056,UK,Food & Refreshment,2.13,1,Value,12,2.3856,12.00000000000001,OK,True
13057,Germany,Food & Refreshment,1.88,4,Standard,28,2.4064,28.000000000000004,OK,True
13058,Spain,Home Care,5.33,2,Value,10,5.863,10.000000000000009,OK,True
13059,Germany,Home Care,5.92,1,Value,10,6.5120000000000005,10.000000000000009,OK,True
13060,Spain,Home Care,3.61,9,Premium,50,5.415,50.0,OK,False
13061,Spain,Personal Care,8.98,3,Value,15,10.327,14.999999999999991,OK,False
13062,France,Home Care,6.92,1,Value,10,7.612,10.000000000000009,OK,True
13063,Spain,Personal Care,1.0,2,Value,15,1.15,14.999999999999991,OK,False
13064,France,Personal Care,5.13,8,Premium,60,8.208,60.00000000000001,OK,True
13065,France,Food & Refreshment,12.25,5,Standard,28,15.68,28.000000000000004,OK,True
13066,France,Food & Refreshment,10.5,7,Standard,28,13.44,28.000000000000004,OK,True
13067,UK,Food & Refreshment,11.01,6,Standard,28,14.0928,28.000000000000004,OK,True
13068,UK,Personal Care,10.62,1,Value,15,12.212999999999996,14.999999999999991,OK,False
13069,Spain,Personal Care,5.01,6,Standard,30,6.513,30.000000000000004,OK,True
13070,France,Personal Care,1.95,7,Standard,30,2.535,30.000000000000004,OK,True
13071,UK,Home Care,4.45,4,Standard,25,5.5625,25.0,OK,False
13072,France,Personal Care,12.56,8,Premium,60,20.096000000000004,60.00000000000003,OK,True
13073,Germany,Food & Refreshment,14.72,8,Premium,55,22.816000000000003,55.00000000000001,OK,True
13074,Germany,Food & Refreshment,7.66,7,Standard,28,9.8048,28.000000000000004,OK,True
13075,Germany,Personal Care,0.64,2,Value,15,0.736,14.999999999999991,OK,False
13076,Spain,Personal Care,2.53,6,Standard,30,3.2889999999999997,30.000000000000004,OK,True
13077,France,Food & Refreshment,5.17,6,Standard,28,6.6176,28.000000000000004,OK,True
13078,Germany,Personal Care,8.89,7,Standard,30,11.557,30.000000000000004,OK,True
13079,UK,Food & Refreshment,1.59,6,Standard,28,2.0352,28.000000000000004,OK,True
13080,Germany,Home Care,14.18,2,Value,10,15.598,10.000000000000009,OK,True
13081,Germany,Food & Refreshment,5.79,8,Premium,55,8.9745,55.00000000000001,OK,True
13082,Germany,Home Care,13.73,4,Standard,25,17.1625,25.0,OK,False
13083,Spain,Personal Care,11.82,9,Premium,60,18.912000000000003,60.00000000000001,OK,True
13084,UK,Personal Care,11.45,8,Premium,60,18.32,60.00000000000001,OK,True
13085,France,Home Care,9.3,3,Value,10,10.230000000000002,10.000000000000009,OK,True
13086,UK,Personal Care,9.59,3,Value,15,11.0285,14.999999999999991,OK,False
13087,France,Home Care,9.75,8,Premium,50,14.625,50.0,OK,False
13088,Spain,Personal Care,9.62,2,Value,15,11.063,14.999999999999991,OK,False
13089,Spain,Food & Refreshment,8.53,9,Premium,55,13.2215,55.00000000000001,OK,True
13090,Spain,Personal Care,14.8,4,Standard,30,19.24,30.000000000000004,OK,True
13091,Spain,Food & Refreshment,11.12,6,Standard,28,14.2336,28.000000000000004,OK,True
13092,France,Food & Refreshment,11.77,3,Value,12,13.1824,12.00000000000001,OK,True
13093,Germany,Home Care,13.15,3,Value,10,14.465000000000002,10.000000000000009,OK,True
13094,France,Personal Care,3.63,3,Value,15,4.174499999999999,14.999999999999991,OK,False
13095,UK,Home Care,1.72,10,Premium,50,2.58,50.0,OK,False
13096,Spain,Personal Care,7.5,2,Value,15,8.625,14.999999999999991,OK,False
13097,Spain,Food & Refreshment,7.95,8,Premium,55,12.3225,55.00000000000001,OK,True
13098,UK,Food & Refreshment,12.52,9,Premium,55,19.406,55.00000000000001,OK,True
13099,France,Personal Care,6.93,8,Premium,60,11.088,60.00000000000003,OK,True
13100,Germany,Personal Care,8.78,10,Premium,60,14.048,60.00000000000001,OK,True
13101,Germany,Home Care,8.14,3,Value,10,8.954,10.000000000000009,OK,True
13102,UK,Personal Care,1.05,7,Standard,30,1.3650000000000002,30.000000000000004,OK,True
13103,Germany,Personal Care,9.42,10,Premium,60,15.072,60.00000000000001,OK,True
13104,France,Personal Care,12.51,2,Value,15,14.386499999999998,14.999999999999991,OK,False
13105,France,Home Care,2.78,4,Standard,25,3.4749999999999996,25.0,OK,False
13106,UK,Personal Care,9.12,6,Standard,30,11.856,30.000000000000004,OK,True
13107,France,Food & Refreshment,9.11,5,Standard,28,11.6608,28.000000000000004,OK,True
13108,Spain,Home Care,2.88,9,Premium,50,4.32,50.00000000000002,OK,True
13109,UK,Home Care,2.29,10,Premium,50,3.435,50.0,OK,False
13110,France,Food & Refreshment,14.71,4,Standard,28,18.8288,28.000000000000004,OK,True
13111,UK,Food & Refreshment,6.21,5,Standard,28,7.9488,28.000000000000004,OK,True
13112,Germany,Food & Refreshment,3.8,4,Standard,28,4.864,28.000000000000004,OK,True
13113,France,Personal Care,2.98,8,Premium,60,4.768,59.999999999999986,OK,False
13114,Spain,Food & Refreshment,10.18,8,Premium,55,15.779,55.00000000000001,OK,True
13115,France,Personal Care,9.34,3,Value,15,10.741,14.999999999999991,OK,False
13116,UK,Home Care,9.83,1,Value,10,10.813,10.000000000000009,OK,True
13117,UK,Home Care,1.78,6,Standard,25,2.225,25.0,OK,False
13118,France,Food & Refreshment,13.46,2,Value,12,15.075200000000002,12.00000000000001,OK,True
13119,Spain,Personal Care,6.14,2,Value,15,7.060999999999999,14.999999999999991,OK,False
13120,Spain,Food & Refreshment,5.04,3,Value,12,5.644800000000001,12.00000000000001,OK,True
13121,Spain,Food & Refreshment,7.2,8,Premium,55,11.16,55.00000000000001,OK,True
13122,UK,Personal Care,6.16,3,Value,15,7.084,14.999999999999991,OK,False
13123,France,Food & Refreshment,13.02,7,Standard,28,16.6656,28.000000000000025,OK,True
13124,Germany,Home Care,13.97,10,Premium,50,20.955,50.0,OK,False
13125,UK,Food & Refreshment,4.9,10,Premium,55,7.595000000000001,55.00000000000001,OK,True
13126,Spain,Personal Care,13.03,9,Premium,60,20.848,60.00000000000001,OK,True
13127,France,Personal Care,11.83,8,Premium,60,18.928,60.00000000000001,OK,True
13128,Spain,Home Care,14.0,1,Value,10,15.400000000000002,10.000000000000009,OK,True
13129,Germany,Personal Care,4.06,7,Standard,30,5.278,30.000000000000004,OK,True
13130,Spain,Personal Care,8.87,7,Standard,30,11.531,30.000000000000004,OK,True
13131,Spain,Home Care,4.48,8,Premium,50,6.720000000000001,50.0,OK,False
13132,Germany,Food & Refreshment,12.45,10,Premium,55,19.2975,55.00000000000001,OK,True
13133,France,Home Care,0.58,5,Standard,25,0.725,25.0,OK,False
13134,UK,Food & Refreshment,8.69,10,Premium,55,13.4695,55.00000000000001,OK,True
13135,France,Home Care,5.42,9,Premium,50,8.129999999999999,49.99999999999998,OK,False
13136,Germany,Food & Refreshment,5.18,9,Premium,55,8.029,55.00000000000001,OK,True
13137,Spain,Home Care,9.85,8,Premium,50,14.775,50.0,OK,False
13138,France,Food & Refreshment,12.85,6,Standard,28,16.448,28.000000000000004,OK,True
13139,UK,Home Care,9.33,6,Standard,25,11.6625,25.0,OK,False
13140,Germany,Food & Refreshment,12.87,1,Value,12,14.4144,12.00000000000001,OK,True
13141,France,Home Care,4.34,6,Standard,25,5.425,25.0,OK,False
13142,UK,Personal Care,8.03,4,Standard,30,10.439,30.000000000000004,OK,True
13143,Germany,Food & Refreshment,7.03,4,Standard,28,8.9984,28.000000000000004,OK,True
13144,UK,Home Care,0.67,2,Value,10,0.7370000000000001,10.000000000000009,OK,True
13145,Germany,Food & Refreshment,8.57,4,Standard,28,10.9696,28.000000000000004,OK,True
13146,Spain,Food & Refreshment,10.09,5,Standard,28,12.9152,28.000000000000004,OK,True
13147,France,Home Care,9.08,5,Standard,25,11.35,25.0,OK,False
13148,UK,Food & Refreshment,11.18,5,Standard,28,14.3104,28.000000000000004,OK,True
13149,Germany,Home Care,8.78,4,Standard,25,10.975,25.0,OK,False
13150,UK,Personal Care,1.47,1,Value,15,1.6905,14.999999999999991,OK,False
13151,UK,Food & Refreshment,2.19,10,Premium,55,3.3945,55.00000000000001,OK,True
13152,France,Personal Care,9.15,8,Premium,60,14.64,60.00000000000001,OK,True
13153,Spain,Food & Refreshment,4.49,3,Value,12,5.0288,12.00000000000001,OK,True
13154,UK,Food & Refreshment,1.65,2,Value,12,1.848,12.00000000000001,OK,True
13155,Germany,Food & Refreshment,6.73,9,Premium,55,10.431500000000002,55.00000000000001,OK,True
13156,Germany,Home Care,8.54,7,Standard,25,10.675,25.0,OK,False
13157,Spain,Personal Care,5.27,9,Premium,60,8.432,60.00000000000003,OK,True
13158,Germany,Food & Refreshment,10.95,2,Value,12,12.264,12.00000000000001,OK,True
13159,Spain,Home Care,9.83,9,Premium,50,14.745,50.0,OK,False
13160,Germany,Food & Refreshment,5.33,10,Premium,55,8.2615,55.00000000000001,OK,True
13161,France,Home Care,11.45,9,Premium,50,17.174999999999997,49.99999999999998,OK,False
13162,UK,Food & Refreshment,9.91,9,Premium,55,15.3605,55.00000000000001,OK,True
13163,France,Personal Care,9.74,10,Premium,60,15.584,60.00000000000001,OK,True
13164,UK,Personal Care,8.52,10,Premium,60,13.632,60.00000000000001,OK,True
13165,UK,Food & Refreshment,0.67,4,Standard,28,0.8576,28.000000000000004,OK,True
13166,UK,Home Care,10.6,10,Premium,50,15.9,50.0,OK,False
13167,France,Food & Refreshment,5.95,3,Value,12,6.664000000000001,12.00000000000001,OK,True
13168,UK,Home Care,14.17,6,Standard,25,17.7125,25.0,OK,False
13169,France,Food & Refreshment,12.36,3,Value,12,13.8432,12.00000000000001,OK,True
13170,Spain,Home Care,9.02,9,Premium,50,13.53,50.0,OK,False
13171,Germany,Personal Care,4.16,3,Value,15,4.784,14.999999999999991,OK,False
13172,Germany,Food & Refreshment,3.45,2,Value,12,3.8640000000000008,12.00000000000001,OK,True
13173,UK,Personal Care,5.44,8,Premium,60,8.704,60.00000000000001,OK,True
13174,France,Personal Care,7.41,6,Standard,30,9.633,30.000000000000004,OK,True
13175,Germany,Food & Refreshment,4.79,8,Premium,55,7.4245,55.00000000000001,OK,True
13176,France,Food & Refreshment,7.97,7,Standard,28,10.2016,28.000000000000004,OK,True
13177,France,Home Care,2.9,3,Value,10,3.19,10.000000000000009,OK,True
13178,UK,Home Care,14.68,8,Premium,50,22.02,50.0,OK,False
13179,Germany,Personal Care,2.06,10,Premium,60,3.2960000000000003,60.00000000000001,OK,True
13180,UK,Home Care,14.01,1,Value,10,15.411,10.000000000000009,OK,True
13181,UK,Home Care,13.75,1,Value,10,15.125000000000002,10.000000000000009,OK,True
13182,Germany,Food & Refreshment,8.12,10,Premium,55,12.586,55.00000000000001,OK,True
13183,Germany,Home Care,11.01,8,Premium,50,16.515,50.0,OK,False
13184,Spain,Personal Care,6.82,9,Premium,60,10.912,60.00000000000001,OK,True
13185,Spain,Home Care,9.64,10,Premium,50,14.46,50.0,OK,False
13186,France,Personal Care,5.44,6,Standard,30,7.072000000000001,30.000000000000004,OK,True
13187,Germany,Food & Refreshment,4.87,5,Standard,28,6.2336,28.000000000000004,OK,True
13188,Spain,Personal Care,8.88,2,Value,15,10.212,14.999999999999991,OK,False
13189,France,Home Care,7.72,9,Premium,50,11.58,50.0,OK,False
13190,France,Food & Refreshment,8.9,6,Standard,28,11.392,28.000000000000004,OK,True
13191,France,Home Care,4.66,8,Premium,50,6.99,50.0,OK,False
13192,Spain,Food & Refreshment,5.82,9,Premium,55,9.021,55.00000000000001,OK,True
13193,Germany,Food & Refreshment,1.72,9,Premium,55,2.666,55.00000000000001,OK,True
13194,UK,Home Care,1.26,8,Premium,50,1.89,50.0,OK,False
13195,France,Home Care,4.18,10,Premium,50,6.27,50.0,OK,False
13196,Spain,Food & Refreshment,1.58,8,Premium,55,2.4490000000000003,55.00000000000001,OK,True
13197,Spain,Food & Refreshment,2.0,3,Value,12,2.24,12.00000000000001,OK,True
13198,UK,Home Care,12.29,3,Value,10,13.519,10.000000000000009,OK,True
13199,UK,Personal Care,1.06,2,Value,15,1.219,14.999999999999991,OK,False
13200,Spain,Home Care,10.05,1,Value,10,11.055,10.000000000000009,OK,True
13201,Germany,Food & Refreshment,4.45,4,Standard,28,5.696000000000001,28.000000000000004,OK,True
13202,UK,Home Care,13.14,2,Value,10,14.454000000000002,10.000000000000009,OK,True
13203,Spain,Personal Care,7.53,2,Value,15,8.6595,14.999999999999991,OK,False
13204,UK,Home Care,4.93,5,Standard,25,6.1625,25.0,OK,False
13205,Germany,Food & Refreshment,8.01,4,Standard,28,10.2528,28.000000000000004,OK,True
13206,France,Home Care,6.04,1,Value,10,6.644000000000001,10.000000000000009,OK,True
13207,UK,Food & Refreshment,8.68,9,Premium,55,13.454,55.00000000000001,OK,True
13208,Germany,Food & Refreshment,2.16,4,Standard,28,2.7648,28.000000000000004,OK,True
13209,Spain,Home Care,14.96,5,Standard,25,18.700000000000003,25.00000000000002,OK,True
13210,UK,Food & Refreshment,6.67,7,Standard,28,8.5376,28.000000000000004,OK,True
13211,UK,Food & Refreshment,5.55,2,Value,12,6.216,12.00000000000001,OK,True
13212,Spain,Personal Care,10.8,8,Premium,60,17.28,60.00000000000001,OK,True
13213,France,Personal Care,5.78,2,Value,15,6.646999999999999,14.999999999999991,OK,False
13214,Spain,Personal Care,12.58,10,Premium,60,20.128,60.00000000000001,OK,True
13215,UK,Personal Care,7.09,5,Standard,30,9.217,30.000000000000004,OK,True
13216,Spain,Food & Refreshment,10.93,2,Value,12,12.2416,12.00000000000001,OK,True
13217,Germany,Home Care,2.06,2,Value,10,2.2660000000000005,10.000000000000009,OK,True
13218,Spain,Food & Refreshment,12.77,4,Standard,28,16.3456,28.000000000000004,OK,True
13219,UK,Food & Refreshment,11.17,4,Standard,28,14.2976,28.000000000000004,OK,True
13220,Spain,Food & Refreshment,3.57,8,Premium,55,5.5335,55.00000000000001,OK,True
13221,France,Home Care,2.61,6,Standard,25,3.2624999999999997,25.0,OK,False
13222,Spain,Personal Care,5.09,10,Premium,60,8.144,60.00000000000001,OK,True
13223,France,Food & Refreshment,14.65,8,Premium,55,22.7075,54.999999999999986,OK,False
13224,Germany,Food & Refreshment,4.22,7,Standard,28,5.4016,28.000000000000004,OK,True
13225,France,Personal Care,7.11,10,Premium,60,11.376,60.00000000000001,OK,True
13226,Spain,Food & Refreshment,0.94,4,Standard,28,1.2032,28.000000000000004,OK,True
13227,UK,Home Care,6.26,2,Value,10,6.886,10.000000000000009,OK,True
13228,France,Food & Refreshment,8.78,9,Premium,55,13.609,55.00000000000001,OK,True
13229,Germany,Food & Refreshment,14.32,2,Value,12,16.038400000000003,12.00000000000001,OK,True
13230,France,Personal Care,7.99,1,Value,15,9.1885,14.999999999999991,OK,False
13231,France,Food & Refreshment,12.38,8,Premium,55,19.189,54.999999999999986,OK,False
13232,France,Food & Refreshment,8.43,10,Premium,55,13.0665,55.00000000000001,OK,True
13233,Germany,Home Care,1.09,9,Premium,50,1.6350000000000002,50.0,OK,False
13234,Spain,Personal Care,5.07,1,Value,15,5.8305,14.999999999999991,OK,False
13235,France,Personal Care,8.85,7,Standard,30,11.505,30.000000000000004,OK,True
13236,France,Home Care,14.28,2,Value,10,15.708,10.000000000000009,OK,True
13237,UK,Food & Refreshment,12.96,6,Standard,28,16.588800000000003,28.000000000000004,OK,True
13238,Germany,Personal Care,3.81,5,Standard,30,4.953,30.000000000000004,OK,True
13239,France,Personal Care,3.69,1,Value,15,4.2435,15.000000000000014,OK,True
13240,Germany,Food & Refreshment,3.42,2,Value,12,3.830400000000001,12.00000000000001,OK,True
13241,France,Food & Refreshment,13.88,2,Value,12,15.545600000000002,12.00000000000001,OK,True
13242,Spain,Personal Care,12.86,10,Premium,60,20.576,60.00000000000001,OK,True
13243,Spain,Food & Refreshment,11.74,10,Premium,55,18.197,54.999999999999986,OK,False
13244,France,Personal Care,6.19,6,Standard,30,8.047,30.000000000000004,OK,True
13245,Spain,Food & Refreshment,7.81,1,Value,12,8.747200000000001,12.00000000000001,OK,True
13246,France,Food & Refreshment,7.23,4,Standard,28,9.2544,28.000000000000004,OK,True
13247,Spain,Home Care,4.17,10,Premium,50,6.255,50.0,OK,False
13248,UK,Food & Refreshment,7.82,5,Standard,28,10.0096,28.000000000000004,OK,True
13249,UK,Home Care,0.94,2,Value,10,1.034,10.000000000000009,OK,True
13250,UK,Food & Refreshment,2.41,2,Value,12,2.6992000000000003,12.00000000000001,OK,True
13251,Germany,Personal Care,13.36,7,Standard,30,17.368,30.000000000000004,OK,True
13252,Germany,Personal Care,11.4,7,Standard,30,14.82,30.000000000000004,OK,True
13253,UK,Food & Refreshment,6.63,6,Standard,28,8.4864,28.000000000000004,OK,True
13254,Germany,Food & Refreshment,8.0,1,Value,12,8.96,12.00000000000001,OK,True
13255,Spain,Personal Care,5.86,3,Value,15,6.739,14.999999999999991,OK,False
13256,France,Food & Refreshment,11.24,9,Premium,55,17.422,55.00000000000001,OK,True
13257,France,Home Care,11.87,10,Premium,50,17.805,50.0,OK,False
13258,France,Home Care,11.57,1,Value,10,12.727000000000002,10.000000000000009,OK,True
13259,UK,Home Care,10.98,2,Value,10,12.078,10.000000000000009,OK,True
13260,Germany,Home Care,3.47,8,Premium,50,5.205,50.0,OK,False
13261,Spain,Home Care,5.4,7,Standard,25,6.75,25.0,OK,False
13262,Spain,Food & Refreshment,7.31,9,Premium,55,11.3305,54.999999999999986,OK,False
13263,UK,Food & Refreshment,5.3,10,Premium,55,8.215,55.00000000000001,OK,True
13264,Spain,Home Care,11.45,4,Standard,25,14.3125,25.0,OK,False
13265,Spain,Food & Refreshment,5.28,4,Standard,28,6.758400000000001,28.000000000000004,OK,True
13266,Spain,Food & Refreshment,2.5,7,Standard,28,3.2,28.000000000000004,OK,True
13267,Spain,Home Care,6.29,1,Value,10,6.9190000000000005,10.000000000000009,OK,True
13268,Germany,Food & Refreshment,14.71,10,Premium,55,22.800500000000003,55.00000000000001,OK,True
13269,Spain,Food & Refreshment,3.78,9,Premium,55,5.859,55.00000000000001,OK,True
13270,France,Food & Refreshment,9.38,2,Value,12,10.5056,12.00000000000001,OK,True
13271,UK,Home Care,6.78,1,Value,10,7.458000000000001,10.000000000000009,OK,True
13272,Germany,Food & Refreshment,1.53,7,Standard,28,1.9584,28.000000000000004,OK,True
13273,Spain,Personal Care,7.57,6,Standard,30,9.841,30.000000000000004,OK,True
13274,Germany,Personal Care,10.68,3,Value,15,12.281999999999998,14.999999999999991,OK,False
13275,Spain,Home Care,7.94,1,Value,10,8.734000000000002,10.000000000000009,OK,True
13276,France,Personal Care,13.15,5,Standard,30,17.095000000000002,30.000000000000004,OK,True
13277,UK,Home Care,4.69,10,Premium,50,7.035,50.0,OK,False
13278,Spain,Personal Care,1.75,4,Standard,30,2.275,30.000000000000004,OK,True
13279,Spain,Personal Care,14.08,5,Standard,30,18.304,30.000000000000004,OK,True
13280,Spain,Personal Care,5.98,1,Value,15,6.877,14.999999999999991,OK,False
13281,Spain,Home Care,8.86,1,Value,10,9.746,10.000000000000009,OK,True
13282,UK,Home Care,11.98,5,Standard,25,14.975,25.0,OK,False
13283,UK,Food & Refreshment,5.2,6,Standard,28,6.656000000000001,28.000000000000004,OK,True
13284,France,Home Care,10.88,5,Standard,25,13.6,25.0,OK,False
13285,UK,Personal Care,2.46,2,Value,15,2.8289999999999997,14.999999999999991,OK,False
13286,Spain,Personal Care,4.72,9,Premium,60,7.552,60.00000000000001,OK,True
13287,France,Home Care,2.6,5,Standard,25,3.25,25.0,OK,False
13288,France,Home Care,12.26,5,Standard,25,15.325,25.0,OK,False
13289,France,Home Care,3.73,10,Premium,50,5.595,50.0,OK,False
13290,Spain,Food & Refreshment,10.9,9,Premium,55,16.895,54.999999999999986,OK,False
13291,Germany,Personal Care,14.18,3,Value,15,16.307,14.999999999999991,OK,False
13292,Spain,Food & Refreshment,8.15,5,Standard,28,10.432,28.000000000000004,OK,True
13293,UK,Food & Refreshment,8.33,5,Standard,28,10.6624,28.000000000000004,OK,True
13294,UK,Personal Care,7.18,2,Value,15,8.257,14.999999999999991,OK,False
13295,Spain,Personal Care,5.23,4,Standard,30,6.799,30.000000000000004,OK,True
13296,Spain,Home Care,7.4,2,Value,10,8.14,10.000000000000009,OK,True
13297,France,Home Care,9.24,5,Standard,25,11.55,25.0,OK,False
13298,Spain,Food & Refreshment,14.8,10,Premium,55,22.94,55.00000000000001,OK,True
13299,France,Home Care,14.1,2,Value,10,15.510000000000002,10.000000000000009,OK,True
13300,UK,Home Care,13.0,10,Premium,50,19.5,50.0,OK,False
13301,France,Personal Care,13.39,9,Premium,60,21.424000000000003,60.00000000000001,OK,True
13302,Spain,Personal Care,7.28,10,Premium,60,11.648,60.00000000000001,OK,True
13303,UK,Home Care,10.03,6,Standard,25,12.5375,25.0,OK,False
13304,Germany,Personal Care,13.48,8,Premium,60,21.568,60.00000000000001,OK,True
13305,France,Home Care,6.2,9,Premium,50,9.3,50.0,OK,False
13306,UK,Personal Care,14.45,8,Premium,60,23.12,60.00000000000001,OK,True
13307,France,Personal Care,6.53,5,Standard,30,8.489,30.000000000000004,OK,True
13308,UK,Personal Care,9.22,5,Standard,30,11.986,30.000000000000004,OK,True
13309,UK,Personal Care,10.79,6,Standard,30,14.027,30.000000000000004,OK,True
13310,France,Home Care,14.28,1,Value,10,15.708,10.000000000000009,OK,True
13311,Germany,Food & Refreshment,4.05,8,Premium,55,6.2775,55.00000000000001,OK,True
13312,UK,Personal Care,11.32,2,Value,15,13.018,14.999999999999991,OK,False
13313,UK,Home Care,8.05,6,Standard,25,10.0625,25.0,OK,False
13314,UK,Home Care,4.39,9,Premium,50,6.584999999999999,50.0,OK,False
13315,Germany,Personal Care,11.76,3,Value,15,13.524,14.999999999999991,OK,False
13316,Germany,Food & Refreshment,8.51,2,Value,12,9.5312,12.00000000000001,OK,True
13317,Spain,Personal Care,10.08,10,Premium,60,16.128,60.00000000000001,OK,True
13318,France,Home Care,5.18,5,Standard,25,6.475,25.0,OK,False
13319,Germany,Food & Refreshment,7.48,9,Premium,55,11.594,55.00000000000001,OK,True
13320,France,Home Care,9.45,6,Standard,25,11.8125,25.0,OK,False
13321,Spain,Personal Care,6.37,8,Premium,60,10.192,60.00000000000001,OK,True
13322,France,Food & Refreshment,3.38,8,Premium,55,5.239,55.00000000000001,OK,True
13323,Germany,Home Care,14.44,7,Standard,25,18.05,25.0,OK,False
13324,France,Home Care,7.92,5,Standard,25,9.9,25.0,OK,False
13325,Germany,Home Care,11.14,2,Value,10,12.254,10.000000000000009,OK,True
13326,France,Personal Care,6.46,10,Premium,60,10.336,60.00000000000001,OK,True
13327,Germany,Food & Refreshment,5.65,10,Premium,55,8.7575,55.00000000000001,OK,True
13328,Germany,Personal Care,6.4,5,Standard,30,8.32,30.000000000000004,OK,True
13329,France,Personal Care,6.43,7,Standard,30,8.359,30.000000000000004,OK,True
13330,Spain,Personal Care,8.39,7,Standard,30,10.907000000000002,30.000000000000004,OK,True
13331,UK,Food & Refreshment,8.38,2,Value,12,9.385600000000002,12.00000000000001,OK,True
13332,Spain,Personal Care,7.71,7,Standard,30,10.023,30.000000000000004,OK,True
13333,France,Personal Care,2.45,6,Standard,30,3.1850000000000005,30.000000000000004,OK,True
13334,Spain,Personal Care,7.69,7,Standard,30,9.997000000000002,30.000000000000004,OK,True
13335,Germany,Personal Care,2.95,8,Premium,60,4.720000000000001,60.00000000000001,OK,True
13336,UK,Home Care,2.33,4,Standard,25,2.9125,25.0,OK,False
13337,France,Personal Care,14.02,1,Value,15,16.122999999999998,14.999999999999991,OK,False
13338,France,Home Care,9.27,8,Premium,50,13.905,50.0,OK,False
13339,France,Personal Care,10.06,8,Premium,60,16.096,59.999999999999986,OK,False
13340,UK,Food & Refreshment,6.33,3,Value,12,7.089600000000001,12.00000000000001,OK,True
13341,Germany,Home Care,13.68,3,Value,10,15.048,10.000000000000009,OK,True
13342,France,Home Care,9.75,5,Standard,25,12.1875,25.0,OK,False
13343,Spain,Home Care,11.65,3,Value,10,12.815,10.000000000000009,OK,True
13344,France,Home Care,5.84,5,Standard,25,7.3,25.0,OK,False
13345,France,Food & Refreshment,14.42,8,Premium,55,22.351,55.00000000000001,OK,True
13346,France,Personal Care,12.4,1,Value,15,14.26,14.999999999999991,OK,False
13347,France,Home Care,12.88,2,Value,10,14.168000000000005,10.000000000000009,OK,True
13348,Germany,Food & Refreshment,3.0,2,Value,12,3.3600000000000003,12.00000000000001,OK,True
13349,Spain,Home Care,4.43,4,Standard,25,5.5375,25.0,OK,False
13350,Germany,Personal Care,4.64,9,Premium,60,7.424,60.00000000000001,OK,True
13351,Spain,Home Care,4.43,2,Value,10,4.873,10.000000000000009,OK,True
13352,France,Food & Refreshment,12.9,9,Premium,55,19.995,55.00000000000001,OK,True
13353,UK,Personal Care,0.96,7,Standard,30,1.248,30.000000000000004,OK,True
13354,Germany,Food & Refreshment,1.6,10,Premium,55,2.4800000000000004,55.00000000000003,OK,True
13355,UK,Personal Care,4.47,8,Premium,60,7.152,60.00000000000001,OK,True
13356,Germany,Personal Care,3.4,1,Value,15,3.91,14.999999999999991,OK,False
13357,France,Personal Care,3.86,5,Standard,30,5.018,30.000000000000004,OK,True
13358,Germany,Home Care,12.07,9,Premium,50,18.105,50.0,OK,False
13359,France,Food & Refreshment,8.67,4,Standard,28,11.0976,28.000000000000004,OK,True
13360,Germany,Food & Refreshment,0.58,2,Value,12,0.6496000000000001,12.00000000000001,OK,True
13361,France,Food & Refreshment,6.73,6,Standard,28,8.614400000000002,28.000000000000025,OK,True
13362,France,Personal Care,6.41,2,Value,15,7.371499999999999,14.999999999999991,OK,False
13363,Spain,Home Care,2.15,3,Value,10,2.365,10.000000000000009,OK,True
13364,France,Personal Care,10.3,8,Premium,60,16.48,59.999999999999986,OK,False
13365,Spain,Food & Refreshment,10.68,3,Value,12,11.9616,12.00000000000001,OK,True
13366,France,Home Care,10.95,2,Value,10,12.045,10.000000000000009,OK,True
13367,UK,Home Care,11.06,6,Standard,25,13.825,25.0,OK,False
13368,France,Home Care,0.5,3,Value,10,0.55,10.000000000000009,OK,True
13369,UK,Food & Refreshment,14.33,1,Value,12,16.0496,12.00000000000001,OK,True
13370,UK,Home Care,12.31,3,Value,10,13.541000000000002,10.000000000000009,OK,True
13371,France,Home Care,13.61,6,Standard,25,17.0125,25.0,OK,False
13372,UK,Personal Care,0.73,3,Value,15,0.8394999999999999,14.999999999999991,OK,False
13373,Spain,Personal Care,14.04,9,Premium,60,22.464,60.00000000000001,OK,True
13374,Germany,Home Care,12.24,7,Standard,25,15.3,25.0,OK,False
13375,France,Home Care,12.64,5,Standard,25,15.8,25.0,OK,False
13376,UK,Personal Care,1.85,2,Value,15,2.1275,14.999999999999991,OK,False
13377,France,Personal Care,11.21,9,Premium,60,17.936000000000003,60.00000000000001,OK,True
13378,Spain,Personal Care,14.42,5,Standard,30,18.746,30.00000000000003,OK,True
13379,France,Food & Refreshment,10.34,7,Standard,28,13.2352,28.000000000000004,OK,True
13380,France,Food & Refreshment,8.77,9,Premium,55,13.5935,55.00000000000001,OK,True
13381,UK,Personal Care,14.21,4,Standard,30,18.473000000000003,30.000000000000004,OK,True
13382,Spain,Home Care,6.92,9,Premium,50,10.38,49.99999999999998,OK,False
13383,Germany,Personal Care,9.19,1,Value,15,10.568499999999998,14.999999999999991,OK,False
13384,Germany,Food & Refreshment,7.41,6,Standard,28,9.4848,28.000000000000004,OK,True
13385,UK,Home Care,14.03,2,Value,10,15.433,10.000000000000009,OK,True
13386,France,Food & Refreshment,1.6,8,Premium,55,2.4800000000000004,55.00000000000003,OK,True
13387,UK,Home Care,7.77,5,Standard,25,9.7125,24.99999999999998,OK,False
13388,UK,Food & Refreshment,10.46,3,Value,12,11.715200000000005,12.00000000000001,OK,True
13389,UK,Home Care,11.98,2,Value,10,13.178,10.000000000000009,OK,True
13390,France,Home Care,8.95,8,Premium,50,13.425,50.0,OK,False
13391,Spain,Home Care,13.68,7,Standard,25,17.1,25.00000000000002,OK,True
13392,UK,Home Care,14.16,9,Premium,50,21.24,50.00000000000002,OK,True
13393,France,Food & Refreshment,1.43,8,Premium,55,2.2165,55.00000000000001,OK,True
13394,Spain,Food & Refreshment,6.33,4,Standard,28,8.1024,27.99999999999998,OK,False
13395,UK,Home Care,0.84,2,Value,10,0.924,10.000000000000009,OK,True
13396,Germany,Home Care,5.28,2,Value,10,5.808000000000001,10.000000000000009,OK,True
13397,Spain,Food & Refreshment,8.28,2,Value,12,9.2736,12.00000000000001,OK,True
13398,UK,Home Care,13.71,6,Standard,25,17.137500000000003,25.00000000000002,OK,True
13399,Spain,Home Care,12.78,7,Standard,25,15.975,25.0,OK,False
13400,Spain,Home Care,2.35,6,Standard,25,2.9375,25.0,OK,False
13401,Spain,Personal Care,1.85,2,Value,15,2.1275,14.999999999999991,OK,False
13402,Spain,Home Care,9.04,4,Standard,25,11.3,25.0,OK,False
13403,Spain,Personal Care,8.22,3,Value,15,9.453,14.999999999999991,OK,False
13404,Spain,Home Care,4.36,4,Standard,25,5.45,25.0,OK,False
13405,UK,Food & Refreshment,13.54,5,Standard,28,17.3312,28.000000000000004,OK,True
13406,Germany,Personal Care,13.95,7,Standard,30,18.135,29.999999999999982,OK,False
13407,France,Personal Care,6.34,9,Premium,60,10.144,60.00000000000001,OK,True
13408,Spain,Home Care,13.41,2,Value,10,14.751,10.000000000000009,OK,True
13409,France,Home Care,6.07,8,Premium,50,9.105,50.0,OK,False
13410,UK,Personal Care,11.18,3,Value,15,12.857,14.999999999999991,OK,False
13411,Spain,Food & Refreshment,7.4,9,Premium,55,11.47,55.00000000000001,OK,True
13412,Germany,Food & Refreshment,2.28,10,Premium,55,3.534,55.00000000000001,OK,True
13413,France,Home Care,13.96,4,Standard,25,17.450000000000003,25.00000000000002,OK,True
13414,Spain,Food & Refreshment,7.08,3,Value,12,7.929600000000001,12.00000000000001,OK,True
13415,UK,Food & Refreshment,11.15,10,Premium,55,17.282500000000002,55.00000000000003,OK,True
13416,Germany,Home Care,5.82,6,Standard,25,7.275,25.0,OK,False
13417,France,Food & Refreshment,0.77,10,Premium,55,1.1935,55.00000000000001,OK,True
13418,France,Home Care,1.96,9,Premium,50,2.94,50.0,OK,False
13419,Spain,Personal Care,7.7,7,Standard,30,10.01,30.000000000000004,OK,True
13420,Germany,Home Care,10.5,4,Standard,25,13.125,25.0,OK,False
13421,Germany,Personal Care,5.35,3,Value,15,6.152499999999999,14.999999999999991,OK,False
13422,Germany,Personal Care,10.58,10,Premium,60,16.928,60.00000000000001,OK,True
13423,Germany,Food & Refreshment,10.63,4,Standard,28,13.6064,28.000000000000004,OK,True
13424,UK,Food & Refreshment,10.71,3,Value,12,11.995200000000002,12.00000000000001,OK,True
13425,Germany,Food & Refreshment,7.64,3,Value,12,8.5568,12.00000000000001,OK,True
13426,France,Home Care,13.77,9,Premium,50,20.655,50.00000000000002,OK,True
13427,France,Food & Refreshment,7.59,4,Standard,28,9.7152,28.000000000000004,OK,True
13428,UK,Personal Care,7.03,9,Premium,60,11.248,60.00000000000001,OK,True
13429,France,Food & Refreshment,3.39,10,Premium,55,5.2545,55.00000000000001,OK,True
13430,France,Food & Refreshment,4.96,5,Standard,28,6.3488,28.000000000000004,OK,True
13431,Germany,Home Care,1.11,7,Standard,25,1.3875000000000002,25.0,OK,False
13432,France,Home Care,9.69,5,Standard,25,12.1125,25.0,OK,False
13433,UK,Personal Care,4.1,1,Value,15,4.714999999999999,14.999999999999991,OK,False
13434,Germany,Home Care,4.91,2,Value,10,5.401000000000001,10.000000000000009,OK,True
13435,Spain,Food & Refreshment,11.68,5,Standard,28,14.9504,28.000000000000004,OK,True
13436,Germany,Home Care,5.24,6,Standard,25,6.550000000000001,25.0,OK,False
13437,UK,Personal Care,4.01,7,Standard,30,5.213,30.000000000000004,OK,True
13438,Germany,Food & Refreshment,2.95,2,Value,12,3.3040000000000007,12.00000000000001,OK,True
13439,Germany,Personal Care,11.74,10,Premium,60,18.784,60.00000000000001,OK,True
13440,UK,Home Care,2.38,9,Premium,50,3.57,50.0,OK,False
13441,Germany,Home Care,7.08,6,Standard,25,8.85,25.0,OK,False
13442,UK,Personal Care,7.85,2,Value,15,9.027499999999998,14.999999999999991,OK,False
13443,UK,Food & Refreshment,10.47,2,Value,12,11.726400000000002,12.00000000000001,OK,True
13444,Spain,Home Care,9.68,3,Value,10,10.648,10.000000000000009,OK,True
13445,France,Home Care,12.26,1,Value,10,13.486,10.000000000000009,OK,True
13446,France,Food & Refreshment,1.15,9,Premium,55,1.7825,55.00000000000001,OK,True
13447,Germany,Home Care,4.8,10,Premium,50,7.199999999999999,50.0,OK,False
13448,Germany,Personal Care,4.56,4,Standard,30,5.928,30.000000000000004,OK,True
13449,Spain,Home Care,2.62,5,Standard,25,3.2750000000000004,25.0,OK,False
13450,Spain,Home Care,4.69,7,Standard,25,5.862500000000001,25.0,OK,False
13451,Spain,Food & Refreshment,4.99,1,Value,12,5.588800000000001,12.00000000000001,OK,True
13452,UK,Personal Care,8.07,3,Value,15,9.2805,14.999999999999991,OK,False
13453,Spain,Food & Refreshment,10.12,3,Value,12,11.3344,12.00000000000001,OK,True
13454,Spain,Home Care,6.03,2,Value,10,6.633000000000001,10.000000000000009,OK,True
13455,Germany,Home Care,10.93,8,Premium,50,16.395,50.0,OK,False
13456,Spain,Food & Refreshment,5.37,5,Standard,28,6.873600000000001,28.000000000000004,OK,True
13457,UK,Food & Refreshment,4.71,1,Value,12,5.275200000000001,12.00000000000001,OK,True
13458,UK,Food & Refreshment,8.35,2,Value,12,9.352,12.00000000000001,OK,True
13459,Germany,Personal Care,0.84,1,Value,15,0.966,14.999999999999991,OK,False
13460,Spain,Home Care,1.66,6,Standard,25,2.0749999999999997,25.0,OK,False
13461,Spain,Food & Refreshment,6.56,9,Premium,55,10.168,55.00000000000001,OK,True
13462,UK,Home Care,14.17,7,Standard,25,17.7125,25.0,OK,False
13463,Spain,Personal Care,10.96,5,Standard,30,14.248,30.000000000000004,OK,True
13464,Spain,Personal Care,1.78,3,Value,15,2.0469999999999997,14.999999999999991,OK,False
13465,Spain,Personal Care,12.77,8,Premium,60,20.432,60.00000000000003,OK,True
13466,France,Personal Care,11.12,10,Premium,60,17.791999999999998,59.999999999999986,OK,False
13467,Germany,Home Care,9.36,4,Standard,25,11.7,25.0,OK,False
13468,France,Personal Care,12.39,9,Premium,60,19.824,60.00000000000001,OK,True
13469,Germany,Personal Care,6.36,5,Standard,30,8.268,30.000000000000004,OK,True
13470,UK,Food & Refreshment,3.71,6,Standard,28,4.7488,28.000000000000004,OK,True
13471,Spain,Personal Care,7.92,5,Standard,30,10.296,29.999999999999982,OK,False
13472,Germany,Food & Refreshment,8.46,10,Premium,55,13.113,55.00000000000001,OK,True
13473,France,Personal Care,8.31,7,Standard,30,10.803,30.000000000000004,OK,True
13474,Spain,Personal Care,8.69,7,Standard,30,11.297,30.000000000000004,OK,True
13475,UK,Food & Refreshment,14.26,1,Value,12,15.9712,12.00000000000001,OK,True
13476,Germany,Personal Care,13.58,2,Value,15,15.617,14.999999999999991,OK,False
13477,Germany,Home Care,13.2,7,Standard,25,16.5,25.0,OK,False
13478,Germany,Home Care,12.12,8,Premium,50,18.18,50.0,OK,False
13479,Spain,Personal Care,14.18,4,Standard,30,18.434,30.000000000000004,OK,True
13480,France,Home Care,1.93,6,Standard,25,2.4125,25.0,OK,False
13481,France,Food & Refreshment,4.34,10,Premium,55,6.727,55.00000000000001,OK,True
13482,Germany,Personal Care,7.68,3,Value,15,8.831999999999999,14.999999999999991,OK,False
13483,UK,Personal Care,12.77,7,Standard,30,16.601,30.000000000000004,OK,True
13484,UK,Food & Refreshment,7.82,3,Value,12,8.758400000000002,12.00000000000001,OK,True
13485,France,Food & Refreshment,11.35,7,Standard,28,14.528,28.000000000000004,OK,True
13486,UK,Food & Refreshment,2.51,8,Premium,55,3.8905,55.00000000000001,OK,True
13487,France,Personal Care,4.16,3,Value,15,4.784,14.999999999999991,OK,False
13488,Germany,Food & Refreshment,11.11,2,Value,12,12.4432,12.00000000000001,OK,True
13489,France,Food & Refreshment,2.89,6,Standard,28,3.6992,28.000000000000004,OK,True
13490,France,Home Care,5.59,4,Standard,25,6.9875,25.0,OK,False
13491,Germany,Home Care,4.34,8,Premium,50,6.51,50.0,OK,False
13492,UK,Personal Care,5.57,2,Value,15,6.4055,14.999999999999991,OK,False
13493,France,Home Care,10.77,4,Standard,25,13.4625,25.0,OK,False
13494,France,Home Care,5.83,2,Value,10,6.413,10.000000000000009,OK,True
13495,Germany,Food & Refreshment,8.55,2,Value,12,9.576000000000002,12.00000000000001,OK,True
13496,UK,Food & Refreshment,1.95,2,Value,12,2.184,12.00000000000001,OK,True
13497,France,Home Care,12.17,1,Value,10,13.387,10.000000000000009,OK,True
13498,Germany,Home Care,5.86,4,Standard,25,7.325,25.0,OK,False
13499,France,Home Care,9.9,2,Value,10,10.89,10.000000000000009,OK,True
13500,Spain,Personal Care,11.02,9,Premium,60,17.632,60.00000000000001,OK,True
13501,Germany,Personal Care,3.54,9,Premium,60,5.664000000000001,60.00000000000001,OK,True
13502,UK,Personal Care,13.33,7,Standard,30,17.329,30.000000000000004,OK,True
13503,UK,Home Care,9.44,6,Standard,25,11.8,25.0,OK,False
13504,UK,Home Care,6.72,3,Value,10,7.392,10.000000000000009,OK,True
13505,UK,Personal Care,3.14,7,Standard,30,4.082000000000001,30.00000000000003,OK,True
13506,France,Personal Care,14.16,1,Value,15,16.284,14.999999999999991,OK,False
13507,France,Home Care,11.45,9,Premium,50,17.174999999999997,49.99999999999998,OK,False
13508,UK,Food & Refreshment,3.52,4,Standard,28,4.5056,28.000000000000004,OK,True
13509,UK,Personal Care,5.4,6,Standard,30,7.0200000000000005,30.000000000000004,OK,True
13510,UK,Home Care,12.24,6,Standard,25,15.3,25.0,OK,False
13511,France,Home Care,10.59,3,Value,10,11.649,10.000000000000009,OK,True
13512,UK,Food & Refreshment,11.6,4,Standard,28,14.848,28.000000000000004,OK,True
13513,UK,Home Care,6.9,10,Premium,50,10.35,50.00000000000002,OK,True
13514,Spain,Home Care,10.89,3,Value,10,11.979,10.000000000000009,OK,True
13515,Spain,Personal Care,6.1,6,Standard,30,7.93,30.000000000000004,OK,True
13516,UK,Personal Care,3.56,1,Value,15,4.093999999999999,14.999999999999991,OK,False
13517,Germany,Food & Refreshment,9.67,8,Premium,55,14.9885,55.00000000000001,OK,True
13518,UK,Food & Refreshment,14.65,8,Premium,55,22.7075,54.999999999999986,OK,False
13519,Spain,Home Care,5.0,9,Premium,50,7.5,50.0,OK,False
13520,Germany,Personal Care,7.18,6,Standard,30,9.334,30.000000000000004,OK,True
13521,Germany,Food & Refreshment,10.27,1,Value,12,11.5024,12.00000000000001,OK,True
13522,UK,Food & Refreshment,8.35,3,Value,12,9.352,12.00000000000001,OK,True
13523,Spain,Food & Refreshment,12.73,1,Value,12,14.257600000000002,12.00000000000001,OK,True
13524,Spain,Home Care,11.55,5,Standard,25,14.4375,25.0,OK,False
13525,Germany,Personal Care,1.35,3,Value,15,1.5525,14.999999999999991,OK,False
13526,UK,Food & Refreshment,14.98,2,Value,12,16.777600000000003,12.00000000000001,OK,True
13527,France,Personal Care,11.41,3,Value,15,13.1215,14.999999999999991,OK,False
13528,France,Food & Refreshment,13.03,9,Premium,55,20.1965,55.00000000000001,OK,True
13529,Spain,Food & Refreshment,9.94,8,Premium,55,15.407,55.00000000000001,OK,True
13530,France,Personal Care,12.92,3,Value,15,14.858,14.999999999999991,OK,False
13531,Spain,Personal Care,2.13,2,Value,15,2.4494999999999996,14.999999999999991,OK,False
13532,Spain,Personal Care,5.54,5,Standard,30,7.202,30.000000000000004,OK,True
13533,Spain,Home Care,13.21,1,Value,10,14.531000000000002,10.000000000000009,OK,True
13534,France,Food & Refreshment,3.42,4,Standard,28,4.3776,28.000000000000004,OK,True
13535,Spain,Home Care,1.63,8,Premium,50,2.445,50.0,OK,False
13536,Germany,Personal Care,11.93,1,Value,15,13.719499999999998,14.999999999999991,OK,False
13537,UK,Food & Refreshment,12.61,5,Standard,28,16.1408,28.000000000000004,OK,True
13538,UK,Home Care,2.86,4,Standard,25,3.5749999999999997,25.0,OK,False
13539,Spain,Food & Refreshment,12.89,6,Standard,28,16.499200000000002,28.000000000000004,OK,True
13540,UK,Home Care,10.46,7,Standard,25,13.075,25.0,OK,False
13541,France,Personal Care,8.04,9,Premium,60,12.864,60.00000000000001,OK,True
13542,France,Home Care,12.54,1,Value,10,13.794,10.000000000000009,OK,True
13543,UK,Food & Refreshment,6.58,10,Premium,55,10.199,55.00000000000001,OK,True
13544,France,Food & Refreshment,3.31,4,Standard,28,4.236800000000001,28.000000000000025,OK,True
13545,UK,Food & Refreshment,4.63,6,Standard,28,5.9264,28.000000000000004,OK,True
13546,UK,Food & Refreshment,7.82,10,Premium,55,12.121,55.00000000000001,OK,True
13547,UK,Personal Care,8.2,7,Standard,30,10.66,30.000000000000004,OK,True
13548,Spain,Home Care,12.18,7,Standard,25,15.225,25.0,OK,False
13549,UK,Personal Care,11.97,8,Premium,60,19.152,60.00000000000001,OK,True
13550,Spain,Personal Care,8.93,10,Premium,60,14.288,60.00000000000001,OK,True
13551,UK,Personal Care,11.82,8,Premium,60,18.912000000000003,60.00000000000001,OK,True
13552,UK,Food & Refreshment,3.28,8,Premium,55,5.084,55.00000000000001,OK,True
13553,UK,Food & Refreshment,1.23,8,Premium,55,1.9065,55.00000000000001,OK,True
13554,France,Food & Refreshment,13.17,8,Premium,55,20.4135,55.00000000000001,OK,True
13555,Spain,Home Care,1.6,6,Standard,25,2.0,25.0,OK,False
13556,Spain,Food & Refreshment,4.08,9,Premium,55,6.324000000000001,55.00000000000001,OK,True
13557,UK,Home Care,10.58,3,Value,10,11.638000000000002,10.000000000000009,OK,True
13558,UK,Food & Refreshment,6.44,6,Standard,28,8.2432,27.99999999999998,OK,False
13559,France,Food & Refreshment,13.21,5,Standard,28,16.908800000000003,28.000000000000025,OK,True
13560,France,Personal Care,4.82,8,Premium,60,7.712000000000001,60.00000000000001,OK,True
13561,France,Personal Care,0.67,4,Standard,30,0.8710000000000001,30.000000000000004,OK,True
13562,Spain,Personal Care,4.86,4,Standard,30,6.3180000000000005,30.000000000000004,OK,True
13563,Spain,Home Care,8.88,10,Premium,50,13.32,50.0,OK,False
13564,Spain,Home Care,5.95,10,Premium,50,8.925,50.0,OK,False
13565,UK,Food & Refreshment,8.26,5,Standard,28,10.5728,28.000000000000004,OK,True
13566,Spain,Home Care,13.21,6,Standard,25,16.512500000000003,25.00000000000002,OK,True
13567,Germany,Food & Refreshment,13.73,4,Standard,28,17.5744,28.000000000000004,OK,True
13568,Germany,Home Care,4.36,2,Value,10,4.796000000000001,10.000000000000009,OK,True
13569,France,Home Care,7.2,2,Value,10,7.920000000000001,10.000000000000009,OK,True
13570,Spain,Home Care,8.46,3,Value,10,9.306,10.000000000000009,OK,True
13571,Germany,Personal Care,14.26,2,Value,15,16.398999999999997,14.999999999999991,OK,False
13572,France,Home Care,14.98,1,Value,10,16.478,10.000000000000009,OK,True
13573,Spain,Personal Care,3.91,8,Premium,60,6.256,60.00000000000001,OK,True
13574,UK,Personal Care,11.04,5,Standard,30,14.352,30.000000000000004,OK,True
13575,Germany,Home Care,5.98,10,Premium,50,8.97,50.0,OK,False
13576,UK,Food & Refreshment,0.62,1,Value,12,0.6944,12.00000000000001,OK,True
13577,Spain,Food & Refreshment,0.63,9,Premium,55,0.9765,55.00000000000001,OK,True
13578,Germany,Food & Refreshment,7.18,8,Premium,55,11.129,55.00000000000001,OK,True
13579,Spain,Home Care,7.58,4,Standard,25,9.475,25.0,OK,False
13580,UK,Food & Refreshment,0.83,8,Premium,55,1.2865,55.00000000000001,OK,True
13581,Germany,Personal Care,10.46,10,Premium,60,16.736,59.999999999999986,OK,False
13582,UK,Food & Refreshment,4.76,7,Standard,28,6.0927999999999995,28.000000000000004,OK,True
13583,Spain,Home Care,8.62,7,Standard,25,10.775,25.0,OK,False
13584,Spain,Food & Refreshment,4.86,1,Value,12,5.443200000000001,12.00000000000001,OK,True
13585,UK,Personal Care,2.92,6,Standard,30,3.796,30.000000000000004,OK,True
13586,Germany,Home Care,6.4,4,Standard,25,8.0,25.0,OK,False
13587,UK,Food & Refreshment,3.87,10,Premium,55,5.9985,55.00000000000001,OK,True
13588,Spain,Home Care,8.25,10,Premium,50,12.375,50.0,OK,False
13589,UK,Home Care,3.38,10,Premium,50,5.07,50.00000000000002,OK,True
13590,Spain,Home Care,7.87,2,Value,10,8.657,10.000000000000009,OK,True
13591,UK,Food & Refreshment,2.78,10,Premium,55,4.309,55.00000000000003,OK,True
13592,Germany,Home Care,10.23,7,Standard,25,12.7875,25.0,OK,False
13593,Germany,Food & Refreshment,11.43,9,Premium,55,17.7165,55.00000000000001,OK,True
13594,UK,Personal Care,2.1,5,Standard,30,2.7300000000000004,30.000000000000004,OK,True
13595,UK,Food & Refreshment,7.28,8,Premium,55,11.284,55.00000000000001,OK,True
13596,Germany,Personal Care,1.53,5,Standard,30,1.989,30.000000000000004,OK,True
13597,Spain,Food & Refreshment,9.17,7,Standard,28,11.7376,28.000000000000004,OK,True
13598,Germany,Home Care,4.33,7,Standard,25,5.4125,25.0,OK,False
13599,Spain,Food & Refreshment,8.15,9,Premium,55,12.6325,55.00000000000001,OK,True
13600,UK,Home Care,8.0,3,Value,10,8.8,10.000000000000009,OK,True
13601,UK,Personal Care,13.9,1,Value,15,15.985,14.999999999999991,OK,False
13602,Spain,Food & Refreshment,8.46,2,Value,12,9.475200000000005,12.00000000000001,OK,True
13603,UK,Home Care,8.95,6,Standard,25,11.1875,25.0,OK,False
13604,Spain,Personal Care,6.32,10,Premium,60,10.112000000000002,60.00000000000003,OK,True
13605,France,Personal Care,14.26,10,Premium,60,22.816000000000003,60.00000000000001,OK,True
13606,Germany,Food & Refreshment,11.77,9,Premium,55,18.2435,55.00000000000001,OK,True
13607,France,Personal Care,4.64,3,Value,15,5.335999999999999,14.999999999999991,OK,False
13608,Spain,Home Care,12.74,10,Premium,50,19.11,50.0,OK,False
13609,Germany,Personal Care,6.77,2,Value,15,7.785499999999999,14.999999999999991,OK,False
13610,Spain,Personal Care,12.52,1,Value,15,14.397999999999998,14.999999999999991,OK,False
13611,Germany,Home Care,12.43,2,Value,10,13.673,10.000000000000009,OK,True
13612,Germany,Personal Care,3.24,3,Value,15,3.726,14.999999999999991,OK,False
13613,Germany,Personal Care,10.67,7,Standard,30,13.871,30.000000000000004,OK,True
13614,Germany,Personal Care,4.71,2,Value,15,5.416499999999999,14.999999999999991,OK,False
13615,Spain,Personal Care,4.81,5,Standard,30,6.253,30.000000000000004,OK,True
13616,Germany,Home Care,4.8,2,Value,10,5.28,10.000000000000009,OK,True
13617,Germany,Personal Care,11.02,7,Standard,30,14.326,30.000000000000004,OK,True
13618,France,Home Care,3.83,10,Premium,50,5.745,50.0,OK,False
13619,UK,Personal Care,0.51,8,Premium,60,0.8160000000000001,60.00000000000001,OK,True
13620,UK,Personal Care,10.87,8,Premium,60,17.392,60.00000000000001,OK,True
13621,France,Personal Care,2.98,8,Premium,60,4.768,59.999999999999986,OK,False
13622,France,Personal Care,2.01,10,Premium,60,3.2159999999999997,60.00000000000001,OK,True
13623,Spain,Home Care,3.94,9,Premium,50,5.91,50.0,OK,False
13624,Spain,Home Care,6.01,1,Value,10,6.611000000000001,10.000000000000009,OK,True
13625,Spain,Home Care,7.4,1,Value,10,8.14,10.000000000000009,OK,True
13626,France,Food & Refreshment,1.15,10,Premium,55,1.7825,55.00000000000001,OK,True
13627,France,Personal Care,14.57,2,Value,15,16.755499999999998,14.999999999999991,OK,False
13628,Germany,Personal Care,10.88,6,Standard,30,14.144000000000002,30.000000000000004,OK,True
13629,Spain,Home Care,5.19,1,Value,10,5.7090000000000005,10.000000000000009,OK,True
13630,Spain,Food & Refreshment,5.12,5,Standard,28,6.5536,28.000000000000004,OK,True
13631,Spain,Personal Care,7.0,5,Standard,30,9.1,30.000000000000004,OK,True
13632,UK,Home Care,9.58,4,Standard,25,11.975,25.0,OK,False
13633,Germany,Personal Care,2.62,5,Standard,30,3.406,30.000000000000004,OK,True
13634,Spain,Personal Care,3.24,1,Value,15,3.726,14.999999999999991,OK,False
13635,Spain,Home Care,12.96,6,Standard,25,16.200000000000003,25.00000000000002,OK,True
13636,Spain,Home Care,4.22,7,Standard,25,5.2749999999999995,25.0,OK,False
13637,UK,Personal Care,6.01,8,Premium,60,9.616,60.00000000000001,OK,True
13638,UK,Personal Care,13.13,2,Value,15,15.0995,14.999999999999991,OK,False
13639,France,Home Care,10.12,7,Standard,25,12.65,25.0,OK,False
13640,Germany,Personal Care,5.45,6,Standard,30,7.085000000000001,30.000000000000004,OK,True
13641,France,Personal Care,10.41,9,Premium,60,16.656000000000002,60.00000000000003,OK,True
13642,Germany,Home Care,0.79,8,Premium,50,1.185,50.0,OK,False
13643,UK,Personal Care,11.17,4,Standard,30,14.521,30.000000000000004,OK,True
13644,Spain,Personal Care,7.56,9,Premium,60,12.096,60.00000000000001,OK,True
13645,France,Food & Refreshment,12.29,1,Value,12,13.7648,12.00000000000001,OK,True
13646,Spain,Home Care,14.34,6,Standard,25,17.925,25.0,OK,False
13647,France,Food & Refreshment,13.92,8,Premium,55,21.576,55.00000000000001,OK,True
13648,UK,Food & Refreshment,13.68,4,Standard,28,17.5104,28.000000000000004,OK,True
13649,UK,Food & Refreshment,7.93,2,Value,12,8.8816,12.00000000000001,OK,True
13650,UK,Personal Care,5.72,2,Value,15,6.577999999999999,14.999999999999991,OK,False
13651,France,Personal Care,7.24,10,Premium,60,11.584,60.00000000000001,OK,True
13652,Germany,Food & Refreshment,10.5,1,Value,12,11.760000000000002,12.00000000000001,OK,True
13653,France,Food & Refreshment,13.32,5,Standard,28,17.0496,28.000000000000004,OK,True
13654,Germany,Food & Refreshment,3.5,6,Standard,28,4.48,28.000000000000004,OK,True
13655,France,Personal Care,13.81,4,Standard,30,17.953000000000003,30.00000000000003,OK,True
13656,France,Food & Refreshment,12.32,4,Standard,28,15.7696,28.000000000000004,OK,True
13657,UK,Food & Refreshment,14.69,5,Standard,28,18.8032,28.000000000000004,OK,True
13658,Spain,Home Care,13.26,5,Standard,25,16.575,25.0,OK,False
13659,Spain,Home Care,4.56,9,Premium,50,6.84,50.0,OK,False
13660,Germany,Personal Care,2.04,8,Premium,60,3.264,60.00000000000001,OK,True
13661,Spain,Home Care,2.13,9,Premium,50,3.195,50.0,OK,False
13662,France,Home Care,4.72,3,Value,10,5.192,10.000000000000009,OK,True
13663,France,Home Care,9.41,3,Value,10,10.351,10.000000000000009,OK,True
13664,UK,Personal Care,12.16,1,Value,15,13.983999999999998,14.999999999999991,OK,False
13665,UK,Home Care,13.54,10,Premium,50,20.31,50.0,OK,False
13666,Spain,Personal Care,9.54,6,Standard,30,12.402,30.000000000000004,OK,True
13667,Germany,Food & Refreshment,0.58,4,Standard,28,0.7424,28.000000000000004,OK,True
13668,Spain,Home Care,3.2,8,Premium,50,4.800000000000001,50.00000000000002,OK,True
13669,Spain,Personal Care,1.95,2,Value,15,2.2424999999999997,14.999999999999991,OK,False
13670,Spain,Home Care,5.77,2,Value,10,6.347,10.000000000000009,OK,True
13671,Spain,Food & Refreshment,7.77,7,Standard,28,9.9456,28.000000000000004,OK,True
13672,France,Personal Care,1.13,5,Standard,30,1.469,30.000000000000004,OK,True
13673,Germany,Personal Care,5.55,1,Value,15,6.382499999999999,14.999999999999991,OK,False
13674,France,Personal Care,3.1,7,Standard,30,4.03,30.000000000000004,OK,True
13675,Germany,Food & Refreshment,9.88,7,Standard,28,12.646400000000002,28.000000000000004,OK,True
13676,UK,Food & Refreshment,7.23,10,Premium,55,11.2065,54.999999999999986,OK,False
13677,Spain,Food & Refreshment,7.68,6,Standard,28,9.8304,28.000000000000004,OK,True
13678,France,Personal Care,6.7,4,Standard,30,8.71,30.000000000000004,OK,True
13679,Germany,Food & Refreshment,14.36,8,Premium,55,22.258,55.00000000000001,OK,True
13680,UK,Home Care,3.61,2,Value,10,3.971,10.000000000000009,OK,True
13681,UK,Food & Refreshment,7.99,2,Value,12,8.9488,12.00000000000001,OK,True
13682,Spain,Personal Care,11.17,2,Value,15,12.8455,14.999999999999991,OK,False
13683,Germany,Home Care,8.57,3,Value,10,9.427,10.000000000000009,OK,True
13684,France,Food & Refreshment,13.97,6,Standard,28,17.881600000000002,28.000000000000004,OK,True
13685,Spain,Home Care,5.98,1,Value,10,6.578000000000001,10.000000000000009,OK,True
13686,France,Home Care,7.22,2,Value,10,7.942,10.000000000000009,OK,True
13687,UK,Personal Care,1.78,10,Premium,60,2.8480000000000003,60.00000000000001,OK,True
13688,France,Home Care,9.33,2,Value,10,10.263000000000002,10.000000000000009,OK,True
13689,France,Home Care,4.68,1,Value,10,5.148,10.000000000000009,OK,True
13690,Spain,Personal Care,2.82,3,Value,15,3.242999999999999,14.999999999999991,OK,False
13691,France,Personal Care,8.4,10,Premium,60,13.44,60.00000000000001,OK,True
13692,Spain,Personal Care,8.22,7,Standard,30,10.686000000000002,30.000000000000004,OK,True
13693,UK,Home Care,1.6,1,Value,10,1.7600000000000002,10.000000000000009,OK,True
13694,Spain,Home Care,10.62,7,Standard,25,13.275,25.0,OK,False
13695,Spain,Home Care,9.54,5,Standard,25,11.925,25.0,OK,False
13696,Germany,Personal Care,3.24,9,Premium,60,5.184000000000001,60.00000000000003,OK,True
13697,France,Food & Refreshment,7.31,2,Value,12,8.1872,12.00000000000001,OK,True
13698,UK,Home Care,10.94,1,Value,10,12.034,10.000000000000009,OK,True
13699,Spain,Food & Refreshment,8.18,9,Premium,55,12.679,55.00000000000001,OK,True
13700,UK,Personal Care,6.23,8,Premium,60,9.968000000000002,60.00000000000001,OK,True
13701,Germany,Home Care,5.17,10,Premium,50,7.755,50.0,OK,False
13702,France,Food & Refreshment,9.35,6,Standard,28,11.968,28.000000000000004,OK,True
13703,Spain,Home Care,14.12,5,Standard,25,17.65,25.0,OK,False
13704,France,Home Care,10.24,8,Premium,50,15.36,50.0,OK,False
13705,Germany,Home Care,1.58,8,Premium,50,2.37,50.0,OK,False
13706,Germany,Food & Refreshment,7.18,5,Standard,28,9.1904,28.000000000000004,OK,True
13707,UK,Personal Care,13.42,7,Standard,30,17.446,30.000000000000004,OK,True
13708,Spain,Home Care,1.87,1,Value,10,2.0570000000000004,10.000000000000009,OK,True
13709,UK,Personal Care,14.84,4,Standard,30,19.292,30.000000000000004,OK,True
13710,Germany,Personal Care,14.26,2,Value,15,16.398999999999997,14.999999999999991,OK,False
13711,France,Food & Refreshment,1.63,10,Premium,55,2.5265,55.00000000000001,OK,True
13712,UK,Food & Refreshment,14.03,3,Value,12,15.7136,12.00000000000001,OK,True
13713,UK,Personal Care,5.77,1,Value,15,6.635499999999999,14.999999999999991,OK,False
13714,France,Home Care,12.75,2,Value,10,14.025,10.000000000000009,OK,True
13715,UK,Food & Refreshment,6.57,1,Value,12,7.358400000000001,12.00000000000001,OK,True
13716,France,Home Care,6.89,8,Premium,50,10.335,50.0,OK,False
13717,Spain,Home Care,9.7,4,Standard,25,12.125,25.0,OK,False
13718,France,Home Care,11.73,3,Value,10,12.903000000000002,10.000000000000009,OK,True
13719,Spain,Personal Care,0.99,1,Value,15,1.1384999999999998,14.999999999999991,OK,False
13720,France,Home Care,9.1,2,Value,10,10.01,10.000000000000009,OK,True
13721,Germany,Personal Care,3.21,3,Value,15,3.6915,14.999999999999991,OK,False
13722,Germany,Personal Care,5.52,3,Value,15,6.347999999999999,14.999999999999991,OK,False
13723,Spain,Home Care,5.55,6,Standard,25,6.9375,25.0,OK,False
13724,Spain,Home Care,7.3,10,Premium,50,10.95,50.0,OK,False
13725,Germany,Home Care,5.34,8,Premium,50,8.01,50.0,OK,False
13726,Spain,Home Care,2.06,6,Standard,25,2.575,25.0,OK,False
13727,France,Personal Care,2.61,2,Value,15,3.0014999999999996,14.999999999999991,OK,False
13728,France,Home Care,0.98,2,Value,10,1.078,10.000000000000009,OK,True
13729,Germany,Home Care,7.32,7,Standard,25,9.15,25.0,OK,False
13730,UK,Personal Care,14.34,1,Value,15,16.491,14.999999999999991,OK,False
13731,France,Food & Refreshment,2.18,1,Value,12,2.4416,12.00000000000001,OK,True
13732,Spain,Food & Refreshment,14.22,7,Standard,28,18.201600000000003,28.000000000000004,OK,True
13733,UK,Personal Care,11.13,9,Premium,60,17.808000000000003,60.00000000000001,OK,True
13734,UK,Food & Refreshment,9.74,5,Standard,28,12.4672,28.000000000000004,OK,True
13735,France,Personal Care,9.86,1,Value,15,11.339,14.999999999999991,OK,False
13736,France,Home Care,12.49,5,Standard,25,15.6125,25.0,OK,False
13737,UK,Home Care,2.05,1,Value,10,2.255,10.000000000000009,OK,True
13738,UK,Food & Refreshment,7.82,10,Premium,55,12.121,55.00000000000001,OK,True
13739,Germany,Home Care,10.61,9,Premium,50,15.915,50.0,OK,False
13740,Spain,Food & Refreshment,9.01,4,Standard,28,11.5328,28.000000000000004,OK,True
13741,Germany,Food & Refreshment,12.58,9,Premium,55,19.499,55.00000000000003,OK,True
13742,France,Home Care,1.55,2,Value,10,1.7050000000000003,10.000000000000009,OK,True
13743,Germany,Home Care,10.52,7,Standard,25,13.15,25.0,OK,False
13744,Germany,Food & Refreshment,8.24,2,Value,12,9.2288,12.00000000000001,OK,True
13745,Germany,Home Care,6.0,4,Standard,25,7.5,25.0,OK,False
13746,Germany,Personal Care,5.43,6,Standard,30,7.059,30.000000000000004,OK,True
13747,Spain,Home Care,9.5,2,Value,10,10.45,10.000000000000009,OK,True
13748,Spain,Home Care,13.42,2,Value,10,14.762,10.000000000000009,OK,True
13749,UK,Personal Care,7.69,2,Value,15,8.8435,14.999999999999991,OK,False
13750,France,Home Care,12.46,3,Value,10,13.706,10.000000000000009,OK,True
13751,Germany,Home Care,6.33,5,Standard,25,7.9125,25.0,OK,False
13752,UK,Food & Refreshment,1.98,9,Premium,55,3.069,55.00000000000001,OK,True
13753,UK,Home Care,1.39,6,Standard,25,1.7374999999999998,25.0,OK,False
13754,UK,Home Care,1.24,9,Premium,50,1.86,50.0,OK,False
13755,Spain,Personal Care,6.01,10,Premium,60,9.616,60.00000000000001,OK,True
13756,Germany,Food & Refreshment,5.39,5,Standard,28,6.8992,28.000000000000004,OK,True
13757,Germany,Food & Refreshment,10.91,6,Standard,28,13.9648,28.000000000000004,OK,True
13758,France,Food & Refreshment,11.27,10,Premium,55,17.4685,55.00000000000001,OK,True
13759,Germany,Home Care,1.24,8,Premium,50,1.86,50.0,OK,False
13760,Germany,Food & Refreshment,3.71,3,Value,12,4.155200000000001,12.00000000000001,OK,True
13761,UK,Personal Care,4.48,2,Value,15,5.152,14.999999999999991,OK,False
13762,France,Food & Refreshment,8.44,3,Value,12,9.4528,12.00000000000001,OK,True
13763,Germany,Personal Care,2.6,9,Premium,60,4.16,60.00000000000001,OK,True
13764,Spain,Food & Refreshment,2.44,6,Standard,28,3.1232,28.000000000000004,OK,True
13765,Germany,Food & Refreshment,14.18,10,Premium,55,21.979,55.00000000000001,OK,True
13766,UK,Personal Care,12.16,4,Standard,30,15.808000000000002,30.000000000000004,OK,True
13767,Spain,Food & Refreshment,3.12,10,Premium,55,4.836,55.00000000000001,OK,True
13768,UK,Food & Refreshment,6.4,3,Value,12,7.168000000000001,12.00000000000001,OK,True
13769,Germany,Food & Refreshment,5.66,2,Value,12,6.339200000000001,12.00000000000001,OK,True
13770,Spain,Home Care,11.97,4,Standard,25,14.9625,25.0,OK,False
13771,France,Personal Care,7.9,9,Premium,60,12.64,60.00000000000001,OK,True
13772,France,Food & Refreshment,2.35,4,Standard,28,3.008,28.000000000000004,OK,True
13773,Spain,Personal Care,11.22,5,Standard,30,14.586000000000002,30.000000000000004,OK,True
13774,Spain,Personal Care,6.25,8,Premium,60,10.0,60.00000000000001,OK,True
13775,UK,Personal Care,4.31,2,Value,15,4.956499999999999,14.999999999999991,OK,False
13776,Spain,Food & Refreshment,5.94,3,Value,12,6.652800000000001,12.00000000000001,OK,True
13777,UK,Food & Refreshment,7.72,6,Standard,28,9.8816,28.000000000000004,OK,True
13778,Germany,Personal Care,5.48,7,Standard,30,7.1240000000000006,30.000000000000004,OK,True
13779,UK,Home Care,4.01,4,Standard,25,5.012499999999999,25.0,OK,False
13780,Spain,Personal Care,6.28,1,Value,15,7.222,14.999999999999991,OK,False
13781,Spain,Home Care,0.78,7,Standard,25,0.975,25.0,OK,False
13782,Germany,Personal Care,11.7,9,Premium,60,18.72,60.00000000000001,OK,True
13783,Spain,Personal Care,2.98,1,Value,15,3.4269999999999996,14.999999999999991,OK,False
13784,Spain,Personal Care,1.14,1,Value,15,1.3109999999999995,14.999999999999991,OK,False
13785,France,Food & Refreshment,9.98,1,Value,12,11.177600000000002,12.00000000000001,OK,True
13786,France,Home Care,11.72,10,Premium,50,17.580000000000002,50.0,OK,False
13787,Germany,Home Care,12.3,7,Standard,25,15.375,25.0,OK,False
13788,UK,Personal Care,7.66,9,Premium,60,12.256,60.00000000000001,OK,True
13789,France,Food & Refreshment,3.48,3,Value,12,3.8976,12.00000000000001,OK,True
13790,UK,Food & Refreshment,11.19,8,Premium,55,17.3445,55.00000000000001,OK,True
13791,Spain,Home Care,10.65,9,Premium,50,15.975,50.0,OK,False
13792,France,Food & Refreshment,4.07,3,Value,12,4.558400000000001,12.00000000000001,OK,True
13793,Germany,Home Care,13.6,3,Value,10,14.96,10.000000000000009,OK,True
13794,Germany,Home Care,2.01,1,Value,10,2.211,10.000000000000009,OK,True
13795,Germany,Home Care,14.75,2,Value,10,16.225,10.000000000000009,OK,True
13796,France,Food & Refreshment,12.97,7,Standard,28,16.6016,28.000000000000004,OK,True
13797,UK,Home Care,10.47,3,Value,10,11.517,10.000000000000009,OK,True
13798,Spain,Home Care,14.11,7,Standard,25,17.6375,25.0,OK,False
13799,UK,Personal Care,10.97,5,Standard,30,14.261,30.000000000000004,OK,True
13800,UK,Home Care,3.26,10,Premium,50,4.89,50.0,OK,False
13801,Spain,Home Care,6.91,8,Premium,50,10.365,50.0,OK,False
13802,Spain,Personal Care,1.54,5,Standard,30,2.002,30.000000000000004,OK,True
13803,France,Personal Care,6.15,3,Value,15,7.0725,14.999999999999991,OK,False
13804,France,Food & Refreshment,11.25,9,Premium,55,17.4375,55.00000000000001,OK,True
13805,France,Home Care,6.1,7,Standard,25,7.625,25.0,OK,False
13806,France,Food & Refreshment,5.29,5,Standard,28,6.7712,28.000000000000004,OK,True
13807,France,Food & Refreshment,9.13,7,Standard,28,11.6864,28.000000000000004,OK,True
13808,Spain,Personal Care,13.15,10,Premium,60,21.040000000000003,60.00000000000001,OK,True
13809,UK,Food & Refreshment,1.19,9,Premium,55,1.8445,55.00000000000001,OK,True
13810,France,Home Care,6.09,5,Standard,25,7.6125,25.0,OK,False
13811,France,Personal Care,2.79,7,Standard,30,3.627,30.000000000000004,OK,True
13812,UK,Home Care,10.58,9,Premium,50,15.87,50.0,OK,False
13813,France,Home Care,2.03,1,Value,10,2.233,10.000000000000009,OK,True
13814,UK,Personal Care,10.14,4,Standard,30,13.182,30.000000000000004,OK,True
13815,UK,Home Care,4.65,1,Value,10,5.115000000000001,10.000000000000009,OK,True
13816,Spain,Personal Care,3.38,8,Premium,60,5.408,60.00000000000001,OK,True
13817,Germany,Home Care,14.08,3,Value,10,15.488,10.000000000000009,OK,True
13818,Spain,Personal Care,0.77,2,Value,15,0.8855,14.999999999999991,OK,False
13819,Germany,Food & Refreshment,6.85,4,Standard,28,8.767999999999999,27.99999999999998,OK,False
13820,Germany,Home Care,0.81,3,Value,10,0.8910000000000001,10.000000000000009,OK,True
13821,Germany,Personal Care,7.51,5,Standard,30,9.763,30.000000000000004,OK,True
13822,France,Home Care,7.77,8,Premium,50,11.655,50.0,OK,False
13823,Spain,Home Care,5.16,10,Premium,50,7.74,50.0,OK,False
13824,Germany,Home Care,2.42,8,Premium,50,3.63,50.0,OK,False
13825,UK,Personal Care,5.96,7,Standard,30,7.748,30.000000000000004,OK,True
13826,France,Food & Refreshment,10.25,8,Premium,55,15.8875,55.00000000000001,OK,True
13827,Spain,Food & Refreshment,11.84,5,Standard,28,15.1552,28.000000000000004,OK,True
13828,Germany,Food & Refreshment,8.2,10,Premium,55,12.71,55.00000000000001,OK,True
13829,UK,Personal Care,9.05,10,Premium,60,14.480000000000002,60.00000000000001,OK,True
13830,Spain,Food & Refreshment,3.41,6,Standard,28,4.364800000000001,28.000000000000025,OK,True
13831,Spain,Personal Care,4.67,8,Premium,60,7.472,60.00000000000001,OK,True
13832,France,Home Care,2.85,1,Value,10,3.135,10.000000000000009,OK,True
13833,Spain,Home Care,4.11,6,Standard,25,5.1375,25.0,OK,False
13834,France,Food & Refreshment,3.76,6,Standard,28,4.8128,28.000000000000004,OK,True
13835,Germany,Personal Care,8.03,5,Standard,30,10.439,30.000000000000004,OK,True
13836,France,Home Care,8.66,4,Standard,25,10.825,25.0,OK,False
13837,UK,Personal Care,14.2,1,Value,15,16.33,14.999999999999991,OK,False
13838,France,Personal Care,3.34,10,Premium,60,5.344,60.00000000000001,OK,True
13839,UK,Home Care,9.8,8,Premium,50,14.7,50.0,OK,False
13840,France,Personal Care,12.35,6,Standard,30,16.055,30.000000000000004,OK,True
13841,Spain,Home Care,8.62,3,Value,10,9.482,10.000000000000009,OK,True
13842,Germany,Home Care,4.2,3,Value,10,4.620000000000001,10.000000000000009,OK,True
13843,UK,Home Care,4.31,6,Standard,25,5.387499999999999,25.0,OK,False
13844,France,Personal Care,1.07,7,Standard,30,1.3910000000000002,30.000000000000004,OK,True
13845,France,Home Care,4.93,8,Premium,50,7.395,50.0,OK,False
13846,France,Personal Care,11.3,5,Standard,30,14.69,30.000000000000004,OK,True
13847,Spain,Home Care,1.19,10,Premium,50,1.785,50.0,OK,False
13848,Spain,Home Care,3.68,6,Standard,25,4.6000000000000005,25.0,OK,False
13849,UK,Food & Refreshment,10.74,1,Value,12,12.028800000000002,12.00000000000001,OK,True
13850,UK,Food & Refreshment,11.85,6,Standard,28,15.168,28.000000000000004,OK,True
13851,Spain,Food & Refreshment,7.1,9,Premium,55,11.005,55.00000000000001,OK,True
13852,UK,Personal Care,10.62,10,Premium,60,16.992,60.00000000000003,OK,True
13853,Germany,Personal Care,6.13,4,Standard,30,7.969,30.000000000000004,OK,True
13854,Germany,Home Care,2.82,10,Premium,50,4.2299999999999995,50.0,OK,False
13855,Spain,Home Care,6.27,1,Value,10,6.897,10.000000000000009,OK,True
13856,UK,Home Care,8.91,9,Premium,50,13.365,50.0,OK,False
13857,France,Home Care,14.25,4,Standard,25,17.8125,25.0,OK,False
13858,Germany,Personal Care,1.5,2,Value,15,1.725,14.999999999999991,OK,False
13859,Spain,Home Care,7.86,1,Value,10,8.646,10.000000000000009,OK,True
13860,UK,Home Care,5.27,3,Value,10,5.797,10.000000000000009,OK,True
13861,Spain,Food & Refreshment,7.87,7,Standard,28,10.0736,28.000000000000004,OK,True
13862,France,Home Care,0.85,10,Premium,50,1.275,50.0,OK,False
13863,Germany,Home Care,5.04,2,Value,10,5.5440000000000005,10.000000000000009,OK,True
13864,Spain,Home Care,12.39,9,Premium,50,18.585,50.0,OK,False
13865,Spain,Personal Care,8.53,2,Value,15,9.809499999999998,14.999999999999991,OK,False
13866,Spain,Food & Refreshment,7.03,5,Standard,28,8.9984,28.000000000000004,OK,True
13867,France,Home Care,4.64,8,Premium,50,6.959999999999999,50.0,OK,False
13868,Spain,Home Care,4.82,10,Premium,50,7.23,50.0,OK,False
13869,France,Food & Refreshment,6.05,8,Premium,55,9.3775,55.00000000000001,OK,True
13870,France,Home Care,12.62,3,Value,10,13.882,10.000000000000009,OK,True
13871,France,Personal Care,14.52,2,Value,15,16.697999999999997,14.999999999999991,OK,False
13872,Germany,Home Care,6.86,9,Premium,50,10.29,50.0,OK,False
13873,Germany,Personal Care,6.2,3,Value,15,7.13,14.999999999999991,OK,False
13874,Spain,Personal Care,12.77,8,Premium,60,20.432,60.00000000000003,OK,True
13875,Spain,Home Care,6.69,2,Value,10,7.359000000000001,10.000000000000009,OK,True
13876,Germany,Food & Refreshment,8.5,3,Value,12,9.52,12.00000000000001,OK,True
13877,UK,Personal Care,3.85,1,Value,15,4.427499999999999,14.999999999999968,OK,False
13878,Germany,Food & Refreshment,11.28,6,Standard,28,14.4384,28.000000000000004,OK,True
13879,France,Home Care,8.21,7,Standard,25,10.2625,25.0,OK,False
13880,Germany,Personal Care,12.23,4,Standard,30,15.899,30.000000000000004,OK,True
13881,France,Home Care,11.82,1,Value,10,13.002,10.000000000000009,OK,True
13882,Spain,Food & Refreshment,3.62,3,Value,12,4.0544,12.00000000000001,OK,True
13883,UK,Home Care,10.88,9,Premium,50,16.32,50.0,OK,False
13884,Spain,Home Care,12.1,5,Standard,25,15.125,25.0,OK,False
13885,France,Personal Care,5.52,6,Standard,30,7.175999999999999,30.000000000000004,OK,True
13886,France,Home Care,3.0,4,Standard,25,3.75,25.0,OK,False
13887,France,Home Care,0.54,1,Value,10,0.5940000000000001,10.000000000000009,OK,True
13888,UK,Home Care,7.04,5,Standard,25,8.8,25.0,OK,False
13889,Germany,Personal Care,5.61,5,Standard,30,7.293000000000001,30.000000000000004,OK,True
13890,Spain,Food & Refreshment,8.55,5,Standard,28,10.944,28.000000000000004,OK,True
13891,Spain,Food & Refreshment,3.23,6,Standard,28,4.1344,28.000000000000004,OK,True
13892,Germany,Home Care,12.97,2,Value,10,14.267,10.000000000000009,OK,True
13893,Spain,Personal Care,4.24,1,Value,15,4.8759999999999994,14.999999999999991,OK,False
13894,UK,Home Care,3.78,2,Value,10,4.158,10.000000000000009,OK,True
13895,Spain,Food & Refreshment,7.47,10,Premium,55,11.5785,55.00000000000001,OK,True
13896,France,Personal Care,7.73,6,Standard,30,10.049,30.000000000000004,OK,True
13897,Germany,Food & Refreshment,3.62,5,Standard,28,4.6336,28.000000000000004,OK,True
13898,UK,Food & Refreshment,4.44,5,Standard,28,5.6832,28.000000000000004,OK,True
13899,Germany,Personal Care,2.96,6,Standard,30,3.848,30.000000000000004,OK,True
13900,UK,Personal Care,10.92,10,Premium,60,17.472,60.00000000000001,OK,True
13901,France,Home Care,11.67,7,Standard,25,14.5875,25.0,OK,False
13902,Germany,Home Care,7.2,9,Premium,50,10.8,50.0,OK,False
13903,Spain,Food & Refreshment,10.85,7,Standard,28,13.888,28.000000000000004,OK,True
13904,UK,Personal Care,11.17,2,Value,15,12.8455,14.999999999999991,OK,False
13905,Germany,Personal Care,2.5,6,Standard,30,3.25,30.000000000000004,OK,True
13906,Spain,Home Care,14.51,9,Premium,50,21.765,50.0,OK,False
13907,Germany,Food & Refreshment,12.4,7,Standard,28,15.872000000000002,28.000000000000004,OK,True
13908,Germany,Food & Refreshment,3.47,2,Value,12,3.886400000000001,12.00000000000001,OK,True
13909,Germany,Home Care,3.2,3,Value,10,3.5200000000000005,10.000000000000009,OK,True
13910,UK,Personal Care,2.32,8,Premium,60,3.712,60.00000000000001,OK,True
13911,Spain,Home Care,2.51,9,Premium,50,3.765,50.0,OK,False
13912,France,Home Care,11.35,4,Standard,25,14.1875,25.0,OK,False
13913,UK,Home Care,7.31,9,Premium,50,10.965,50.0,OK,False
13914,UK,Home Care,11.85,2,Value,10,13.035,10.000000000000009,OK,True
13915,UK,Personal Care,11.32,5,Standard,30,14.716,30.000000000000004,OK,True
13916,France,Home Care,9.27,2,Value,10,10.197,10.000000000000009,OK,True
13917,Spain,Personal Care,10.45,1,Value,15,12.017499999999998,14.999999999999991,OK,False
13918,Spain,Home Care,0.77,5,Standard,25,0.9625,25.0,OK,False
13919,Spain,Food & Refreshment,5.02,2,Value,12,5.6224,12.00000000000001,OK,True
13920,Germany,Personal Care,9.75,7,Standard,30,12.675,30.000000000000004,OK,True
13921,Germany,Food & Refreshment,0.64,8,Premium,55,0.992,55.00000000000001,OK,True
13922,Germany,Home Care,0.98,2,Value,10,1.078,10.000000000000009,OK,True
13923,France,Home Care,12.85,7,Standard,25,16.0625,25.0,OK,False
13924,Germany,Home Care,10.42,4,Standard,25,13.025,25.0,OK,False
13925,France,Personal Care,4.35,1,Value,15,5.0024999999999995,14.999999999999991,OK,False
13926,Spain,Food & Refreshment,10.48,3,Value,12,11.737600000000002,12.00000000000001,OK,True
13927,Germany,Personal Care,11.99,1,Value,15,13.7885,14.999999999999991,OK,False
13928,Germany,Personal Care,4.95,5,Standard,30,6.4350000000000005,30.000000000000004,OK,True
13929,UK,Home Care,1.02,8,Premium,50,1.53,50.0,OK,False
13930,France,Food & Refreshment,14.03,1,Value,12,15.7136,12.00000000000001,OK,True
13931,Spain,Home Care,5.51,9,Premium,50,8.265,50.00000000000002,OK,True
13932,UK,Personal Care,2.04,3,Value,15,2.3459999999999996,14.999999999999991,OK,False
13933,UK,Home Care,7.63,5,Standard,25,9.5375,25.0,OK,False
13934,Spain,Food & Refreshment,11.64,9,Premium,55,18.042,55.00000000000001,OK,True
13935,UK,Home Care,3.71,5,Standard,25,4.6375,25.0,OK,False
13936,France,Food & Refreshment,4.41,9,Premium,55,6.835500000000001,55.00000000000001,OK,True
13937,France,Food & Refreshment,4.02,10,Premium,55,6.231,55.00000000000001,OK,True
13938,Germany,Home Care,14.88,8,Premium,50,22.32,50.0,OK,False
13939,UK,Personal Care,3.36,7,Standard,30,4.368,30.000000000000004,OK,True
13940,Germany,Home Care,8.85,1,Value,10,9.735,10.000000000000009,OK,True
13941,UK,Personal Care,13.92,4,Standard,30,18.096,30.000000000000004,OK,True
13942,France,Personal Care,2.63,9,Premium,60,4.208,60.00000000000001,OK,True
13943,France,Home Care,14.58,10,Premium,50,21.87,50.0,OK,False
13944,France,Personal Care,14.24,8,Premium,60,22.784,60.00000000000001,OK,True
13945,UK,Personal Care,13.33,4,Standard,30,17.329,30.000000000000004,OK,True
13946,France,Home Care,3.61,1,Value,10,3.971,10.000000000000009,OK,True
13947,UK,Home Care,9.69,10,Premium,50,14.535,50.0,OK,False
13948,Germany,Home Care,11.53,4,Standard,25,14.4125,25.0,OK,False
13949,UK,Personal Care,14.8,3,Value,15,17.02,14.999999999999991,OK,False
13950,Germany,Food & Refreshment,3.12,6,Standard,28,3.9936,28.000000000000004,OK,True
13951,UK,Personal Care,11.61,5,Standard,30,15.093,30.000000000000004,OK,True
13952,Germany,Food & Refreshment,5.41,5,Standard,28,6.9248,28.000000000000004,OK,True
13953,France,Home Care,3.05,2,Value,10,3.355,10.000000000000009,OK,True
13954,Germany,Food & Refreshment,6.61,3,Value,12,7.403200000000001,12.00000000000001,OK,True
13955,France,Home Care,12.01,6,Standard,25,15.0125,25.0,OK,False
13956,France,Home Care,7.24,2,Value,10,7.964000000000001,10.000000000000009,OK,True
13957,Germany,Food & Refreshment,8.29,4,Standard,28,10.611199999999998,28.000000000000004,OK,True
13958,UK,Home Care,14.93,2,Value,10,16.423000000000002,10.000000000000009,OK,True
13959,UK,Food & Refreshment,6.29,9,Premium,55,9.7495,55.00000000000003,OK,True
13960,Spain,Home Care,9.42,3,Value,10,10.362,10.000000000000009,OK,True
13961,UK,Personal Care,5.8,10,Premium,60,9.28,59.999999999999986,OK,False
13962,Spain,Personal Care,6.2,10,Premium,60,9.920000000000002,60.00000000000003,OK,True
13963,UK,Home Care,10.59,6,Standard,25,13.2375,25.0,OK,False
13964,UK,Home Care,14.1,1,Value,10,15.510000000000002,10.000000000000009,OK,True
13965,France,Food & Refreshment,8.36,10,Premium,55,12.958,55.00000000000001,OK,True
13966,Spain,Personal Care,11.64,3,Value,15,13.386,14.999999999999991,OK,False
13967,UK,Food & Refreshment,1.79,8,Premium,55,2.7745,55.00000000000001,OK,True
13968,Spain,Home Care,3.56,5,Standard,25,4.45,25.0,OK,False
13969,France,Home Care,7.78,8,Premium,50,11.67,50.0,OK,False
13970,France,Food & Refreshment,0.79,2,Value,12,0.8848000000000001,12.00000000000001,OK,True
13971,Spain,Home Care,4.17,7,Standard,25,5.2125,25.0,OK,False
13972,France,Personal Care,8.0,9,Premium,60,12.8,60.00000000000001,OK,True
13973,Germany,Food & Refreshment,0.72,7,Standard,28,0.9216,28.000000000000004,OK,True
13974,Germany,Personal Care,4.34,3,Value,15,4.991,14.999999999999991,OK,False
13975,France,Personal Care,7.95,7,Standard,30,10.335,30.000000000000004,OK,True
13976,Germany,Personal Care,8.81,8,Premium,60,14.096000000000002,60.00000000000001,OK,True
13977,UK,Food & Refreshment,13.92,1,Value,12,15.5904,12.00000000000001,OK,True
13978,Spain,Home Care,9.86,3,Value,10,10.846,10.000000000000009,OK,True
13979,UK,Personal Care,6.51,5,Standard,30,8.463,29.999999999999982,OK,False
13980,Spain,Personal Care,13.99,6,Standard,30,18.187,30.000000000000004,OK,True
13981,France,Personal Care,11.88,3,Value,15,13.662,14.999999999999991,OK,False
13982,UK,Home Care,3.4,4,Standard,25,4.25,25.0,OK,False
13983,France,Home Care,2.4,5,Standard,25,3.0,25.0,OK,False
13984,France,Food & Refreshment,10.3,3,Value,12,11.536,12.00000000000001,OK,True
13985,Spain,Home Care,8.62,4,Standard,25,10.775,25.0,OK,False
13986,Spain,Food & Refreshment,11.95,5,Standard,28,15.296,28.000000000000004,OK,True
13987,Spain,Food & Refreshment,11.21,2,Value,12,12.555200000000005,12.00000000000001,OK,True
13988,UK,Food & Refreshment,9.57,10,Premium,55,14.8335,55.00000000000001,OK,True
13989,Germany,Food & Refreshment,14.8,9,Premium,55,22.94,55.00000000000001,OK,True
13990,Spain,Food & Refreshment,8.24,10,Premium,55,12.772,55.00000000000001,OK,True
13991,Spain,Personal Care,2.14,8,Premium,60,3.4240000000000004,60.00000000000001,OK,True
13992,UK,Home Care,12.51,6,Standard,25,15.6375,25.0,OK,False
13993,Spain,Personal Care,4.15,10,Premium,60,6.640000000000001,60.00000000000001,OK,True
13994,UK,Food & Refreshment,11.77,3,Value,12,13.1824,12.00000000000001,OK,True
13995,France,Home Care,14.38,2,Value,10,15.818,10.000000000000009,OK,True
13996,Spain,Personal Care,10.6,7,Standard,30,13.78,30.000000000000004,OK,True
13997,Spain,Personal Care,9.14,8,Premium,60,14.624000000000002,60.00000000000001,OK,True
13998,France,Food & Refreshment,7.18,10,Premium,55,11.129,55.00000000000001,OK,True
13999,France,Personal Care,5.78,1,Value,15,6.646999999999999,14.999999999999991,OK,False
14000,France,Personal Care,5.62,6,Standard,30,7.306,30.000000000000004,OK,True
14001,Spain,Personal Care,9.73,7,Standard,30,12.649,30.000000000000004,OK,True
14002,Germany,Personal Care,11.39,9,Premium,60,18.224,59.999999999999986,OK,False
14003,Germany,Personal Care,10.34,3,Value,15,11.890999999999998,14.999999999999991,OK,False
14004,Germany,Food & Refreshment,3.38,2,Value,12,3.7856,12.00000000000001,OK,True
14005,Spain,Food & Refreshment,7.66,5,Standard,28,9.8048,28.000000000000004,OK,True
14006,France,Personal Care,11.98,10,Premium,60,19.168000000000003,60.00000000000001,OK,True
14007,Spain,Food & Refreshment,7.4,1,Value,12,8.288000000000002,12.000000000000032,OK,True
14008,France,Food & Refreshment,8.28,6,Standard,28,10.5984,28.000000000000004,OK,True
14009,Spain,Home Care,11.68,9,Premium,50,17.52,50.0,OK,False
14010,Spain,Personal Care,10.09,10,Premium,60,16.144000000000002,60.00000000000003,OK,True
14011,France,Food & Refreshment,6.44,9,Premium,55,9.982,55.00000000000001,OK,True
14012,Germany,Food & Refreshment,13.48,7,Standard,28,17.2544,28.000000000000004,OK,True
14013,France,Personal Care,2.86,7,Standard,30,3.718,30.000000000000004,OK,True
14014,UK,Home Care,14.93,8,Premium,50,22.395,50.0,OK,False
14015,UK,Personal Care,2.22,10,Premium,60,3.5520000000000005,60.00000000000001,OK,True
14016,France,Home Care,0.72,2,Value,10,0.792,10.000000000000009,OK,True
14017,Spain,Personal Care,13.41,6,Standard,30,17.433,30.000000000000004,OK,True
14018,UK,Personal Care,4.05,5,Standard,30,5.265,30.000000000000004,OK,True
14019,UK,Personal Care,11.08,5,Standard,30,14.404,30.000000000000004,OK,True
14020,Spain,Personal Care,12.26,3,Value,15,14.098999999999998,14.999999999999991,OK,False
14021,Spain,Home Care,12.96,3,Value,10,14.256000000000002,10.000000000000009,OK,True
14022,Germany,Home Care,14.88,6,Standard,25,18.6,25.0,OK,False
14023,Spain,Food & Refreshment,4.76,10,Premium,55,7.378,55.00000000000001,OK,True
14024,France,Personal Care,10.8,10,Premium,60,17.28,60.00000000000001,OK,True
14025,France,Home Care,2.17,7,Standard,25,2.7125,25.0,OK,False
14026,Germany,Home Care,6.4,1,Value,10,7.040000000000001,10.000000000000009,OK,True
14027,UK,Home Care,12.8,3,Value,10,14.080000000000002,10.000000000000009,OK,True
14028,UK,Personal Care,5.83,1,Value,15,6.7044999999999995,14.999999999999991,OK,False
14029,Spain,Food & Refreshment,9.07,10,Premium,55,14.0585,55.00000000000001,OK,True
14030,France,Home Care,7.8,3,Value,10,8.58,10.000000000000009,OK,True
14031,UK,Personal Care,9.87,5,Standard,30,12.831,30.000000000000004,OK,True
14032,Germany,Home Care,14.61,9,Premium,50,21.915,50.0,OK,False
14033,Germany,Home Care,1.31,3,Value,10,1.4410000000000005,10.000000000000009,OK,True
14034,France,Food & Refreshment,8.82,10,Premium,55,13.671,55.00000000000001,OK,True
14035,Germany,Home Care,13.01,10,Premium,50,19.515,50.0,OK,False
14036,Germany,Home Care,7.48,9,Premium,50,11.22,50.0,OK,False
14037,France,Personal Care,1.64,1,Value,15,1.8859999999999997,14.999999999999991,OK,False
14038,Spain,Personal Care,8.63,6,Standard,30,11.219,30.000000000000004,OK,True
14039,Spain,Food & Refreshment,5.32,9,Premium,55,8.246,55.00000000000001,OK,True
14040,Germany,Personal Care,2.75,5,Standard,30,3.575,30.000000000000004,OK,True
14041,Spain,Personal Care,12.81,10,Premium,60,20.496,60.00000000000001,OK,True
14042,Spain,Food & Refreshment,8.06,2,Value,12,9.0272,12.00000000000001,OK,True
14043,Germany,Home Care,14.03,5,Standard,25,17.537499999999998,25.0,OK,False
14044,Spain,Food & Refreshment,12.19,1,Value,12,13.6528,12.00000000000001,OK,True
14045,Germany,Personal Care,10.55,9,Premium,60,16.880000000000003,60.00000000000001,OK,True
14046,UK,Food & Refreshment,0.57,10,Premium,55,0.8835,55.00000000000001,OK,True
14047,France,Home Care,6.7,10,Premium,50,10.05,50.0,OK,False
14048,France,Food & Refreshment,3.36,9,Premium,55,5.208,55.00000000000001,OK,True
14049,Spain,Personal Care,13.71,6,Standard,30,17.823,30.000000000000004,OK,True
14050,Spain,Personal Care,3.03,9,Premium,60,4.848,60.00000000000001,OK,True
14051,Spain,Food & Refreshment,4.65,3,Value,12,5.208000000000001,12.00000000000001,OK,True
14052,France,Home Care,7.99,4,Standard,25,9.9875,25.0,OK,False
14053,UK,Food & Refreshment,4.32,6,Standard,28,5.5296,28.000000000000004,OK,True
14054,UK,Home Care,3.54,4,Standard,25,4.425,25.0,OK,False
14055,France,Home Care,9.19,1,Value,10,10.109,10.000000000000009,OK,True
14056,UK,Food & Refreshment,1.79,7,Standard,28,2.2912,28.000000000000004,OK,True
14057,France,Home Care,1.34,5,Standard,25,1.675,25.0,OK,False
14058,UK,Personal Care,5.9,8,Premium,60,9.44,60.00000000000001,OK,True
14059,Germany,Food & Refreshment,10.95,9,Premium,55,16.9725,55.00000000000001,OK,True
14060,Germany,Home Care,8.54,5,Standard,25,10.675,25.0,OK,False
14061,France,Personal Care,6.63,8,Premium,60,10.608,60.00000000000001,OK,True
14062,UK,Food & Refreshment,8.7,1,Value,12,9.744,12.00000000000001,OK,True
14063,Spain,Personal Care,5.8,1,Value,15,6.669999999999999,14.999999999999991,OK,False
14064,UK,Personal Care,14.07,7,Standard,30,18.291,30.000000000000004,OK,True
14065,Germany,Personal Care,1.3,6,Standard,30,1.6900000000000002,30.000000000000004,OK,True
14066,Germany,Home Care,10.26,5,Standard,25,12.825,25.0,OK,False
14067,UK,Food & Refreshment,13.42,5,Standard,28,17.1776,28.000000000000004,OK,True
14068,UK,Food & Refreshment,12.16,9,Premium,55,18.848000000000003,55.00000000000003,OK,True
14069,Spain,Home Care,3.17,1,Value,10,3.487,10.000000000000009,OK,True
14070,Spain,Food & Refreshment,4.79,8,Premium,55,7.4245,55.00000000000001,OK,True
14071,UK,Personal Care,10.9,2,Value,15,12.535,14.999999999999991,OK,False
14072,UK,Food & Refreshment,1.72,7,Standard,28,2.2016,28.000000000000004,OK,True
14073,UK,Home Care,12.27,6,Standard,25,15.3375,25.0,OK,False
14074,UK,Personal Care,10.92,10,Premium,60,17.472,60.00000000000001,OK,True
14075,France,Home Care,11.08,2,Value,10,12.188,10.000000000000009,OK,True
14076,UK,Personal Care,1.95,3,Value,15,2.2424999999999997,14.999999999999991,OK,False
14077,Spain,Personal Care,10.91,4,Standard,30,14.183,30.000000000000004,OK,True
14078,Germany,Food & Refreshment,10.36,7,Standard,28,13.2608,28.000000000000004,OK,True
14079,France,Personal Care,12.55,8,Premium,60,20.08,60.00000000000001,OK,True
14080,UK,Home Care,1.1,2,Value,10,1.2100000000000002,10.000000000000009,OK,True
14081,Germany,Food & Refreshment,0.84,8,Premium,55,1.302,55.00000000000001,OK,True
14082,France,Home Care,5.91,9,Premium,50,8.865,50.0,OK,False
14083,Germany,Personal Care,2.66,7,Standard,30,3.458,30.000000000000004,OK,True
14084,UK,Home Care,8.6,1,Value,10,9.46,10.000000000000009,OK,True
14085,UK,Home Care,13.8,6,Standard,25,17.25,25.0,OK,False
14086,Spain,Personal Care,6.18,8,Premium,60,9.888,60.00000000000001,OK,True
14087,UK,Food & Refreshment,12.75,5,Standard,28,16.32,28.000000000000004,OK,True
14088,UK,Home Care,0.5,2,Value,10,0.55,10.000000000000009,OK,True
14089,France,Personal Care,2.94,5,Standard,30,3.822,30.000000000000004,OK,True
14090,Spain,Food & Refreshment,0.94,8,Premium,55,1.457,54.999999999999986,OK,False
14091,France,Food & Refreshment,5.26,2,Value,12,5.8912,12.00000000000001,OK,True
14092,Germany,Food & Refreshment,13.67,1,Value,12,15.3104,12.00000000000001,OK,True
14093,UK,Home Care,1.91,4,Standard,25,2.3874999999999997,25.0,OK,False
14094,Germany,Home Care,9.29,4,Standard,25,11.6125,25.0,OK,False
14095,France,Home Care,7.05,9,Premium,50,10.575,50.0,OK,False
14096,UK,Food & Refreshment,14.11,3,Value,12,15.8032,12.00000000000001,OK,True
14097,UK,Home Care,2.28,4,Standard,25,2.8499999999999996,25.0,OK,False
14098,France,Personal Care,3.57,3,Value,15,4.105499999999999,14.999999999999991,OK,False
14099,France,Home Care,0.93,2,Value,10,1.023,10.000000000000009,OK,True
14100,France,Home Care,6.79,4,Standard,25,8.4875,25.0,OK,False
14101,France,Food & Refreshment,4.53,8,Premium,55,7.0215000000000005,55.00000000000001,OK,True
14102,France,Home Care,13.11,1,Value,10,14.421,10.000000000000009,OK,True
14103,UK,Personal Care,9.27,8,Premium,60,14.832,60.00000000000001,OK,True
14104,France,Food & Refreshment,9.4,8,Premium,55,14.57,55.00000000000001,OK,True
14105,UK,Personal Care,8.21,3,Value,15,9.4415,14.999999999999991,OK,False
14106,UK,Food & Refreshment,1.83,10,Premium,55,2.8365,55.00000000000001,OK,True
14107,France,Food & Refreshment,6.95,10,Premium,55,10.7725,55.00000000000001,OK,True
14108,France,Home Care,14.99,6,Standard,25,18.7375,25.0,OK,False
14109,Spain,Personal Care,12.61,4,Standard,30,16.393,30.000000000000004,OK,True
14110,UK,Food & Refreshment,13.46,1,Value,12,15.075200000000002,12.00000000000001,OK,True
14111,France,Home Care,12.44,1,Value,10,13.684,10.000000000000009,OK,True
14112,France,Food & Refreshment,1.99,5,Standard,28,2.5472,28.000000000000004,OK,True
14113,France,Food & Refreshment,3.8,8,Premium,55,5.89,55.00000000000001,OK,True
14114,Spain,Food & Refreshment,0.55,1,Value,12,0.6160000000000001,12.00000000000001,OK,True
14115,Spain,Food & Refreshment,4.9,2,Value,12,5.488000000000001,12.00000000000001,OK,True
14116,Germany,Food & Refreshment,2.07,7,Standard,28,2.6496,28.000000000000004,OK,True
14117,UK,Food & Refreshment,7.36,8,Premium,55,11.408,55.00000000000001,OK,True
14118,Germany,Home Care,10.32,3,Value,10,11.352000000000002,10.000000000000009,OK,True
14119,France,Food & Refreshment,13.18,8,Premium,55,20.429,54.999999999999986,OK,False
14120,Spain,Personal Care,11.36,1,Value,15,13.063999999999998,14.999999999999991,OK,False
14121,Spain,Home Care,14.11,9,Premium,50,21.165,50.0,OK,False
14122,Germany,Personal Care,1.28,2,Value,15,1.472,14.999999999999991,OK,False
14123,Spain,Food & Refreshment,0.68,2,Value,12,0.7616000000000002,12.00000000000001,OK,True
14124,France,Personal Care,10.09,4,Standard,30,13.117,30.000000000000004,OK,True
14125,Spain,Food & Refreshment,4.7,10,Premium,55,7.285,55.00000000000001,OK,True
14126,Germany,Food & Refreshment,4.18,3,Value,12,4.6816,12.00000000000001,OK,True
14127,France,Home Care,5.3,4,Standard,25,6.625,25.0,OK,False
14128,Germany,Home Care,4.41,6,Standard,25,5.5125,25.0,OK,False
14129,Spain,Food & Refreshment,7.92,7,Standard,28,10.1376,28.000000000000004,OK,True
14130,Germany,Home Care,6.88,5,Standard,25,8.6,25.0,OK,False
14131,Germany,Personal Care,7.93,2,Value,15,9.1195,14.999999999999991,OK,False
14132,UK,Home Care,10.25,3,Value,10,11.275,10.000000000000009,OK,True
14133,Spain,Home Care,6.11,10,Premium,50,9.165,50.0,OK,False
14134,Spain,Personal Care,4.14,3,Value,15,4.760999999999999,14.999999999999991,OK,False
14135,Germany,Home Care,2.91,5,Standard,25,3.6375,25.0,OK,False
14136,UK,Food & Refreshment,5.57,5,Standard,28,7.129600000000001,28.000000000000004,OK,True
14137,Spain,Personal Care,11.26,4,Standard,30,14.638,30.000000000000004,OK,True
14138,France,Food & Refreshment,11.47,8,Premium,55,17.7785,55.00000000000001,OK,True
14139,Germany,Personal Care,10.17,6,Standard,30,13.221,30.000000000000004,OK,True
14140,Spain,Food & Refreshment,3.89,6,Standard,28,4.9792000000000005,28.000000000000004,OK,True
14141,France,Food & Refreshment,9.03,1,Value,12,10.1136,12.00000000000001,OK,True
14142,Spain,Home Care,8.78,6,Standard,25,10.975,25.0,OK,False
14143,France,Food & Refreshment,7.52,3,Value,12,8.4224,12.00000000000001,OK,True
14144,Germany,Home Care,8.47,6,Standard,25,10.5875,25.0,OK,False
14145,Spain,Personal Care,7.63,10,Premium,60,12.208,60.00000000000001,OK,True
14146,Spain,Food & Refreshment,8.7,6,Standard,28,11.136,28.000000000000004,OK,True
14147,UK,Food & Refreshment,10.87,2,Value,12,12.1744,12.00000000000001,OK,True
14148,Germany,Personal Care,2.09,1,Value,15,2.4034999999999997,14.999999999999991,OK,False
14149,France,Personal Care,11.37,3,Value,15,13.075499999999998,14.999999999999991,OK,False
14150,Spain,Food & Refreshment,2.47,5,Standard,28,3.1616000000000004,28.000000000000004,OK,True
14151,Spain,Personal Care,1.47,4,Standard,30,1.911,30.000000000000004,OK,True
14152,France,Home Care,14.65,7,Standard,25,18.3125,25.0,OK,False
14153,Germany,Personal Care,14.38,4,Standard,30,18.694000000000003,30.000000000000004,OK,True
14154,UK,Personal Care,1.38,8,Premium,60,2.2079999999999997,59.999999999999986,OK,False
14155,UK,Food & Refreshment,6.93,7,Standard,28,8.8704,28.000000000000004,OK,True
14156,Spain,Home Care,3.2,10,Premium,50,4.800000000000001,50.00000000000002,OK,True
14157,France,Personal Care,7.54,9,Premium,60,12.064,60.00000000000001,OK,True
14158,Spain,Home Care,12.54,1,Value,10,13.794,10.000000000000009,OK,True
14159,France,Home Care,14.28,5,Standard,25,17.849999999999998,25.0,OK,False
14160,UK,Home Care,9.7,4,Standard,25,12.125,25.0,OK,False
14161,Germany,Food & Refreshment,5.63,6,Standard,28,7.2064,28.000000000000004,OK,True
14162,France,Personal Care,9.25,1,Value,15,10.6375,14.999999999999991,OK,False
14163,UK,Food & Refreshment,5.02,6,Standard,28,6.425599999999999,28.000000000000004,OK,True
14164,Spain,Personal Care,13.69,1,Value,15,15.743499999999996,14.999999999999991,OK,False
14165,France,Personal Care,13.12,1,Value,15,15.087999999999996,14.999999999999991,OK,False
14166,Germany,Food & Refreshment,8.59,8,Premium,55,13.3145,55.00000000000001,OK,True
14167,Spain,Home Care,5.21,2,Value,10,5.731000000000001,10.000000000000009,OK,True
14168,Spain,Home Care,4.75,10,Premium,50,7.125,50.0,OK,False
14169,UK,Personal Care,0.98,6,Standard,30,1.274,30.000000000000004,OK,True
14170,France,Food & Refreshment,12.33,6,Standard,28,15.7824,28.000000000000004,OK,True
14171,Spain,Home Care,7.03,6,Standard,25,8.7875,25.0,OK,False
14172,Germany,Home Care,5.21,8,Premium,50,7.815,50.0,OK,False
14173,France,Personal Care,7.33,4,Standard,30,9.529,30.000000000000004,OK,True
14174,Germany,Personal Care,12.37,3,Value,15,14.225499999999998,14.999999999999991,OK,False
14175,Spain,Food & Refreshment,2.31,6,Standard,28,2.9568000000000003,28.000000000000004,OK,True
14176,Germany,Personal Care,12.94,4,Standard,30,16.822,30.000000000000004,OK,True
14177,UK,Home Care,13.51,2,Value,10,14.861,10.000000000000009,OK,True
14178,Germany,Home Care,14.23,6,Standard,25,17.7875,25.0,OK,False
14179,France,Home Care,6.26,10,Premium,50,9.39,50.00000000000002,OK,True
14180,Germany,Home Care,3.65,5,Standard,25,4.5625,25.0,OK,False
14181,Germany,Food & Refreshment,5.92,9,Premium,55,9.176,55.00000000000001,OK,True
14182,UK,Food & Refreshment,5.33,6,Standard,28,6.8224,28.000000000000004,OK,True
14183,Germany,Personal Care,3.05,3,Value,15,3.5074999999999994,14.999999999999991,OK,False
14184,Germany,Personal Care,9.31,5,Standard,30,12.103000000000002,30.000000000000004,OK,True
14185,Spain,Personal Care,7.41,10,Premium,60,11.856000000000002,60.00000000000001,OK,True
14186,Spain,Food & Refreshment,13.05,8,Premium,55,20.227500000000003,55.00000000000001,OK,True
14187,France,Home Care,0.97,9,Premium,50,1.455,50.00000000000002,OK,True
14188,Spain,Personal Care,9.84,8,Premium,60,15.744,60.00000000000001,OK,True
14189,Spain,Home Care,11.56,3,Value,10,12.716,10.000000000000009,OK,True
14190,Spain,Personal Care,11.51,9,Premium,60,18.416,60.00000000000001,OK,True
14191,Spain,Personal Care,13.35,3,Value,15,15.3525,14.999999999999991,OK,False
14192,UK,Personal Care,11.07,8,Premium,60,17.712,59.999999999999986,OK,False
14193,Spain,Personal Care,13.95,10,Premium,60,22.32,60.00000000000001,OK,True
14194,UK,Personal Care,5.32,9,Premium,60,8.512,60.00000000000001,OK,True
14195,UK,Home Care,7.8,7,Standard,25,9.75,25.0,OK,False
14196,Spain,Personal Care,0.7,4,Standard,30,0.91,30.000000000000004,OK,True
14197,Germany,Home Care,0.6,10,Premium,50,0.8999999999999999,50.0,OK,False
14198,UK,Food & Refreshment,3.98,9,Premium,55,6.1690000000000005,55.00000000000001,OK,True
14199,Germany,Personal Care,1.96,3,Value,15,2.254,15.000000000000014,OK,True
14200,Germany,Home Care,4.27,3,Value,10,4.697,10.000000000000009,OK,True
14201,Spain,Food & Refreshment,3.07,2,Value,12,3.4384,12.00000000000001,OK,True
14202,France,Food & Refreshment,0.91,10,Premium,55,1.4105,55.00000000000001,OK,True
14203,Spain,Food & Refreshment,13.68,3,Value,12,15.321600000000002,12.00000000000001,OK,True
14204,France,Home Care,0.62,1,Value,10,0.682,10.000000000000009,OK,True
14205,France,Personal Care,11.17,4,Standard,30,14.521,30.000000000000004,OK,True
14206,Spain,Personal Care,2.71,8,Premium,60,4.336,60.00000000000001,OK,True
14207,Spain,Home Care,13.73,5,Standard,25,17.1625,25.0,OK,False
14208,France,Personal Care,13.45,2,Value,15,15.467499999999998,14.999999999999991,OK,False
14209,Spain,Home Care,9.98,3,Value,10,10.978000000000002,10.000000000000009,OK,True
14210,France,Personal Care,10.25,1,Value,15,11.7875,14.999999999999991,OK,False
14211,Germany,Food & Refreshment,0.58,2,Value,12,0.6496000000000001,12.00000000000001,OK,True
14212,Spain,Personal Care,14.78,1,Value,15,16.996999999999996,14.999999999999991,OK,False
14213,Germany,Home Care,13.23,2,Value,10,14.553,10.000000000000009,OK,True
14214,UK,Home Care,13.48,3,Value,10,14.828,10.000000000000009,OK,True
14215,Germany,Food & Refreshment,10.06,1,Value,12,11.2672,12.00000000000001,OK,True
14216,Germany,Home Care,5.5,9,Premium,50,8.25,50.0,OK,False
14217,France,Personal Care,13.46,10,Premium,60,21.536,60.00000000000001,OK,True
14218,Germany,Personal Care,4.73,5,Standard,30,6.149000000000001,30.000000000000004,OK,True
14219,Spain,Food & Refreshment,8.66,8,Premium,55,13.423,55.00000000000001,OK,True
14220,France,Home Care,1.95,5,Standard,25,2.4375,25.0,OK,False
14221,UK,Food & Refreshment,13.87,8,Premium,55,21.4985,55.00000000000001,OK,True
14222,Spain,Personal Care,2.54,7,Standard,30,3.302,30.000000000000004,OK,True
14223,UK,Food & Refreshment,3.76,4,Standard,28,4.8128,28.000000000000004,OK,True
14224,Germany,Home Care,8.59,7,Standard,25,10.7375,25.0,OK,False
14225,Spain,Food & Refreshment,11.58,6,Standard,28,14.8224,28.000000000000004,OK,True
14226,Spain,Home Care,9.48,3,Value,10,10.428,10.000000000000009,OK,True
14227,UK,Home Care,3.87,9,Premium,50,5.805,49.99999999999998,OK,False
14228,Spain,Personal Care,0.51,10,Premium,60,0.8160000000000001,60.00000000000001,OK,True
14229,Spain,Personal Care,11.48,9,Premium,60,18.368,60.00000000000001,OK,True
14230,Spain,Personal Care,14.79,5,Standard,30,19.227,30.000000000000004,OK,True
14231,Germany,Home Care,12.24,8,Premium,50,18.36,50.0,OK,False
14232,UK,Food & Refreshment,7.17,7,Standard,28,9.1776,28.000000000000004,OK,True
14233,Spain,Home Care,13.6,9,Premium,50,20.4,50.0,OK,False
14234,France,Personal Care,6.44,7,Standard,30,8.372000000000002,30.00000000000003,OK,True
14235,France,Personal Care,8.11,4,Standard,30,10.543,30.000000000000004,OK,True
14236,France,Food & Refreshment,7.42,4,Standard,28,9.4976,28.000000000000004,OK,True
14237,France,Personal Care,6.99,8,Premium,60,11.184,60.00000000000001,OK,True
14238,Germany,Personal Care,11.74,6,Standard,30,15.262,30.000000000000004,OK,True
14239,Spain,Personal Care,8.14,9,Premium,60,13.024,60.00000000000001,OK,True
14240,UK,Food & Refreshment,5.09,10,Premium,55,7.8895,55.00000000000001,OK,True
14241,Spain,Home Care,4.24,7,Standard,25,5.300000000000001,25.0,OK,False
14242,Germany,Personal Care,1.05,7,Standard,30,1.3650000000000002,30.000000000000004,OK,True
14243,France,Food & Refreshment,8.96,4,Standard,28,11.468800000000002,28.000000000000004,OK,True
14244,Germany,Personal Care,3.83,3,Value,15,4.4045,14.999999999999991,OK,False
14245,Spain,Food & Refreshment,2.65,8,Premium,55,4.1075,55.00000000000001,OK,True
14246,UK,Personal Care,9.98,7,Standard,30,12.974,30.000000000000004,OK,True
14247,Germany,Food & Refreshment,10.38,4,Standard,28,13.2864,28.000000000000004,OK,True
14248,UK,Personal Care,11.41,4,Standard,30,14.833,30.000000000000004,OK,True
14249,Germany,Home Care,7.8,1,Value,10,8.58,10.000000000000009,OK,True
14250,UK,Personal Care,13.46,7,Standard,30,17.498,30.000000000000004,OK,True
14251,UK,Food & Refreshment,14.08,1,Value,12,15.769600000000002,12.00000000000001,OK,True
14252,France,Personal Care,12.21,10,Premium,60,19.536,60.00000000000001,OK,True
14253,UK,Home Care,9.72,10,Premium,50,14.580000000000002,50.0,OK,False
14254,France,Personal Care,4.9,4,Standard,30,6.370000000000001,30.000000000000004,OK,True
14255,Spain,Food & Refreshment,14.75,3,Value,12,16.520000000000003,12.00000000000001,OK,True
14256,Spain,Food & Refreshment,4.47,3,Value,12,5.0064,12.00000000000001,OK,True
14257,France,Home Care,3.44,1,Value,10,3.784,10.000000000000009,OK,True
14258,France,Food & Refreshment,6.91,4,Standard,28,8.844800000000001,28.000000000000004,OK,True
14259,Germany,Personal Care,1.32,1,Value,15,1.518,14.999999999999991,OK,False
14260,Germany,Personal Care,14.69,8,Premium,60,23.504,60.00000000000001,OK,True
14261,Germany,Personal Care,9.03,1,Value,15,10.3845,14.999999999999991,OK,False
14262,Spain,Food & Refreshment,8.58,6,Standard,28,10.9824,28.000000000000004,OK,True
14263,Germany,Personal Care,10.01,7,Standard,30,13.013,30.000000000000004,OK,True
14264,UK,Personal Care,7.71,10,Premium,60,12.336,60.00000000000001,OK,True
14265,UK,Personal Care,0.96,2,Value,15,1.104,14.999999999999991,OK,False
14266,Germany,Home Care,9.38,4,Standard,25,11.725,25.0,OK,False
14267,UK,Food & Refreshment,10.88,3,Value,12,12.185600000000004,12.00000000000001,OK,True
14268,Spain,Food & Refreshment,6.54,9,Premium,55,10.137,55.00000000000001,OK,True
14269,UK,Food & Refreshment,11.48,7,Standard,28,14.694400000000002,28.000000000000004,OK,True
14270,Spain,Home Care,3.79,2,Value,10,4.1690000000000005,10.000000000000009,OK,True
14271,France,Food & Refreshment,3.71,6,Standard,28,4.7488,28.000000000000004,OK,True
14272,France,Home Care,2.84,9,Premium,50,4.26,50.0,OK,False
14273,France,Home Care,5.89,3,Value,10,6.479,10.000000000000009,OK,True
14274,France,Food & Refreshment,12.78,6,Standard,28,16.3584,28.000000000000004,OK,True
14275,UK,Personal Care,12.5,3,Value,15,14.374999999999998,14.999999999999991,OK,False
14276,Germany,Personal Care,6.05,3,Value,15,6.9575,14.999999999999991,OK,False
14277,UK,Food & Refreshment,9.04,4,Standard,28,11.5712,28.000000000000004,OK,True
14278,Spain,Food & Refreshment,10.95,9,Premium,55,16.9725,55.00000000000001,OK,True
14279,UK,Home Care,4.0,8,Premium,50,6.0,50.0,OK,False
14280,UK,Food & Refreshment,2.94,1,Value,12,3.2928,12.00000000000001,OK,True
14281,Spain,Home Care,14.6,1,Value,10,16.060000000000002,10.000000000000009,OK,True
14282,France,Food & Refreshment,9.45,7,Standard,28,12.096,28.000000000000004,OK,True
14283,France,Personal Care,14.73,3,Value,15,16.9395,14.999999999999991,OK,False
14284,France,Personal Care,5.4,7,Standard,30,7.0200000000000005,30.000000000000004,OK,True
14285,Germany,Food & Refreshment,10.69,9,Premium,55,16.5695,55.00000000000003,OK,True
14286,Spain,Home Care,3.73,3,Value,10,4.103000000000001,10.000000000000009,OK,True
14287,Spain,Personal Care,4.29,3,Value,15,4.9335,14.999999999999991,OK,False
14288,UK,Home Care,7.92,2,Value,10,8.712,9.999999999999986,OK,False
14289,Germany,Food & Refreshment,5.13,10,Premium,55,7.9515,55.00000000000001,OK,True
14290,France,Food & Refreshment,2.93,1,Value,12,3.2816000000000005,12.00000000000001,OK,True
14291,Germany,Personal Care,4.31,9,Premium,60,6.896,60.00000000000001,OK,True
14292,Spain,Food & Refreshment,1.02,6,Standard,28,1.3056,28.000000000000004,OK,True
14293,Spain,Personal Care,10.71,6,Standard,30,13.923000000000002,30.000000000000004,OK,True
14294,UK,Home Care,7.64,8,Premium,50,11.46,50.0,OK,False
14295,UK,Personal Care,1.87,5,Standard,30,2.431,30.000000000000004,OK,True
14296,Spain,Personal Care,2.99,9,Premium,60,4.784000000000001,60.00000000000001,OK,True
14297,France,Home Care,1.99,5,Standard,25,2.4875,25.0,OK,False
14298,France,Personal Care,9.38,2,Value,15,10.787,14.999999999999991,OK,False
14299,Germany,Personal Care,1.87,6,Standard,30,2.431,30.000000000000004,OK,True
14300,Spain,Food & Refreshment,11.44,9,Premium,55,17.732,55.00000000000001,OK,True
14301,Spain,Home Care,0.8,3,Value,10,0.8800000000000001,10.000000000000009,OK,True
14302,France,Personal Care,4.12,10,Premium,60,6.5920000000000005,60.00000000000001,OK,True
14303,France,Home Care,13.41,4,Standard,25,16.7625,25.0,OK,False
14304,Spain,Home Care,10.92,10,Premium,50,16.38,50.0,OK,False
14305,UK,Personal Care,1.56,8,Premium,60,2.4960000000000004,60.00000000000003,OK,True
14306,Spain,Food & Refreshment,12.41,6,Standard,28,15.8848,28.000000000000004,OK,True
14307,Spain,Home Care,7.65,7,Standard,25,9.5625,25.0,OK,False
14308,France,Personal Care,12.78,7,Standard,30,16.614,30.000000000000004,OK,True
14309,France,Home Care,9.21,4,Standard,25,11.5125,25.0,OK,False
14310,UK,Food & Refreshment,10.39,6,Standard,28,13.2992,28.000000000000004,OK,True
14311,UK,Food & Refreshment,14.91,9,Premium,55,23.1105,55.00000000000001,OK,True
14312,Germany,Food & Refreshment,3.87,3,Value,12,4.3344000000000005,12.00000000000001,OK,True
14313,Spain,Personal Care,9.55,8,Premium,60,15.28,60.00000000000001,OK,True
14314,France,Personal Care,7.17,7,Standard,30,9.321,30.000000000000004,OK,True
14315,UK,Food & Refreshment,1.07,4,Standard,28,1.3696000000000002,28.000000000000004,OK,True
14316,Germany,Personal Care,0.71,10,Premium,60,1.136,59.999999999999986,OK,False
14317,Germany,Food & Refreshment,2.23,3,Value,12,2.4976000000000003,12.00000000000001,OK,True
14318,France,Personal Care,9.91,7,Standard,30,12.883,30.000000000000004,OK,True
14319,France,Food & Refreshment,8.72,10,Premium,55,13.516000000000002,55.00000000000001,OK,True
14320,Germany,Home Care,8.52,9,Premium,50,12.78,50.0,OK,False
14321,UK,Food & Refreshment,0.96,10,Premium,55,1.488,55.00000000000001,OK,True
14322,Germany,Food & Refreshment,7.3,3,Value,12,8.176,12.00000000000001,OK,True
14323,Spain,Personal Care,13.91,10,Premium,60,22.256,60.00000000000001,OK,True
14324,Spain,Personal Care,6.27,9,Premium,60,10.032,60.00000000000001,OK,True
14325,France,Personal Care,9.56,8,Premium,60,15.296,60.00000000000001,OK,True
14326,UK,Personal Care,11.81,3,Value,15,13.5815,14.999999999999991,OK,False
14327,UK,Personal Care,11.87,8,Premium,60,18.992,60.00000000000001,OK,True
14328,Spain,Personal Care,8.03,4,Standard,30,10.439,30.000000000000004,OK,True
14329,Germany,Home Care,12.94,6,Standard,25,16.175,25.0,OK,False
14330,France,Food & Refreshment,6.17,10,Premium,55,9.5635,54.999999999999986,OK,False
14331,Germany,Food & Refreshment,13.39,2,Value,12,14.996800000000002,12.00000000000001,OK,True
14332,Germany,Food & Refreshment,3.98,8,Premium,55,6.1690000000000005,55.00000000000001,OK,True
14333,Germany,Home Care,4.56,9,Premium,50,6.84,50.0,OK,False
14334,UK,Food & Refreshment,1.27,7,Standard,28,1.6256000000000002,28.000000000000004,OK,True
14335,Spain,Home Care,12.04,8,Premium,50,18.06,50.0,OK,False
14336,UK,Home Care,6.55,7,Standard,25,8.1875,25.0,OK,False
14337,Spain,Home Care,3.82,10,Premium,50,5.7299999999999995,50.0,OK,False
14338,France,Food & Refreshment,3.86,4,Standard,28,4.9408,28.000000000000004,OK,True
14339,France,Home Care,13.57,1,Value,10,14.927,10.000000000000009,OK,True
14340,Germany,Food & Refreshment,12.59,3,Value,12,14.1008,12.00000000000001,OK,True
14341,Spain,Food & Refreshment,8.53,7,Standard,28,10.9184,28.000000000000004,OK,True
14342,Spain,Personal Care,9.43,7,Standard,30,12.259,30.000000000000004,OK,True
14343,Spain,Personal Care,7.38,3,Value,15,8.487,15.000000000000014,OK,True
14344,Germany,Home Care,6.18,1,Value,10,6.798,10.000000000000009,OK,True
14345,Germany,Home Care,13.77,10,Premium,50,20.655,50.00000000000002,OK,True
14346,France,Food & Refreshment,2.32,9,Premium,55,3.5959999999999996,55.00000000000001,OK,True
14347,UK,Home Care,6.57,6,Standard,25,8.2125,25.0,OK,False
14348,Spain,Home Care,5.5,7,Standard,25,6.875,25.0,OK,False
14349,Spain,Food & Refreshment,7.72,1,Value,12,8.6464,12.00000000000001,OK,True
14350,UK,Home Care,7.14,1,Value,10,7.854,10.000000000000009,OK,True
14351,Spain,Home Care,8.02,4,Standard,25,10.025,25.0,OK,False
14352,Germany,Food & Refreshment,2.53,7,Standard,28,3.2384,28.000000000000004,OK,True
14353,Germany,Food & Refreshment,7.94,8,Premium,55,12.307,55.00000000000001,OK,True
14354,Spain,Personal Care,4.02,10,Premium,60,6.4319999999999995,60.00000000000001,OK,True
14355,Germany,Food & Refreshment,3.17,9,Premium,55,4.9135,55.00000000000001,OK,True
14356,Germany,Personal Care,1.44,1,Value,15,1.656,14.999999999999991,OK,False
14357,Spain,Home Care,11.56,4,Standard,25,14.45,25.0,OK,False
14358,France,Food & Refreshment,6.7,4,Standard,28,8.576,28.000000000000004,OK,True
14359,UK,Food & Refreshment,9.59,3,Value,12,10.7408,12.00000000000001,OK,True
14360,Germany,Food & Refreshment,11.05,7,Standard,28,14.144000000000002,28.000000000000004,OK,True
14361,France,Home Care,10.35,1,Value,10,11.385,10.000000000000009,OK,True
14362,Germany,Personal Care,7.32,9,Premium,60,11.712000000000002,60.00000000000001,OK,True
14363,Germany,Home Care,6.12,8,Premium,50,9.18,50.0,OK,False
14364,UK,Home Care,5.95,2,Value,10,6.545000000000001,10.000000000000009,OK,True
14365,Germany,Food & Refreshment,9.78,2,Value,12,10.9536,12.00000000000001,OK,True
14366,UK,Personal Care,7.67,8,Premium,60,12.272,60.00000000000001,OK,True
14367,UK,Home Care,12.81,1,Value,10,14.091,10.000000000000009,OK,True
14368,UK,Food & Refreshment,13.18,7,Standard,28,16.8704,28.000000000000004,OK,True
14369,France,Home Care,2.97,9,Premium,50,4.455,50.0,OK,False
14370,Spain,Home Care,2.48,3,Value,10,2.728,10.000000000000009,OK,True
14371,France,Food & Refreshment,9.64,7,Standard,28,12.339200000000002,28.000000000000004,OK,True
14372,Spain,Food & Refreshment,4.87,6,Standard,28,6.2336,28.000000000000004,OK,True
14373,Spain,Personal Care,0.77,7,Standard,30,1.001,30.000000000000004,OK,True
14374,UK,Home Care,13.39,7,Standard,25,16.7375,25.0,OK,False
14375,Germany,Food & Refreshment,3.79,10,Premium,55,5.8745,55.00000000000001,OK,True
14376,UK,Food & Refreshment,13.97,1,Value,12,15.646400000000002,12.00000000000001,OK,True
14377,Germany,Personal Care,10.9,3,Value,15,12.535,14.999999999999991,OK,False
14378,Spain,Personal Care,11.56,10,Premium,60,18.496,60.00000000000001,OK,True
14379,UK,Food & Refreshment,3.42,1,Value,12,3.830400000000001,12.00000000000001,OK,True
14380,Germany,Personal Care,3.9,5,Standard,30,5.07,30.000000000000004,OK,True
14381,France,Food & Refreshment,8.06,3,Value,12,9.0272,12.00000000000001,OK,True
14382,Germany,Home Care,3.0,1,Value,10,3.3000000000000003,10.000000000000009,OK,True
14383,UK,Personal Care,4.93,2,Value,15,5.669499999999999,14.999999999999991,OK,False
14384,France,Home Care,5.16,10,Premium,50,7.74,50.0,OK,False
14385,Germany,Home Care,2.81,5,Standard,25,3.5125,25.0,OK,False
14386,Germany,Home Care,3.48,3,Value,10,3.828,10.000000000000009,OK,True
14387,Germany,Food & Refreshment,11.93,6,Standard,28,15.2704,28.000000000000004,OK,True
14388,Germany,Home Care,2.92,9,Premium,50,4.38,50.0,OK,False
14389,Germany,Home Care,0.91,6,Standard,25,1.1375,25.0,OK,False
14390,France,Home Care,9.63,2,Value,10,10.593000000000002,10.000000000000009,OK,True
14391,Spain,Food & Refreshment,14.65,2,Value,12,16.408,12.00000000000001,OK,True
14392,France,Home Care,5.3,8,Premium,50,7.949999999999999,50.0,OK,False
14393,France,Home Care,2.22,8,Premium,50,3.33,50.0,OK,False
14394,France,Personal Care,8.77,6,Standard,30,11.401,30.000000000000004,OK,True
14395,Spain,Food & Refreshment,13.64,10,Premium,55,21.142000000000003,55.00000000000003,OK,True
14396,UK,Home Care,11.87,7,Standard,25,14.8375,25.0,OK,False
14397,Spain,Personal Care,9.53,1,Value,15,10.959499999999998,14.999999999999991,OK,False
14398,France,Food & Refreshment,5.07,9,Premium,55,7.8585,55.00000000000001,OK,True
14399,Germany,Food & Refreshment,8.36,5,Standard,28,10.7008,28.000000000000004,OK,True
14400,Germany,Food & Refreshment,1.82,9,Premium,55,2.821,55.00000000000001,OK,True
14401,France,Food & Refreshment,10.34,2,Value,12,11.580800000000002,12.00000000000001,OK,True
14402,Germany,Food & Refreshment,11.01,8,Premium,55,17.0655,55.00000000000001,OK,True
14403,France,Food & Refreshment,14.49,7,Standard,28,18.5472,28.000000000000004,OK,True
14404,Germany,Home Care,4.28,4,Standard,25,5.3500000000000005,25.0,OK,False
14405,Spain,Home Care,0.77,3,Value,10,0.8470000000000001,10.000000000000009,OK,True
14406,UK,Home Care,8.41,4,Standard,25,10.5125,25.0,OK,False
14407,UK,Home Care,10.75,4,Standard,25,13.4375,25.0,OK,False
14408,Spain,Personal Care,11.96,10,Premium,60,19.136000000000003,60.00000000000001,OK,True
14409,Spain,Home Care,3.31,10,Premium,50,4.965,50.0,OK,False
14410,France,Food & Refreshment,4.3,8,Premium,55,6.665,55.00000000000001,OK,True
14411,France,Home Care,7.93,4,Standard,25,9.9125,25.0,OK,False
14412,France,Home Care,5.29,5,Standard,25,6.6125,25.0,OK,False
14413,Germany,Food & Refreshment,12.98,2,Value,12,14.5376,12.00000000000001,OK,True
14414,France,Home Care,7.37,4,Standard,25,9.2125,25.0,OK,False
14415,Spain,Home Care,12.09,7,Standard,25,15.1125,25.0,OK,False
14416,UK,Home Care,8.92,3,Value,10,9.812,10.000000000000009,OK,True
14417,Germany,Personal Care,11.71,1,Value,15,13.4665,14.999999999999991,OK,False
14418,France,Home Care,5.32,8,Premium,50,7.98,50.0,OK,False
14419,Germany,Food & Refreshment,12.56,8,Premium,55,19.468,55.00000000000001,OK,True
14420,Germany,Food & Refreshment,4.48,6,Standard,28,5.734400000000001,28.000000000000004,OK,True
14421,France,Home Care,8.42,7,Standard,25,10.525,25.0,OK,False
14422,Germany,Home Care,3.6,10,Premium,50,5.4,50.0,OK,False
14423,UK,Home Care,7.4,2,Value,10,8.14,10.000000000000009,OK,True
14424,Spain,Food & Refreshment,5.11,5,Standard,28,6.540800000000001,28.000000000000004,OK,True
14425,Spain,Food & Refreshment,4.37,7,Standard,28,5.5936,28.000000000000004,OK,True
14426,UK,Personal Care,14.52,9,Premium,60,23.232,60.00000000000001,OK,True
14427,Germany,Personal Care,2.82,1,Value,15,3.242999999999999,14.999999999999991,OK,False
14428,France,Personal Care,11.92,3,Value,15,13.707999999999998,14.999999999999991,OK,False
14429,Germany,Food & Refreshment,14.77,6,Standard,28,18.9056,28.000000000000004,OK,True
14430,UK,Personal Care,0.79,7,Standard,30,1.027,30.000000000000004,OK,True
14431,Germany,Home Care,10.64,6,Standard,25,13.3,25.0,OK,False
14432,Spain,Home Care,4.17,1,Value,10,4.587000000000001,10.000000000000009,OK,True
14433,Germany,Food & Refreshment,1.09,4,Standard,28,1.3952000000000002,28.000000000000004,OK,True
14434,UK,Personal Care,6.34,6,Standard,30,8.242,30.00000000000003,OK,True
14435,Spain,Home Care,14.06,8,Premium,50,21.09,50.0,OK,False
14436,Germany,Food & Refreshment,0.67,10,Premium,55,1.0385000000000002,55.00000000000003,OK,True
14437,Germany,Personal Care,9.02,4,Standard,30,11.726,30.000000000000004,OK,True
14438,Spain,Home Care,7.77,7,Standard,25,9.7125,24.99999999999998,OK,False
14439,France,Personal Care,13.16,3,Value,15,15.134,14.999999999999991,OK,False
14440,Spain,Food & Refreshment,1.72,8,Premium,55,2.666,55.00000000000001,OK,True
14441,France,Personal Care,10.38,1,Value,15,11.937,14.999999999999991,OK,False
14442,UK,Food & Refreshment,10.36,4,Standard,28,13.2608,28.000000000000004,OK,True
14443,UK,Personal Care,10.2,8,Premium,60,16.32,60.00000000000001,OK,True
14444,Spain,Home Care,14.16,10,Premium,50,21.24,50.00000000000002,OK,True
14445,Spain,Food & Refreshment,12.43,4,Standard,28,15.9104,28.000000000000004,OK,True
14446,UK,Food & Refreshment,1.11,2,Value,12,1.2432000000000003,12.00000000000001,OK,True
14447,France,Food & Refreshment,7.33,2,Value,12,8.2096,11.99999999999999,OK,False
14448,UK,Personal Care,6.27,4,Standard,30,8.151,30.000000000000004,OK,True
14449,Spain,Personal Care,5.0,4,Standard,30,6.5,30.000000000000004,OK,True
14450,UK,Home Care,7.04,2,Value,10,7.744000000000001,10.000000000000009,OK,True
14451,Spain,Food & Refreshment,6.07,7,Standard,28,7.7696,28.000000000000004,OK,True
14452,Spain,Food & Refreshment,6.77,6,Standard,28,8.6656,28.000000000000004,OK,True
14453,UK,Personal Care,14.7,3,Value,15,16.904999999999998,14.999999999999991,OK,False
14454,France,Personal Care,1.79,8,Premium,60,2.8640000000000003,60.00000000000001,OK,True
14455,Germany,Home Care,13.87,8,Premium,50,20.805,50.0,OK,False
14456,UK,Home Care,7.46,1,Value,10,8.206000000000001,10.000000000000009,OK,True
14457,Germany,Personal Care,9.54,3,Value,15,10.970999999999998,14.999999999999991,OK,False
14458,UK,Food & Refreshment,12.54,5,Standard,28,16.051199999999998,28.000000000000004,OK,True
14459,Germany,Home Care,5.73,2,Value,10,6.303000000000001,10.000000000000009,OK,True
14460,France,Personal Care,6.74,5,Standard,30,8.762,30.000000000000004,OK,True
14461,France,Personal Care,6.44,10,Premium,60,10.304000000000002,60.00000000000003,OK,True
14462,UK,Food & Refreshment,5.93,3,Value,12,6.6416,12.00000000000001,OK,True
14463,Spain,Personal Care,13.92,9,Premium,60,22.272,60.00000000000001,OK,True
14464,Germany,Personal Care,12.52,1,Value,15,14.397999999999998,14.999999999999991,OK,False
14465,Spain,Home Care,2.08,4,Standard,25,2.6,25.0,OK,False
14466,Spain,Personal Care,2.07,10,Premium,60,3.312,60.00000000000001,OK,True
14467,Spain,Personal Care,6.7,6,Standard,30,8.71,30.000000000000004,OK,True
14468,France,Home Care,1.93,9,Premium,50,2.895,50.0,OK,False
14469,UK,Food & Refreshment,9.48,3,Value,12,10.6176,12.00000000000001,OK,True
14470,UK,Food & Refreshment,2.58,3,Value,12,2.8896,12.00000000000001,OK,True
14471,France,Home Care,8.07,5,Standard,25,10.0875,25.0,OK,False
14472,France,Home Care,0.6,7,Standard,25,0.75,25.0,OK,False
14473,UK,Food & Refreshment,5.09,5,Standard,28,6.5152,28.000000000000004,OK,True
14474,Spain,Food & Refreshment,10.32,8,Premium,55,15.996,55.00000000000001,OK,True
14475,Germany,Food & Refreshment,7.52,5,Standard,28,9.6256,28.000000000000004,OK,True
14476,Germany,Food & Refreshment,14.68,7,Standard,28,18.7904,28.000000000000025,OK,True
14477,Germany,Food & Refreshment,13.17,6,Standard,28,16.8576,28.000000000000004,OK,True
14478,Spain,Home Care,5.71,10,Premium,50,8.565,50.0,OK,False
14479,UK,Personal Care,1.16,2,Value,15,1.334,14.999999999999991,OK,False
14480,France,Food & Refreshment,12.76,3,Value,12,14.291200000000002,12.00000000000001,OK,True
14481,UK,Food & Refreshment,13.71,4,Standard,28,17.5488,28.000000000000004,OK,True
14482,Spain,Personal Care,12.4,5,Standard,30,16.12,30.000000000000004,OK,True
14483,France,Personal Care,2.36,9,Premium,60,3.776,60.00000000000001,OK,True
14484,Spain,Personal Care,14.97,6,Standard,30,19.461,30.000000000000004,OK,True
14485,Germany,Personal Care,4.25,1,Value,15,4.887499999999999,14.999999999999991,OK,False
14486,Germany,Personal Care,11.0,3,Value,15,12.65,14.999999999999991,OK,False
14487,Spain,Personal Care,13.67,7,Standard,30,17.771,30.000000000000004,OK,True
14488,France,Home Care,3.92,8,Premium,50,5.88,50.0,OK,False
14489,France,Personal Care,13.67,7,Standard,30,17.771,30.000000000000004,OK,True
14490,UK,Personal Care,4.99,5,Standard,30,6.487,30.000000000000004,OK,True
14491,Germany,Home Care,14.66,10,Premium,50,21.99,50.00000000000002,OK,True
14492,UK,Personal Care,4.58,8,Premium,60,7.328,60.00000000000001,OK,True
14493,UK,Food & Refreshment,14.32,9,Premium,55,22.196,55.00000000000001,OK,True
14494,Spain,Food & Refreshment,1.28,7,Standard,28,1.6384,28.000000000000004,OK,True
14495,Spain,Personal Care,10.78,9,Premium,60,17.248,60.00000000000001,OK,True
14496,UK,Home Care,8.22,1,Value,10,9.042000000000002,10.000000000000009,OK,True
14497,Germany,Food & Refreshment,7.43,9,Premium,55,11.5165,55.00000000000001,OK,True
14498,Spain,Home Care,3.74,3,Value,10,4.114000000000001,10.000000000000009,OK,True
14499,UK,Food & Refreshment,10.73,6,Standard,28,13.7344,28.000000000000004,OK,True
14500,UK,Personal Care,3.27,8,Premium,60,5.232,60.00000000000001,OK,True
14501,UK,Home Care,8.52,3,Value,10,9.372,10.000000000000009,OK,True
14502,UK,Home Care,4.17,4,Standard,25,5.2125,25.0,OK,False
14503,UK,Home Care,14.36,7,Standard,25,17.95,25.0,OK,False
14504,UK,Food & Refreshment,0.92,7,Standard,28,1.1776,28.000000000000004,OK,True
14505,Spain,Food & Refreshment,3.4,4,Standard,28,4.352,28.000000000000004,OK,True
14506,Germany,Food & Refreshment,4.01,9,Premium,55,6.2155,55.00000000000001,OK,True
14507,UK,Personal Care,6.5,3,Value,15,7.475,14.999999999999991,OK,False
14508,France,Food & Refreshment,3.87,8,Premium,55,5.9985,55.00000000000001,OK,True
14509,Spain,Personal Care,7.62,8,Premium,60,12.192,60.00000000000001,OK,True
14510,Spain,Home Care,13.15,4,Standard,25,16.4375,25.0,OK,False
14511,UK,Home Care,10.82,7,Standard,25,13.525,25.0,OK,False
14512,Spain,Personal Care,8.91,4,Standard,30,11.583,30.000000000000004,OK,True
14513,UK,Food & Refreshment,1.79,1,Value,12,2.0048000000000004,12.00000000000001,OK,True
14514,Germany,Personal Care,10.56,1,Value,15,12.144,14.999999999999991,OK,False
14515,Germany,Home Care,2.91,1,Value,10,3.2010000000000005,10.000000000000009,OK,True
14516,Spain,Home Care,11.9,2,Value,10,13.090000000000002,10.000000000000009,OK,True
14517,Spain,Personal Care,4.13,6,Standard,30,5.369,30.000000000000004,OK,True
14518,France,Food & Refreshment,6.55,10,Premium,55,10.1525,55.00000000000001,OK,True
14519,Spain,Food & Refreshment,5.58,5,Standard,28,7.1424,28.000000000000004,OK,True
14520,France,Personal Care,12.95,2,Value,15,14.892499999999998,14.999999999999991,OK,False
14521,Germany,Personal Care,2.33,8,Premium,60,3.728,60.00000000000001,OK,True
14522,Germany,Food & Refreshment,8.7,9,Premium,55,13.485,55.00000000000001,OK,True
14523,UK,Home Care,2.56,7,Standard,25,3.2,25.0,OK,False
14524,Germany,Personal Care,10.72,9,Premium,60,17.152,60.00000000000001,OK,True
14525,France,Food & Refreshment,13.62,4,Standard,28,17.4336,28.000000000000004,OK,True
14526,Spain,Food & Refreshment,6.8,7,Standard,28,8.704,28.000000000000004,OK,True
14527,UK,Home Care,7.58,5,Standard,25,9.475,25.0,OK,False
14528,France,Home Care,13.95,5,Standard,25,17.4375,25.0,OK,False
14529,Spain,Home Care,8.05,3,Value,10,8.855000000000002,10.000000000000009,OK,True
14530,UK,Home Care,7.57,9,Premium,50,11.355,50.0,OK,False
14531,Germany,Home Care,8.89,10,Premium,50,13.335,50.0,OK,False
14532,France,Personal Care,10.49,5,Standard,30,13.637,30.000000000000004,OK,True
14533,Spain,Food & Refreshment,2.05,6,Standard,28,2.6239999999999997,28.000000000000004,OK,True
14534,UK,Personal Care,12.41,3,Value,15,14.2715,14.999999999999991,OK,False
14535,UK,Personal Care,6.81,10,Premium,60,10.896,60.00000000000003,OK,True
14536,Germany,Personal Care,1.55,7,Standard,30,2.015,30.000000000000004,OK,True
14537,Spain,Personal Care,11.9,9,Premium,60,19.040000000000003,60.00000000000001,OK,True
14538,Germany,Personal Care,5.97,9,Premium,60,9.552,60.00000000000001,OK,True
14539,Germany,Home Care,1.96,10,Premium,50,2.94,50.0,OK,False
14540,Spain,Home Care,9.69,10,Premium,50,14.535,50.0,OK,False
14541,Spain,Food & Refreshment,13.26,5,Standard,28,16.9728,28.000000000000004,OK,True
14542,Spain,Personal Care,13.37,7,Standard,30,17.381,30.000000000000004,OK,True
14543,France,Food & Refreshment,14.39,3,Value,12,16.1168,12.00000000000001,OK,True
14544,Spain,Home Care,13.08,6,Standard,25,16.35,25.0,OK,False
14545,UK,Home Care,0.53,8,Premium,50,0.795,50.0,OK,False
14546,Germany,Home Care,6.01,8,Premium,50,9.015,50.00000000000002,OK,True
14547,France,Personal Care,12.37,2,Value,15,14.225499999999998,14.999999999999991,OK,False
14548,Spain,Personal Care,5.81,6,Standard,30,7.553,30.000000000000004,OK,True
14549,France,Home Care,9.22,7,Standard,25,11.525,25.0,OK,False
14550,Spain,Food & Refreshment,9.29,7,Standard,28,11.8912,28.000000000000004,OK,True
14551,France,Food & Refreshment,5.79,3,Value,12,6.484800000000001,12.00000000000001,OK,True
14552,Germany,Home Care,13.61,9,Premium,50,20.415,50.0,OK,False
14553,Germany,Food & Refreshment,7.8,2,Value,12,8.736,12.00000000000001,OK,True
14554,UK,Home Care,7.24,3,Value,10,7.964000000000001,10.000000000000009,OK,True
14555,UK,Food & Refreshment,14.96,2,Value,12,16.755200000000002,12.00000000000001,OK,True
14556,Spain,Home Care,7.66,9,Premium,50,11.49,50.0,OK,False
14557,Germany,Food & Refreshment,3.09,4,Standard,28,3.9552,28.000000000000004,OK,True
14558,France,Personal Care,7.94,2,Value,15,9.131,14.999999999999991,OK,False
14559,France,Home Care,12.3,3,Value,10,13.53,10.000000000000009,OK,True
14560,France,Home Care,11.76,4,Standard,25,14.7,25.0,OK,False
14561,UK,Food & Refreshment,11.93,10,Premium,55,18.4915,54.999999999999986,OK,False
14562,France,Home Care,10.77,6,Standard,25,13.4625,25.0,OK,False
14563,UK,Home Care,4.19,5,Standard,25,5.237500000000001,25.0,OK,False
14564,UK,Home Care,13.0,3,Value,10,14.3,10.000000000000009,OK,True
14565,Spain,Personal Care,13.45,10,Premium,60,21.52,60.00000000000001,OK,True
14566,France,Personal Care,3.32,8,Premium,60,5.312,60.00000000000001,OK,True
14567,France,Food & Refreshment,2.39,8,Premium,55,3.7045,55.00000000000001,OK,True
14568,Germany,Personal Care,14.65,7,Standard,30,19.045,30.000000000000004,OK,True
14569,Spain,Food & Refreshment,13.09,3,Value,12,14.660800000000002,12.00000000000001,OK,True
14570,Germany,Personal Care,13.45,1,Value,15,15.467499999999998,14.999999999999991,OK,False
14571,Spain,Food & Refreshment,13.35,5,Standard,28,17.088,28.000000000000004,OK,True
14572,France,Personal Care,8.35,1,Value,15,9.6025,14.999999999999991,OK,False
14573,UK,Personal Care,9.87,6,Standard,30,12.831,30.000000000000004,OK,True
14574,UK,Food & Refreshment,8.41,7,Standard,28,10.7648,28.000000000000004,OK,True
14575,UK,Home Care,1.24,5,Standard,25,1.55,25.0,OK,False
14576,UK,Home Care,11.31,4,Standard,25,14.1375,25.0,OK,False
14577,UK,Personal Care,7.83,2,Value,15,9.0045,14.999999999999991,OK,False
14578,Germany,Food & Refreshment,9.89,5,Standard,28,12.6592,28.000000000000004,OK,True
14579,Spain,Home Care,7.79,9,Premium,50,11.685,50.0,OK,False
14580,France,Food & Refreshment,7.63,4,Standard,28,9.7664,28.000000000000004,OK,True
14581,Germany,Home Care,2.99,2,Value,10,3.2890000000000006,10.000000000000009,OK,True
14582,Spain,Food & Refreshment,4.54,6,Standard,28,5.8112,28.000000000000004,OK,True
14583,UK,Personal Care,2.8,8,Premium,60,4.4799999999999995,59.999999999999986,OK,False
14584,Spain,Food & Refreshment,3.34,2,Value,12,3.7408,12.00000000000001,OK,True
14585,Spain,Home Care,14.61,9,Premium,50,21.915,50.0,OK,False
14586,UK,Personal Care,2.72,7,Standard,30,3.5360000000000005,30.000000000000004,OK,True
14587,UK,Food & Refreshment,4.4,2,Value,12,4.928000000000001,12.00000000000001,OK,True
14588,UK,Home Care,9.06,5,Standard,25,11.325,25.0,OK,False
14589,France,Personal Care,9.35,5,Standard,30,12.155,30.000000000000004,OK,True
14590,UK,Food & Refreshment,2.73,7,Standard,28,3.4944,28.000000000000004,OK,True
14591,France,Home Care,12.01,5,Standard,25,15.0125,25.0,OK,False
14592,UK,Food & Refreshment,11.89,6,Standard,28,15.2192,28.000000000000004,OK,True
14593,France,Food & Refreshment,3.94,9,Premium,55,6.107,55.00000000000001,OK,True
14594,Spain,Personal Care,4.69,3,Value,15,5.3935,14.999999999999991,OK,False
14595,Germany,Personal Care,14.1,3,Value,15,16.215,14.999999999999991,OK,False
14596,Spain,Home Care,12.47,8,Premium,50,18.705,50.0,OK,False
14597,Spain,Personal Care,10.62,10,Premium,60,16.992,60.00000000000003,OK,True
14598,UK,Home Care,1.69,6,Standard,25,2.1125,25.0,OK,False
14599,France,Food & Refreshment,6.56,10,Premium,55,10.168,55.00000000000001,OK,True
14600,Germany,Food & Refreshment,8.61,3,Value,12,9.6432,12.00000000000001,OK,True
14601,UK,Home Care,3.22,2,Value,10,3.5420000000000007,10.000000000000009,OK,True
14602,UK,Food & Refreshment,7.0,2,Value,12,7.840000000000001,12.00000000000001,OK,True
14603,UK,Personal Care,9.21,2,Value,15,10.5915,14.999999999999991,OK,False
14604,Spain,Food & Refreshment,5.25,5,Standard,28,6.72,28.000000000000004,OK,True
14605,France,Personal Care,11.82,5,Standard,30,15.366,30.000000000000004,OK,True
14606,France,Home Care,12.69,1,Value,10,13.959,10.000000000000009,OK,True
14607,Germany,Home Care,5.19,2,Value,10,5.7090000000000005,10.000000000000009,OK,True
14608,France,Food & Refreshment,12.66,2,Value,12,14.179200000000002,12.00000000000001,OK,True
14609,France,Food & Refreshment,2.0,4,Standard,28,2.56,28.000000000000004,OK,True
14610,UK,Personal Care,12.65,7,Standard,30,16.445,30.000000000000004,OK,True
14611,UK,Personal Care,2.71,3,Value,15,3.1165,14.999999999999991,OK,False
14612,Spain,Food & Refreshment,1.7,5,Standard,28,2.176,28.000000000000004,OK,True
14613,UK,Food & Refreshment,9.81,9,Premium,55,15.2055,55.00000000000001,OK,True
14614,UK,Home Care,7.34,5,Standard,25,9.175,25.00000000000002,OK,True
14615,UK,Home Care,13.66,9,Premium,50,20.49,50.00000000000002,OK,True
14616,UK,Home Care,5.77,1,Value,10,6.347,10.000000000000009,OK,True
14617,Spain,Food & Refreshment,4.66,9,Premium,55,7.223000000000001,55.00000000000001,OK,True
14618,UK,Food & Refreshment,7.76,5,Standard,28,9.9328,28.000000000000004,OK,True
14619,Germany,Food & Refreshment,7.11,8,Premium,55,11.0205,55.00000000000001,OK,True
14620,Germany,Home Care,5.49,5,Standard,25,6.862500000000001,25.0,OK,False
14621,Germany,Food & Refreshment,10.56,6,Standard,28,13.516800000000002,28.000000000000004,OK,True
14622,Germany,Personal Care,11.51,8,Premium,60,18.416,60.00000000000001,OK,True
14623,UK,Food & Refreshment,12.87,2,Value,12,14.4144,12.00000000000001,OK,True
14624,Germany,Food & Refreshment,14.61,3,Value,12,16.363200000000003,12.000000000000032,OK,True
14625,UK,Food & Refreshment,4.37,9,Premium,55,6.7735,55.00000000000001,OK,True
14626,Spain,Food & Refreshment,10.88,5,Standard,28,13.9264,28.000000000000004,OK,True
14627,Germany,Food & Refreshment,6.22,5,Standard,28,7.9616,28.000000000000004,OK,True
14628,France,Personal Care,10.32,9,Premium,60,16.512,60.00000000000001,OK,True
14629,Germany,Personal Care,7.4,10,Premium,60,11.840000000000002,60.00000000000001,OK,True
14630,Germany,Food & Refreshment,14.91,3,Value,12,16.6992,12.00000000000001,OK,True
14631,UK,Home Care,11.07,4,Standard,25,13.8375,25.0,OK,False
14632,Germany,Food & Refreshment,14.31,7,Standard,28,18.3168,28.000000000000004,OK,True
14633,France,Food & Refreshment,12.61,2,Value,12,14.1232,12.00000000000001,OK,True
14634,UK,Food & Refreshment,13.59,8,Premium,55,21.0645,55.00000000000001,OK,True
14635,UK,Home Care,12.31,5,Standard,25,15.3875,25.0,OK,False
14636,Spain,Home Care,7.16,1,Value,10,7.876000000000001,10.000000000000009,OK,True
14637,Spain,Home Care,4.15,3,Value,10,4.565,10.000000000000009,OK,True
14638,Germany,Personal Care,5.87,9,Premium,60,9.392,60.00000000000001,OK,True
14639,Spain,Home Care,0.79,5,Standard,25,0.9875,25.0,OK,False
14640,Spain,Personal Care,8.1,8,Premium,60,12.96,60.00000000000001,OK,True
14641,Spain,Personal Care,7.82,1,Value,15,8.993,14.999999999999991,OK,False
14642,UK,Home Care,8.12,7,Standard,25,10.15,25.0,OK,False
14643,UK,Home Care,14.62,7,Standard,25,18.275,25.0,OK,False
14644,UK,Home Care,13.72,8,Premium,50,20.58,50.0,OK,False
14645,Spain,Personal Care,2.84,3,Value,15,3.2659999999999996,14.999999999999991,OK,False
14646,UK,Food & Refreshment,5.85,1,Value,12,6.5520000000000005,12.00000000000001,OK,True
14647,Spain,Home Care,6.65,9,Premium,50,9.975,50.00000000000002,OK,True
14648,UK,Home Care,5.73,1,Value,10,6.303000000000001,10.000000000000009,OK,True
14649,UK,Home Care,12.08,6,Standard,25,15.1,25.0,OK,False
14650,France,Personal Care,8.1,9,Premium,60,12.96,60.00000000000001,OK,True
14651,Germany,Personal Care,8.8,2,Value,15,10.12,14.999999999999991,OK,False
14652,Spain,Food & Refreshment,12.87,4,Standard,28,16.473599999999998,27.99999999999998,OK,False
14653,France,Home Care,12.19,2,Value,10,13.409,10.000000000000009,OK,True
14654,UK,Personal Care,2.42,4,Standard,30,3.146,30.000000000000004,OK,True
14655,Spain,Food & Refreshment,10.85,2,Value,12,12.152,12.00000000000001,OK,True
14656,UK,Home Care,6.81,1,Value,10,7.491,10.000000000000009,OK,True
14657,Germany,Personal Care,4.77,3,Value,15,5.485499999999999,14.999999999999991,OK,False
14658,France,Home Care,1.23,8,Premium,50,1.845,50.0,OK,False
14659,Germany,Home Care,7.57,5,Standard,25,9.4625,25.0,OK,False
14660,France,Personal Care,5.65,4,Standard,30,7.345000000000001,30.000000000000004,OK,True
14661,UK,Personal Care,4.15,5,Standard,30,5.3950000000000005,30.000000000000004,OK,True
14662,Germany,Personal Care,10.57,6,Standard,30,13.741,30.000000000000004,OK,True
14663,Germany,Home Care,11.66,6,Standard,25,14.575,25.0,OK,False
14664,UK,Home Care,4.05,5,Standard,25,5.0625,25.0,OK,False
14665,Germany,Food & Refreshment,1.22,6,Standard,28,1.5616,28.000000000000004,OK,True
14666,Spain,Home Care,12.81,9,Premium,50,19.215,50.0,OK,False
14667,France,Personal Care,0.64,5,Standard,30,0.8320000000000001,30.000000000000004,OK,True
14668,France,Home Care,14.09,6,Standard,25,17.6125,25.0,OK,False
14669,France,Food & Refreshment,9.6,4,Standard,28,12.288,28.000000000000004,OK,True
14670,Spain,Food & Refreshment,5.17,3,Value,12,5.790400000000001,12.00000000000001,OK,True
14671,France,Personal Care,4.07,6,Standard,30,5.291,30.000000000000004,OK,True
14672,UK,Personal Care,0.63,5,Standard,30,0.8190000000000001,30.000000000000004,OK,True
14673,Germany,Food & Refreshment,3.91,4,Standard,28,5.0048,28.000000000000004,OK,True
14674,Spain,Food & Refreshment,2.5,5,Standard,28,3.2,28.000000000000004,OK,True
14675,France,Food & Refreshment,9.38,7,Standard,28,12.0064,28.000000000000004,OK,True
14676,UK,Personal Care,2.91,1,Value,15,3.3465,14.999999999999991,OK,False
14677,Germany,Food & Refreshment,8.17,1,Value,12,9.1504,12.00000000000001,OK,True
14678,Germany,Food & Refreshment,9.06,1,Value,12,10.147200000000002,12.00000000000001,OK,True
14679,Spain,Personal Care,4.82,2,Value,15,5.543,14.999999999999991,OK,False
14680,Spain,Home Care,1.01,9,Premium,50,1.515,50.0,OK,False
14681,Spain,Home Care,1.04,5,Standard,25,1.3,25.0,OK,False
14682,UK,Food & Refreshment,0.88,9,Premium,55,1.364,55.00000000000001,OK,True
14683,UK,Home Care,11.22,5,Standard,25,14.025,25.0,OK,False
14684,Spain,Home Care,5.11,7,Standard,25,6.3875,25.0,OK,False
14685,France,Home Care,12.05,6,Standard,25,15.0625,25.0,OK,False
14686,Germany,Home Care,6.76,2,Value,10,7.436,10.000000000000009,OK,True
14687,Germany,Food & Refreshment,7.07,3,Value,12,7.918400000000001,12.00000000000001,OK,True
14688,UK,Home Care,7.94,5,Standard,25,9.925,25.0,OK,False
14689,Germany,Home Care,10.84,4,Standard,25,13.55,25.0,OK,False
14690,France,Personal Care,4.47,6,Standard,30,5.811,30.000000000000004,OK,True
14691,Germany,Food & Refreshment,2.26,8,Premium,55,3.5029999999999997,55.00000000000001,OK,True
14692,UK,Personal Care,8.56,8,Premium,60,13.696000000000002,60.00000000000001,OK,True
14693,UK,Personal Care,5.24,3,Value,15,6.026,14.999999999999991,OK,False
14694,France,Food & Refreshment,6.92,4,Standard,28,8.8576,28.000000000000004,OK,True
14695,France,Home Care,9.88,1,Value,10,10.868000000000002,10.000000000000009,OK,True
14696,Germany,Personal Care,7.66,2,Value,15,8.809,14.999999999999991,OK,False
14697,Germany,Food & Refreshment,9.49,9,Premium,55,14.7095,55.00000000000001,OK,True
14698,UK,Home Care,8.39,10,Premium,50,12.585,50.0,OK,False
14699,France,Food & Refreshment,11.23,10,Premium,55,17.4065,55.00000000000001,OK,True
14700,France,Personal Care,10.74,2,Value,15,12.351,14.999999999999991,OK,False
14701,France,Home Care,8.25,6,Standard,25,10.3125,25.0,OK,False
14702,Germany,Home Care,10.34,7,Standard,25,12.925,25.0,OK,False
14703,France,Food & Refreshment,13.17,6,Standard,28,16.8576,28.000000000000004,OK,True
14704,UK,Home Care,6.77,8,Premium,50,10.155,50.0,OK,False
14705,UK,Personal Care,6.49,9,Premium,60,10.384,60.00000000000001,OK,True
14706,Germany,Personal Care,11.58,8,Premium,60,18.528,60.00000000000001,OK,True
14707,Spain,Personal Care,8.95,5,Standard,30,11.635,30.000000000000004,OK,True
14708,Germany,Food & Refreshment,1.53,8,Premium,55,2.3715,55.00000000000001,OK,True
14709,Spain,Home Care,13.44,10,Premium,50,20.16,50.0,OK,False
14710,France,Home Care,0.95,10,Premium,50,1.4249999999999998,49.99999999999998,OK,False
14711,Germany,Home Care,11.35,9,Premium,50,17.025,50.0,OK,False
14712,UK,Personal Care,11.5,8,Premium,60,18.4,60.00000000000001,OK,True
14713,France,Home Care,14.32,2,Value,10,15.752000000000002,10.000000000000009,OK,True
14714,UK,Personal Care,1.28,2,Value,15,1.472,14.999999999999991,OK,False
14715,France,Home Care,9.15,3,Value,10,10.065,10.000000000000009,OK,True
14716,Germany,Personal Care,6.7,7,Standard,30,8.71,30.000000000000004,OK,True
14717,Spain,Home Care,5.29,9,Premium,50,7.935,50.0,OK,False
14718,France,Food & Refreshment,1.81,8,Premium,55,2.8055000000000003,55.00000000000001,OK,True
14719,Spain,Food & Refreshment,8.66,9,Premium,55,13.423,55.00000000000001,OK,True
14720,France,Personal Care,7.45,6,Standard,30,9.685,30.000000000000004,OK,True
14721,UK,Personal Care,2.02,1,Value,15,2.323,14.999999999999991,OK,False
14722,UK,Home Care,9.38,4,Standard,25,11.725,25.0,OK,False
14723,France,Home Care,11.2,6,Standard,25,14.0,25.0,OK,False
14724,Spain,Food & Refreshment,11.63,6,Standard,28,14.886400000000002,28.000000000000004,OK,True
14725,Germany,Home Care,13.63,8,Premium,50,20.445,50.0,OK,False
14726,Germany,Personal Care,6.44,1,Value,15,7.406,14.999999999999991,OK,False
14727,UK,Personal Care,14.32,2,Value,15,16.468,14.999999999999991,OK,False
14728,Germany,Personal Care,13.05,2,Value,15,15.0075,14.999999999999991,OK,False
14729,UK,Personal Care,4.8,6,Standard,30,6.24,30.000000000000004,OK,True
14730,Germany,Personal Care,2.81,7,Standard,30,3.653,30.000000000000004,OK,True
14731,France,Food & Refreshment,6.81,2,Value,12,7.6272,12.00000000000001,OK,True
14732,UK,Food & Refreshment,6.33,5,Standard,28,8.1024,27.99999999999998,OK,False
14733,UK,Personal Care,8.85,6,Standard,30,11.505,30.000000000000004,OK,True
14734,France,Home Care,8.96,4,Standard,25,11.2,25.0,OK,False
14735,UK,Personal Care,11.37,1,Value,15,13.075499999999998,14.999999999999991,OK,False
14736,Germany,Food & Refreshment,7.89,3,Value,12,8.8368,12.00000000000001,OK,True
14737,Germany,Personal Care,2.02,10,Premium,60,3.232,60.00000000000001,OK,True
14738,UK,Food & Refreshment,12.95,9,Premium,55,20.0725,54.999999999999986,OK,False
14739,Germany,Food & Refreshment,4.99,6,Standard,28,6.3872,28.000000000000004,OK,True
14740,Spain,Personal Care,14.58,2,Value,15,16.767,14.999999999999991,OK,False
14741,UK,Personal Care,2.21,9,Premium,60,3.536,60.00000000000001,OK,True
14742,France,Home Care,14.39,4,Standard,25,17.9875,25.0,OK,False
14743,Spain,Food & Refreshment,1.82,8,Premium,55,2.821,55.00000000000001,OK,True
14744,UK,Home Care,3.85,10,Premium,50,5.775,50.0,OK,False
14745,France,Personal Care,1.18,7,Standard,30,1.534,30.000000000000004,OK,True
14746,Germany,Food & Refreshment,10.72,3,Value,12,12.0064,12.00000000000001,OK,True
14747,France,Home Care,12.83,8,Premium,50,19.245,50.0,OK,False
14748,Spain,Home Care,6.79,4,Standard,25,8.4875,25.0,OK,False
14749,Germany,Home Care,13.96,2,Value,10,15.356000000000002,10.000000000000009,OK,True
14750,UK,Personal Care,9.06,5,Standard,30,11.778,30.000000000000004,OK,True
14751,Germany,Personal Care,9.64,1,Value,15,11.086,14.999999999999991,OK,False
14752,UK,Personal Care,12.76,8,Premium,60,20.416,60.00000000000001,OK,True
14753,UK,Food & Refreshment,4.8,8,Premium,55,7.44,55.00000000000001,OK,True
14754,France,Personal Care,5.64,3,Value,15,6.485999999999999,14.999999999999991,OK,False
14755,France,Food & Refreshment,13.64,1,Value,12,15.2768,12.00000000000001,OK,True
14756,France,Home Care,13.56,4,Standard,25,16.95,25.0,OK,False
14757,Spain,Home Care,14.66,9,Premium,50,21.99,50.00000000000002,OK,True
14758,Spain,Personal Care,13.58,9,Premium,60,21.728,60.00000000000001,OK,True
14759,France,Home Care,2.35,1,Value,10,2.5850000000000004,10.000000000000009,OK,True
14760,Spain,Personal Care,12.44,7,Standard,30,16.172,30.000000000000004,OK,True
14761,Germany,Food & Refreshment,6.44,6,Standard,28,8.2432,27.99999999999998,OK,False
14762,Germany,Home Care,14.87,7,Standard,25,18.5875,25.0,OK,False
14763,Spain,Personal Care,7.35,7,Standard,30,9.555,30.000000000000004,OK,True
14764,Spain,Home Care,8.53,8,Premium,50,12.794999999999998,50.0,OK,False
14765,Germany,Home Care,8.18,8,Premium,50,12.27,50.0,OK,False
14766,UK,Personal Care,5.17,10,Premium,60,8.272,60.00000000000001,OK,True
14767,Germany,Home Care,1.59,2,Value,10,1.7490000000000003,10.000000000000009,OK,True
14768,Germany,Home Care,13.49,4,Standard,25,16.8625,25.0,OK,False
14769,Spain,Home Care,12.14,4,Standard,25,15.175,25.0,OK,False
14770,Germany,Home Care,2.52,10,Premium,50,3.78,50.0,OK,False
14771,Spain,Food & Refreshment,11.76,8,Premium,55,18.228,55.00000000000003,OK,True
14772,Spain,Home Care,9.57,3,Value,10,10.527,10.000000000000009,OK,True
14773,France,Home Care,6.43,3,Value,10,7.073,10.000000000000009,OK,True
14774,Germany,Personal Care,4.18,2,Value,15,4.8069999999999995,14.999999999999991,OK,False
14775,UK,Food & Refreshment,12.97,1,Value,12,14.526400000000002,12.00000000000001,OK,True
14776,France,Personal Care,10.65,8,Premium,60,17.040000000000003,60.00000000000003,OK,True
14777,Spain,Personal Care,8.44,9,Premium,60,13.504,60.00000000000001,OK,True
14778,Spain,Personal Care,9.34,9,Premium,60,14.944,60.00000000000001,OK,True
14779,UK,Food & Refreshment,1.82,8,Premium,55,2.821,55.00000000000001,OK,True
14780,Spain,Personal Care,7.37,5,Standard,30,9.581,30.00000000000003,OK,True
14781,Germany,Personal Care,3.31,1,Value,15,3.8065,14.999999999999991,OK,False
14782,France,Personal Care,3.52,9,Premium,60,5.632000000000001,60.00000000000001,OK,True
14783,Spain,Home Care,10.09,6,Standard,25,12.6125,25.0,OK,False
14784,Spain,Personal Care,13.71,7,Standard,30,17.823,30.000000000000004,OK,True
14785,UK,Food & Refreshment,6.35,8,Premium,55,9.8425,55.00000000000001,OK,True
14786,Germany,Food & Refreshment,3.51,5,Standard,28,4.4928,28.000000000000004,OK,True
14787,Spain,Home Care,9.91,6,Standard,25,12.3875,25.0,OK,False
14788,UK,Food & Refreshment,13.13,7,Standard,28,16.8064,28.000000000000004,OK,True
14789,Spain,Food & Refreshment,11.35,7,Standard,28,14.528,28.000000000000004,OK,True
14790,UK,Home Care,13.1,2,Value,10,14.41,10.000000000000009,OK,True
14791,UK,Personal Care,8.28,1,Value,15,9.521999999999998,14.999999999999991,OK,False
14792,Germany,Home Care,11.4,8,Premium,50,17.1,50.0,OK,False
14793,Spain,Personal Care,2.53,5,Standard,30,3.2889999999999997,30.000000000000004,OK,True
14794,Germany,Personal Care,5.55,10,Premium,60,8.88,60.00000000000001,OK,True
14795,UK,Food & Refreshment,6.15,2,Value,12,6.888000000000001,12.00000000000001,OK,True
14796,France,Home Care,7.91,3,Value,10,8.701,10.000000000000009,OK,True
14797,Spain,Food & Refreshment,13.97,6,Standard,28,17.881600000000002,28.000000000000004,OK,True
14798,France,Food & Refreshment,13.18,10,Premium,55,20.429,54.999999999999986,OK,False
14799,Spain,Personal Care,2.45,6,Standard,30,3.1850000000000005,30.000000000000004,OK,True
14800,Germany,Food & Refreshment,3.01,8,Premium,55,4.6655,55.00000000000001,OK,True
14801,Germany,Home Care,5.69,5,Standard,25,7.112500000000001,25.0,OK,False
14802,Germany,Food & Refreshment,4.72,5,Standard,28,6.0416,28.000000000000004,OK,True
14803,Germany,Food & Refreshment,9.41,7,Standard,28,12.0448,28.000000000000004,OK,True
14804,Germany,Personal Care,13.59,10,Premium,60,21.744,60.00000000000001,OK,True
14805,France,Home Care,14.45,5,Standard,25,18.0625,25.0,OK,False
14806,Germany,Food & Refreshment,9.98,9,Premium,55,15.469,55.00000000000001,OK,True
14807,UK,Personal Care,12.65,6,Standard,30,16.445,30.000000000000004,OK,True
14808,UK,Food & Refreshment,8.12,7,Standard,28,10.3936,28.000000000000004,OK,True
14809,France,Home Care,3.52,8,Premium,50,5.28,50.0,OK,False
14810,Spain,Food & Refreshment,8.11,5,Standard,28,10.3808,28.000000000000004,OK,True
14811,UK,Food & Refreshment,8.55,4,Standard,28,10.944,28.000000000000004,OK,True
14812,Spain,Personal Care,11.27,8,Premium,60,18.032,60.00000000000001,OK,True
14813,France,Food & Refreshment,3.69,10,Premium,55,5.7195,55.00000000000001,OK,True
14814,Spain,Personal Care,5.84,9,Premium,60,9.344,59.999999999999986,OK,False
14815,Spain,Home Care,5.78,1,Value,10,6.3580000000000005,10.000000000000009,OK,True
14816,Spain,Food & Refreshment,14.41,3,Value,12,16.139200000000002,12.00000000000001,OK,True
14817,Spain,Home Care,6.94,4,Standard,25,8.675,25.0,OK,False
14818,France,Home Care,11.45,7,Standard,25,14.3125,25.0,OK,False
14819,UK,Food & Refreshment,11.39,6,Standard,28,14.5792,28.000000000000004,OK,True
14820,Germany,Personal Care,4.35,10,Premium,60,6.96,60.00000000000001,OK,True
14821,Spain,Home Care,8.79,10,Premium,50,13.185,50.0,OK,False
14822,UK,Home Care,13.47,1,Value,10,14.817000000000002,10.000000000000009,OK,True
14823,UK,Food & Refreshment,7.39,4,Standard,28,9.4592,28.000000000000004,OK,True
14824,France,Food & Refreshment,14.2,6,Standard,28,18.176,28.000000000000004,OK,True
14825,UK,Food & Refreshment,3.61,3,Value,12,4.043200000000001,12.00000000000001,OK,True
14826,France,Food & Refreshment,1.58,2,Value,12,1.7696000000000005,12.00000000000001,OK,True
14827,Spain,Food & Refreshment,13.43,2,Value,12,15.0416,12.00000000000001,OK,True
14828,Spain,Food & Refreshment,12.79,10,Premium,55,19.8245,55.00000000000001,OK,True
14829,Germany,Personal Care,14.89,4,Standard,30,19.357000000000003,30.000000000000004,OK,True
14830,Germany,Home Care,10.35,1,Value,10,11.385,10.000000000000009,OK,True
14831,Germany,Personal Care,14.08,10,Premium,60,22.528,60.00000000000001,OK,True
14832,UK,Personal Care,12.49,2,Value,15,14.363499999999998,14.999999999999991,OK,False
14833,Spain,Food & Refreshment,12.74,10,Premium,55,19.747,55.00000000000001,OK,True
14834,France,Home Care,8.75,2,Value,10,9.625,10.000000000000009,OK,True
14835,Germany,Personal Care,6.04,4,Standard,30,7.852,30.000000000000004,OK,True
14836,France,Food & Refreshment,14.05,4,Standard,28,17.984,28.000000000000004,OK,True
14837,France,Food & Refreshment,6.77,1,Value,12,7.5824,12.00000000000001,OK,True
14838,Germany,Home Care,8.31,7,Standard,25,10.3875,25.0,OK,False
14839,Spain,Personal Care,6.97,7,Standard,30,9.061,30.000000000000004,OK,True
14840,Germany,Personal Care,8.69,10,Premium,60,13.904,60.00000000000001,OK,True
14841,France,Personal Care,7.32,10,Premium,60,11.712000000000002,60.00000000000001,OK,True
14842,Germany,Food & Refreshment,1.2,10,Premium,55,1.86,55.00000000000001,OK,True
14843,France,Home Care,13.29,1,Value,10,14.619,10.000000000000009,OK,True
14844,France,Home Care,6.94,8,Premium,50,10.41,50.0,OK,False
14845,Germany,Personal Care,9.04,10,Premium,60,14.464,60.00000000000001,OK,True
14846,UK,Food & Refreshment,2.52,7,Standard,28,3.2256,28.000000000000004,OK,True
14847,Germany,Personal Care,0.55,7,Standard,30,0.7150000000000001,30.000000000000004,OK,True
14848,UK,Home Care,4.06,6,Standard,25,5.074999999999999,25.0,OK,False
14849,France,Food & Refreshment,10.72,4,Standard,28,13.7216,28.000000000000004,OK,True
14850,France,Personal Care,1.94,8,Premium,60,3.104,60.00000000000001,OK,True
14851,UK,Personal Care,13.68,2,Value,15,15.732,14.999999999999991,OK,False
14852,France,Food & Refreshment,3.62,7,Standard,28,4.6336,28.000000000000004,OK,True
14853,UK,Home Care,3.47,3,Value,10,3.8170000000000006,10.000000000000009,OK,True
14854,UK,Food & Refreshment,3.13,3,Value,12,3.5056000000000003,12.00000000000001,OK,True
14855,France,Personal Care,0.7,7,Standard,30,0.91,30.000000000000004,OK,True
14856,Spain,Personal Care,11.69,3,Value,15,13.443499999999998,14.999999999999991,OK,False
14857,UK,Personal Care,13.19,5,Standard,30,17.147,29.999999999999982,OK,False
14858,Germany,Personal Care,9.41,8,Premium,60,15.056,60.00000000000001,OK,True
14859,Germany,Home Care,3.23,4,Standard,25,4.0375,25.0,OK,False
14860,France,Home Care,4.64,7,Standard,25,5.8,25.0,OK,False
14861,Spain,Personal Care,7.4,7,Standard,30,9.62,30.000000000000004,OK,True
14862,France,Home Care,14.34,2,Value,10,15.774,10.000000000000009,OK,True
14863,Spain,Home Care,4.09,8,Premium,50,6.135,50.0,OK,False
14864,UK,Home Care,11.11,10,Premium,50,16.665,50.0,OK,False
14865,UK,Personal Care,6.87,10,Premium,60,10.992,60.00000000000001,OK,True
14866,UK,Food & Refreshment,4.82,9,Premium,55,7.471000000000001,55.00000000000001,OK,True
14867,UK,Food & Refreshment,7.11,6,Standard,28,9.1008,28.000000000000004,OK,True
14868,Germany,Food & Refreshment,1.53,5,Standard,28,1.9584,28.000000000000004,OK,True
14869,Germany,Personal Care,12.08,1,Value,15,13.892,14.999999999999991,OK,False
14870,France,Home Care,4.03,1,Value,10,4.433000000000001,10.000000000000009,OK,True
14871,Spain,Home Care,11.02,9,Premium,50,16.53,50.00000000000002,OK,True
14872,UK,Personal Care,1.49,4,Standard,30,1.937,30.000000000000004,OK,True
14873,UK,Personal Care,14.35,1,Value,15,16.502499999999998,14.999999999999991,OK,False
14874,Spain,Food & Refreshment,3.3,10,Premium,55,5.115,55.00000000000001,OK,True
14875,Spain,Food & Refreshment,13.3,3,Value,12,14.896000000000004,12.00000000000001,OK,True
14876,France,Personal Care,12.24,6,Standard,30,15.912,30.000000000000004,OK,True
14877,Spain,Food & Refreshment,14.53,8,Premium,55,22.5215,55.00000000000001,OK,True
14878,UK,Home Care,7.43,10,Premium,50,11.145,50.0,OK,False
14879,UK,Personal Care,11.05,2,Value,15,12.7075,14.999999999999991,OK,False
14880,UK,Personal Care,5.88,8,Premium,60,9.408,59.999999999999986,OK,False
14881,UK,Home Care,3.17,1,Value,10,3.487,10.000000000000009,OK,True
14882,UK,Home Care,6.92,2,Value,10,7.612,10.000000000000009,OK,True
14883,France,Home Care,2.9,8,Premium,50,4.35,50.0,OK,False
14884,UK,Food & Refreshment,14.74,7,Standard,28,18.8672,28.000000000000004,OK,True
14885,France,Personal Care,1.9,5,Standard,30,2.47,29.999999999999982,OK,False
14886,UK,Food & Refreshment,9.04,10,Premium,55,14.012,55.00000000000001,OK,True
14887,Germany,Home Care,9.58,2,Value,10,10.538,10.000000000000009,OK,True
14888,Germany,Food & Refreshment,8.3,9,Premium,55,12.865000000000002,55.00000000000001,OK,True
14889,Germany,Home Care,10.1,5,Standard,25,12.625,25.0,OK,False
14890,Germany,Food & Refreshment,2.18,8,Premium,55,3.3790000000000004,55.00000000000001,OK,True
14891,France,Food & Refreshment,8.55,4,Standard,28,10.944,28.000000000000004,OK,True
14892,France,Home Care,4.66,9,Premium,50,6.99,50.0,OK,False
14893,Spain,Food & Refreshment,14.13,10,Premium,55,21.9015,55.00000000000001,OK,True
14894,UK,Personal Care,11.55,7,Standard,30,15.015,30.000000000000004,OK,True
14895,Germany,Food & Refreshment,14.6,2,Value,12,16.352,12.00000000000001,OK,True
14896,France,Food & Refreshment,1.04,3,Value,12,1.1648,12.00000000000001,OK,True
14897,UK,Personal Care,4.63,2,Value,15,5.3245,14.999999999999991,OK,False
14898,UK,Home Care,3.33,5,Standard,25,4.1625,24.99999999999998,OK,False
14899,France,Personal Care,0.66,2,Value,15,0.759,14.999999999999991,OK,False
14900,Germany,Food & Refreshment,4.01,5,Standard,28,5.1328,28.000000000000004,OK,True
14901,Spain,Home Care,10.34,9,Premium,50,15.51,50.0,OK,False
14902,UK,Food & Refreshment,3.85,2,Value,12,4.312,12.00000000000001,OK,True
14903,Spain,Food & Refreshment,7.88,9,Premium,55,12.214,55.00000000000001,OK,True
14904,Germany,Personal Care,13.37,7,Standard,30,17.381,30.000000000000004,OK,True
14905,Germany,Personal Care,10.56,7,Standard,30,13.728000000000002,30.000000000000004,OK,True
14906,Spain,Home Care,6.22,5,Standard,25,7.775,25.0,OK,False
14907,Germany,Home Care,5.9,8,Premium,50,8.850000000000001,50.00000000000002,OK,True
14908,UK,Home Care,7.11,7,Standard,25,8.887500000000001,25.0,OK,False
14909,Spain,Food & Refreshment,3.07,6,Standard,28,3.9296,28.000000000000004,OK,True
14910,Germany,Personal Care,9.69,2,Value,15,11.143499999999998,14.999999999999991,OK,False
14911,Spain,Personal Care,5.78,6,Standard,30,7.514,30.000000000000004,OK,True
14912,UK,Personal Care,12.86,2,Value,15,14.788999999999998,14.999999999999991,OK,False
14913,Germany,Home Care,11.47,1,Value,10,12.617,10.000000000000009,OK,True
14914,UK,Personal Care,9.35,9,Premium,60,14.96,60.00000000000001,OK,True
14915,Germany,Personal Care,5.78,5,Standard,30,7.514,30.000000000000004,OK,True
14916,France,Personal Care,3.54,10,Premium,60,5.664000000000001,60.00000000000001,OK,True
14917,Germany,Home Care,11.75,10,Premium,50,17.625,50.0,OK,False
14918,Spain,Personal Care,7.55,4,Standard,30,9.815,30.000000000000004,OK,True
14919,Germany,Home Care,3.76,8,Premium,50,5.64,50.0,OK,False
14920,UK,Personal Care,3.33,5,Standard,30,4.329000000000001,30.00000000000003,OK,True
14921,UK,Personal Care,2.9,7,Standard,30,3.77,30.000000000000004,OK,True
14922,Germany,Personal Care,11.77,3,Value,15,13.5355,14.999999999999991,OK,False
14923,Spain,Home Care,3.82,8,Premium,50,5.7299999999999995,50.0,OK,False
14924,France,Home Care,8.14,8,Premium,50,12.21,50.0,OK,False
14925,Spain,Personal Care,7.05,3,Value,15,8.1075,14.999999999999991,OK,False
14926,France,Food & Refreshment,8.9,9,Premium,55,13.795000000000002,55.00000000000001,OK,True
14927,UK,Home Care,13.22,8,Premium,50,19.83,50.0,OK,False
14928,Spain,Home Care,13.08,1,Value,10,14.388000000000002,10.000000000000009,OK,True
14929,France,Personal Care,7.04,8,Premium,60,11.264,60.00000000000001,OK,True
14930,Germany,Food & Refreshment,0.72,4,Standard,28,0.9216,28.000000000000004,OK,True
14931,UK,Personal Care,6.68,6,Standard,30,8.684,30.000000000000004,OK,True
14932,Germany,Home Care,9.29,10,Premium,50,13.935,50.0,OK,False
14933,UK,Home Care,8.59,9,Premium,50,12.885,50.0,OK,False
14934,Spain,Personal Care,9.94,5,Standard,30,12.922,30.000000000000004,OK,True
14935,Spain,Personal Care,2.73,7,Standard,30,3.549,30.000000000000004,OK,True
14936,UK,Food & Refreshment,9.87,1,Value,12,11.0544,12.00000000000001,OK,True
14937,UK,Food & Refreshment,3.15,9,Premium,55,4.8825,55.00000000000001,OK,True
14938,UK,Home Care,11.38,6,Standard,25,14.225,25.0,OK,False
14939,Spain,Food & Refreshment,5.42,4,Standard,28,6.9376,28.000000000000004,OK,True
14940,France,Food & Refreshment,10.79,6,Standard,28,13.8112,28.000000000000004,OK,True
14941,Germany,Home Care,1.19,5,Standard,25,1.4874999999999998,25.0,OK,False
14942,Germany,Home Care,6.41,3,Value,10,7.051000000000001,10.000000000000009,OK,True
14943,Spain,Home Care,10.72,7,Standard,25,13.4,25.0,OK,False
14944,Germany,Home Care,3.79,3,Value,10,4.1690000000000005,10.000000000000009,OK,True
14945,UK,Personal Care,12.03,2,Value,15,13.834499999999998,14.999999999999991,OK,False
14946,France,Home Care,9.65,4,Standard,25,12.0625,25.0,OK,False
14947,Germany,Home Care,9.02,7,Standard,25,11.275,25.0,OK,False
14948,France,Home Care,5.63,5,Standard,25,7.0375,25.0,OK,False
14949,UK,Food & Refreshment,7.5,9,Premium,55,11.625,55.00000000000001,OK,True
14950,Germany,Home Care,9.16,10,Premium,50,13.74,50.0,OK,False
14951,Spain,Personal Care,7.35,7,Standard,30,9.555,30.000000000000004,OK,True
14952,France,Personal Care,10.63,9,Premium,60,17.008000000000003,60.00000000000001,OK,True
14953,UK,Home Care,6.79,9,Premium,50,10.185,50.0,OK,False
14954,France,Personal Care,3.43,2,Value,15,3.9445,14.999999999999991,OK,False
14955,Germany,Food & Refreshment,3.6,1,Value,12,4.032000000000001,12.000000000000032,OK,True
14956,Germany,Home Care,0.58,4,Standard,25,0.725,25.0,OK,False
14957,Spain,Personal Care,4.86,4,Standard,30,6.3180000000000005,30.000000000000004,OK,True
14958,UK,Personal Care,11.36,2,Value,15,13.063999999999998,14.999999999999991,OK,False
14959,UK,Home Care,12.02,3,Value,10,13.222,10.000000000000009,OK,True
14960,Spain,Personal Care,3.44,3,Value,15,3.955999999999999,14.999999999999991,OK,False
14961,Spain,Home Care,14.41,5,Standard,25,18.0125,25.0,OK,False
14962,UK,Personal Care,7.78,1,Value,15,8.947,14.999999999999991,OK,False
14963,France,Food & Refreshment,13.8,9,Premium,55,21.39,55.00000000000001,OK,True
14964,France,Personal Care,10.75,8,Premium,60,17.2,59.999999999999986,OK,False
14965,Spain,Personal Care,10.98,8,Premium,60,17.568,60.00000000000001,OK,True
14966,France,Home Care,1.73,3,Value,10,1.903,10.000000000000009,OK,True
14967,UK,Personal Care,3.69,2,Value,15,4.2435,15.000000000000014,OK,True
14968,Germany,Home Care,0.63,1,Value,10,0.6930000000000001,10.000000000000009,OK,True
14969,Germany,Food & Refreshment,10.88,6,Standard,28,13.9264,28.000000000000004,OK,True
14970,France,Home Care,5.49,10,Premium,50,8.235,49.99999999999998,OK,False
14971,Spain,Home Care,11.91,1,Value,10,13.101,10.000000000000009,OK,True
14972,Spain,Personal Care,5.41,5,Standard,30,7.033,30.000000000000004,OK,True
14973,Spain,Food & Refreshment,12.38,9,Premium,55,19.189,54.999999999999986,OK,False
14974,Spain,Home Care,2.4,9,Premium,50,3.5999999999999996,50.0,OK,False
14975,Spain,Personal Care,3.01,4,Standard,30,3.913,30.000000000000004,OK,True
14976,France,Personal Care,5.44,7,Standard,30,7.072000000000001,30.000000000000004,OK,True
14977,Germany,Home Care,6.42,7,Standard,25,8.025,25.0,OK,False
14978,Germany,Personal Care,5.56,4,Standard,30,7.228,30.000000000000004,OK,True
14979,France,Home Care,11.57,5,Standard,25,14.4625,25.0,OK,False
14980,Spain,Home Care,1.91,9,Premium,50,2.865,50.0,OK,False
14981,France,Home Care,5.59,7,Standard,25,6.9875,25.0,OK,False
14982,Germany,Food & Refreshment,12.64,7,Standard,28,16.1792,28.000000000000004,OK,True
14983,UK,Home Care,1.47,10,Premium,50,2.205,50.0,OK,False
14984,France,Personal Care,14.16,7,Standard,30,18.408,30.000000000000004,OK,True
14985,Spain,Food & Refreshment,14.8,9,Premium,55,22.94,55.00000000000001,OK,True
14986,Germany,Personal Care,1.78,5,Standard,30,2.314,30.000000000000004,OK,True
14987,Germany,Food & Refreshment,4.72,6,Standard,28,6.0416,28.000000000000004,OK,True
14988,Germany,Food & Refreshment,5.9,3,Value,12,6.608000000000001,12.00000000000001,OK,True
14989,Germany,Food & Refreshment,11.76,1,Value,12,13.1712,12.00000000000001,OK,True
14990,Spain,Food & Refreshment,9.14,2,Value,12,10.236800000000002,12.00000000000001,OK,True
14991,UK,Personal Care,9.84,8,Premium,60,15.744,60.00000000000001,OK,True
14992,Germany,Home Care,11.48,1,Value,10,12.628000000000002,10.000000000000009,OK,True
14993,France,Personal Care,2.21,10,Premium,60,3.536,60.00000000000001,OK,True
14994,UK,Home Care,12.58,7,Standard,25,15.725,25.0,OK,False
14995,Germany,Personal Care,10.73,5,Standard,30,13.949000000000002,30.000000000000004,OK,True
14996,UK,Food & Refreshment,8.87,6,Standard,28,11.353599999999998,28.000000000000004,OK,True
14997,France,Food & Refreshment,13.4,8,Premium,55,20.77,54.999999999999986,OK,False
14998,Germany,Home Care,10.65,4,Standard,25,13.3125,25.0,OK,False
14999,France,Home Care,3.42,6,Standard,25,4.275,25.00000000000002,OK,True
15000,Spain,Personal Care,6.73,3,Value,15,7.7395,14.999999999999991,OK,False
