product_id,region,category,base_cost,brand_strength_score,price_tier,max_allowed_mark_uppct,recommended_selling_price,mark_up_pct_used,warning,markup_violation,target_revenue,target_margin,actual_is_premium,premium_probability,premium_segment,markup_compliant,margin_vs_target
10001,Germany,Food & Refreshment,12.72,2,Value,12,14.2464,12.00000000000001,OK,True,460000,0.31,1,0.999990952514284,Strong Premium,False,11.69000000000001
10002,Spain,Food & Refreshment,6.97,4,Standard,28,8.9216,28.000000000000004,OK,True,410000,0.3,0,3.6196737287189683e-19,Standard / Value,False,27.700000000000003
10003,UK,Food & Refreshment,10.77,2,Value,12,12.0624,12.00000000000001,OK,True,520000,0.32,0,8.248669927223737e-16,Standard / Value,False,11.68000000000001
10004,Germany,Food & Refreshment,11.11,3,Value,12,12.4432,12.00000000000001,OK,True,460000,0.31,1,0.999990952514284,Strong Premium,False,11.69000000000001
10005,Germany,Food & Refreshment,3.02,4,Standard,28,3.8656,28.000000000000004,OK,True,460000,0.31,1,0.999990952514284,Strong Premium,False,27.690000000000005
10006,Spain,Personal Care,5.74,4,Standard,30,7.462000000000001,30.000000000000004,OK,True,410000,0.3,0,3.6196737287189683e-19,Standard / Value,False,29.700000000000003
10007,UK,Food & Refreshment,9.74,10,Premium,55,15.097,55.00000000000001,OK,True,520000,0.32,0,8.248669927223737e-16,Standard / Value,False,54.68000000000001
10008,UK,Food & Refreshment,1.53,9,Premium,55,2.3715,55.00000000000001,OK,True,520000,0.32,0,8.248669927223737e-16,Standard / Value,False,54.68000000000001
10009,Germany,Personal Care,5.74,10,Premium,60,9.184,60.00000000000001,OK,True,460000,0.31,1,0.999990952514284,Strong Premium,False,59.690000000000005
10010,France,Personal Care,8.25,6,Standard,30,10.725,30.000000000000004,OK,True,430000,0.29,0,8.024217092590475e-16,Standard / Value,False,29.710000000000004
10011,Germany,Personal Care,14.95,9,Premium,60,23.92,60.00000000000001,OK,True,460000,0.31,1,0.999990952514284,Strong Premium,False,59.690000000000005
10012,Germany,Personal Care,7.38,4,Standard,30,9.594,30.000000000000004,OK,True,460000,0.31,1,0.999990952514284,Strong Premium,False,29.690000000000005
10013,Germany,Personal Care,12.33,9,Premium,60,19.728,60.00000000000001,OK,True,460000,0.31,1,0.999990952514284,Strong Premium,False,59.690000000000005
10014,Germany,Personal Care,6.76,9,Premium,60,10.816,60.00000000000001,OK,True,460000,0.31,1,0.999990952514284,Strong Premium,False,59.690000000000005
10015,Spain,Food & Refreshment,12.05,6,Standard,28,15.424,28.000000000000004,OK,True,410000,0.3,0,3.6196737287189683e-19,Standard / Value,False,27.700000000000003
10016,UK,Food & Refreshment,9.13,5,Standard,28,11.6864,28.000000000000004,OK,True,520000,0.32,0,8.248669927223737e-16,Standard / Value,False,27.680000000000003
10017,Spain,Home Care,13.36,3,Value,10,14.696,10.000000000000009,OK,True,410000,0.3,0,3.6196737287189683e-19,Standard / Value,False,9.700000000000008
10018,Spain,Food & Refreshment,6.46,5,Standard,28,8.2688,28.000000000000004,OK,True,410000,0.3,0,3.6196737287189683e-19,Standard / Value,False,27.700000000000003
10019,Spain,Food & Refreshment,9.26,3,Value,12,10.3712,12.00000000000001,OK,True,410000,0.3,0,3.6196737287189683e-19,Standard / Value,False,11.70000000000001
10020,Germany,Personal Care,9.64,5,Standard,30,12.532000000000002,30.000000000000004,OK,True,460000,0.31,1,0.999990952514284,Strong Premium,False,29.690000000000005
10021,France,Personal Care,6.55,5,Standard,30,8.515,30.000000000000004,OK,True,430000,0.29,0,8.024217092590475e-16,Standard / Value,False,29.710000000000004
10022,UK,Food & Refreshment,2.59,2,Value,12,2.9008000000000003,12.00000000000001,OK,True,520000,0.32,0,8.248669927223737e-16,Standard / Value,False,11.68000000000001
10023,France,Home Care,1.86,9,Premium,50,2.79,50.0,OK,False,430000,0.29,0,8.024217092590475e-16,Standard / Value,True,49.71
10024,Spain,Personal Care,0.74,7,Standard,30,0.962,30.000000000000004,OK,True,410000,0.3,0,3.6196737287189683e-19,Standard / Value,False,29.700000000000003
10025,Spain,Food & Refreshment,13.17,6,Standard,28,16.8576,28.000000000000004,OK,True,410000,0.3,0,3.6196737287189683e-19,Standard / Value,False,27.700000000000003
10026,France,Food & Refreshment,3.93,5,Standard,28,5.0304,28.000000000000004,OK,True,430000,0.29,0,8.024217092590475e-16,Standard / Value,False,27.710000000000004
10027,France,Home Care,3.57,4,Standard,25,4.4624999999999995,25.0,OK,False,430000,0.29,0,8.024217092590475e-16,Standard / Value,True,24.71
10028,France,Home Care,11.17,8,Premium,50,16.755,50.0,OK,False,430000,0.29,0,8.024217092590475e-16,Standard / Value,True,49.71
10029,Spain,Personal Care,5.14,2,Value,15,5.911,14.999999999999991,OK,False,410000,0.3,0,3.6196737287189683e-19,Standard / Value,True,14.69999999999999
10030,Spain,Home Care,7.84,8,Premium,50,11.76,50.0,OK,False,410000,0.3,0,3.6196737287189683e-19,Standard / Value,True,49.7
10031,UK,Food & Refreshment,2.86,1,Value,12,3.2032000000000003,12.00000000000001,OK,True,520000,0.32,0,8.248669927223737e-16,Standard / Value,False,11.68000000000001
10032,UK,Food & Refreshment,14.42,10,Premium,55,22.351,55.00000000000001,OK,True,520000,0.32,0,8.248669927223737e-16,Standard / Value,False,54.68000000000001
10033,Spain,Home Care,12.85,1,Value,10,14.135000000000002,10.000000000000009,OK,True,410000,0.3,0,3.6196737287189683e-19,Standard / Value,False,9.700000000000008
10034,France,Home Care,13.02,3,Value,10,14.322,10.000000000000009,OK,True,430000,0.29,0,8.024217092590475e-16,Standard / Value,False,9.71000000000001
10035,France,Home Care,6.4,5,Standard,25,8.0,25.0,OK,False,430000,0.29,0,8.024217092590475e-16,Standard / Value,True,24.71
10036,UK,Home Care,11.55,6,Standard,25,14.4375,25.0,OK,False,520000,0.32,0,8.248669927223737e-16,Standard / Value,True,24.68
10037,Spain,Personal Care,2.59,4,Standard,30,3.367,30.000000000000004,OK,True,410000,0.3,0,3.6196737287189683e-19,Standard / Value,False,29.700000000000003
10038,UK,Home Care,0.62,7,Standard,25,0.775,25.0,OK,False,520000,0.32,0,8.248669927223737e-16,Standard / Value,True,24.68
10039,UK,Personal Care,0.79,7,Standard,30,1.027,30.000000000000004,OK,True,520000,0.32,0,8.248669927223737e-16,Standard / Value,False,29.680000000000003
10040,Germany,Food & Refreshment,9.01,2,Value,12,10.0912,12.00000000000001,OK,True,460000,0.31,1,0.999990952514284,Strong Premium,False,11.69000000000001
10041,Germany,Home Care,7.1,2,Value,10,7.81,10.000000000000009,OK,True,460000,0.31,1,0.999990952514284,Strong Premium,False,9.690000000000008
10042,Germany,Personal Care,8.01,2,Value,15,9.2115,14.999999999999991,OK,False,460000,0.31,1,0.999990952514284,Strong Premium,True,14.68999999999999
10043,France,Home Care,0.61,2,Value,10,0.671,10.000000000000009,OK,True,430000,0.29,0,8.024217092590475e-16,Standard / Value,False,9.71000000000001
10044,Spain,Food & Refreshment,6.63,9,Premium,55,10.2765,55.00000000000001,OK,True,410000,0.3,0,3.6196737287189683e-19,Standard / Value,False,54.70000000000001
10045,Spain,Food & Refreshment,10.91,5,Standard,28,13.9648,28.000000000000004,OK,True,410000,0.3,0,3.6196737287189683e-19,Standard / Value,False,27.700000000000003
10046,Spain,Food & Refreshment,6.92,8,Premium,55,10.726,55.00000000000001,OK,True,410000,0.3,0,3.6196737287189683e-19,Standard / Value,False,54.70000000000001
10047,Spain,Home Care,11.12,5,Standard,25,13.9,25.0,OK,False,410000,0.3,0,3.6196737287189683e-19,Standard / Value,True,24.7
10048,Germany,Home Care,3.88,5,Standard,25,4.85,25.0,OK,False,460000,0.31,1,0.999990952514284,Strong Premium,True,24.69
10049,France,Personal Care,12.29,1,Value,15,14.133499999999998,14.999999999999991,OK,False,430000,0.29,0,8.024217092590475e-16,Standard / Value,True,14.709999999999992
10050,France,Food & Refreshment,9.03,6,Standard,28,11.5584,28.000000000000004,OK,True,430000,0.29,0,8.024217092590475e-16,Standard / Value,False,27.710000000000004
10051,Germany,Home Care,3.56,4,Standard,25,4.45,25.0,OK,False,460000,0.31,1,0.999990952514284,Strong Premium,True,24.69
10052,France,Food & Refreshment,3.93,3,Value,12,4.4016,12.00000000000001,OK,True,430000,0.29,0,8.024217092590475e-16,Standard / Value,False,11.710000000000012
10053,Germany,Food & Refreshment,9.61,6,Standard,28,12.3008,28.000000000000004,OK,True,460000,0.31,1,0.999990952514284,Strong Premium,False,27.690000000000005
10054,Spain,Personal Care,12.53,2,Value,15,14.409499999999998,14.999999999999991,OK,False,410000,0.3,0,3.6196737287189683e-19,Standard / Value,True,14.69999999999999
10055,Germany,Personal Care,6.53,8,Premium,60,10.448,60.00000000000001,OK,True,460000,0.31,1,0.999990952514284,Strong Premium,False,59.690000000000005
10056,Spain,Personal Care,4.25,1,Value,15,4.887499999999999,14.999999999999991,OK,False,410000,0.3,0,3.6196737287189683e-19,Standard / Value,True,14.69999999999999
10057,Spain,Personal Care,13.07,9,Premium,60,20.912000000000003,60.00000000000001,OK,True,410000,0.3,0,3.6196737287189683e-19,Standard / Value,False,59.70000000000001
10058,UK,Food & Refreshment,10.2,8,Premium,55,15.81,55.00000000000001,OK,True,520000,0.32,0,8.248669927223737e-16,Standard / Value,False,54.68000000000001
10059,Germany,Personal Care,7.0,1,Value,15,8.049999999999999,14.999999999999991,OK,False,460000,0.31,1,0.999990952514284,Strong Premium,True,14.68999999999999
10060,UK,Personal Care,7.57,10,Premium,60,12.112000000000002,60.00000000000001,OK,True,520000,0.32,0,8.248669927223737e-16,Standard / Value,False,59.68000000000001
10061,Germany,Personal Care,3.46,9,Premium,60,5.5360000000000005,60.00000000000001,OK,True,460000,0.31,1,0.999990952514284,Strong Premium,False,59.690000000000005
10062,Germany,Personal Care,9.59,2,Value,15,11.0285,14.999999999999991,OK,False,460000,0.31,1,0.999990952514284,Strong Premium,True,14.68999999999999
10063,UK,Food & Refreshment,5.7,3,Value,12,6.384000000000001,12.00000000000001,OK,True,520000,0.32,0,8.248669927223737e-16,Standard / Value,False,11.68000000000001
10064,UK,Personal Care,14.94,2,Value,15,17.180999999999997,14.999999999999991,OK,False,520000,0.32,0,8.248669927223737e-16,Standard / Value,True,14.67999999999999
10065,Germany,Food & Refreshment,7.46,8,Premium,55,11.563,55.00000000000001,OK,True,460000,0.31,1,0.999990952514284,Strong Premium,False,54.690000000000005
10066,France,Home Care,7.55,2,Value,10,8.305,10.000000000000009,OK,True,430000,0.29,0,8.024217092590475e-16,Standard / Value,False,9.71000000000001
10067,Spain,Food & Refreshment,8.7,10,Premium,55,13.485,55.00000000000001,OK,True,410000,0.3,0,3.6196737287189683e-19,Standard / Value,False,54.70000000000001
10068,UK,Food & Refreshment,13.79,2,Value,12,15.4448,12.00000000000001,OK,True,520000,0.32,0,8.248669927223737e-16,Standard / Value,False,11.68000000000001
10069,Spain,Personal Care,12.11,1,Value,15,13.9265,14.999999999999991,OK,False,410000,0.3,0,3.6196737287189683e-19,Standard / Value,True,14.69999999999999
10070,France,Home Care,7.04,7,Standard,25,8.8,25.0,OK,False,430000,0.29,0,8.024217092590475e-16,Standard / Value,True,24.71
10071,France,Home Care,10.92,2,Value,10,12.012,10.000000000000009,OK,True,430000,0.29,0,8.024217092590475e-16,Standard / Value,False,9.71000000000001
10072,France,Home Care,9.0,10,Premium,50,13.5,50.0,OK,False,430000,0.29,0,8.024217092590475e-16,Standard / Value,True,49.71
10073,UK,Home Care,7.64,5,Standard,25,9.55,25.0,OK,False,520000,0.32,0,8.248669927223737e-16,Standard / Value,True,24.68
10074,France,Food & Refreshment,3.29,5,Standard,28,4.2112,28.000000000000004,OK,True,430000,0.29,0,8.024217092590475e-16,Standard / Value,False,27.710000000000004
10075,UK,Home Care,7.23,3,Value,10,7.953000000000001,10.000000000000009,OK,True,520000,0.32,0,8.248669927223737e-16,Standard / Value,False,9.680000000000009
10076,France,Food & Refreshment,4.06,3,Value,12,4.5472,12.00000000000001,OK,True,430000,0.29,0,8.024217092590475e-16,Standard / Value,False,11.710000000000012
10077,Spain,Food & Refreshment,13.77,3,Value,12,15.4224,12.00000000000001,OK,True,410000,0.3,0,3.6196737287189683e-19,Standard / Value,False,11.70000000000001
10078,Spain,Food & Refreshment,5.36,6,Standard,28,6.8608,28.000000000000004,OK,True,410000,0.3,0,3.6196737287189683e-19,Standard / Value,False,27.700000000000003
10079,Germany,Home Care,14.31,4,Standard,25,17.8875,25.0,OK,False,460000,0.31,1,0.999990952514284,Strong Premium,True,24.69
10080,Spain,Personal Care,8.23,3,Value,15,9.4645,14.999999999999991,OK,False,410000,0.3,0,3.6196737287189683e-19,Standard / Value,True,14.69999999999999
10081,Germany,Personal Care,9.66,2,Value,15,11.109,14.999999999999991,OK,False,460000,0.31,1,0.999990952514284,Strong Premium,True,14.68999999999999
10082,Spain,Home Care,8.37,3,Value,10,9.207,10.000000000000009,OK,True,410000,0.3,0,3.6196737287189683e-19,Standard / Value,False,9.700000000000008
10083,UK,Personal Care,2.38,4,Standard,30,3.094,30.000000000000004,OK,True,520000,0.32,0,8.248669927223737e-16,Standard / Value,False,29.680000000000003
10084,Spain,Personal Care,5.95,6,Standard,30,7.735,30.000000000000004,OK,True,410000,0.3,0,3.6196737287189683e-19,Standard / Value,False,29.700000000000003
10085,Germany,Food & Refreshment,1.94,4,Standard,28,2.4832,28.000000000000004,OK,True,460000,0.31,1,0.999990952514284,Strong Premium,False,27.690000000000005
10086,Germany,Food & Refreshment,9.53,8,Premium,55,14.7715,55.00000000000001,OK,True,460000,0.31,1,0.999990952514284,Strong Premium,False,54.690000000000005
10087,France,Home Care,6.98,3,Value,10,7.678000000000001,10.000000000000009,OK,True,430000,0.29,0,8.024217092590475e-16,Standard / Value,False,9.71000000000001
10088,UK,Home Care,11.78,3,Value,10,12.958,10.000000000000009,OK,True,520000,0.32,0,8.248669927223737e-16,Standard / Value,False,9.680000000000009
10089,Spain,Personal Care,3.7,3,Value,15,4.255,14.999999999999991,OK,False,410000,0.3,0,3.6196737287189683e-19,Standard / Value,True,14.69999999999999
10090,France,Food & Refreshment,2.89,8,Premium,55,4.479500000000001,55.00000000000003,OK,True,430000,0.29,0,8.024217092590475e-16,Standard / Value,False,54.71000000000003
10091,Spain,Home Care,6.39,4,Standard,25,7.9875,25.0,OK,False,410000,0.3,0,3.6196737287189683e-19,Standard / Value,True,24.7
10092,Spain,Home Care,13.94,1,Value,10,15.334,10.000000000000009,OK,True,410000,0.3,0,3.6196737287189683e-19,Standard / Value,False,9.700000000000008
10093,France,Home Care,10.8,2,Value,10,11.880000000000004,10.000000000000009,OK,True,430000,0.29,0,8.024217092590475e-16,Standard / Value,False,9.71000000000001
10094,France,Home Care,6.57,10,Premium,50,9.855,50.0,OK,False,430000,0.29,0,8.024217092590475e-16,Standard / Value,True,49.71
10095,France,Home Care,8.0,2,Value,10,8.8,10.000000000000009,OK,True,430000,0.29,0,8.024217092590475e-16,Standard / Value,False,9.71000000000001
10096,France,Home Care,1.72,3,Value,10,1.892,10.000000000000009,OK,True,430000,0.29,0,8.024217092590475e-16,Standard / Value,False,9.71000000000001
10097,France,Personal Care,14.78,6,Standard,30,19.214,30.000000000000004,OK,True,430000,0.29,0,8.024217092590475e-16,Standard / Value,False,29.710000000000004
10098,Spain,Food & Refreshment,10.16,8,Premium,55,15.748,55.00000000000001,OK,True,410000,0.3,0,3.6196737287189683e-19,Standard / Value,False,54.70000000000001
10099,France,Food & Refreshment,4.64,1,Value,12,5.1968000000000005,12.00000000000001,OK,True,430000,0.29,0,8.024217092590475e-16,Standard / Value,False,11.710000000000012
10100,UK,Home Care,8.99,9,Premium,50,13.485,50.0,OK,False,520000,0.32,0,8.248669927223737e-16,Standard / Value,True,49.68
10101,Germany,Food & Refreshment,2.09,1,Value,12,2.3408,12.00000000000001,OK,True,460000,0.31,1,0.999990952514284,Strong Premium,False,11.69000000000001
10102,France,Food & Refreshment,14.5,10,Premium,55,22.475,55.00000000000001,OK,True,430000,0.29,0,8.024217092590475e-16,Standard / Value,False,54.71000000000001
10103,France,Food & Refreshment,3.03,2,Value,12,3.3936,12.00000000000001,OK,True,430000,0.29,0,8.024217092590475e-16,Standard / Value,False,11.710000000000012
10104,Spain,Home Care,9.9,3,Value,10,10.89,10.000000000000009,OK,True,410000,0.3,0,3.6196737287189683e-19,Standard / Value,False,9.700000000000008
10105,France,Home Care,4.06,7,Standard,25,5.074999999999999,25.0,OK,False,430000,0.29,0,8.024217092590475e-16,Standard / Value,True,24.71
10106,France,Food & Refreshment,10.9,9,Premium,55,16.895,54.999999999999986,OK,False,430000,0.29,0,8.024217092590475e-16,Standard / Value,True,54.70999999999999
10107,France,Food & Refreshment,11.76,3,Value,12,13.1712,12.00000000000001,OK,True,430000,0.29,0,8.024217092590475e-16,Standard / Value,False,11.710000000000012
10108,Spain,Home Care,10.26,8,Premium,50,15.39,50.0,OK,False,410000,0.3,0,3.6196737287189683e-19,Standard / Value,True,49.7
10109,France,Personal Care,9.41,9,Premium,60,15.056,60.00000000000001,OK,True,430000,0.29,0,8.024217092590475e-16,Standard / Value,False,59.71000000000001
10110,Germany,Food & Refreshment,13.44,10,Premium,55,20.832,55.00000000000001,OK,True,460000,0.31,1,0.999990952514284,Strong Premium,False,54.690000000000005
10111,Spain,Personal Care,1.64,7,Standard,30,2.132,30.000000000000004,OK,True,410000,0.3,0,3.6196737287189683e-19,Standard / Value,False,29.700000000000003
10112,Germany,Food & Refreshment,5.3,4,Standard,28,6.784,28.000000000000004,OK,True,460000,0.31,1,0.999990952514284,Strong Premium,False,27.690000000000005
10113,Spain,Personal Care,4.1,4,Standard,30,5.33,30.000000000000004,OK,True,410000,0.3,0,3.6196737287189683e-19,Standard / Value,False,29.700000000000003
10114,France,Personal Care,14.83,4,Standard,30,19.279,30.000000000000004,OK,True,430000,0.29,0,8.024217092590475e-16,Standard / Value,False,29.710000000000004
10115,Germany,Personal Care,6.15,6,Standard,30,7.995000000000001,30.000000000000004,OK,True,460000,0.31,1,0.999990952514284,Strong Premium,False,29.690000000000005
10116,Spain,Home Care,11.12,4,Standard,25,13.9,25.0,OK,False,410000,0.3,0,3.6196737287189683e-19,Standard / Value,True,24.7
10117,UK,Personal Care,10.43,5,Standard,30,13.559,30.000000000000004,OK,True,520000,0.32,0,8.248669927223737e-16,Standard / Value,False,29.680000000000003
10118,France,Personal Care,3.58,9,Premium,60,5.728000000000001,60.00000000000001,OK,True,430000,0.29,0,8.024217092590475e-16,Standard / Value,False,59.71000000000001
10119,Spain,Personal Care,3.97,7,Standard,30,5.1610000000000005,30.000000000000004,OK,True,410000,0.3,0,3.6196737287189683e-19,Standard / Value,False,29.700000000000003
10120,UK,Food & Refreshment,4.58,8,Premium,55,7.099,55.00000000000001,OK,True,520000,0.32,0,8.248669927223737e-16,Standard / Value,False,54.68000000000001
10121,Spain,Personal Care,6.46,5,Standard,30,8.398,30.000000000000004,OK,True,410000,0.3,0,3.6196737287189683e-19,Standard / Value,False,29.700000000000003
10122,UK,Food & Refreshment,3.9,5,Standard,28,4.992,28.000000000000004,OK,True,520000,0.32,0,8.248669927223737e-16,Standard / Value,False,27.680000000000003
10123,France,Personal Care,0.78,7,Standard,30,1.014,30.000000000000004,OK,True,430000,0.29,0,8.024217092590475e-16,Standard / Value,False,29.710000000000004
10124,Germany,Personal Care,13.25,8,Premium,60,21.200000000000003,60.00000000000003,OK,True,460000,0.31,1,0.999990952514284,Strong Premium,False,59.690000000000026
10125,UK,Home Care,14.5,9,Premium,50,21.75,50.0,OK,False,520000,0.32,0,8.248669927223737e-16,Standard / Value,True,49.68
10126,Spain,Food & Refreshment,5.45,2,Value,12,6.104000000000001,12.00000000000001,OK,True,410000,0.3,0,3.6196737287189683e-19,Standard / Value,False,11.70000000000001
10127,France,Personal Care,5.41,3,Value,15,6.2215,14.999999999999991,OK,False,430000,0.29,0,8.024217092590475e-16,Standard / Value,True,14.709999999999992
10128,UK,Food & Refreshment,0.6,2,Value,12,0.672,12.00000000000001,OK,True,520000,0.32,0,8.248669927223737e-16,Standard / Value,False,11.68000000000001
10129,Spain,Food & Refreshment,10.36,10,Premium,55,16.058,55.00000000000001,OK,True,410000,0.3,0,3.6196737287189683e-19,Standard / Value,False,54.70000000000001
10130,Spain,Home Care,12.47,7,Standard,25,15.5875,25.0,OK,False,410000,0.3,0,3.6196737287189683e-19,Standard / Value,True,24.7
10131,Spain,Home Care,2.63,2,Value,10,2.893,10.000000000000009,OK,True,410000,0.3,0,3.6196737287189683e-19,Standard / Value,False,9.700000000000008
10132,UK,Home Care,2.82,2,Value,10,3.102,10.000000000000009,OK,True,520000,0.32,0,8.248669927223737e-16,Standard / Value,False,9.680000000000009
10133,UK,Home Care,11.96,2,Value,10,13.156000000000002,10.000000000000009,OK,True,520000,0.32,0,8.248669927223737e-16,Standard / Value,False,9.680000000000009
10134,UK,Home Care,9.44,4,Standard,25,11.8,25.0,OK,False,520000,0.32,0,8.248669927223737e-16,Standard / Value,True,24.68
10135,Germany,Home Care,1.15,1,Value,10,1.265,10.000000000000009,OK,True,460000,0.31,1,0.999990952514284,Strong Premium,False,9.690000000000008
10136,UK,Home Care,9.53,2,Value,10,10.483,10.000000000000009,OK,True,520000,0.32,0,8.248669927223737e-16,Standard / Value,False,9.680000000000009
10137,UK,Home Care,4.98,3,Value,10,5.478000000000001,10.000000000000009,OK,True,520000,0.32,0,8.248669927223737e-16,Standard / Value,False,9.680000000000009
10138,UK,Personal Care,5.85,7,Standard,30,7.605,30.000000000000004,OK,True,520000,0.32,0,8.248669927223737e-16,Standard / Value,False,29.680000000000003
10139,Germany,Food & Refreshment,11.66,10,Premium,55,18.073,55.00000000000001,OK,True,460000,0.31,1,0.999990952514284,Strong Premium,False,54.690000000000005
10140,UK,Home Care,12.26,1,Value,10,13.486,10.000000000000009,OK,True,520000,0.32,0,8.248669927223737e-16,Standard / Value,False,9.680000000000009
10141,Spain,Home Care,6.31,6,Standard,25,7.887499999999999,25.0,OK,False,410000,0.3,0,3.6196737287189683e-19,Standard / Value,True,24.7
10142,UK,Food & Refreshment,14.23,3,Value,12,15.937600000000002,12.00000000000001,OK,True,520000,0.32,0,8.248669927223737e-16,Standard / Value,False,11.68000000000001
10143,Spain,Personal Care,6.39,3,Value,15,7.348499999999999,14.999999999999991,OK,False,410000,0.3,0,3.6196737287189683e-19,Standard / Value,True,14.69999999999999
10144,Spain,Food & Refreshment,11.69,4,Standard,28,14.9632,28.000000000000004,OK,True,410000,0.3,0,3.6196737287189683e-19,Standard / Value,False,27.700000000000003
10145,Spain,Food & Refreshment,7.52,4,Standard,28,9.6256,28.000000000000004,OK,True,410000,0.3,0,3.6196737287189683e-19,Standard / Value,False,27.700000000000003
10146,Germany,Home Care,13.51,7,Standard,25,16.8875,25.0,OK,False,460000,0.31,1,0.999990952514284,Strong Premium,True,24.69
10147,Germany,Food & Refreshment,13.66,3,Value,12,15.2992,12.00000000000001,OK,True,460000,0.31,1,0.999990952514284,Strong Premium,False,11.69000000000001
10148,Germany,Food & Refreshment,1.77,8,Premium,55,2.7435,55.00000000000001,OK,True,460000,0.31,1,0.999990952514284,Strong Premium,False,54.690000000000005
10149,UK,Home Care,14.08,8,Premium,50,21.12,50.0,OK,False,520000,0.32,0,8.248669927223737e-16,Standard / Value,True,49.68
10150,Spain,Home Care,12.47,7,Standard,25,15.5875,25.0,OK,False,410000,0.3,0,3.6196737287189683e-19,Standard / Value,True,24.7
10151,Germany,Home Care,11.97,2,Value,10,13.167000000000002,10.000000000000009,OK,True,460000,0.31,1,0.999990952514284,Strong Premium,False,9.690000000000008
10152,Germany,Home Care,3.41,5,Standard,25,4.2625,25.0,OK,False,460000,0.31,1,0.999990952514284,Strong Premium,True,24.69
10153,UK,Food & Refreshment,12.17,6,Standard,28,15.5776,28.000000000000004,OK,True,520000,0.32,0,8.248669927223737e-16,Standard / Value,False,27.680000000000003
10154,Germany,Food & Refreshment,12.83,10,Premium,55,19.8865,55.00000000000001,OK,True,460000,0.31,1,0.999990952514284,Strong Premium,False,54.690000000000005
10155,UK,Personal Care,4.69,4,Standard,30,6.097,30.000000000000004,OK,True,520000,0.32,0,8.248669927223737e-16,Standard / Value,False,29.680000000000003
10156,France,Personal Care,14.31,10,Premium,60,22.896,60.00000000000001,OK,True,430000,0.29,0,8.024217092590475e-16,Standard / Value,False,59.71000000000001
10157,Germany,Food & Refreshment,1.22,5,Standard,28,1.5616,28.000000000000004,OK,True,460000,0.31,1,0.999990952514284,Strong Premium,False,27.690000000000005
10158,France,Personal Care,2.67,9,Premium,60,4.272,60.00000000000001,OK,True,430000,0.29,0,8.024217092590475e-16,Standard / Value,False,59.71000000000001
10159,UK,Food & Refreshment,8.29,7,Standard,28,10.611199999999998,28.000000000000004,OK,True,520000,0.32,0,8.248669927223737e-16,Standard / Value,False,27.680000000000003
10160,Spain,Personal Care,8.85,2,Value,15,10.177499999999998,14.999999999999991,OK,False,410000,0.3,0,3.6196737287189683e-19,Standard / Value,True,14.69999999999999
10161,Germany,Home Care,9.85,1,Value,10,10.835,10.000000000000009,OK,True,460000,0.31,1,0.999990952514284,Strong Premium,False,9.690000000000008
10162,UK,Personal Care,0.75,2,Value,15,0.8624999999999999,14.999999999999991,OK,False,520000,0.32,0,8.248669927223737e-16,Standard / Value,True,14.67999999999999
10163,Spain,Home Care,14.43,3,Value,10,15.873,10.000000000000009,OK,True,410000,0.3,0,3.6196737287189683e-19,Standard / Value,False,9.700000000000008
10164,Spain,Home Care,1.15,2,Value,10,1.265,10.000000000000009,OK,True,410000,0.3,0,3.6196737287189683e-19,Standard / Value,False,9.700000000000008
10165,France,Home Care,2.57,3,Value,10,2.827,10.000000000000009,OK,True,430000,0.29,0,8.024217092590475e-16,Standard / Value,False,9.71000000000001
10166,UK,Home Care,0.7,10,Premium,50,1.0499999999999998,49.99999999999998,OK,False,520000,0.32,0,8.248669927223737e-16,Standard / Value,True,49.67999999999998
10167,Spain,Personal Care,8.72,9,Premium,60,13.952000000000002,60.00000000000001,OK,True,410000,0.3,0,3.6196737287189683e-19,Standard / Value,False,59.70000000000001
10168,Germany,Food & Refreshment,14.02,4,Standard,28,17.9456,28.000000000000004,OK,True,460000,0.31,1,0.999990952514284,Strong Premium,False,27.690000000000005
10169,Germany,Home Care,10.16,9,Premium,50,15.24,50.0,OK,False,460000,0.31,1,0.999990952514284,Strong Premium,True,49.69
10170,France,Personal Care,12.43,3,Value,15,14.2945,14.999999999999991,OK,False,430000,0.29,0,8.024217092590475e-16,Standard / Value,True,14.709999999999992
10171,Spain,Home Care,0.69,1,Value,10,0.759,10.000000000000009,OK,True,410000,0.3,0,3.6196737287189683e-19,Standard / Value,False,9.700000000000008
10172,UK,Personal Care,8.36,5,Standard,30,10.868,30.000000000000004,OK,True,520000,0.32,0,8.248669927223737e-16,Standard / Value,False,29.680000000000003
10173,Germany,Personal Care,7.16,10,Premium,60,11.456,60.00000000000001,OK,True,460000,0.31,1,0.999990952514284,Strong Premium,False,59.690000000000005
10174,Spain,Personal Care,7.74,10,Premium,60,12.384,60.00000000000001,OK,True,410000,0.3,0,3.6196737287189683e-19,Standard / Value,False,59.70000000000001
10175,Spain,Food & Refreshment,1.55,2,Value,12,1.7360000000000002,12.00000000000001,OK,True,410000,0.3,0,3.6196737287189683e-19,Standard / Value,False,11.70000000000001
10176,France,Personal Care,10.42,4,Standard,30,13.546,30.000000000000004,OK,True,430000,0.29,0,8.024217092590475e-16,Standard / Value,False,29.710000000000004
10177,Germany,Personal Care,7.8,2,Value,15,8.969999999999999,14.999999999999991,OK,False,460000,0.31,1,0.999990952514284,Strong Premium,True,14.68999999999999
10178,Germany,Food & Refreshment,11.59,2,Value,12,12.9808,12.00000000000001,OK,True,460000,0.31,1,0.999990952514284,Strong Premium,False,11.69000000000001
10179,UK,Food & Refreshment,7.54,3,Value,12,8.4448,12.00000000000001,OK,True,520000,0.32,0,8.248669927223737e-16,Standard / Value,False,11.68000000000001
10180,Germany,Personal Care,2.67,5,Standard,30,3.471,30.000000000000004,OK,True,460000,0.31,1,0.999990952514284,Strong Premium,False,29.690000000000005
10181,UK,Food & Refreshment,9.9,4,Standard,28,12.672,28.000000000000004,OK,True,520000,0.32,0,8.248669927223737e-16,Standard / Value,False,27.680000000000003
10182,Germany,Home Care,3.0,2,Value,10,3.3000000000000003,10.000000000000009,OK,True,460000,0.31,1,0.999990952514284,Strong Premium,False,9.690000000000008
10183,France,Home Care,13.15,10,Premium,50,19.725,50.0,OK,False,430000,0.29,0,8.024217092590475e-16,Standard / Value,True,49.71
10184,Germany,Food & Refreshment,9.39,2,Value,12,10.516800000000002,12.00000000000001,OK,True,460000,0.31,1,0.999990952514284,Strong Premium,False,11.69000000000001
10185,UK,Food & Refreshment,2.78,6,Standard,28,3.5584,28.000000000000004,OK,True,520000,0.32,0,8.248669927223737e-16,Standard / Value,False,27.680000000000003
10186,UK,Personal Care,14.45,7,Standard,30,18.785,30.000000000000004,OK,True,520000,0.32,0,8.248669927223737e-16,Standard / Value,False,29.680000000000003
10187,France,Food & Refreshment,8.02,10,Premium,55,12.431,55.00000000000001,OK,True,430000,0.29,0,8.024217092590475e-16,Standard / Value,False,54.71000000000001
10188,Germany,Personal Care,1.56,6,Standard,30,2.028,30.000000000000004,OK,True,460000,0.31,1,0.999990952514284,Strong Premium,False,29.690000000000005
10189,Germany,Home Care,9.59,7,Standard,25,11.9875,25.0,OK,False,460000,0.31,1,0.999990952514284,Strong Premium,True,24.69
10190,France,Food & Refreshment,4.17,1,Value,12,4.670400000000001,12.00000000000001,OK,True,430000,0.29,0,8.024217092590475e-16,Standard / Value,False,11.710000000000012
10191,Germany,Personal Care,12.15,6,Standard,30,15.795000000000002,30.000000000000004,OK,True,460000,0.31,1,0.999990952514284,Strong Premium,False,29.690000000000005
10192,Germany,Personal Care,12.36,3,Value,15,14.214,14.999999999999991,OK,False,460000,0.31,1,0.999990952514284,Strong Premium,True,14.68999999999999
10193,UK,Home Care,14.69,1,Value,10,16.159000000000002,10.000000000000032,OK,True,520000,0.32,0,8.248669927223737e-16,Standard / Value,False,9.680000000000032
10194,Germany,Food & Refreshment,7.78,8,Premium,55,12.059,55.00000000000001,OK,True,460000,0.31,1,0.999990952514284,Strong Premium,False,54.690000000000005
10195,Germany,Home Care,7.1,4,Standard,25,8.875,25.0,OK,False,460000,0.31,1,0.999990952514284,Strong Premium,True,24.69
10196,France,Personal Care,11.43,10,Premium,60,18.288,60.00000000000001,OK,True,430000,0.29,0,8.024217092590475e-16,Standard / Value,False,59.71000000000001
10197,France,Personal Care,2.42,8,Premium,60,3.872,60.00000000000001,OK,True,430000,0.29,0,8.024217092590475e-16,Standard / Value,False,59.71000000000001
10198,Spain,Food & Refreshment,8.43,10,Premium,55,13.0665,55.00000000000001,OK,True,410000,0.3,0,3.6196737287189683e-19,Standard / Value,False,54.70000000000001
10199,UK,Personal Care,8.42,4,Standard,30,10.946,30.000000000000004,OK,True,520000,0.32,0,8.248669927223737e-16,Standard / Value,False,29.680000000000003
10200,Germany,Food & Refreshment,1.8,4,Standard,28,2.3040000000000003,28.000000000000004,OK,True,460000,0.31,1,0.999990952514284,Strong Premium,False,27.690000000000005
10201,Germany,Home Care,6.56,10,Premium,50,9.84,50.0,OK,False,460000,0.31,1,0.999990952514284,Strong Premium,True,49.69
10202,Spain,Food & Refreshment,12.87,4,Standard,28,16.473599999999998,27.99999999999998,OK,False,410000,0.3,0,3.6196737287189683e-19,Standard / Value,True,27.699999999999978
10203,Germany,Food & Refreshment,12.91,6,Standard,28,16.5248,27.99999999999998,OK,False,460000,0.31,1,0.999990952514284,Strong Premium,True,27.68999999999998
10204,UK,Personal Care,1.94,9,Premium,60,3.104,60.00000000000001,OK,True,520000,0.32,0,8.248669927223737e-16,Standard / Value,False,59.68000000000001
10205,Spain,Personal Care,1.82,5,Standard,30,2.366,30.000000000000004,OK,True,410000,0.3,0,3.6196737287189683e-19,Standard / Value,False,29.700000000000003
10206,UK,Food & Refreshment,4.31,10,Premium,55,6.680499999999999,55.00000000000001,OK,True,520000,0.32,0,8.248669927223737e-16,Standard / Value,False,54.68000000000001
10207,Spain,Personal Care,13.18,8,Premium,60,21.088,60.00000000000001,OK,True,410000,0.3,0,3.6196737287189683e-19,Standard / Value,False,59.70000000000001
10208,Spain,Personal Care,2.37,8,Premium,60,3.792,60.00000000000001,OK,True,410000,0.3,0,3.6196737287189683e-19,Standard / Value,False,59.70000000000001
10209,France,Personal Care,10.94,4,Standard,30,14.222,30.000000000000004,OK,True,430000,0.29,0,8.024217092590475e-16,Standard / Value,False,29.710000000000004
10210,UK,Food & Refreshment,1.97,10,Premium,55,3.0535,55.00000000000001,OK,True,520000,0.32,0,8.248669927223737e-16,Standard / Value,False,54.68000000000001
10211,Germany,Personal Care,9.54,9,Premium,60,15.264,60.00000000000001,OK,True,460000,0.31,1,0.999990952514284,Strong Premium,False,59.690000000000005
10212,Germany,Food & Refreshment,5.66,9,Premium,55,8.773,54.999999999999986,OK,False,460000,0.31,1,0.999990952514284,Strong Premium,True,54.68999999999998
10213,UK,Personal Care,11.94,5,Standard,30,15.522,30.000000000000004,OK,True,520000,0.32,0,8.248669927223737e-16,Standard / Value,False,29.680000000000003
10214,Germany,Home Care,3.89,6,Standard,25,4.8625,25.0,OK,False,460000,0.31,1,0.999990952514284,Strong Premium,True,24.69
10215,Germany,Personal Care,9.77,5,Standard,30,12.701,30.000000000000004,OK,True,460000,0.31,1,0.999990952514284,Strong Premium,False,29.690000000000005
10216,UK,Personal Care,3.92,3,Value,15,4.508,15.000000000000014,OK,True,520000,0.32,0,8.248669927223737e-16,Standard / Value,False,14.680000000000014
10217,Spain,Food & Refreshment,10.85,8,Premium,55,16.8175,55.00000000000001,OK,True,410000,0.3,0,3.6196737287189683e-19,Standard / Value,False,54.70000000000001
10218,UK,Food & Refreshment,13.17,9,Premium,55,20.4135,55.00000000000001,OK,True,520000,0.32,0,8.248669927223737e-16,Standard / Value,False,54.68000000000001
10219,Spain,Personal Care,2.34,4,Standard,30,3.042,30.000000000000004,OK,True,410000,0.3,0,3.6196737287189683e-19,Standard / Value,False,29.700000000000003
10220,Germany,Home Care,13.07,9,Premium,50,19.605,50.0,OK,False,460000,0.31,1,0.999990952514284,Strong Premium,True,49.69
10221,Germany,Personal Care,9.11,9,Premium,60,14.576,60.00000000000001,OK,True,460000,0.31,1,0.999990952514284,Strong Premium,False,59.690000000000005
10222,Germany,Personal Care,2.34,7,Standard,30,3.042,30.000000000000004,OK,True,460000,0.31,1,0.999990952514284,Strong Premium,False,29.690000000000005
10223,France,Home Care,6.7,8,Premium,50,10.05,50.0,OK,False,430000,0.29,0,8.024217092590475e-16,Standard / Value,True,49.71
10224,Spain,Food & Refreshment,2.83,3,Value,12,3.1696000000000004,12.00000000000001,OK,True,410000,0.3,0,3.6196737287189683e-19,Standard / Value,False,11.70000000000001
10225,France,Personal Care,10.66,5,Standard,30,13.858,30.000000000000004,OK,True,430000,0.29,0,8.024217092590475e-16,Standard / Value,False,29.710000000000004
10226,France,Food & Refreshment,11.5,3,Value,12,12.88,12.00000000000001,OK,True,430000,0.29,0,8.024217092590475e-16,Standard / Value,False,11.710000000000012
10227,UK,Food & Refreshment,2.03,7,Standard,28,2.5984,28.000000000000004,OK,True,520000,0.32,0,8.248669927223737e-16,Standard / Value,False,27.680000000000003
10228,France,Home Care,7.84,6,Standard,25,9.8,25.00000000000002,OK,True,430000,0.29,0,8.024217092590475e-16,Standard / Value,False,24.710000000000022
10229,UK,Home Care,12.31,3,Value,10,13.541000000000002,10.000000000000009,OK,True,520000,0.32,0,8.248669927223737e-16,Standard / Value,False,9.680000000000009
10230,UK,Food & Refreshment,14.07,9,Premium,55,21.8085,55.00000000000001,OK,True,520000,0.32,0,8.248669927223737e-16,Standard / Value,False,54.68000000000001
10231,France,Personal Care,7.95,1,Value,15,9.1425,14.999999999999991,OK,False,430000,0.29,0,8.024217092590475e-16,Standard / Value,True,14.709999999999992
10232,Spain,Food & Refreshment,14.28,10,Premium,55,22.134,55.00000000000001,OK,True,410000,0.3,0,3.6196737287189683e-19,Standard / Value,False,54.70000000000001
10233,Spain,Personal Care,8.27,3,Value,15,9.5105,14.999999999999991,OK,False,410000,0.3,0,3.6196737287189683e-19,Standard / Value,True,14.69999999999999
10234,Spain,Personal Care,6.22,10,Premium,60,9.952,60.00000000000001,OK,True,410000,0.3,0,3.6196737287189683e-19,Standard / Value,False,59.70000000000001
10235,Spain,Home Care,12.8,7,Standard,25,16.0,25.0,OK,False,410000,0.3,0,3.6196737287189683e-19,Standard / Value,True,24.7
10236,Spain,Personal Care,7.65,3,Value,15,8.7975,14.999999999999991,OK,False,410000,0.3,0,3.6196737287189683e-19,Standard / Value,True,14.69999999999999
10237,France,Personal Care,7.34,3,Value,15,8.440999999999999,14.999999999999991,OK,False,430000,0.29,0,8.024217092590475e-16,Standard / Value,True,14.709999999999992
10238,France,Food & Refreshment,7.61,2,Value,12,8.523200000000001,12.00000000000001,OK,True,430000,0.29,0,8.024217092590475e-16,Standard / Value,False,11.710000000000012
10239,Germany,Home Care,12.78,9,Premium,50,19.17,50.0,OK,False,460000,0.31,1,0.999990952514284,Strong Premium,True,49.69
10240,Spain,Personal Care,12.56,4,Standard,30,16.328000000000003,30.00000000000003,OK,True,410000,0.3,0,3.6196737287189683e-19,Standard / Value,False,29.700000000000028
10241,France,Personal Care,6.35,10,Premium,60,10.16,60.00000000000001,OK,True,430000,0.29,0,8.024217092590475e-16,Standard / Value,False,59.71000000000001
10242,Germany,Home Care,5.33,6,Standard,25,6.6625,25.0,OK,False,460000,0.31,1,0.999990952514284,Strong Premium,True,24.69
10243,Spain,Food & Refreshment,7.63,2,Value,12,8.5456,12.00000000000001,OK,True,410000,0.3,0,3.6196737287189683e-19,Standard / Value,False,11.70000000000001
10244,UK,Home Care,8.81,9,Premium,50,13.215,50.0,OK,False,520000,0.32,0,8.248669927223737e-16,Standard / Value,True,49.68
10245,Germany,Home Care,3.96,7,Standard,25,4.95,25.0,OK,False,460000,0.31,1,0.999990952514284,Strong Premium,True,24.69
10246,France,Personal Care,12.01,10,Premium,60,19.216,60.00000000000001,OK,True,430000,0.29,0,8.024217092590475e-16,Standard / Value,False,59.71000000000001
10247,UK,Personal Care,7.55,5,Standard,30,9.815,30.000000000000004,OK,True,520000,0.32,0,8.248669927223737e-16,Standard / Value,False,29.680000000000003
10248,UK,Food & Refreshment,5.34,7,Standard,28,6.8352,28.000000000000004,OK,True,520000,0.32,0,8.248669927223737e-16,Standard / Value,False,27.680000000000003
10249,UK,Personal Care,2.05,4,Standard,30,2.665,30.000000000000004,OK,True,520000,0.32,0,8.248669927223737e-16,Standard / Value,False,29.680000000000003
10250,Germany,Personal Care,3.96,10,Premium,60,6.336,60.00000000000001,OK,True,460000,0.31,1,0.999990952514284,Strong Premium,False,59.690000000000005
10251,France,Home Care,14.26,7,Standard,25,17.825,25.0,OK,False,430000,0.29,0,8.024217092590475e-16,Standard / Value,True,24.71
10252,UK,Personal Care,4.92,2,Value,15,5.6579999999999995,14.999999999999991,OK,False,520000,0.32,0,8.248669927223737e-16,Standard / Value,True,14.67999999999999
10253,Spain,Food & Refreshment,2.95,7,Standard,28,3.776,28.000000000000004,OK,True,410000,0.3,0,3.6196737287189683e-19,Standard / Value,False,27.700000000000003
10254,UK,Home Care,7.18,4,Standard,25,8.975,25.0,OK,False,520000,0.32,0,8.248669927223737e-16,Standard / Value,True,24.68
10255,UK,Food & Refreshment,4.95,4,Standard,28,6.336,28.000000000000004,OK,True,520000,0.32,0,8.248669927223737e-16,Standard / Value,False,27.680000000000003
10256,Germany,Home Care,1.01,1,Value,10,1.1110000000000002,10.000000000000009,OK,True,460000,0.31,1,0.999990952514284,Strong Premium,False,9.690000000000008
10257,Germany,Personal Care,5.19,3,Value,15,5.9685,14.999999999999991,OK,False,460000,0.31,1,0.999990952514284,Strong Premium,True,14.68999999999999
10258,France,Home Care,8.39,5,Standard,25,10.4875,25.0,OK,False,430000,0.29,0,8.024217092590475e-16,Standard / Value,True,24.71
10259,Spain,Home Care,8.5,5,Standard,25,10.625,25.0,OK,False,410000,0.3,0,3.6196737287189683e-19,Standard / Value,True,24.7
10260,Germany,Personal Care,5.67,2,Value,15,6.520499999999999,14.999999999999991,OK,False,460000,0.31,1,0.999990952514284,Strong Premium,True,14.68999999999999
10261,UK,Personal Care,6.99,4,Standard,30,9.087,29.999999999999982,OK,False,520000,0.32,0,8.248669927223737e-16,Standard / Value,True,29.679999999999982
10262,France,Food & Refreshment,14.5,1,Value,12,16.240000000000002,12.00000000000001,OK,True,430000,0.29,0,8.024217092590475e-16,Standard / Value,False,11.710000000000012
10263,UK,Food & Refreshment,5.97,9,Premium,55,9.2535,55.00000000000003,OK,True,520000,0.32,0,8.248669927223737e-16,Standard / Value,False,54.68000000000003
10264,UK,Personal Care,4.24,1,Value,15,4.8759999999999994,14.999999999999991,OK,False,520000,0.32,0,8.248669927223737e-16,Standard / Value,True,14.67999999999999
10265,Germany,Personal Care,4.03,6,Standard,30,5.239000000000001,30.000000000000004,OK,True,460000,0.31,1,0.999990952514284,Strong Premium,False,29.690000000000005
10266,France,Personal Care,7.14,7,Standard,30,9.282,30.000000000000004,OK,True,430000,0.29,0,8.024217092590475e-16,Standard / Value,False,29.710000000000004
10267,Spain,Home Care,11.51,3,Value,10,12.661,10.000000000000009,OK,True,410000,0.3,0,3.6196737287189683e-19,Standard / Value,False,9.700000000000008
10268,Spain,Home Care,3.49,1,Value,10,3.839,10.000000000000009,OK,True,410000,0.3,0,3.6196737287189683e-19,Standard / Value,False,9.700000000000008
10269,Germany,Home Care,10.78,7,Standard,25,13.475,25.0,OK,False,460000,0.31,1,0.999990952514284,Strong Premium,True,24.69
10270,Germany,Personal Care,0.81,3,Value,15,0.9315,14.999999999999991,OK,False,460000,0.31,1,0.999990952514284,Strong Premium,True,14.68999999999999
10271,France,Food & Refreshment,6.57,10,Premium,55,10.1835,55.00000000000001,OK,True,430000,0.29,0,8.024217092590475e-16,Standard / Value,False,54.71000000000001
10272,Spain,Personal Care,11.75,6,Standard,30,15.275,30.000000000000004,OK,True,410000,0.3,0,3.6196737287189683e-19,Standard / Value,False,29.700000000000003
10273,Spain,Home Care,5.41,6,Standard,25,6.7625,25.0,OK,False,410000,0.3,0,3.6196737287189683e-19,Standard / Value,True,24.7
10274,Spain,Home Care,8.67,4,Standard,25,10.8375,25.0,OK,False,410000,0.3,0,3.6196737287189683e-19,Standard / Value,True,24.7
10275,UK,Personal Care,3.47,6,Standard,30,4.511,30.000000000000004,OK,True,520000,0.32,0,8.248669927223737e-16,Standard / Value,False,29.680000000000003
10276,Spain,Personal Care,11.26,10,Premium,60,18.016,60.00000000000001,OK,True,410000,0.3,0,3.6196737287189683e-19,Standard / Value,False,59.70000000000001
10277,UK,Home Care,1.26,4,Standard,25,1.575,25.0,OK,False,520000,0.32,0,8.248669927223737e-16,Standard / Value,True,24.68
10278,France,Home Care,12.86,8,Premium,50,19.29,50.0,OK,False,430000,0.29,0,8.024217092590475e-16,Standard / Value,True,49.71
10279,UK,Home Care,3.37,9,Premium,50,5.055,49.99999999999998,OK,False,520000,0.32,0,8.248669927223737e-16,Standard / Value,True,49.67999999999998
10280,France,Personal Care,13.18,2,Value,15,15.156999999999998,14.999999999999991,OK,False,430000,0.29,0,8.024217092590475e-16,Standard / Value,True,14.709999999999992
10281,Spain,Home Care,5.61,7,Standard,25,7.0125,25.0,OK,False,410000,0.3,0,3.6196737287189683e-19,Standard / Value,True,24.7
10282,Spain,Home Care,10.98,9,Premium,50,16.47,49.99999999999998,OK,False,410000,0.3,0,3.6196737287189683e-19,Standard / Value,True,49.69999999999998
10283,France,Food & Refreshment,5.13,9,Premium,55,7.9515,55.00000000000001,OK,True,430000,0.29,0,8.024217092590475e-16,Standard / Value,False,54.71000000000001
10284,Germany,Personal Care,13.64,5,Standard,30,17.732000000000003,30.00000000000003,OK,True,460000,0.31,1,0.999990952514284,Strong Premium,False,29.69000000000003
10285,France,Food & Refreshment,2.34,1,Value,12,2.6208,12.00000000000001,OK,True,430000,0.29,0,8.024217092590475e-16,Standard / Value,False,11.710000000000012
10286,Germany,Food & Refreshment,3.09,6,Standard,28,3.9552,28.000000000000004,OK,True,460000,0.31,1,0.999990952514284,Strong Premium,False,27.690000000000005
10287,UK,Home Care,7.65,8,Premium,50,11.475,50.00000000000002,OK,True,520000,0.32,0,8.248669927223737e-16,Standard / Value,False,49.68000000000002
10288,UK,Personal Care,1.69,1,Value,15,1.9435,14.999999999999991,OK,False,520000,0.32,0,8.248669927223737e-16,Standard / Value,True,14.67999999999999
10289,UK,Home Care,3.34,2,Value,10,3.674,10.000000000000009,OK,True,520000,0.32,0,8.248669927223737e-16,Standard / Value,False,9.680000000000009
10290,Spain,Personal Care,14.18,1,Value,15,16.307,14.999999999999991,OK,False,410000,0.3,0,3.6196737287189683e-19,Standard / Value,True,14.69999999999999
10291,UK,Food & Refreshment,14.66,5,Standard,28,18.7648,28.000000000000004,OK,True,520000,0.32,0,8.248669927223737e-16,Standard / Value,False,27.680000000000003
10292,Germany,Personal Care,5.96,2,Value,15,6.853999999999999,14.999999999999991,OK,False,460000,0.31,1,0.999990952514284,Strong Premium,True,14.68999999999999
10293,UK,Home Care,13.89,10,Premium,50,20.835,50.0,OK,False,520000,0.32,0,8.248669927223737e-16,Standard / Value,True,49.68
10294,France,Home Care,8.4,10,Premium,50,12.6,50.0,OK,False,430000,0.29,0,8.024217092590475e-16,Standard / Value,True,49.71
10295,France,Home Care,4.41,4,Standard,25,5.5125,25.0,OK,False,430000,0.29,0,8.024217092590475e-16,Standard / Value,True,24.71
10296,Spain,Personal Care,10.68,1,Value,15,12.281999999999998,14.999999999999991,OK,False,410000,0.3,0,3.6196737287189683e-19,Standard / Value,True,14.69999999999999
10297,France,Food & Refreshment,10.05,7,Standard,28,12.864,28.000000000000004,OK,True,430000,0.29,0,8.024217092590475e-16,Standard / Value,False,27.710000000000004
10298,Germany,Food & Refreshment,14.84,8,Premium,55,23.002,55.00000000000001,OK,True,460000,0.31,1,0.999990952514284,Strong Premium,False,54.690000000000005
10299,UK,Personal Care,4.34,5,Standard,30,5.642,30.000000000000004,OK,True,520000,0.32,0,8.248669927223737e-16,Standard / Value,False,29.680000000000003
10300,Spain,Home Care,10.24,2,Value,10,11.264,10.000000000000009,OK,True,410000,0.3,0,3.6196737287189683e-19,Standard / Value,False,9.700000000000008
10301,UK,Food & Refreshment,1.25,8,Premium,55,1.9375,55.00000000000001,OK,True,520000,0.32,0,8.248669927223737e-16,Standard / Value,False,54.68000000000001
10302,UK,Home Care,2.15,1,Value,10,2.365,10.000000000000009,OK,True,520000,0.32,0,8.248669927223737e-16,Standard / Value,False,9.680000000000009
10303,Germany,Personal Care,0.56,7,Standard,30,0.7280000000000001,30.000000000000004,OK,True,460000,0.31,1,0.999990952514284,Strong Premium,False,29.690000000000005
10304,France,Home Care,14.99,1,Value,10,16.489,10.000000000000009,OK,True,430000,0.29,0,8.024217092590475e-16,Standard / Value,False,9.71000000000001
10305,France,Food & Refreshment,12.13,6,Standard,28,15.5264,28.000000000000004,OK,True,430000,0.29,0,8.024217092590475e-16,Standard / Value,False,27.710000000000004
10306,UK,Food & Refreshment,11.91,6,Standard,28,15.2448,28.000000000000004,OK,True,520000,0.32,0,8.248669927223737e-16,Standard / Value,False,27.680000000000003
10307,Spain,Home Care,7.89,5,Standard,25,9.8625,25.0,OK,False,410000,0.3,0,3.6196737287189683e-19,Standard / Value,True,24.7
10308,France,Personal Care,4.85,2,Value,15,5.577499999999999,14.999999999999991,OK,False,430000,0.29,0,8.024217092590475e-16,Standard / Value,True,14.709999999999992
10309,Spain,Home Care,2.69,2,Value,10,2.959,10.000000000000009,OK,True,410000,0.3,0,3.6196737287189683e-19,Standard / Value,False,9.700000000000008
10310,France,Personal Care,4.63,9,Premium,60,7.408,60.00000000000001,OK,True,430000,0.29,0,8.024217092590475e-16,Standard / Value,False,59.71000000000001
10311,Spain,Home Care,5.95,5,Standard,25,7.4375,25.0,OK,False,410000,0.3,0,3.6196737287189683e-19,Standard / Value,True,24.7
10312,Germany,Food & Refreshment,11.47,5,Standard,28,14.6816,28.000000000000004,OK,True,460000,0.31,1,0.999990952514284,Strong Premium,False,27.690000000000005
10313,Spain,Personal Care,8.33,7,Standard,30,10.829,30.000000000000004,OK,True,410000,0.3,0,3.6196737287189683e-19,Standard / Value,False,29.700000000000003
10314,Germany,Personal Care,1.62,6,Standard,30,2.1060000000000003,30.000000000000004,OK,True,460000,0.31,1,0.999990952514284,Strong Premium,False,29.690000000000005
10315,Germany,Personal Care,0.76,2,Value,15,0.8739999999999999,14.999999999999991,OK,False,460000,0.31,1,0.999990952514284,Strong Premium,True,14.68999999999999
10316,Spain,Food & Refreshment,1.98,1,Value,12,2.2176,12.00000000000001,OK,True,410000,0.3,0,3.6196737287189683e-19,Standard / Value,False,11.70000000000001
10317,Germany,Home Care,6.45,5,Standard,25,8.0625,25.0,OK,False,460000,0.31,1,0.999990952514284,Strong Premium,True,24.69
10318,UK,Food & Refreshment,14.03,4,Standard,28,17.9584,28.000000000000004,OK,True,520000,0.32,0,8.248669927223737e-16,Standard / Value,False,27.680000000000003
10319,Germany,Personal Care,9.74,3,Value,15,11.201,14.999999999999991,OK,False,460000,0.31,1,0.999990952514284,Strong Premium,True,14.68999999999999
10320,France,Home Care,12.13,2,Value,10,13.343000000000002,10.000000000000009,OK,True,430000,0.29,0,8.024217092590475e-16,Standard / Value,False,9.71000000000001
10321,Spain,Food & Refreshment,7.26,10,Premium,55,11.253,55.00000000000001,OK,True,410000,0.3,0,3.6196737287189683e-19,Standard / Value,False,54.70000000000001
10322,UK,Personal Care,5.74,2,Value,15,6.601,14.999999999999991,OK,False,520000,0.32,0,8.248669927223737e-16,Standard / Value,True,14.67999999999999
10323,Spain,Personal Care,2.07,4,Standard,30,2.691,30.000000000000004,OK,True,410000,0.3,0,3.6196737287189683e-19,Standard / Value,False,29.700000000000003
10324,France,Food & Refreshment,13.2,2,Value,12,14.784,12.00000000000001,OK,True,430000,0.29,0,8.024217092590475e-16,Standard / Value,False,11.710000000000012
10325,France,Food & Refreshment,11.86,4,Standard,28,15.1808,28.000000000000004,OK,True,430000,0.29,0,8.024217092590475e-16,Standard / Value,False,27.710000000000004
10326,France,Food & Refreshment,2.94,3,Value,12,3.2928,12.00000000000001,OK,True,430000,0.29,0,8.024217092590475e-16,Standard / Value,False,11.710000000000012
10327,Germany,Personal Care,7.93,9,Premium,60,12.688,60.00000000000001,OK,True,460000,0.31,1,0.999990952514284,Strong Premium,False,59.690000000000005
10328,Germany,Food & Refreshment,7.57,7,Standard,28,9.6896,28.000000000000004,OK,True,460000,0.31,1,0.999990952514284,Strong Premium,False,27.690000000000005
10329,Spain,Personal Care,9.56,3,Value,15,10.994,14.999999999999991,OK,False,410000,0.3,0,3.6196737287189683e-19,Standard / Value,True,14.69999999999999
10330,Spain,Food & Refreshment,14.22,8,Premium,55,22.041,55.00000000000001,OK,True,410000,0.3,0,3.6196737287189683e-19,Standard / Value,False,54.70000000000001
10331,UK,Personal Care,8.91,9,Premium,60,14.256,60.00000000000001,OK,True,520000,0.32,0,8.248669927223737e-16,Standard / Value,False,59.68000000000001
10332,UK,Personal Care,8.33,7,Standard,30,10.829,30.000000000000004,OK,True,520000,0.32,0,8.248669927223737e-16,Standard / Value,False,29.680000000000003
10333,Spain,Home Care,1.23,6,Standard,25,1.5375,25.0,OK,False,410000,0.3,0,3.6196737287189683e-19,Standard / Value,True,24.7
10334,Germany,Food & Refreshment,1.41,4,Standard,28,1.8048,28.000000000000004,OK,True,460000,0.31,1,0.999990952514284,Strong Premium,False,27.690000000000005
10335,France,Food & Refreshment,3.22,5,Standard,28,4.1216,27.99999999999998,OK,False,430000,0.29,0,8.024217092590475e-16,Standard / Value,True,27.70999999999998
10336,Spain,Personal Care,0.97,8,Premium,60,1.552,60.00000000000001,OK,True,410000,0.3,0,3.6196737287189683e-19,Standard / Value,False,59.70000000000001
10337,UK,Personal Care,11.28,3,Value,15,12.971999999999998,14.999999999999991,OK,False,520000,0.32,0,8.248669927223737e-16,Standard / Value,True,14.67999999999999
10338,Germany,Personal Care,10.99,2,Value,15,12.6385,14.999999999999991,OK,False,460000,0.31,1,0.999990952514284,Strong Premium,True,14.68999999999999
10339,Spain,Home Care,2.47,3,Value,10,2.7170000000000005,10.000000000000009,OK,True,410000,0.3,0,3.6196737287189683e-19,Standard / Value,False,9.700000000000008
10340,Spain,Home Care,12.62,7,Standard,25,15.775,25.0,OK,False,410000,0.3,0,3.6196737287189683e-19,Standard / Value,True,24.7
10341,Germany,Personal Care,2.74,8,Premium,60,4.384,60.00000000000001,OK,True,460000,0.31,1,0.999990952514284,Strong Premium,False,59.690000000000005
10342,Spain,Food & Refreshment,4.87,1,Value,12,5.454400000000001,12.00000000000001,OK,True,410000,0.3,0,3.6196737287189683e-19,Standard / Value,False,11.70000000000001
10343,Germany,Food & Refreshment,4.11,7,Standard,28,5.260800000000001,28.000000000000004,OK,True,460000,0.31,1,0.999990952514284,Strong Premium,False,27.690000000000005
10344,France,Home Care,5.9,9,Premium,50,8.850000000000001,50.00000000000002,OK,True,430000,0.29,0,8.024217092590475e-16,Standard / Value,False,49.71000000000002
10345,Germany,Home Care,4.19,3,Value,10,4.609000000000001,10.000000000000009,OK,True,460000,0.31,1,0.999990952514284,Strong Premium,False,9.690000000000008
10346,Germany,Personal Care,7.59,3,Value,15,8.728499999999999,14.999999999999991,OK,False,460000,0.31,1,0.999990952514284,Strong Premium,True,14.68999999999999
10347,Germany,Food & Refreshment,6.41,8,Premium,55,9.9355,55.00000000000001,OK,True,460000,0.31,1,0.999990952514284,Strong Premium,False,54.690000000000005
10348,Spain,Personal Care,14.81,4,Standard,30,19.253,30.000000000000004,OK,True,410000,0.3,0,3.6196737287189683e-19,Standard / Value,False,29.700000000000003
10349,Spain,Home Care,1.31,8,Premium,50,1.965,50.0,OK,False,410000,0.3,0,3.6196737287189683e-19,Standard / Value,True,49.7
10350,Germany,Food & Refreshment,2.56,5,Standard,28,3.2768,28.000000000000004,OK,True,460000,0.31,1,0.999990952514284,Strong Premium,False,27.690000000000005
10351,Spain,Food & Refreshment,1.27,3,Value,12,1.4224,12.00000000000001,OK,True,410000,0.3,0,3.6196737287189683e-19,Standard / Value,False,11.70000000000001
10352,UK,Home Care,9.57,4,Standard,25,11.9625,25.0,OK,False,520000,0.32,0,8.248669927223737e-16,Standard / Value,True,24.68
10353,UK,Personal Care,1.29,4,Standard,30,1.677,30.000000000000004,OK,True,520000,0.32,0,8.248669927223737e-16,Standard / Value,False,29.680000000000003
10354,Spain,Personal Care,12.63,8,Premium,60,20.208,60.00000000000001,OK,True,410000,0.3,0,3.6196737287189683e-19,Standard / Value,False,59.70000000000001
10355,Spain,Food & Refreshment,7.92,6,Standard,28,10.1376,28.000000000000004,OK,True,410000,0.3,0,3.6196737287189683e-19,Standard / Value,False,27.700000000000003
10356,Germany,Home Care,8.14,7,Standard,25,10.175,25.0,OK,False,460000,0.31,1,0.999990952514284,Strong Premium,True,24.69
10357,France,Food & Refreshment,8.64,9,Premium,55,13.392,55.00000000000001,OK,True,430000,0.29,0,8.024217092590475e-16,Standard / Value,False,54.71000000000001
10358,Spain,Home Care,2.98,6,Standard,25,3.725,25.0,OK,False,410000,0.3,0,3.6196737287189683e-19,Standard / Value,True,24.7
10359,UK,Personal Care,3.37,3,Value,15,3.8755,14.999999999999991,OK,False,520000,0.32,0,8.248669927223737e-16,Standard / Value,True,14.67999999999999
10360,Germany,Home Care,5.12,3,Value,10,5.632000000000001,10.000000000000009,OK,True,460000,0.31,1,0.999990952514284,Strong Premium,False,9.690000000000008
10361,Spain,Personal Care,9.11,3,Value,15,10.476499999999998,14.999999999999991,OK,False,410000,0.3,0,3.6196737287189683e-19,Standard / Value,True,14.69999999999999
10362,UK,Home Care,3.55,10,Premium,50,5.324999999999999,49.99999999999998,OK,False,520000,0.32,0,8.248669927223737e-16,Standard / Value,True,49.67999999999998
10363,UK,Food & Refreshment,2.19,2,Value,12,2.4528000000000003,12.00000000000001,OK,True,520000,0.32,0,8.248669927223737e-16,Standard / Value,False,11.68000000000001
10364,France,Personal Care,14.57,1,Value,15,16.755499999999998,14.999999999999991,OK,False,430000,0.29,0,8.024217092590475e-16,Standard / Value,True,14.709999999999992
10365,Germany,Food & Refreshment,0.82,10,Premium,55,1.271,55.00000000000001,OK,True,460000,0.31,1,0.999990952514284,Strong Premium,False,54.690000000000005
10366,Germany,Food & Refreshment,12.14,1,Value,12,13.596800000000002,12.00000000000001,OK,True,460000,0.31,1,0.999990952514284,Strong Premium,False,11.69000000000001
10367,France,Personal Care,11.93,4,Standard,30,15.509,30.000000000000004,OK,True,430000,0.29,0,8.024217092590475e-16,Standard / Value,False,29.710000000000004
10368,France,Personal Care,4.81,3,Value,15,5.531499999999999,14.999999999999991,OK,False,430000,0.29,0,8.024217092590475e-16,Standard / Value,True,14.709999999999992
10369,Germany,Food & Refreshment,2.47,5,Standard,28,3.1616000000000004,28.000000000000004,OK,True,460000,0.31,1,0.999990952514284,Strong Premium,False,27.690000000000005
10370,Germany,Food & Refreshment,2.61,9,Premium,55,4.0455,55.00000000000001,OK,True,460000,0.31,1,0.999990952514284,Strong Premium,False,54.690000000000005
10371,Spain,Food & Refreshment,10.61,8,Premium,55,16.4455,55.00000000000001,OK,True,410000,0.3,0,3.6196737287189683e-19,Standard / Value,False,54.70000000000001
10372,Spain,Food & Refreshment,9.82,9,Premium,55,15.221,55.00000000000001,OK,True,410000,0.3,0,3.6196737287189683e-19,Standard / Value,False,54.70000000000001
10373,France,Personal Care,11.85,5,Standard,30,15.405,30.000000000000004,OK,True,430000,0.29,0,8.024217092590475e-16,Standard / Value,False,29.710000000000004
10374,Spain,Personal Care,14.09,8,Premium,60,22.544,60.00000000000001,OK,True,410000,0.3,0,3.6196737287189683e-19,Standard / Value,False,59.70000000000001
10375,UK,Food & Refreshment,10.53,4,Standard,28,13.4784,28.000000000000004,OK,True,520000,0.32,0,8.248669927223737e-16,Standard / Value,False,27.680000000000003
10376,Spain,Home Care,2.76,5,Standard,25,3.4499999999999997,25.0,OK,False,410000,0.3,0,3.6196737287189683e-19,Standard / Value,True,24.7
10377,Spain,Home Care,4.03,3,Value,10,4.433000000000001,10.000000000000009,OK,True,410000,0.3,0,3.6196737287189683e-19,Standard / Value,False,9.700000000000008
10378,UK,Personal Care,12.71,5,Standard,30,16.523000000000003,30.00000000000003,OK,True,520000,0.32,0,8.248669927223737e-16,Standard / Value,False,29.680000000000028
10379,France,Food & Refreshment,3.53,3,Value,12,3.9536,12.00000000000001,OK,True,430000,0.29,0,8.024217092590475e-16,Standard / Value,False,11.710000000000012
10380,UK,Food & Refreshment,1.55,5,Standard,28,1.984,28.000000000000004,OK,True,520000,0.32,0,8.248669927223737e-16,Standard / Value,False,27.680000000000003
10381,Spain,Personal Care,10.7,5,Standard,30,13.91,30.000000000000004,OK,True,410000,0.3,0,3.6196737287189683e-19,Standard / Value,False,29.700000000000003
10382,France,Home Care,6.34,6,Standard,25,7.925,25.0,OK,False,430000,0.29,0,8.024217092590475e-16,Standard / Value,True,24.71
10383,Spain,Home Care,13.84,9,Premium,50,20.76,49.99999999999998,OK,False,410000,0.3,0,3.6196737287189683e-19,Standard / Value,True,49.69999999999998
10384,UK,Home Care,9.93,1,Value,10,10.923,10.000000000000009,OK,True,520000,0.32,0,8.248669927223737e-16,Standard / Value,False,9.680000000000009
10385,UK,Personal Care,1.81,10,Premium,60,2.8960000000000004,60.00000000000001,OK,True,520000,0.32,0,8.248669927223737e-16,Standard / Value,False,59.68000000000001
10386,Spain,Home Care,14.24,6,Standard,25,17.8,25.0,OK,False,410000,0.3,0,3.6196737287189683e-19,Standard / Value,True,24.7
10387,Germany,Personal Care,4.25,1,Value,15,4.887499999999999,14.999999999999991,OK,False,460000,0.31,1,0.999990952514284,Strong Premium,True,14.68999999999999
10388,Germany,Personal Care,5.39,6,Standard,30,7.007,30.000000000000004,OK,True,460000,0.31,1,0.999990952514284,Strong Premium,False,29.690000000000005
10389,UK,Food & Refreshment,6.33,2,Value,12,7.089600000000001,12.00000000000001,OK,True,520000,0.32,0,8.248669927223737e-16,Standard / Value,False,11.68000000000001
10390,UK,Home Care,1.24,8,Premium,50,1.86,50.0,OK,False,520000,0.32,0,8.248669927223737e-16,Standard / Value,True,49.68
10391,Germany,Personal Care,7.7,3,Value,15,8.854999999999999,14.999999999999968,OK,False,460000,0.31,1,0.999990952514284,Strong Premium,True,14.689999999999968
10392,Germany,Home Care,2.29,10,Premium,50,3.435,50.0,OK,False,460000,0.31,1,0.999990952514284,Strong Premium,True,49.69
10393,Spain,Home Care,6.31,6,Standard,25,7.887499999999999,25.0,OK,False,410000,0.3,0,3.6196737287189683e-19,Standard / Value,True,24.7
10394,Spain,Food & Refreshment,5.59,6,Standard,28,7.1552,28.000000000000004,OK,True,410000,0.3,0,3.6196737287189683e-19,Standard / Value,False,27.700000000000003
10395,Germany,Home Care,11.71,4,Standard,25,14.6375,25.0,OK,False,460000,0.31,1,0.999990952514284,Strong Premium,True,24.69
10396,Spain,Food & Refreshment,12.15,5,Standard,28,15.552,28.000000000000004,OK,True,410000,0.3,0,3.6196737287189683e-19,Standard / Value,False,27.700000000000003
10397,Spain,Personal Care,2.72,2,Value,15,3.128,14.999999999999991,OK,False,410000,0.3,0,3.6196737287189683e-19,Standard / Value,True,14.69999999999999
10398,France,Home Care,5.81,10,Premium,50,8.715,50.0,OK,False,430000,0.29,0,8.024217092590475e-16,Standard / Value,True,49.71
10399,Spain,Personal Care,5.91,10,Premium,60,9.456,60.00000000000001,OK,True,410000,0.3,0,3.6196737287189683e-19,Standard / Value,False,59.70000000000001
10400,UK,Home Care,2.7,8,Premium,50,4.050000000000001,50.00000000000002,OK,True,520000,0.32,0,8.248669927223737e-16,Standard / Value,False,49.68000000000002
10401,Spain,Personal Care,12.08,10,Premium,60,19.328000000000003,60.00000000000003,OK,True,410000,0.3,0,3.6196737287189683e-19,Standard / Value,False,59.70000000000003
10402,Spain,Home Care,10.75,7,Standard,25,13.4375,25.0,OK,False,410000,0.3,0,3.6196737287189683e-19,Standard / Value,True,24.7
10403,Germany,Home Care,3.26,10,Premium,50,4.89,50.0,OK,False,460000,0.31,1,0.999990952514284,Strong Premium,True,49.69
10404,UK,Home Care,5.82,6,Standard,25,7.275,25.0,OK,False,520000,0.32,0,8.248669927223737e-16,Standard / Value,True,24.68
10405,Spain,Home Care,2.03,7,Standard,25,2.5374999999999996,25.0,OK,False,410000,0.3,0,3.6196737287189683e-19,Standard / Value,True,24.7
10406,Spain,Home Care,9.61,1,Value,10,10.571,10.000000000000009,OK,True,410000,0.3,0,3.6196737287189683e-19,Standard / Value,False,9.700000000000008
10407,France,Home Care,2.26,5,Standard,25,2.8249999999999997,25.0,OK,False,430000,0.29,0,8.024217092590475e-16,Standard / Value,True,24.71
10408,Spain,Home Care,14.8,7,Standard,25,18.5,25.0,OK,False,410000,0.3,0,3.6196737287189683e-19,Standard / Value,True,24.7
10409,Spain,Home Care,11.82,1,Value,10,13.002,10.000000000000009,OK,True,410000,0.3,0,3.6196737287189683e-19,Standard / Value,False,9.700000000000008
10410,France,Home Care,6.16,2,Value,10,6.776000000000001,10.000000000000009,OK,True,430000,0.29,0,8.024217092590475e-16,Standard / Value,False,9.71000000000001
10411,Germany,Personal Care,8.89,9,Premium,60,14.224000000000002,60.00000000000001,OK,True,460000,0.31,1,0.999990952514284,Strong Premium,False,59.690000000000005
10412,Spain,Food & Refreshment,13.71,3,Value,12,15.355200000000002,12.00000000000001,OK,True,410000,0.3,0,3.6196737287189683e-19,Standard / Value,False,11.70000000000001
10413,France,Home Care,8.53,6,Standard,25,10.6625,25.0,OK,False,430000,0.29,0,8.024217092590475e-16,Standard / Value,True,24.71
10414,UK,Food & Refreshment,3.03,7,Standard,28,3.8784,28.000000000000004,OK,True,520000,0.32,0,8.248669927223737e-16,Standard / Value,False,27.680000000000003
10415,Germany,Home Care,5.99,9,Premium,50,8.985,49.99999999999998,OK,False,460000,0.31,1,0.999990952514284,Strong Premium,True,49.689999999999976
10416,UK,Home Care,12.73,5,Standard,25,15.9125,25.0,OK,False,520000,0.32,0,8.248669927223737e-16,Standard / Value,True,24.68
10417,UK,Personal Care,9.84,4,Standard,30,12.792,30.000000000000004,OK,True,520000,0.32,0,8.248669927223737e-16,Standard / Value,False,29.680000000000003
10418,France,Personal Care,9.94,2,Value,15,11.431,14.999999999999991,OK,False,430000,0.29,0,8.024217092590475e-16,Standard / Value,True,14.709999999999992
10419,Spain,Food & Refreshment,13.07,3,Value,12,14.638400000000004,12.00000000000001,OK,True,410000,0.3,0,3.6196737287189683e-19,Standard / Value,False,11.70000000000001
10420,France,Personal Care,13.46,5,Standard,30,17.498,30.000000000000004,OK,True,430000,0.29,0,8.024217092590475e-16,Standard / Value,False,29.710000000000004
10421,France,Personal Care,13.84,2,Value,15,15.916,14.999999999999991,OK,False,430000,0.29,0,8.024217092590475e-16,Standard / Value,True,14.709999999999992
10422,France,Food & Refreshment,1.88,4,Standard,28,2.4064,28.000000000000004,OK,True,430000,0.29,0,8.024217092590475e-16,Standard / Value,False,27.710000000000004
10423,France,Personal Care,8.39,1,Value,15,9.6485,14.999999999999991,OK,False,430000,0.29,0,8.024217092590475e-16,Standard / Value,True,14.709999999999992
10424,Germany,Home Care,11.24,4,Standard,25,14.05,25.0,OK,False,460000,0.31,1,0.999990952514284,Strong Premium,True,24.69
10425,Spain,Food & Refreshment,11.48,7,Standard,28,14.694400000000002,28.000000000000004,OK,True,410000,0.3,0,3.6196737287189683e-19,Standard / Value,False,27.700000000000003
10426,UK,Food & Refreshment,9.3,3,Value,12,10.416000000000002,12.00000000000001,OK,True,520000,0.32,0,8.248669927223737e-16,Standard / Value,False,11.68000000000001
10427,UK,Home Care,2.92,10,Premium,50,4.38,50.0,OK,False,520000,0.32,0,8.248669927223737e-16,Standard / Value,True,49.68
10428,Spain,Personal Care,12.06,8,Premium,60,19.296000000000003,60.00000000000001,OK,True,410000,0.3,0,3.6196737287189683e-19,Standard / Value,False,59.70000000000001
10429,UK,Food & Refreshment,10.94,6,Standard,28,14.0032,28.000000000000004,OK,True,520000,0.32,0,8.248669927223737e-16,Standard / Value,False,27.680000000000003
10430,Spain,Food & Refreshment,1.75,6,Standard,28,2.24,28.000000000000004,OK,True,410000,0.3,0,3.6196737287189683e-19,Standard / Value,False,27.700000000000003
10431,UK,Home Care,7.23,1,Value,10,7.953000000000001,10.000000000000009,OK,True,520000,0.32,0,8.248669927223737e-16,Standard / Value,False,9.680000000000009
10432,France,Home Care,3.02,5,Standard,25,3.775,25.0,OK,False,430000,0.29,0,8.024217092590475e-16,Standard / Value,True,24.71
10433,UK,Personal Care,5.39,3,Value,15,6.198499999999999,14.999999999999991,OK,False,520000,0.32,0,8.248669927223737e-16,Standard / Value,True,14.67999999999999
10434,Spain,Food & Refreshment,0.76,10,Premium,55,1.1780000000000002,55.00000000000003,OK,True,410000,0.3,0,3.6196737287189683e-19,Standard / Value,False,54.70000000000003
10435,Spain,Personal Care,6.3,1,Value,15,7.244999999999999,14.999999999999991,OK,False,410000,0.3,0,3.6196737287189683e-19,Standard / Value,True,14.69999999999999
10436,Spain,Personal Care,8.47,8,Premium,60,13.552,60.00000000000001,OK,True,410000,0.3,0,3.6196737287189683e-19,Standard / Value,False,59.70000000000001
10437,Spain,Home Care,9.48,7,Standard,25,11.85,25.0,OK,False,410000,0.3,0,3.6196737287189683e-19,Standard / Value,True,24.7
10438,Spain,Food & Refreshment,10.12,7,Standard,28,12.9536,28.000000000000004,OK,True,410000,0.3,0,3.6196737287189683e-19,Standard / Value,False,27.700000000000003
10439,Germany,Food & Refreshment,12.63,10,Premium,55,19.576500000000003,55.00000000000001,OK,True,460000,0.31,1,0.999990952514284,Strong Premium,False,54.690000000000005
10440,Germany,Food & Refreshment,3.62,10,Premium,55,5.611000000000001,55.00000000000001,OK,True,460000,0.31,1,0.999990952514284,Strong Premium,False,54.690000000000005
10441,UK,Home Care,2.25,10,Premium,50,3.375,50.0,OK,False,520000,0.32,0,8.248669927223737e-16,Standard / Value,True,49.68
10442,Spain,Home Care,12.85,4,Standard,25,16.0625,25.0,OK,False,410000,0.3,0,3.6196737287189683e-19,Standard / Value,True,24.7
10443,UK,Home Care,2.77,6,Standard,25,3.4625,25.0,OK,False,520000,0.32,0,8.248669927223737e-16,Standard / Value,True,24.68
10444,Spain,Home Care,14.63,9,Premium,50,21.945,50.0,OK,False,410000,0.3,0,3.6196737287189683e-19,Standard / Value,True,49.7
10445,Spain,Home Care,12.72,3,Value,10,13.992000000000004,10.000000000000009,OK,True,410000,0.3,0,3.6196737287189683e-19,Standard / Value,False,9.700000000000008
10446,Germany,Food & Refreshment,7.76,9,Premium,55,12.028,55.00000000000001,OK,True,460000,0.31,1,0.999990952514284,Strong Premium,False,54.690000000000005
10447,Germany,Personal Care,14.73,4,Standard,30,19.149,30.000000000000004,OK,True,460000,0.31,1,0.999990952514284,Strong Premium,False,29.690000000000005
10448,France,Food & Refreshment,1.91,5,Standard,28,2.4448,28.000000000000004,OK,True,430000,0.29,0,8.024217092590475e-16,Standard / Value,False,27.710000000000004
10449,Germany,Personal Care,4.89,7,Standard,30,6.357,30.000000000000004,OK,True,460000,0.31,1,0.999990952514284,Strong Premium,False,29.690000000000005
10450,France,Home Care,9.75,6,Standard,25,12.1875,25.0,OK,False,430000,0.29,0,8.024217092590475e-16,Standard / Value,True,24.71
10451,France,Personal Care,5.58,10,Premium,60,8.928,60.00000000000001,OK,True,430000,0.29,0,8.024217092590475e-16,Standard / Value,False,59.71000000000001
10452,France,Food & Refreshment,13.96,8,Premium,55,21.638,55.00000000000001,OK,True,430000,0.29,0,8.024217092590475e-16,Standard / Value,False,54.71000000000001
10453,France,Food & Refreshment,1.45,8,Premium,55,2.2475,55.00000000000001,OK,True,430000,0.29,0,8.024217092590475e-16,Standard / Value,False,54.71000000000001
10454,France,Personal Care,8.47,8,Premium,60,13.552,60.00000000000001,OK,True,430000,0.29,0,8.024217092590475e-16,Standard / Value,False,59.71000000000001
10455,UK,Home Care,9.07,3,Value,10,9.977,10.000000000000009,OK,True,520000,0.32,0,8.248669927223737e-16,Standard / Value,False,9.680000000000009
10456,Germany,Home Care,9.96,10,Premium,50,14.94,50.0,OK,False,460000,0.31,1,0.999990952514284,Strong Premium,True,49.69
10457,France,Food & Refreshment,4.21,6,Standard,28,5.3888,28.000000000000004,OK,True,430000,0.29,0,8.024217092590475e-16,Standard / Value,False,27.710000000000004
10458,Spain,Personal Care,5.79,7,Standard,30,7.527,30.000000000000004,OK,True,410000,0.3,0,3.6196737287189683e-19,Standard / Value,False,29.700000000000003
10459,Germany,Home Care,12.73,9,Premium,50,19.095,49.99999999999998,OK,False,460000,0.31,1,0.999990952514284,Strong Premium,True,49.689999999999976
10460,Germany,Home Care,3.33,10,Premium,50,4.995,50.0,OK,False,460000,0.31,1,0.999990952514284,Strong Premium,True,49.69
10461,France,Food & Refreshment,12.49,10,Premium,55,19.3595,55.00000000000001,OK,True,430000,0.29,0,8.024217092590475e-16,Standard / Value,False,54.71000000000001
10462,UK,Home Care,8.66,4,Standard,25,10.825,25.0,OK,False,520000,0.32,0,8.248669927223737e-16,Standard / Value,True,24.68
10463,France,Personal Care,11.55,5,Standard,30,15.015,30.000000000000004,OK,True,430000,0.29,0,8.024217092590475e-16,Standard / Value,False,29.710000000000004
10464,UK,Food & Refreshment,10.85,8,Premium,55,16.8175,55.00000000000001,OK,True,520000,0.32,0,8.248669927223737e-16,Standard / Value,False,54.68000000000001
10465,Spain,Food & Refreshment,3.51,1,Value,12,3.9312,12.00000000000001,OK,True,410000,0.3,0,3.6196737287189683e-19,Standard / Value,False,11.70000000000001
10466,Germany,Personal Care,8.75,6,Standard,30,11.375,30.000000000000004,OK,True,460000,0.31,1,0.999990952514284,Strong Premium,False,29.690000000000005
10467,Spain,Food & Refreshment,13.08,4,Standard,28,16.7424,28.000000000000004,OK,True,410000,0.3,0,3.6196737287189683e-19,Standard / Value,False,27.700000000000003
10468,UK,Home Care,6.77,5,Standard,25,8.462499999999999,24.99999999999998,OK,False,520000,0.32,0,8.248669927223737e-16,Standard / Value,True,24.67999999999998
10469,UK,Home Care,14.52,5,Standard,25,18.15,25.0,OK,False,520000,0.32,0,8.248669927223737e-16,Standard / Value,True,24.68
10470,Spain,Personal Care,7.06,2,Value,15,8.119,15.000000000000014,OK,True,410000,0.3,0,3.6196737287189683e-19,Standard / Value,False,14.700000000000014
10471,UK,Home Care,2.57,8,Premium,50,3.854999999999999,50.0,OK,False,520000,0.32,0,8.248669927223737e-16,Standard / Value,True,49.68
10472,Spain,Personal Care,6.15,2,Value,15,7.0725,14.999999999999991,OK,False,410000,0.3,0,3.6196737287189683e-19,Standard / Value,True,14.69999999999999
10473,Germany,Personal Care,14.3,4,Standard,30,18.59,29.999999999999982,OK,False,460000,0.31,1,0.999990952514284,Strong Premium,True,29.689999999999984
10474,Spain,Home Care,5.14,5,Standard,25,6.425,25.0,OK,False,410000,0.3,0,3.6196737287189683e-19,Standard / Value,True,24.7
10475,Germany,Personal Care,13.09,1,Value,15,15.053499999999998,14.999999999999991,OK,False,460000,0.31,1,0.999990952514284,Strong Premium,True,14.68999999999999
10476,Spain,Home Care,13.28,6,Standard,25,16.599999999999998,25.0,OK,False,410000,0.3,0,3.6196737287189683e-19,Standard / Value,True,24.7
10477,UK,Food & Refreshment,5.58,2,Value,12,6.249600000000001,12.00000000000001,OK,True,520000,0.32,0,8.248669927223737e-16,Standard / Value,False,11.68000000000001
10478,Spain,Food & Refreshment,1.71,5,Standard,28,2.1888,28.000000000000004,OK,True,410000,0.3,0,3.6196737287189683e-19,Standard / Value,False,27.700000000000003
10479,UK,Personal Care,11.01,6,Standard,30,14.313,30.000000000000004,OK,True,520000,0.32,0,8.248669927223737e-16,Standard / Value,False,29.680000000000003
10480,Spain,Home Care,5.02,8,Premium,50,7.529999999999999,50.0,OK,False,410000,0.3,0,3.6196737287189683e-19,Standard / Value,True,49.7
10481,Spain,Home Care,11.85,9,Premium,50,17.775,50.0,OK,False,410000,0.3,0,3.6196737287189683e-19,Standard / Value,True,49.7
10482,France,Food & Refreshment,6.92,6,Standard,28,8.8576,28.000000000000004,OK,True,430000,0.29,0,8.024217092590475e-16,Standard / Value,False,27.710000000000004
10483,UK,Food & Refreshment,7.54,5,Standard,28,9.6512,28.000000000000025,OK,True,520000,0.32,0,8.248669927223737e-16,Standard / Value,False,27.680000000000025
10484,France,Home Care,11.78,4,Standard,25,14.725,25.0,OK,False,430000,0.29,0,8.024217092590475e-16,Standard / Value,True,24.71
10485,UK,Personal Care,6.04,2,Value,15,6.946,14.999999999999991,OK,False,520000,0.32,0,8.248669927223737e-16,Standard / Value,True,14.67999999999999
10486,France,Food & Refreshment,6.93,2,Value,12,7.7616,12.00000000000001,OK,True,430000,0.29,0,8.024217092590475e-16,Standard / Value,False,11.710000000000012
10487,Germany,Personal Care,5.95,7,Standard,30,7.735,30.000000000000004,OK,True,460000,0.31,1,0.999990952514284,Strong Premium,False,29.690000000000005
10488,Spain,Personal Care,5.83,5,Standard,30,7.579000000000001,30.000000000000004,OK,True,410000,0.3,0,3.6196737287189683e-19,Standard / Value,False,29.700000000000003
10489,UK,Food & Refreshment,8.13,7,Standard,28,10.4064,28.000000000000004,OK,True,520000,0.32,0,8.248669927223737e-16,Standard / Value,False,27.680000000000003
10490,UK,Personal Care,12.23,1,Value,15,14.0645,14.999999999999991,OK,False,520000,0.32,0,8.248669927223737e-16,Standard / Value,True,14.67999999999999
10491,Spain,Personal Care,5.75,1,Value,15,6.6125,14.999999999999991,OK,False,410000,0.3,0,3.6196737287189683e-19,Standard / Value,True,14.69999999999999
10492,UK,Home Care,8.1,5,Standard,25,10.125,25.0,OK,False,520000,0.32,0,8.248669927223737e-16,Standard / Value,True,24.68
10493,UK,Personal Care,10.23,2,Value,15,11.7645,14.999999999999991,OK,False,520000,0.32,0,8.248669927223737e-16,Standard / Value,True,14.67999999999999
10494,France,Home Care,4.41,8,Premium,50,6.615,50.0,OK,False,430000,0.29,0,8.024217092590475e-16,Standard / Value,True,49.71
10495,UK,Food & Refreshment,4.52,3,Value,12,5.0624,12.00000000000001,OK,True,520000,0.32,0,8.248669927223737e-16,Standard / Value,False,11.68000000000001
10496,Germany,Food & Refreshment,14.03,1,Value,12,15.7136,12.00000000000001,OK,True,460000,0.31,1,0.999990952514284,Strong Premium,False,11.69000000000001
10497,Germany,Home Care,10.99,2,Value,10,12.089,10.000000000000009,OK,True,460000,0.31,1,0.999990952514284,Strong Premium,False,9.690000000000008
10498,Spain,Food & Refreshment,8.87,10,Premium,55,13.7485,55.00000000000001,OK,True,410000,0.3,0,3.6196737287189683e-19,Standard / Value,False,54.70000000000001
10499,UK,Personal Care,9.89,10,Premium,60,15.824000000000002,60.00000000000001,OK,True,520000,0.32,0,8.248669927223737e-16,Standard / Value,False,59.68000000000001
10500,Spain,Personal Care,0.92,7,Standard,30,1.1960000000000002,30.000000000000004,OK,True,410000,0.3,0,3.6196737287189683e-19,Standard / Value,False,29.700000000000003
10501,Germany,Personal Care,9.46,6,Standard,30,12.298000000000002,30.000000000000004,OK,True,460000,0.31,1,0.999990952514284,Strong Premium,False,29.690000000000005
10502,UK,Food & Refreshment,7.89,8,Premium,55,12.2295,55.00000000000001,OK,True,520000,0.32,0,8.248669927223737e-16,Standard / Value,False,54.68000000000001
10503,UK,Personal Care,8.41,7,Standard,30,10.933,30.000000000000004,OK,True,520000,0.32,0,8.248669927223737e-16,Standard / Value,False,29.680000000000003
10504,Spain,Food & Refreshment,5.71,10,Premium,55,8.8505,55.00000000000001,OK,True,410000,0.3,0,3.6196737287189683e-19,Standard / Value,False,54.70000000000001
10505,Germany,Personal Care,1.68,8,Premium,60,2.688,60.00000000000001,OK,True,460000,0.31,1,0.999990952514284,Strong Premium,False,59.690000000000005
10506,UK,Home Care,3.3,3,Value,10,3.63,10.000000000000009,OK,True,520000,0.32,0,8.248669927223737e-16,Standard / Value,False,9.680000000000009
10507,Spain,Food & Refreshment,14.29,6,Standard,28,18.2912,28.000000000000004,OK,True,410000,0.3,0,3.6196737287189683e-19,Standard / Value,False,27.700000000000003
10508,Germany,Food & Refreshment,6.43,7,Standard,28,8.2304,28.000000000000004,OK,True,460000,0.31,1,0.999990952514284,Strong Premium,False,27.690000000000005
10509,Spain,Personal Care,7.27,10,Premium,60,11.632,60.00000000000001,OK,True,410000,0.3,0,3.6196737287189683e-19,Standard / Value,False,59.70000000000001
10510,France,Food & Refreshment,1.26,1,Value,12,1.4112000000000002,12.00000000000001,OK,True,430000,0.29,0,8.024217092590475e-16,Standard / Value,False,11.710000000000012
10511,UK,Food & Refreshment,1.04,1,Value,12,1.1648,12.00000000000001,OK,True,520000,0.32,0,8.248669927223737e-16,Standard / Value,False,11.68000000000001
10512,France,Home Care,10.9,7,Standard,25,13.625,25.0,OK,False,430000,0.29,0,8.024217092590475e-16,Standard / Value,True,24.71
10513,Germany,Home Care,8.3,3,Value,10,9.13,10.000000000000009,OK,True,460000,0.31,1,0.999990952514284,Strong Premium,False,9.690000000000008
10514,France,Personal Care,7.88,3,Value,15,9.062,14.999999999999991,OK,False,430000,0.29,0,8.024217092590475e-16,Standard / Value,True,14.709999999999992
10515,France,Home Care,4.03,5,Standard,25,5.0375000000000005,25.0,OK,False,430000,0.29,0,8.024217092590475e-16,Standard / Value,True,24.71
10516,Germany,Personal Care,11.3,6,Standard,30,14.69,30.000000000000004,OK,True,460000,0.31,1,0.999990952514284,Strong Premium,False,29.690000000000005
10517,Spain,Personal Care,2.94,2,Value,15,3.381,14.999999999999991,OK,False,410000,0.3,0,3.6196737287189683e-19,Standard / Value,True,14.69999999999999
10518,France,Personal Care,3.25,3,Value,15,3.7375,14.999999999999991,OK,False,430000,0.29,0,8.024217092590475e-16,Standard / Value,True,14.709999999999992
10519,Spain,Food & Refreshment,7.18,6,Standard,28,9.1904,28.000000000000004,OK,True,410000,0.3,0,3.6196737287189683e-19,Standard / Value,False,27.700000000000003
10520,France,Home Care,4.65,3,Value,10,5.115000000000001,10.000000000000009,OK,True,430000,0.29,0,8.024217092590475e-16,Standard / Value,False,9.71000000000001
10521,Spain,Personal Care,4.09,5,Standard,30,5.317,30.000000000000004,OK,True,410000,0.3,0,3.6196737287189683e-19,Standard / Value,False,29.700000000000003
10522,Germany,Home Care,9.86,9,Premium,50,14.79,50.0,OK,False,460000,0.31,1,0.999990952514284,Strong Premium,True,49.69
10523,France,Personal Care,9.94,3,Value,15,11.431,14.999999999999991,OK,False,430000,0.29,0,8.024217092590475e-16,Standard / Value,True,14.709999999999992
10524,Germany,Home Care,12.46,6,Standard,25,15.575,25.0,OK,False,460000,0.31,1,0.999990952514284,Strong Premium,True,24.69
10525,France,Home Care,6.56,5,Standard,25,8.2,25.0,OK,False,430000,0.29,0,8.024217092590475e-16,Standard / Value,True,24.71
10526,Germany,Personal Care,1.56,5,Standard,30,2.028,30.000000000000004,OK,True,460000,0.31,1,0.999990952514284,Strong Premium,False,29.690000000000005
10527,Germany,Food & Refreshment,4.47,6,Standard,28,5.7216,28.000000000000004,OK,True,460000,0.31,1,0.999990952514284,Strong Premium,False,27.690000000000005
10528,France,Home Care,14.71,6,Standard,25,18.387500000000003,25.00000000000002,OK,True,430000,0.29,0,8.024217092590475e-16,Standard / Value,False,24.710000000000022
10529,France,Food & Refreshment,9.15,1,Value,12,10.248,12.00000000000001,OK,True,430000,0.29,0,8.024217092590475e-16,Standard / Value,False,11.710000000000012
10530,France,Food & Refreshment,10.79,9,Premium,55,16.7245,55.00000000000001,OK,True,430000,0.29,0,8.024217092590475e-16,Standard / Value,False,54.71000000000001
10531,UK,Personal Care,0.61,5,Standard,30,0.793,30.000000000000004,OK,True,520000,0.32,0,8.248669927223737e-16,Standard / Value,False,29.680000000000003
10532,Spain,Personal Care,8.01,1,Value,15,9.2115,14.999999999999991,OK,False,410000,0.3,0,3.6196737287189683e-19,Standard / Value,True,14.69999999999999
10533,UK,Personal Care,1.04,8,Premium,60,1.664,60.00000000000001,OK,True,520000,0.32,0,8.248669927223737e-16,Standard / Value,False,59.68000000000001
10534,UK,Home Care,8.75,7,Standard,25,10.9375,25.0,OK,False,520000,0.32,0,8.248669927223737e-16,Standard / Value,True,24.68
10535,Germany,Personal Care,13.85,7,Standard,30,18.005,30.000000000000004,OK,True,460000,0.31,1,0.999990952514284,Strong Premium,False,29.690000000000005
10536,France,Personal Care,14.54,5,Standard,30,18.902,30.000000000000004,OK,True,430000,0.29,0,8.024217092590475e-16,Standard / Value,False,29.710000000000004
10537,Spain,Home Care,8.34,1,Value,10,9.174,10.000000000000009,OK,True,410000,0.3,0,3.6196737287189683e-19,Standard / Value,False,9.700000000000008
10538,Germany,Home Care,7.14,9,Premium,50,10.71,50.0,OK,False,460000,0.31,1,0.999990952514284,Strong Premium,True,49.69
10539,UK,Personal Care,14.2,9,Premium,60,22.72,60.00000000000001,OK,True,520000,0.32,0,8.248669927223737e-16,Standard / Value,False,59.68000000000001
10540,France,Personal Care,10.27,8,Premium,60,16.432,59.999999999999986,OK,False,430000,0.29,0,8.024217092590475e-16,Standard / Value,True,59.70999999999999
10541,Germany,Personal Care,1.44,5,Standard,30,1.872,30.000000000000004,OK,True,460000,0.31,1,0.999990952514284,Strong Premium,False,29.690000000000005
10542,France,Personal Care,7.25,3,Value,15,8.337499999999999,14.999999999999991,OK,False,430000,0.29,0,8.024217092590475e-16,Standard / Value,True,14.709999999999992
10543,Germany,Food & Refreshment,3.98,8,Premium,55,6.1690000000000005,55.00000000000001,OK,True,460000,0.31,1,0.999990952514284,Strong Premium,False,54.690000000000005
10544,France,Food & Refreshment,7.31,1,Value,12,8.1872,12.00000000000001,OK,True,430000,0.29,0,8.024217092590475e-16,Standard / Value,False,11.710000000000012
10545,UK,Personal Care,7.1,3,Value,15,8.165,14.999999999999991,OK,False,520000,0.32,0,8.248669927223737e-16,Standard / Value,True,14.67999999999999
10546,Spain,Food & Refreshment,8.94,7,Standard,28,11.4432,28.000000000000004,OK,True,410000,0.3,0,3.6196737287189683e-19,Standard / Value,False,27.700000000000003
10547,UK,Home Care,5.67,4,Standard,25,7.0875,25.0,OK,False,520000,0.32,0,8.248669927223737e-16,Standard / Value,True,24.68
10548,Spain,Food & Refreshment,2.88,7,Standard,28,3.6864,28.000000000000004,OK,True,410000,0.3,0,3.6196737287189683e-19,Standard / Value,False,27.700000000000003
10549,France,Food & Refreshment,7.8,5,Standard,28,9.984,28.000000000000004,OK,True,430000,0.29,0,8.024217092590475e-16,Standard / Value,False,27.710000000000004
10550,Germany,Personal Care,12.54,6,Standard,30,16.302,30.000000000000004,OK,True,460000,0.31,1,0.999990952514284,Strong Premium,False,29.690000000000005
10551,UK,Food & Refreshment,10.13,7,Standard,28,12.966400000000002,28.000000000000004,OK,True,520000,0.32,0,8.248669927223737e-16,Standard / Value,False,27.680000000000003
10552,Spain,Food & Refreshment,5.41,10,Premium,55,8.3855,55.00000000000001,OK,True,410000,0.3,0,3.6196737287189683e-19,Standard / Value,False,54.70000000000001
10553,UK,Food & Refreshment,14.07,7,Standard,28,18.009600000000002,28.000000000000025,OK,True,520000,0.32,0,8.248669927223737e-16,Standard / Value,False,27.680000000000025
10554,Spain,Food & Refreshment,13.73,7,Standard,28,17.5744,28.000000000000004,OK,True,410000,0.3,0,3.6196737287189683e-19,Standard / Value,False,27.700000000000003
10555,UK,Home Care,3.54,7,Standard,25,4.425,25.0,OK,False,520000,0.32,0,8.248669927223737e-16,Standard / Value,True,24.68
10556,Spain,Personal Care,1.07,7,Standard,30,1.3910000000000002,30.000000000000004,OK,True,410000,0.3,0,3.6196737287189683e-19,Standard / Value,False,29.700000000000003
10557,Spain,Personal Care,11.25,3,Value,15,12.937499999999998,14.999999999999991,OK,False,410000,0.3,0,3.6196737287189683e-19,Standard / Value,True,14.69999999999999
10558,France,Home Care,12.5,3,Value,10,13.750000000000002,10.000000000000009,OK,True,430000,0.29,0,8.024217092590475e-16,Standard / Value,False,9.71000000000001
10559,Spain,Food & Refreshment,14.53,7,Standard,28,18.5984,28.000000000000004,OK,True,410000,0.3,0,3.6196737287189683e-19,Standard / Value,False,27.700000000000003
10560,France,Home Care,13.4,2,Value,10,14.740000000000002,10.000000000000009,OK,True,430000,0.29,0,8.024217092590475e-16,Standard / Value,False,9.71000000000001
10561,Spain,Food & Refreshment,9.21,2,Value,12,10.315200000000004,12.00000000000001,OK,True,410000,0.3,0,3.6196737287189683e-19,Standard / Value,False,11.70000000000001
10562,Germany,Home Care,8.19,3,Value,10,9.009,10.000000000000009,OK,True,460000,0.31,1,0.999990952514284,Strong Premium,False,9.690000000000008
10563,Germany,Personal Care,0.9,4,Standard,30,1.1700000000000002,30.000000000000004,OK,True,460000,0.31,1,0.999990952514284,Strong Premium,False,29.690000000000005
10564,Germany,Personal Care,4.08,6,Standard,30,5.304,30.000000000000004,OK,True,460000,0.31,1,0.999990952514284,Strong Premium,False,29.690000000000005
10565,Spain,Personal Care,7.16,8,Premium,60,11.456,60.00000000000001,OK,True,410000,0.3,0,3.6196737287189683e-19,Standard / Value,False,59.70000000000001
10566,France,Food & Refreshment,9.61,10,Premium,55,14.8955,55.00000000000001,OK,True,430000,0.29,0,8.024217092590475e-16,Standard / Value,False,54.71000000000001
10567,France,Food & Refreshment,8.58,10,Premium,55,13.299,55.00000000000001,OK,True,430000,0.29,0,8.024217092590475e-16,Standard / Value,False,54.71000000000001
10568,Spain,Home Care,11.27,7,Standard,25,14.0875,25.0,OK,False,410000,0.3,0,3.6196737287189683e-19,Standard / Value,True,24.7
10569,Germany,Home Care,4.56,4,Standard,25,5.699999999999999,25.0,OK,False,460000,0.31,1,0.999990952514284,Strong Premium,True,24.69
10570,Germany,Personal Care,8.69,2,Value,15,9.9935,14.999999999999991,OK,False,460000,0.31,1,0.999990952514284,Strong Premium,True,14.68999999999999
10571,France,Food & Refreshment,1.78,2,Value,12,1.9936000000000005,12.00000000000001,OK,True,430000,0.29,0,8.024217092590475e-16,Standard / Value,False,11.710000000000012
10572,Germany,Home Care,6.5,4,Standard,25,8.125,25.0,OK,False,460000,0.31,1,0.999990952514284,Strong Premium,True,24.69
10573,UK,Food & Refreshment,11.38,6,Standard,28,14.566400000000002,28.000000000000004,OK,True,520000,0.32,0,8.248669927223737e-16,Standard / Value,False,27.680000000000003
10574,France,Food & Refreshment,10.55,3,Value,12,11.816000000000004,12.00000000000001,OK,True,430000,0.29,0,8.024217092590475e-16,Standard / Value,False,11.710000000000012
10575,Germany,Personal Care,14.86,6,Standard,30,19.318,30.000000000000004,OK,True,460000,0.31,1,0.999990952514284,Strong Premium,False,29.690000000000005
10576,France,Personal Care,4.53,5,Standard,30,5.889,30.000000000000004,OK,True,430000,0.29,0,8.024217092590475e-16,Standard / Value,False,29.710000000000004
10577,UK,Food & Refreshment,7.72,5,Standard,28,9.8816,28.000000000000004,OK,True,520000,0.32,0,8.248669927223737e-16,Standard / Value,False,27.680000000000003
10578,France,Food & Refreshment,5.28,2,Value,12,5.913600000000001,12.00000000000001,OK,True,430000,0.29,0,8.024217092590475e-16,Standard / Value,False,11.710000000000012
10579,France,Food & Refreshment,6.89,8,Premium,55,10.6795,55.00000000000001,OK,True,430000,0.29,0,8.024217092590475e-16,Standard / Value,False,54.71000000000001
10580,France,Food & Refreshment,12.93,5,Standard,28,16.5504,28.000000000000004,OK,True,430000,0.29,0,8.024217092590475e-16,Standard / Value,False,27.710000000000004
10581,France,Personal Care,10.42,2,Value,15,11.983,14.999999999999991,OK,False,430000,0.29,0,8.024217092590475e-16,Standard / Value,True,14.709999999999992
10582,UK,Home Care,13.3,7,Standard,25,16.625,25.0,OK,False,520000,0.32,0,8.248669927223737e-16,Standard / Value,True,24.68
10583,Spain,Personal Care,3.45,9,Premium,60,5.5200000000000005,60.00000000000001,OK,True,410000,0.3,0,3.6196737287189683e-19,Standard / Value,False,59.70000000000001
10584,France,Home Care,13.16,9,Premium,50,19.74,50.00000000000002,OK,True,430000,0.29,0,8.024217092590475e-16,Standard / Value,False,49.71000000000002
10585,France,Food & Refreshment,1.37,1,Value,12,1.5344000000000002,12.00000000000001,OK,True,430000,0.29,0,8.024217092590475e-16,Standard / Value,False,11.710000000000012
10586,Germany,Home Care,13.38,7,Standard,25,16.725,25.0,OK,False,460000,0.31,1,0.999990952514284,Strong Premium,True,24.69
10587,France,Personal Care,5.27,9,Premium,60,8.432,60.00000000000003,OK,True,430000,0.29,0,8.024217092590475e-16,Standard / Value,False,59.71000000000003
10588,Germany,Personal Care,5.06,6,Standard,30,6.577999999999999,30.000000000000004,OK,True,460000,0.31,1,0.999990952514284,Strong Premium,False,29.690000000000005
10589,Spain,Food & Refreshment,7.93,1,Value,12,8.8816,12.00000000000001,OK,True,410000,0.3,0,3.6196737287189683e-19,Standard / Value,False,11.70000000000001
10590,UK,Personal Care,14.14,2,Value,15,16.261,14.999999999999991,OK,False,520000,0.32,0,8.248669927223737e-16,Standard / Value,True,14.67999999999999
10591,UK,Food & Refreshment,1.19,4,Standard,28,1.5232,28.000000000000004,OK,True,520000,0.32,0,8.248669927223737e-16,Standard / Value,False,27.680000000000003
10592,Spain,Personal Care,5.61,4,Standard,30,7.293000000000001,30.000000000000004,OK,True,410000,0.3,0,3.6196737287189683e-19,Standard / Value,False,29.700000000000003
10593,UK,Personal Care,12.92,2,Value,15,14.858,14.999999999999991,OK,False,520000,0.32,0,8.248669927223737e-16,Standard / Value,True,14.67999999999999
10594,Spain,Food & Refreshment,6.24,8,Premium,55,9.672,55.00000000000001,OK,True,410000,0.3,0,3.6196737287189683e-19,Standard / Value,False,54.70000000000001
10595,Spain,Home Care,3.39,2,Value,10,3.729000000000001,10.000000000000009,OK,True,410000,0.3,0,3.6196737287189683e-19,Standard / Value,False,9.700000000000008
10596,Spain,Personal Care,6.66,3,Value,15,7.659,14.999999999999991,OK,False,410000,0.3,0,3.6196737287189683e-19,Standard / Value,True,14.69999999999999
10597,UK,Home Care,6.09,4,Standard,25,7.6125,25.0,OK,False,520000,0.32,0,8.248669927223737e-16,Standard / Value,True,24.68
10598,Germany,Personal Care,13.77,9,Premium,60,22.032,60.00000000000001,OK,True,460000,0.31,1,0.999990952514284,Strong Premium,False,59.690000000000005
10599,Spain,Personal Care,11.55,10,Premium,60,18.48,59.999999999999986,OK,False,410000,0.3,0,3.6196737287189683e-19,Standard / Value,True,59.69999999999999
10600,France,Personal Care,7.82,1,Value,15,8.993,14.999999999999991,OK,False,430000,0.29,0,8.024217092590475e-16,Standard / Value,True,14.709999999999992
10601,UK,Personal Care,14.83,8,Premium,60,23.728,60.00000000000001,OK,True,520000,0.32,0,8.248669927223737e-16,Standard / Value,False,59.68000000000001
10602,Spain,Home Care,7.25,5,Standard,25,9.0625,25.0,OK,False,410000,0.3,0,3.6196737287189683e-19,Standard / Value,True,24.7
10603,Spain,Home Care,1.34,7,Standard,25,1.675,25.0,OK,False,410000,0.3,0,3.6196737287189683e-19,Standard / Value,True,24.7
10604,France,Personal Care,4.3,8,Premium,60,6.88,60.00000000000001,OK,True,430000,0.29,0,8.024217092590475e-16,Standard / Value,False,59.71000000000001
10605,Germany,Personal Care,6.82,5,Standard,30,8.866000000000001,30.00000000000003,OK,True,460000,0.31,1,0.999990952514284,Strong Premium,False,29.69000000000003
10606,Germany,Home Care,2.78,8,Premium,50,4.17,50.0,OK,False,460000,0.31,1,0.999990952514284,Strong Premium,True,49.69
10607,Germany,Food & Refreshment,14.24,10,Premium,55,22.072000000000003,55.00000000000003,OK,True,460000,0.31,1,0.999990952514284,Strong Premium,False,54.690000000000026
10608,Spain,Food & Refreshment,11.62,8,Premium,55,18.011,55.00000000000001,OK,True,410000,0.3,0,3.6196737287189683e-19,Standard / Value,False,54.70000000000001
10609,Spain,Home Care,4.39,9,Premium,50,6.584999999999999,50.0,OK,False,410000,0.3,0,3.6196737287189683e-19,Standard / Value,True,49.7
10610,Spain,Personal Care,9.07,2,Value,15,10.4305,14.999999999999991,OK,False,410000,0.3,0,3.6196737287189683e-19,Standard / Value,True,14.69999999999999
10611,UK,Personal Care,10.96,3,Value,15,12.604,14.999999999999991,OK,False,520000,0.32,0,8.248669927223737e-16,Standard / Value,True,14.67999999999999
10612,France,Food & Refreshment,14.15,1,Value,12,15.848000000000004,12.00000000000001,OK,True,430000,0.29,0,8.024217092590475e-16,Standard / Value,False,11.710000000000012
10613,Spain,Food & Refreshment,13.28,4,Standard,28,16.9984,28.000000000000004,OK,True,410000,0.3,0,3.6196737287189683e-19,Standard / Value,False,27.700000000000003
10614,France,Home Care,7.97,5,Standard,25,9.9625,25.0,OK,False,430000,0.29,0,8.024217092590475e-16,Standard / Value,True,24.71
10615,France,Food & Refreshment,11.73,1,Value,12,13.137600000000004,12.00000000000001,OK,True,430000,0.29,0,8.024217092590475e-16,Standard / Value,False,11.710000000000012
10616,Germany,Home Care,8.65,8,Premium,50,12.975,50.0,OK,False,460000,0.31,1,0.999990952514284,Strong Premium,True,49.69
10617,UK,Food & Refreshment,8.51,2,Value,12,9.5312,12.00000000000001,OK,True,520000,0.32,0,8.248669927223737e-16,Standard / Value,False,11.68000000000001
10618,Spain,Food & Refreshment,2.16,1,Value,12,2.4192000000000005,12.00000000000001,OK,True,410000,0.3,0,3.6196737287189683e-19,Standard / Value,False,11.70000000000001
10619,Germany,Food & Refreshment,2.33,2,Value,12,2.6096000000000004,12.00000000000001,OK,True,460000,0.31,1,0.999990952514284,Strong Premium,False,11.69000000000001
10620,Germany,Personal Care,8.18,5,Standard,30,10.634,30.000000000000004,OK,True,460000,0.31,1,0.999990952514284,Strong Premium,False,29.690000000000005
10621,Spain,Personal Care,4.4,9,Premium,60,7.040000000000001,60.00000000000001,OK,True,410000,0.3,0,3.6196737287189683e-19,Standard / Value,False,59.70000000000001
10622,France,Personal Care,0.81,9,Premium,60,1.2960000000000005,60.00000000000003,OK,True,430000,0.29,0,8.024217092590475e-16,Standard / Value,False,59.71000000000003
10623,Germany,Food & Refreshment,10.98,2,Value,12,12.2976,12.00000000000001,OK,True,460000,0.31,1,0.999990952514284,Strong Premium,False,11.69000000000001
10624,France,Home Care,0.97,2,Value,10,1.067,9.999999999999986,OK,False,430000,0.29,0,8.024217092590475e-16,Standard / Value,True,9.709999999999987
10625,UK,Home Care,9.13,3,Value,10,10.043,10.000000000000009,OK,True,520000,0.32,0,8.248669927223737e-16,Standard / Value,False,9.680000000000009
10626,France,Home Care,8.32,7,Standard,25,10.4,25.0,OK,False,430000,0.29,0,8.024217092590475e-16,Standard / Value,True,24.71
10627,UK,Home Care,14.55,3,Value,10,16.005000000000003,10.000000000000009,OK,True,520000,0.32,0,8.248669927223737e-16,Standard / Value,False,9.680000000000009
10628,France,Personal Care,7.52,1,Value,15,8.648,15.000000000000014,OK,True,430000,0.29,0,8.024217092590475e-16,Standard / Value,False,14.710000000000015
10629,Germany,Personal Care,1.42,6,Standard,30,1.846,30.000000000000004,OK,True,460000,0.31,1,0.999990952514284,Strong Premium,False,29.690000000000005
10630,Germany,Food & Refreshment,8.5,3,Value,12,9.52,12.00000000000001,OK,True,460000,0.31,1,0.999990952514284,Strong Premium,False,11.69000000000001
10631,UK,Food & Refreshment,12.7,1,Value,12,14.224,12.00000000000001,OK,True,520000,0.32,0,8.248669927223737e-16,Standard / Value,False,11.68000000000001
10632,Spain,Home Care,14.95,4,Standard,25,18.6875,25.0,OK,False,410000,0.3,0,3.6196737287189683e-19,Standard / Value,True,24.7
10633,UK,Personal Care,6.74,1,Value,15,7.751,14.999999999999991,OK,False,520000,0.32,0,8.248669927223737e-16,Standard / Value,True,14.67999999999999
10634,UK,Home Care,5.14,1,Value,10,5.654,10.000000000000009,OK,True,520000,0.32,0,8.248669927223737e-16,Standard / Value,False,9.680000000000009
10635,France,Food & Refreshment,13.65,2,Value,12,15.288000000000002,12.00000000000001,OK,True,430000,0.29,0,8.024217092590475e-16,Standard / Value,False,11.710000000000012
10636,France,Food & Refreshment,3.27,10,Premium,55,5.0685,55.00000000000001,OK,True,430000,0.29,0,8.024217092590475e-16,Standard / Value,False,54.71000000000001
10637,UK,Home Care,9.42,8,Premium,50,14.13,50.0,OK,False,520000,0.32,0,8.248669927223737e-16,Standard / Value,True,49.68
10638,Germany,Food & Refreshment,6.38,2,Value,12,7.145600000000001,12.00000000000001,OK,True,460000,0.31,1,0.999990952514284,Strong Premium,False,11.69000000000001
10639,France,Home Care,1.1,2,Value,10,1.2100000000000002,10.000000000000009,OK,True,430000,0.29,0,8.024217092590475e-16,Standard / Value,False,9.71000000000001
10640,Spain,Personal Care,5.54,10,Premium,60,8.864,60.00000000000001,OK,True,410000,0.3,0,3.6196737287189683e-19,Standard / Value,False,59.70000000000001
10641,France,Home Care,4.35,10,Premium,50,6.5249999999999995,50.0,OK,False,430000,0.29,0,8.024217092590475e-16,Standard / Value,True,49.71
10642,France,Personal Care,10.45,8,Premium,60,16.72,60.00000000000001,OK,True,430000,0.29,0,8.024217092590475e-16,Standard / Value,False,59.71000000000001
10643,Spain,Personal Care,14.26,6,Standard,30,18.538,30.000000000000004,OK,True,410000,0.3,0,3.6196737287189683e-19,Standard / Value,False,29.700000000000003
10644,UK,Food & Refreshment,4.39,4,Standard,28,5.619199999999999,28.000000000000004,OK,True,520000,0.32,0,8.248669927223737e-16,Standard / Value,False,27.680000000000003
10645,Spain,Food & Refreshment,12.27,3,Value,12,13.7424,12.00000000000001,OK,True,410000,0.3,0,3.6196737287189683e-19,Standard / Value,False,11.70000000000001
10646,UK,Food & Refreshment,1.3,1,Value,12,1.4560000000000002,12.00000000000001,OK,True,520000,0.32,0,8.248669927223737e-16,Standard / Value,False,11.68000000000001
10647,UK,Home Care,8.3,3,Value,10,9.13,10.000000000000009,OK,True,520000,0.32,0,8.248669927223737e-16,Standard / Value,False,9.680000000000009
10648,UK,Home Care,1.52,9,Premium,50,2.28,50.00000000000002,OK,True,520000,0.32,0,8.248669927223737e-16,Standard / Value,False,49.68000000000002
10649,Spain,Food & Refreshment,14.04,5,Standard,28,17.9712,28.000000000000004,OK,True,410000,0.3,0,3.6196737287189683e-19,Standard / Value,False,27.700000000000003
10650,UK,Home Care,11.61,6,Standard,25,14.5125,25.0,OK,False,520000,0.32,0,8.248669927223737e-16,Standard / Value,True,24.68
10651,Germany,Food & Refreshment,10.04,5,Standard,28,12.8512,28.000000000000004,OK,True,460000,0.31,1,0.999990952514284,Strong Premium,False,27.690000000000005
10652,Spain,Home Care,12.45,1,Value,10,13.695,10.000000000000009,OK,True,410000,0.3,0,3.6196737287189683e-19,Standard / Value,False,9.700000000000008
10653,Germany,Personal Care,9.89,10,Premium,60,15.824000000000002,60.00000000000001,OK,True,460000,0.31,1,0.999990952514284,Strong Premium,False,59.690000000000005
10654,UK,Personal Care,14.55,1,Value,15,16.732499999999998,14.999999999999991,OK,False,520000,0.32,0,8.248669927223737e-16,Standard / Value,True,14.67999999999999
10655,France,Food & Refreshment,10.85,4,Standard,28,13.888,28.000000000000004,OK,True,430000,0.29,0,8.024217092590475e-16,Standard / Value,False,27.710000000000004
10656,UK,Home Care,13.91,3,Value,10,15.301000000000002,10.000000000000009,OK,True,520000,0.32,0,8.248669927223737e-16,Standard / Value,False,9.680000000000009
10657,Germany,Home Care,8.0,8,Premium,50,12.0,50.0,OK,False,460000,0.31,1,0.999990952514284,Strong Premium,True,49.69
10658,Germany,Personal Care,2.2,7,Standard,30,2.8600000000000003,30.000000000000004,OK,True,460000,0.31,1,0.999990952514284,Strong Premium,False,29.690000000000005
10659,Spain,Personal Care,8.16,7,Standard,30,10.608,30.000000000000004,OK,True,410000,0.3,0,3.6196737287189683e-19,Standard / Value,False,29.700000000000003
10660,France,Food & Refreshment,2.34,8,Premium,55,3.627,55.00000000000001,OK,True,430000,0.29,0,8.024217092590475e-16,Standard / Value,False,54.71000000000001
10661,Spain,Personal Care,9.09,10,Premium,60,14.544,60.00000000000001,OK,True,410000,0.3,0,3.6196737287189683e-19,Standard / Value,False,59.70000000000001
10662,Germany,Food & Refreshment,7.5,7,Standard,28,9.6,28.000000000000004,OK,True,460000,0.31,1,0.999990952514284,Strong Premium,False,27.690000000000005
10663,UK,Personal Care,9.53,10,Premium,60,15.248,60.00000000000001,OK,True,520000,0.32,0,8.248669927223737e-16,Standard / Value,False,59.68000000000001
10664,France,Personal Care,0.65,2,Value,15,0.7474999999999999,14.999999999999991,OK,False,430000,0.29,0,8.024217092590475e-16,Standard / Value,True,14.709999999999992
10665,UK,Home Care,3.33,4,Standard,25,4.1625,24.99999999999998,OK,False,520000,0.32,0,8.248669927223737e-16,Standard / Value,True,24.67999999999998
10666,UK,Personal Care,7.62,6,Standard,30,9.906,30.000000000000004,OK,True,520000,0.32,0,8.248669927223737e-16,Standard / Value,False,29.680000000000003
10667,France,Personal Care,14.28,3,Value,15,16.421999999999997,14.999999999999991,OK,False,430000,0.29,0,8.024217092590475e-16,Standard / Value,True,14.709999999999992
10668,Spain,Food & Refreshment,6.06,3,Value,12,6.7872,12.00000000000001,OK,True,410000,0.3,0,3.6196737287189683e-19,Standard / Value,False,11.70000000000001
10669,UK,Personal Care,6.65,6,Standard,30,8.645000000000001,30.000000000000004,OK,True,520000,0.32,0,8.248669927223737e-16,Standard / Value,False,29.680000000000003
10670,Germany,Food & Refreshment,10.86,1,Value,12,12.1632,12.00000000000001,OK,True,460000,0.31,1,0.999990952514284,Strong Premium,False,11.69000000000001
10671,UK,Personal Care,9.25,1,Value,15,10.6375,14.999999999999991,OK,False,520000,0.32,0,8.248669927223737e-16,Standard / Value,True,14.67999999999999
10672,France,Personal Care,4.83,5,Standard,30,6.279,30.000000000000004,OK,True,430000,0.29,0,8.024217092590475e-16,Standard / Value,False,29.710000000000004
10673,France,Food & Refreshment,6.46,1,Value,12,7.235200000000001,12.00000000000001,OK,True,430000,0.29,0,8.024217092590475e-16,Standard / Value,False,11.710000000000012
10674,France,Home Care,3.66,10,Premium,50,5.49,50.0,OK,False,430000,0.29,0,8.024217092590475e-16,Standard / Value,True,49.71
10675,Spain,Food & Refreshment,14.51,8,Premium,55,22.4905,55.00000000000001,OK,True,410000,0.3,0,3.6196737287189683e-19,Standard / Value,False,54.70000000000001
10676,UK,Food & Refreshment,2.39,2,Value,12,2.6768000000000005,12.00000000000001,OK,True,520000,0.32,0,8.248669927223737e-16,Standard / Value,False,11.68000000000001
10677,Spain,Food & Refreshment,5.89,6,Standard,28,7.5392,28.000000000000004,OK,True,410000,0.3,0,3.6196737287189683e-19,Standard / Value,False,27.700000000000003
10678,Spain,Home Care,0.87,10,Premium,50,1.305,50.0,OK,False,410000,0.3,0,3.6196737287189683e-19,Standard / Value,True,49.7
10679,France,Personal Care,3.72,10,Premium,60,5.952000000000001,60.00000000000001,OK,True,430000,0.29,0,8.024217092590475e-16,Standard / Value,False,59.71000000000001
10680,France,Food & Refreshment,11.82,5,Standard,28,15.1296,28.000000000000004,OK,True,430000,0.29,0,8.024217092590475e-16,Standard / Value,False,27.710000000000004
10681,Spain,Food & Refreshment,3.42,10,Premium,55,5.301,55.00000000000001,OK,True,410000,0.3,0,3.6196737287189683e-19,Standard / Value,False,54.70000000000001
10682,UK,Home Care,1.66,4,Standard,25,2.0749999999999997,25.0,OK,False,520000,0.32,0,8.248669927223737e-16,Standard / Value,True,24.68
10683,Germany,Food & Refreshment,7.38,1,Value,12,8.265600000000001,12.00000000000001,OK,True,460000,0.31,1,0.999990952514284,Strong Premium,False,11.69000000000001
10684,Spain,Personal Care,0.64,3,Value,15,0.736,14.999999999999991,OK,False,410000,0.3,0,3.6196737287189683e-19,Standard / Value,True,14.69999999999999
10685,UK,Home Care,1.73,4,Standard,25,2.1625,25.0,OK,False,520000,0.32,0,8.248669927223737e-16,Standard / Value,True,24.68
10686,France,Personal Care,12.21,2,Value,15,14.0415,14.999999999999991,OK,False,430000,0.29,0,8.024217092590475e-16,Standard / Value,True,14.709999999999992
10687,France,Personal Care,11.69,2,Value,15,13.443499999999998,14.999999999999991,OK,False,430000,0.29,0,8.024217092590475e-16,Standard / Value,True,14.709999999999992
10688,UK,Home Care,13.77,2,Value,10,15.147,10.000000000000009,OK,True,520000,0.32,0,8.248669927223737e-16,Standard / Value,False,9.680000000000009
10689,Germany,Food & Refreshment,12.89,1,Value,12,14.436800000000002,12.00000000000001,OK,True,460000,0.31,1,0.999990952514284,Strong Premium,False,11.69000000000001
10690,France,Personal Care,10.41,10,Premium,60,16.656000000000002,60.00000000000003,OK,True,430000,0.29,0,8.024217092590475e-16,Standard / Value,False,59.71000000000003
10691,France,Personal Care,1.26,2,Value,15,1.4489999999999998,14.999999999999991,OK,False,430000,0.29,0,8.024217092590475e-16,Standard / Value,True,14.709999999999992
10692,France,Personal Care,11.85,6,Standard,30,15.405,30.000000000000004,OK,True,430000,0.29,0,8.024217092590475e-16,Standard / Value,False,29.710000000000004
10693,UK,Personal Care,12.76,3,Value,15,14.674,14.999999999999991,OK,False,520000,0.32,0,8.248669927223737e-16,Standard / Value,True,14.67999999999999
10694,Spain,Home Care,12.09,10,Premium,50,18.135,49.99999999999998,OK,False,410000,0.3,0,3.6196737287189683e-19,Standard / Value,True,49.69999999999998
10695,France,Home Care,7.87,5,Standard,25,9.8375,25.0,OK,False,430000,0.29,0,8.024217092590475e-16,Standard / Value,True,24.71
10696,Spain,Personal Care,3.88,1,Value,15,4.462,14.999999999999991,OK,False,410000,0.3,0,3.6196737287189683e-19,Standard / Value,True,14.69999999999999
10697,Germany,Food & Refreshment,12.76,8,Premium,55,19.778,54.999999999999986,OK,False,460000,0.31,1,0.999990952514284,Strong Premium,True,54.68999999999998
10698,France,Personal Care,11.04,4,Standard,30,14.352,30.000000000000004,OK,True,430000,0.29,0,8.024217092590475e-16,Standard / Value,False,29.710000000000004
10699,France,Food & Refreshment,14.72,9,Premium,55,22.816000000000003,55.00000000000001,OK,True,430000,0.29,0,8.024217092590475e-16,Standard / Value,False,54.71000000000001
10700,Germany,Personal Care,2.76,4,Standard,30,3.5879999999999996,30.000000000000004,OK,True,460000,0.31,1,0.999990952514284,Strong Premium,False,29.690000000000005
10701,France,Food & Refreshment,3.77,2,Value,12,4.2224,12.00000000000001,OK,True,430000,0.29,0,8.024217092590475e-16,Standard / Value,False,11.710000000000012
10702,Spain,Personal Care,3.57,3,Value,15,4.105499999999999,14.999999999999991,OK,False,410000,0.3,0,3.6196737287189683e-19,Standard / Value,True,14.69999999999999
10703,UK,Food & Refreshment,11.99,5,Standard,28,15.3472,28.000000000000004,OK,True,520000,0.32,0,8.248669927223737e-16,Standard / Value,False,27.680000000000003
10704,Spain,Personal Care,3.21,10,Premium,60,5.136,60.00000000000001,OK,True,410000,0.3,0,3.6196737287189683e-19,Standard / Value,False,59.70000000000001
10705,UK,Personal Care,1.47,6,Standard,30,1.911,30.000000000000004,OK,True,520000,0.32,0,8.248669927223737e-16,Standard / Value,False,29.680000000000003
10706,UK,Food & Refreshment,14.98,7,Standard,28,19.1744,28.000000000000004,OK,True,520000,0.32,0,8.248669927223737e-16,Standard / Value,False,27.680000000000003
10707,Spain,Home Care,0.86,4,Standard,25,1.075,25.0,OK,False,410000,0.3,0,3.6196737287189683e-19,Standard / Value,True,24.7
10708,Spain,Food & Refreshment,12.61,7,Standard,28,16.1408,28.000000000000004,OK,True,410000,0.3,0,3.6196737287189683e-19,Standard / Value,False,27.700000000000003
10709,Spain,Home Care,5.8,10,Premium,50,8.7,50.0,OK,False,410000,0.3,0,3.6196737287189683e-19,Standard / Value,True,49.7
10710,Spain,Personal Care,12.7,3,Value,15,14.605,14.999999999999991,OK,False,410000,0.3,0,3.6196737287189683e-19,Standard / Value,True,14.69999999999999
10711,Germany,Food & Refreshment,8.54,7,Standard,28,10.9312,28.000000000000004,OK,True,460000,0.31,1,0.999990952514284,Strong Premium,False,27.690000000000005
10712,France,Food & Refreshment,13.57,4,Standard,28,17.369600000000002,28.000000000000004,OK,True,430000,0.29,0,8.024217092590475e-16,Standard / Value,False,27.710000000000004
10713,UK,Food & Refreshment,13.93,8,Premium,55,21.5915,55.00000000000001,OK,True,520000,0.32,0,8.248669927223737e-16,Standard / Value,False,54.68000000000001
10714,Spain,Home Care,0.63,9,Premium,50,0.945,50.0,OK,False,410000,0.3,0,3.6196737287189683e-19,Standard / Value,True,49.7
10715,Spain,Home Care,1.59,7,Standard,25,1.9875,25.0,OK,False,410000,0.3,0,3.6196737287189683e-19,Standard / Value,True,24.7
10716,Spain,Personal Care,4.13,8,Premium,60,6.6080000000000005,60.00000000000001,OK,True,410000,0.3,0,3.6196737287189683e-19,Standard / Value,False,59.70000000000001
10717,Germany,Home Care,10.21,8,Premium,50,15.315,50.0,OK,False,460000,0.31,1,0.999990952514284,Strong Premium,True,49.69
10718,Spain,Home Care,13.38,2,Value,10,14.718000000000002,10.000000000000009,OK,True,410000,0.3,0,3.6196737287189683e-19,Standard / Value,False,9.700000000000008
10719,Spain,Personal Care,7.17,9,Premium,60,11.472,60.00000000000001,OK,True,410000,0.3,0,3.6196737287189683e-19,Standard / Value,False,59.70000000000001
10720,Spain,Food & Refreshment,9.3,6,Standard,28,11.904000000000002,28.000000000000004,OK,True,410000,0.3,0,3.6196737287189683e-19,Standard / Value,False,27.700000000000003
10721,France,Food & Refreshment,3.23,4,Standard,28,4.1344,28.000000000000004,OK,True,430000,0.29,0,8.024217092590475e-16,Standard / Value,False,27.710000000000004
10722,Germany,Personal Care,12.17,5,Standard,30,15.821,30.000000000000004,OK,True,460000,0.31,1,0.999990952514284,Strong Premium,False,29.690000000000005
10723,Spain,Food & Refreshment,14.53,10,Premium,55,22.5215,55.00000000000001,OK,True,410000,0.3,0,3.6196737287189683e-19,Standard / Value,False,54.70000000000001
10724,UK,Home Care,4.39,5,Standard,25,5.4875,25.0,OK,False,520000,0.32,0,8.248669927223737e-16,Standard / Value,True,24.68
10725,UK,Personal Care,7.67,7,Standard,30,9.971,30.000000000000004,OK,True,520000,0.32,0,8.248669927223737e-16,Standard / Value,False,29.680000000000003
10726,UK,Personal Care,1.75,9,Premium,60,2.8000000000000003,60.00000000000001,OK,True,520000,0.32,0,8.248669927223737e-16,Standard / Value,False,59.68000000000001
10727,Germany,Personal Care,8.61,7,Standard,30,11.193,30.000000000000004,OK,True,460000,0.31,1,0.999990952514284,Strong Premium,False,29.690000000000005
10728,Germany,Food & Refreshment,7.79,9,Premium,55,12.0745,55.00000000000001,OK,True,460000,0.31,1,0.999990952514284,Strong Premium,False,54.690000000000005
10729,UK,Personal Care,2.59,4,Standard,30,3.367,30.000000000000004,OK,True,520000,0.32,0,8.248669927223737e-16,Standard / Value,False,29.680000000000003
10730,Spain,Personal Care,6.91,10,Premium,60,11.056,60.00000000000001,OK,True,410000,0.3,0,3.6196737287189683e-19,Standard / Value,False,59.70000000000001
10731,Germany,Personal Care,5.34,10,Premium,60,8.544,60.00000000000001,OK,True,460000,0.31,1,0.999990952514284,Strong Premium,False,59.690000000000005
10732,UK,Food & Refreshment,8.07,4,Standard,28,10.3296,28.000000000000004,OK,True,520000,0.32,0,8.248669927223737e-16,Standard / Value,False,27.680000000000003
10733,UK,Home Care,8.99,6,Standard,25,11.2375,25.0,OK,False,520000,0.32,0,8.248669927223737e-16,Standard / Value,True,24.68
10734,Spain,Personal Care,0.62,8,Premium,60,0.992,60.00000000000001,OK,True,410000,0.3,0,3.6196737287189683e-19,Standard / Value,False,59.70000000000001
10735,France,Home Care,11.53,9,Premium,50,17.294999999999998,50.0,OK,False,430000,0.29,0,8.024217092590475e-16,Standard / Value,True,49.71
10736,Germany,Food & Refreshment,10.84,1,Value,12,12.1408,12.00000000000001,OK,True,460000,0.31,1,0.999990952514284,Strong Premium,False,11.69000000000001
10737,Spain,Food & Refreshment,5.81,1,Value,12,6.5072,12.00000000000001,OK,True,410000,0.3,0,3.6196737287189683e-19,Standard / Value,False,11.70000000000001
10738,UK,Food & Refreshment,1.27,8,Premium,55,1.9685,55.00000000000001,OK,True,520000,0.32,0,8.248669927223737e-16,Standard / Value,False,54.68000000000001
10739,UK,Food & Refreshment,11.45,7,Standard,28,14.656,28.000000000000004,OK,True,520000,0.32,0,8.248669927223737e-16,Standard / Value,False,27.680000000000003
10740,Spain,Home Care,14.35,9,Premium,50,21.525,50.0,OK,False,410000,0.3,0,3.6196737287189683e-19,Standard / Value,True,49.7
10741,Germany,Personal Care,3.98,3,Value,15,4.577,14.999999999999991,OK,False,460000,0.31,1,0.999990952514284,Strong Premium,True,14.68999999999999
10742,France,Food & Refreshment,5.19,10,Premium,55,8.044500000000001,55.00000000000001,OK,True,430000,0.29,0,8.024217092590475e-16,Standard / Value,False,54.71000000000001
10743,France,Food & Refreshment,3.17,5,Standard,28,4.0576,28.000000000000004,OK,True,430000,0.29,0,8.024217092590475e-16,Standard / Value,False,27.710000000000004
10744,UK,Home Care,8.87,3,Value,10,9.757,10.000000000000009,OK,True,520000,0.32,0,8.248669927223737e-16,Standard / Value,False,9.680000000000009
10745,Germany,Home Care,2.75,5,Standard,25,3.4375,25.0,OK,False,460000,0.31,1,0.999990952514284,Strong Premium,True,24.69
10746,France,Food & Refreshment,5.66,10,Premium,55,8.773,54.999999999999986,OK,False,430000,0.29,0,8.024217092590475e-16,Standard / Value,True,54.70999999999999
10747,Germany,Personal Care,10.61,1,Value,15,12.201499999999998,14.999999999999991,OK,False,460000,0.31,1,0.999990952514284,Strong Premium,True,14.68999999999999
10748,Germany,Personal Care,8.62,4,Standard,30,11.206,30.000000000000004,OK,True,460000,0.31,1,0.999990952514284,Strong Premium,False,29.690000000000005
10749,UK,Food & Refreshment,6.1,6,Standard,28,7.808,28.000000000000004,OK,True,520000,0.32,0,8.248669927223737e-16,Standard / Value,False,27.680000000000003
10750,France,Home Care,6.59,2,Value,10,7.249,10.000000000000009,OK,True,430000,0.29,0,8.024217092590475e-16,Standard / Value,False,9.71000000000001
10751,Spain,Food & Refreshment,8.65,7,Standard,28,11.072,28.000000000000004,OK,True,410000,0.3,0,3.6196737287189683e-19,Standard / Value,False,27.700000000000003
10752,UK,Food & Refreshment,0.59,8,Premium,55,0.9145,55.00000000000001,OK,True,520000,0.32,0,8.248669927223737e-16,Standard / Value,False,54.68000000000001
10753,France,Home Care,1.64,1,Value,10,1.804,10.000000000000009,OK,True,430000,0.29,0,8.024217092590475e-16,Standard / Value,False,9.71000000000001
10754,France,Food & Refreshment,13.28,4,Standard,28,16.9984,28.000000000000004,OK,True,430000,0.29,0,8.024217092590475e-16,Standard / Value,False,27.710000000000004
10755,France,Food & Refreshment,1.63,4,Standard,28,2.0864,28.000000000000004,OK,True,430000,0.29,0,8.024217092590475e-16,Standard / Value,False,27.710000000000004
10756,France,Food & Refreshment,10.75,5,Standard,28,13.76,28.000000000000004,OK,True,430000,0.29,0,8.024217092590475e-16,Standard / Value,False,27.710000000000004
10757,France,Home Care,13.84,4,Standard,25,17.3,25.0,OK,False,430000,0.29,0,8.024217092590475e-16,Standard / Value,True,24.71
10758,Germany,Personal Care,4.42,9,Premium,60,7.072,60.00000000000001,OK,True,460000,0.31,1,0.999990952514284,Strong Premium,False,59.690000000000005
10759,UK,Personal Care,5.87,7,Standard,30,7.631,30.000000000000004,OK,True,520000,0.32,0,8.248669927223737e-16,Standard / Value,False,29.680000000000003
10760,Germany,Home Care,8.75,2,Value,10,9.625,10.000000000000009,OK,True,460000,0.31,1,0.999990952514284,Strong Premium,False,9.690000000000008
10761,Spain,Personal Care,13.28,1,Value,15,15.271999999999998,14.999999999999991,OK,False,410000,0.3,0,3.6196737287189683e-19,Standard / Value,True,14.69999999999999
10762,France,Food & Refreshment,14.16,9,Premium,55,21.948,55.00000000000001,OK,True,430000,0.29,0,8.024217092590475e-16,Standard / Value,False,54.71000000000001
10763,UK,Personal Care,11.22,1,Value,15,12.903,14.999999999999991,OK,False,520000,0.32,0,8.248669927223737e-16,Standard / Value,True,14.67999999999999
10764,France,Food & Refreshment,1.76,6,Standard,28,2.2528,28.000000000000004,OK,True,430000,0.29,0,8.024217092590475e-16,Standard / Value,False,27.710000000000004
10765,UK,Personal Care,10.2,2,Value,15,11.73,14.999999999999991,OK,False,520000,0.32,0,8.248669927223737e-16,Standard / Value,True,14.67999999999999
10766,Germany,Home Care,6.45,4,Standard,25,8.0625,25.0,OK,False,460000,0.31,1,0.999990952514284,Strong Premium,True,24.69
10767,UK,Personal Care,7.33,6,Standard,30,9.529,30.000000000000004,OK,True,520000,0.32,0,8.248669927223737e-16,Standard / Value,False,29.680000000000003
10768,Spain,Personal Care,1.21,5,Standard,30,1.573,30.000000000000004,OK,True,410000,0.3,0,3.6196737287189683e-19,Standard / Value,False,29.700000000000003
10769,Spain,Personal Care,3.27,6,Standard,30,4.251,30.000000000000004,OK,True,410000,0.3,0,3.6196737287189683e-19,Standard / Value,False,29.700000000000003
10770,UK,Home Care,11.96,3,Value,10,13.156000000000002,10.000000000000009,OK,True,520000,0.32,0,8.248669927223737e-16,Standard / Value,False,9.680000000000009
10771,UK,Personal Care,7.08,5,Standard,30,9.204,30.000000000000004,OK,True,520000,0.32,0,8.248669927223737e-16,Standard / Value,False,29.680000000000003
10772,UK,Home Care,4.87,2,Value,10,5.357,10.000000000000009,OK,True,520000,0.32,0,8.248669927223737e-16,Standard / Value,False,9.680000000000009
10773,UK,Food & Refreshment,6.07,7,Standard,28,7.7696,28.000000000000004,OK,True,520000,0.32,0,8.248669927223737e-16,Standard / Value,False,27.680000000000003
10774,Spain,Personal Care,12.89,3,Value,15,14.8235,14.999999999999991,OK,False,410000,0.3,0,3.6196737287189683e-19,Standard / Value,True,14.69999999999999
10775,France,Home Care,11.36,1,Value,10,12.496,10.000000000000009,OK,True,430000,0.29,0,8.024217092590475e-16,Standard / Value,False,9.71000000000001
10776,UK,Home Care,4.45,8,Premium,50,6.675000000000001,50.0,OK,False,520000,0.32,0,8.248669927223737e-16,Standard / Value,True,49.68
10777,UK,Personal Care,2.2,8,Premium,60,3.5200000000000005,60.00000000000001,OK,True,520000,0.32,0,8.248669927223737e-16,Standard / Value,False,59.68000000000001
10778,Spain,Food & Refreshment,4.15,3,Value,12,4.648000000000001,12.00000000000001,OK,True,410000,0.3,0,3.6196737287189683e-19,Standard / Value,False,11.70000000000001
10779,Spain,Home Care,13.85,7,Standard,25,17.3125,25.0,OK,False,410000,0.3,0,3.6196737287189683e-19,Standard / Value,True,24.7
10780,Germany,Personal Care,8.93,9,Premium,60,14.288,60.00000000000001,OK,True,460000,0.31,1,0.999990952514284,Strong Premium,False,59.690000000000005
10781,UK,Food & Refreshment,8.24,8,Premium,55,12.772,55.00000000000001,OK,True,520000,0.32,0,8.248669927223737e-16,Standard / Value,False,54.68000000000001
10782,Germany,Home Care,9.15,3,Value,10,10.065,10.000000000000009,OK,True,460000,0.31,1,0.999990952514284,Strong Premium,False,9.690000000000008
10783,Spain,Home Care,5.81,2,Value,10,6.391,10.000000000000009,OK,True,410000,0.3,0,3.6196737287189683e-19,Standard / Value,False,9.700000000000008
10784,Spain,Food & Refreshment,12.2,10,Premium,55,18.91,55.00000000000001,OK,True,410000,0.3,0,3.6196737287189683e-19,Standard / Value,False,54.70000000000001
10785,France,Food & Refreshment,8.09,7,Standard,28,10.3552,28.000000000000004,OK,True,430000,0.29,0,8.024217092590475e-16,Standard / Value,False,27.710000000000004
10786,UK,Personal Care,2.19,7,Standard,30,2.847,30.000000000000004,OK,True,520000,0.32,0,8.248669927223737e-16,Standard / Value,False,29.680000000000003
10787,Germany,Personal Care,2.37,9,Premium,60,3.792,60.00000000000001,OK,True,460000,0.31,1,0.999990952514284,Strong Premium,False,59.690000000000005
10788,Spain,Home Care,8.28,5,Standard,25,10.35,25.0,OK,False,410000,0.3,0,3.6196737287189683e-19,Standard / Value,True,24.7
10789,Spain,Food & Refreshment,14.08,4,Standard,28,18.0224,28.000000000000004,OK,True,410000,0.3,0,3.6196737287189683e-19,Standard / Value,False,27.700000000000003
10790,Germany,Food & Refreshment,4.97,8,Premium,55,7.7035,55.00000000000001,OK,True,460000,0.31,1,0.999990952514284,Strong Premium,False,54.690000000000005
10791,France,Food & Refreshment,13.11,4,Standard,28,16.7808,28.000000000000004,OK,True,430000,0.29,0,8.024217092590475e-16,Standard / Value,False,27.710000000000004
10792,Spain,Home Care,11.58,4,Standard,25,14.475,25.0,OK,False,410000,0.3,0,3.6196737287189683e-19,Standard / Value,True,24.7
10793,UK,Food & Refreshment,4.09,2,Value,12,4.5808,12.00000000000001,OK,True,520000,0.32,0,8.248669927223737e-16,Standard / Value,False,11.68000000000001
10794,Spain,Food & Refreshment,1.03,1,Value,12,1.1536000000000002,12.00000000000001,OK,True,410000,0.3,0,3.6196737287189683e-19,Standard / Value,False,11.70000000000001
10795,UK,Home Care,1.98,4,Standard,25,2.475,25.0,OK,False,520000,0.32,0,8.248669927223737e-16,Standard / Value,True,24.68
10796,Germany,Personal Care,11.06,7,Standard,30,14.378000000000002,30.000000000000004,OK,True,460000,0.31,1,0.999990952514284,Strong Premium,False,29.690000000000005
10797,UK,Personal Care,3.4,9,Premium,60,5.44,60.00000000000001,OK,True,520000,0.32,0,8.248669927223737e-16,Standard / Value,False,59.68000000000001
10798,Germany,Home Care,5.88,9,Premium,50,8.82,50.0,OK,False,460000,0.31,1,0.999990952514284,Strong Premium,True,49.69
10799,UK,Food & Refreshment,7.77,10,Premium,55,12.0435,55.00000000000001,OK,True,520000,0.32,0,8.248669927223737e-16,Standard / Value,False,54.68000000000001
10800,Germany,Home Care,11.02,1,Value,10,12.122,10.000000000000009,OK,True,460000,0.31,1,0.999990952514284,Strong Premium,False,9.690000000000008
10801,UK,Personal Care,2.14,5,Standard,30,2.7820000000000005,30.000000000000004,OK,True,520000,0.32,0,8.248669927223737e-16,Standard / Value,False,29.680000000000003
10802,France,Personal Care,6.39,7,Standard,30,8.307,30.000000000000004,OK,True,430000,0.29,0,8.024217092590475e-16,Standard / Value,False,29.710000000000004
10803,UK,Home Care,7.53,7,Standard,25,9.4125,25.0,OK,False,520000,0.32,0,8.248669927223737e-16,Standard / Value,True,24.68
10804,UK,Home Care,8.34,10,Premium,50,12.51,50.0,OK,False,520000,0.32,0,8.248669927223737e-16,Standard / Value,True,49.68
10805,France,Personal Care,12.37,6,Standard,30,16.081,30.000000000000004,OK,True,430000,0.29,0,8.024217092590475e-16,Standard / Value,False,29.710000000000004
10806,Spain,Home Care,2.99,10,Premium,50,4.485,50.0,OK,False,410000,0.3,0,3.6196737287189683e-19,Standard / Value,True,49.7
10807,Spain,Personal Care,12.21,4,Standard,30,15.873,30.000000000000004,OK,True,410000,0.3,0,3.6196737287189683e-19,Standard / Value,False,29.700000000000003
10808,UK,Home Care,10.55,3,Value,10,11.605000000000002,10.000000000000009,OK,True,520000,0.32,0,8.248669927223737e-16,Standard / Value,False,9.680000000000009
10809,France,Home Care,8.56,9,Premium,50,12.84,50.0,OK,False,430000,0.29,0,8.024217092590475e-16,Standard / Value,True,49.71
10810,UK,Home Care,10.64,10,Premium,50,15.96,50.0,OK,False,520000,0.32,0,8.248669927223737e-16,Standard / Value,True,49.68
10811,Germany,Personal Care,6.47,4,Standard,30,8.411,30.000000000000004,OK,True,460000,0.31,1,0.999990952514284,Strong Premium,False,29.690000000000005
10812,Germany,Home Care,2.51,8,Premium,50,3.765,50.0,OK,False,460000,0.31,1,0.999990952514284,Strong Premium,True,49.69
10813,UK,Personal Care,10.15,1,Value,15,11.6725,14.999999999999991,OK,False,520000,0.32,0,8.248669927223737e-16,Standard / Value,True,14.67999999999999
10814,Spain,Personal Care,8.11,7,Standard,30,10.543,30.000000000000004,OK,True,410000,0.3,0,3.6196737287189683e-19,Standard / Value,False,29.700000000000003
10815,Spain,Home Care,9.77,6,Standard,25,12.2125,25.0,OK,False,410000,0.3,0,3.6196737287189683e-19,Standard / Value,True,24.7
10816,UK,Home Care,5.4,1,Value,10,5.940000000000001,10.000000000000009,OK,True,520000,0.32,0,8.248669927223737e-16,Standard / Value,False,9.680000000000009
10817,UK,Personal Care,13.65,4,Standard,30,17.745,30.000000000000004,OK,True,520000,0.32,0,8.248669927223737e-16,Standard / Value,False,29.680000000000003
10818,Germany,Personal Care,9.02,5,Standard,30,11.726,30.000000000000004,OK,True,460000,0.31,1,0.999990952514284,Strong Premium,False,29.690000000000005
10819,Spain,Food & Refreshment,1.74,8,Premium,55,2.697,55.00000000000001,OK,True,410000,0.3,0,3.6196737287189683e-19,Standard / Value,False,54.70000000000001
10820,UK,Personal Care,7.02,4,Standard,30,9.126,30.000000000000004,OK,True,520000,0.32,0,8.248669927223737e-16,Standard / Value,False,29.680000000000003
10821,Germany,Food & Refreshment,11.47,3,Value,12,12.846400000000004,12.00000000000001,OK,True,460000,0.31,1,0.999990952514284,Strong Premium,False,11.69000000000001
10822,Spain,Food & Refreshment,12.01,2,Value,12,13.451200000000002,12.00000000000001,OK,True,410000,0.3,0,3.6196737287189683e-19,Standard / Value,False,11.70000000000001
10823,France,Food & Refreshment,7.67,4,Standard,28,9.8176,28.000000000000004,OK,True,430000,0.29,0,8.024217092590475e-16,Standard / Value,False,27.710000000000004
10824,Germany,Home Care,13.47,10,Premium,50,20.205,50.0,OK,False,460000,0.31,1,0.999990952514284,Strong Premium,True,49.69
10825,Spain,Home Care,4.38,4,Standard,25,5.475,25.0,OK,False,410000,0.3,0,3.6196737287189683e-19,Standard / Value,True,24.7
10826,Spain,Personal Care,6.45,10,Premium,60,10.32,60.00000000000001,OK,True,410000,0.3,0,3.6196737287189683e-19,Standard / Value,False,59.70000000000001
10827,Germany,Food & Refreshment,13.53,5,Standard,28,17.3184,28.000000000000004,OK,True,460000,0.31,1,0.999990952514284,Strong Premium,False,27.690000000000005
10828,France,Home Care,13.5,7,Standard,25,16.875,25.0,OK,False,430000,0.29,0,8.024217092590475e-16,Standard / Value,True,24.71
10829,Germany,Home Care,10.44,9,Premium,50,15.66,50.0,OK,False,460000,0.31,1,0.999990952514284,Strong Premium,True,49.69
10830,Spain,Home Care,12.96,2,Value,10,14.256000000000002,10.000000000000009,OK,True,410000,0.3,0,3.6196737287189683e-19,Standard / Value,False,9.700000000000008
10831,UK,Home Care,1.79,5,Standard,25,2.2375,24.99999999999998,OK,False,520000,0.32,0,8.248669927223737e-16,Standard / Value,True,24.67999999999998
10832,UK,Home Care,13.04,10,Premium,50,19.56,50.0,OK,False,520000,0.32,0,8.248669927223737e-16,Standard / Value,True,49.68
10833,Germany,Food & Refreshment,5.15,9,Premium,55,7.982500000000001,55.00000000000001,OK,True,460000,0.31,1,0.999990952514284,Strong Premium,False,54.690000000000005
10834,Spain,Food & Refreshment,3.09,3,Value,12,3.4608000000000003,12.00000000000001,OK,True,410000,0.3,0,3.6196737287189683e-19,Standard / Value,False,11.70000000000001
10835,UK,Food & Refreshment,3.97,1,Value,12,4.446400000000001,12.00000000000001,OK,True,520000,0.32,0,8.248669927223737e-16,Standard / Value,False,11.68000000000001
10836,Spain,Food & Refreshment,6.56,2,Value,12,7.3472,12.00000000000001,OK,True,410000,0.3,0,3.6196737287189683e-19,Standard / Value,False,11.70000000000001
10837,Germany,Personal Care,4.14,6,Standard,30,5.382,30.000000000000004,OK,True,460000,0.31,1,0.999990952514284,Strong Premium,False,29.690000000000005
10838,UK,Food & Refreshment,5.15,5,Standard,28,6.5920000000000005,28.000000000000004,OK,True,520000,0.32,0,8.248669927223737e-16,Standard / Value,False,27.680000000000003
10839,Spain,Home Care,2.46,1,Value,10,2.706,10.000000000000009,OK,True,410000,0.3,0,3.6196737287189683e-19,Standard / Value,False,9.700000000000008
10840,UK,Food & Refreshment,4.79,1,Value,12,5.364800000000001,12.00000000000001,OK,True,520000,0.32,0,8.248669927223737e-16,Standard / Value,False,11.68000000000001
10841,Germany,Personal Care,8.8,4,Standard,30,11.44,30.000000000000004,OK,True,460000,0.31,1,0.999990952514284,Strong Premium,False,29.690000000000005
10842,Spain,Home Care,6.91,4,Standard,25,8.6375,24.99999999999998,OK,False,410000,0.3,0,3.6196737287189683e-19,Standard / Value,True,24.699999999999978
10843,UK,Food & Refreshment,5.53,6,Standard,28,7.0784,28.000000000000004,OK,True,520000,0.32,0,8.248669927223737e-16,Standard / Value,False,27.680000000000003
10844,Germany,Food & Refreshment,11.32,6,Standard,28,14.4896,28.000000000000004,OK,True,460000,0.31,1,0.999990952514284,Strong Premium,False,27.690000000000005
10845,UK,Food & Refreshment,13.46,10,Premium,55,20.863000000000003,55.00000000000001,OK,True,520000,0.32,0,8.248669927223737e-16,Standard / Value,False,54.68000000000001
10846,UK,Home Care,11.47,6,Standard,25,14.3375,25.0,OK,False,520000,0.32,0,8.248669927223737e-16,Standard / Value,True,24.68
10847,France,Home Care,5.31,1,Value,10,5.841,10.000000000000009,OK,True,430000,0.29,0,8.024217092590475e-16,Standard / Value,False,9.71000000000001
10848,France,Personal Care,11.29,10,Premium,60,18.064,60.00000000000001,OK,True,430000,0.29,0,8.024217092590475e-16,Standard / Value,False,59.71000000000001
10849,Germany,Home Care,2.7,9,Premium,50,4.050000000000001,50.00000000000002,OK,True,460000,0.31,1,0.999990952514284,Strong Premium,False,49.69000000000002
10850,France,Home Care,2.39,7,Standard,25,2.9875000000000003,25.0,OK,False,430000,0.29,0,8.024217092590475e-16,Standard / Value,True,24.71
10851,Germany,Food & Refreshment,5.51,7,Standard,28,7.0527999999999995,28.000000000000004,OK,True,460000,0.31,1,0.999990952514284,Strong Premium,False,27.690000000000005
10852,France,Home Care,12.21,7,Standard,25,15.2625,25.0,OK,False,430000,0.29,0,8.024217092590475e-16,Standard / Value,True,24.71
10853,UK,Food & Refreshment,4.07,2,Value,12,4.558400000000001,12.00000000000001,OK,True,520000,0.32,0,8.248669927223737e-16,Standard / Value,False,11.68000000000001
10854,Germany,Food & Refreshment,1.42,2,Value,12,1.5904,12.00000000000001,OK,True,460000,0.31,1,0.999990952514284,Strong Premium,False,11.69000000000001
10855,Germany,Home Care,2.41,6,Standard,25,3.0125,25.0,OK,False,460000,0.31,1,0.999990952514284,Strong Premium,True,24.69
10856,UK,Personal Care,12.95,7,Standard,30,16.835,30.000000000000004,OK,True,520000,0.32,0,8.248669927223737e-16,Standard / Value,False,29.680000000000003
10857,Germany,Personal Care,9.69,3,Value,15,11.143499999999998,14.999999999999991,OK,False,460000,0.31,1,0.999990952514284,Strong Premium,True,14.68999999999999
10858,Germany,Home Care,4.17,4,Standard,25,5.2125,25.0,OK,False,460000,0.31,1,0.999990952514284,Strong Premium,True,24.69
10859,France,Personal Care,8.55,3,Value,15,9.8325,14.999999999999991,OK,False,430000,0.29,0,8.024217092590475e-16,Standard / Value,True,14.709999999999992
10860,Germany,Food & Refreshment,8.15,7,Standard,28,10.432,28.000000000000004,OK,True,460000,0.31,1,0.999990952514284,Strong Premium,False,27.690000000000005
10861,Spain,Food & Refreshment,10.0,7,Standard,28,12.8,28.000000000000004,OK,True,410000,0.3,0,3.6196737287189683e-19,Standard / Value,False,27.700000000000003
10862,UK,Home Care,3.88,4,Standard,25,4.85,25.0,OK,False,520000,0.32,0,8.248669927223737e-16,Standard / Value,True,24.68
10863,France,Personal Care,13.03,7,Standard,30,16.939,30.000000000000004,OK,True,430000,0.29,0,8.024217092590475e-16,Standard / Value,False,29.710000000000004
10864,France,Personal Care,4.99,5,Standard,30,6.487,30.000000000000004,OK,True,430000,0.29,0,8.024217092590475e-16,Standard / Value,False,29.710000000000004
10865,Spain,Food & Refreshment,10.56,1,Value,12,11.8272,12.00000000000001,OK,True,410000,0.3,0,3.6196737287189683e-19,Standard / Value,False,11.70000000000001
10866,UK,Home Care,0.73,10,Premium,50,1.095,50.0,OK,False,520000,0.32,0,8.248669927223737e-16,Standard / Value,True,49.68
10867,UK,Personal Care,5.9,4,Standard,30,7.670000000000001,30.000000000000004,OK,True,520000,0.32,0,8.248669927223737e-16,Standard / Value,False,29.680000000000003
10868,France,Home Care,5.6,7,Standard,25,7.0,25.0,OK,False,430000,0.29,0,8.024217092590475e-16,Standard / Value,True,24.71
10869,Germany,Personal Care,8.38,2,Value,15,9.637,14.999999999999991,OK,False,460000,0.31,1,0.999990952514284,Strong Premium,True,14.68999999999999
10870,France,Food & Refreshment,1.55,2,Value,12,1.7360000000000002,12.00000000000001,OK,True,430000,0.29,0,8.024217092590475e-16,Standard / Value,False,11.710000000000012
10871,UK,Food & Refreshment,11.96,1,Value,12,13.395200000000004,12.00000000000001,OK,True,520000,0.32,0,8.248669927223737e-16,Standard / Value,False,11.68000000000001
10872,Spain,Home Care,3.66,2,Value,10,4.026000000000001,10.000000000000009,OK,True,410000,0.3,0,3.6196737287189683e-19,Standard / Value,False,9.700000000000008
10873,France,Food & Refreshment,10.32,10,Premium,55,15.996,55.00000000000001,OK,True,430000,0.29,0,8.024217092590475e-16,Standard / Value,False,54.71000000000001
10874,UK,Personal Care,12.15,8,Premium,60,19.44,60.00000000000001,OK,True,520000,0.32,0,8.248669927223737e-16,Standard / Value,False,59.68000000000001
10875,France,Food & Refreshment,8.65,8,Premium,55,13.4075,55.00000000000001,OK,True,430000,0.29,0,8.024217092590475e-16,Standard / Value,False,54.71000000000001
10876,Germany,Home Care,11.24,8,Premium,50,16.86,50.0,OK,False,460000,0.31,1,0.999990952514284,Strong Premium,True,49.69
10877,France,Home Care,10.1,1,Value,10,11.11,10.000000000000009,OK,True,430000,0.29,0,8.024217092590475e-16,Standard / Value,False,9.71000000000001
10878,France,Home Care,5.66,1,Value,10,6.226000000000001,10.000000000000009,OK,True,430000,0.29,0,8.024217092590475e-16,Standard / Value,False,9.71000000000001
10879,UK,Personal Care,12.23,10,Premium,60,19.568,60.00000000000001,OK,True,520000,0.32,0,8.248669927223737e-16,Standard / Value,False,59.68000000000001
10880,UK,Personal Care,4.77,4,Standard,30,6.201,30.000000000000004,OK,True,520000,0.32,0,8.248669927223737e-16,Standard / Value,False,29.680000000000003
10881,UK,Personal Care,8.78,6,Standard,30,11.414,30.000000000000004,OK,True,520000,0.32,0,8.248669927223737e-16,Standard / Value,False,29.680000000000003
10882,France,Personal Care,11.31,8,Premium,60,18.096,59.999999999999986,OK,False,430000,0.29,0,8.024217092590475e-16,Standard / Value,True,59.70999999999999
10883,Germany,Personal Care,5.99,2,Value,15,6.8885,14.999999999999991,OK,False,460000,0.31,1,0.999990952514284,Strong Premium,True,14.68999999999999
10884,Spain,Food & Refreshment,4.89,3,Value,12,5.4768,12.00000000000001,OK,True,410000,0.3,0,3.6196737287189683e-19,Standard / Value,False,11.70000000000001
10885,Spain,Personal Care,7.16,6,Standard,30,9.308,30.000000000000004,OK,True,410000,0.3,0,3.6196737287189683e-19,Standard / Value,False,29.700000000000003
10886,UK,Personal Care,12.36,10,Premium,60,19.776,60.00000000000001,OK,True,520000,0.32,0,8.248669927223737e-16,Standard / Value,False,59.68000000000001
10887,UK,Food & Refreshment,13.98,4,Standard,28,17.8944,28.000000000000004,OK,True,520000,0.32,0,8.248669927223737e-16,Standard / Value,False,27.680000000000003
10888,France,Personal Care,8.4,2,Value,15,9.66,14.999999999999991,OK,False,430000,0.29,0,8.024217092590475e-16,Standard / Value,True,14.709999999999992
10889,Spain,Home Care,10.09,7,Standard,25,12.6125,25.0,OK,False,410000,0.3,0,3.6196737287189683e-19,Standard / Value,True,24.7
10890,UK,Personal Care,13.6,4,Standard,30,17.68,30.000000000000004,OK,True,520000,0.32,0,8.248669927223737e-16,Standard / Value,False,29.680000000000003
10891,Germany,Personal Care,1.93,8,Premium,60,3.088,60.00000000000001,OK,True,460000,0.31,1,0.999990952514284,Strong Premium,False,59.690000000000005
10892,Germany,Home Care,3.87,8,Premium,50,5.805,49.99999999999998,OK,False,460000,0.31,1,0.999990952514284,Strong Premium,True,49.689999999999976
10893,UK,Home Care,10.78,7,Standard,25,13.475,25.0,OK,False,520000,0.32,0,8.248669927223737e-16,Standard / Value,True,24.68
10894,UK,Home Care,12.44,10,Premium,50,18.66,50.0,OK,False,520000,0.32,0,8.248669927223737e-16,Standard / Value,True,49.68
10895,Spain,Home Care,12.93,9,Premium,50,19.395,50.0,OK,False,410000,0.3,0,3.6196737287189683e-19,Standard / Value,True,49.7
10896,Spain,Personal Care,6.52,4,Standard,30,8.475999999999999,30.000000000000004,OK,True,410000,0.3,0,3.6196737287189683e-19,Standard / Value,False,29.700000000000003
10897,France,Home Care,1.8,7,Standard,25,2.25,25.0,OK,False,430000,0.29,0,8.024217092590475e-16,Standard / Value,True,24.71
10898,Spain,Home Care,6.85,10,Premium,50,10.275,49.99999999999998,OK,False,410000,0.3,0,3.6196737287189683e-19,Standard / Value,True,49.69999999999998
10899,Germany,Food & Refreshment,3.85,10,Premium,55,5.9675,55.00000000000001,OK,True,460000,0.31,1,0.999990952514284,Strong Premium,False,54.690000000000005
10900,Germany,Home Care,4.72,1,Value,10,5.192,10.000000000000009,OK,True,460000,0.31,1,0.999990952514284,Strong Premium,False,9.690000000000008
10901,UK,Home Care,11.7,4,Standard,25,14.625,25.0,OK,False,520000,0.32,0,8.248669927223737e-16,Standard / Value,True,24.68
10902,Spain,Food & Refreshment,1.6,2,Value,12,1.7920000000000005,12.00000000000001,OK,True,410000,0.3,0,3.6196737287189683e-19,Standard / Value,False,11.70000000000001
10903,France,Food & Refreshment,12.5,9,Premium,55,19.375,55.00000000000001,OK,True,430000,0.29,0,8.024217092590475e-16,Standard / Value,False,54.71000000000001
10904,Germany,Personal Care,6.7,5,Standard,30,8.71,30.000000000000004,OK,True,460000,0.31,1,0.999990952514284,Strong Premium,False,29.690000000000005
10905,Germany,Food & Refreshment,9.14,3,Value,12,10.236800000000002,12.00000000000001,OK,True,460000,0.31,1,0.999990952514284,Strong Premium,False,11.69000000000001
10906,France,Personal Care,1.8,4,Standard,30,2.3400000000000003,30.000000000000004,OK,True,430000,0.29,0,8.024217092590475e-16,Standard / Value,False,29.710000000000004
10907,France,Food & Refreshment,5.39,6,Standard,28,6.8992,28.000000000000004,OK,True,430000,0.29,0,8.024217092590475e-16,Standard / Value,False,27.710000000000004
10908,Germany,Food & Refreshment,1.8,10,Premium,55,2.79,55.00000000000001,OK,True,460000,0.31,1,0.999990952514284,Strong Premium,False,54.690000000000005
10909,Germany,Personal Care,14.44,1,Value,15,16.605999999999998,14.999999999999991,OK,False,460000,0.31,1,0.999990952514284,Strong Premium,True,14.68999999999999
10910,France,Food & Refreshment,12.21,7,Standard,28,15.628800000000002,28.000000000000004,OK,True,430000,0.29,0,8.024217092590475e-16,Standard / Value,False,27.710000000000004
10911,Germany,Personal Care,7.16,8,Premium,60,11.456,60.00000000000001,OK,True,460000,0.31,1,0.999990952514284,Strong Premium,False,59.690000000000005
10912,UK,Food & Refreshment,3.74,7,Standard,28,4.7872,28.000000000000004,OK,True,520000,0.32,0,8.248669927223737e-16,Standard / Value,False,27.680000000000003
10913,UK,Home Care,14.04,7,Standard,25,17.549999999999997,24.99999999999998,OK,False,520000,0.32,0,8.248669927223737e-16,Standard / Value,True,24.67999999999998
10914,France,Food & Refreshment,5.5,9,Premium,55,8.525,55.00000000000001,OK,True,430000,0.29,0,8.024217092590475e-16,Standard / Value,False,54.71000000000001
10915,Spain,Personal Care,2.83,4,Standard,30,3.679,30.000000000000004,OK,True,410000,0.3,0,3.6196737287189683e-19,Standard / Value,False,29.700000000000003
10916,France,Food & Refreshment,8.67,7,Standard,28,11.0976,28.000000000000004,OK,True,430000,0.29,0,8.024217092590475e-16,Standard / Value,False,27.710000000000004
10917,France,Personal Care,14.18,9,Premium,60,22.688,60.00000000000003,OK,True,430000,0.29,0,8.024217092590475e-16,Standard / Value,False,59.71000000000003
10918,Spain,Personal Care,0.56,5,Standard,30,0.7280000000000001,30.000000000000004,OK,True,410000,0.3,0,3.6196737287189683e-19,Standard / Value,False,29.700000000000003
10919,Spain,Home Care,3.95,2,Value,10,4.345000000000001,10.000000000000009,OK,True,410000,0.3,0,3.6196737287189683e-19,Standard / Value,False,9.700000000000008
10920,Spain,Home Care,14.11,5,Standard,25,17.6375,25.0,OK,False,410000,0.3,0,3.6196737287189683e-19,Standard / Value,True,24.7
10921,UK,Personal Care,2.98,4,Standard,30,3.874,30.000000000000004,OK,True,520000,0.32,0,8.248669927223737e-16,Standard / Value,False,29.680000000000003
10922,Germany,Food & Refreshment,2.14,8,Premium,55,3.317,55.00000000000001,OK,True,460000,0.31,1,0.999990952514284,Strong Premium,False,54.690000000000005
10923,UK,Personal Care,8.77,5,Standard,30,11.401,30.000000000000004,OK,True,520000,0.32,0,8.248669927223737e-16,Standard / Value,False,29.680000000000003
10924,Germany,Personal Care,13.0,9,Premium,60,20.8,60.00000000000001,OK,True,460000,0.31,1,0.999990952514284,Strong Premium,False,59.690000000000005
10925,UK,Food & Refreshment,7.42,9,Premium,55,11.501,55.00000000000001,OK,True,520000,0.32,0,8.248669927223737e-16,Standard / Value,False,54.68000000000001
10926,Germany,Food & Refreshment,14.92,3,Value,12,16.7104,12.00000000000001,OK,True,460000,0.31,1,0.999990952514284,Strong Premium,False,11.69000000000001
10927,UK,Food & Refreshment,10.35,10,Premium,55,16.0425,55.00000000000001,OK,True,520000,0.32,0,8.248669927223737e-16,Standard / Value,False,54.68000000000001
10928,Spain,Food & Refreshment,1.57,6,Standard,28,2.0096000000000003,28.000000000000004,OK,True,410000,0.3,0,3.6196737287189683e-19,Standard / Value,False,27.700000000000003
10929,France,Personal Care,14.9,6,Standard,30,19.37,30.000000000000004,OK,True,430000,0.29,0,8.024217092590475e-16,Standard / Value,False,29.710000000000004
10930,UK,Personal Care,6.41,4,Standard,30,8.333,30.000000000000004,OK,True,520000,0.32,0,8.248669927223737e-16,Standard / Value,False,29.680000000000003
10931,Germany,Home Care,4.67,10,Premium,50,7.005,50.0,OK,False,460000,0.31,1,0.999990952514284,Strong Premium,True,49.69
10932,Spain,Personal Care,8.59,3,Value,15,9.8785,14.999999999999991,OK,False,410000,0.3,0,3.6196737287189683e-19,Standard / Value,True,14.69999999999999
10933,UK,Food & Refreshment,4.91,1,Value,12,5.499200000000001,12.00000000000001,OK,True,520000,0.32,0,8.248669927223737e-16,Standard / Value,False,11.68000000000001
10934,UK,Home Care,1.75,7,Standard,25,2.1875,25.0,OK,False,520000,0.32,0,8.248669927223737e-16,Standard / Value,True,24.68
10935,Spain,Food & Refreshment,0.52,5,Standard,28,0.6656000000000001,28.000000000000004,OK,True,410000,0.3,0,3.6196737287189683e-19,Standard / Value,False,27.700000000000003
10936,UK,Personal Care,7.02,10,Premium,60,11.232,60.00000000000001,OK,True,520000,0.32,0,8.248669927223737e-16,Standard / Value,False,59.68000000000001
10937,France,Home Care,12.63,7,Standard,25,15.7875,25.0,OK,False,430000,0.29,0,8.024217092590475e-16,Standard / Value,True,24.71
10938,UK,Food & Refreshment,8.8,1,Value,12,9.856000000000002,12.00000000000001,OK,True,520000,0.32,0,8.248669927223737e-16,Standard / Value,False,11.68000000000001
10939,France,Home Care,14.99,8,Premium,50,22.485,50.0,OK,False,430000,0.29,0,8.024217092590475e-16,Standard / Value,True,49.71
10940,France,Home Care,4.66,3,Value,10,5.126,10.000000000000009,OK,True,430000,0.29,0,8.024217092590475e-16,Standard / Value,False,9.71000000000001
10941,Spain,Personal Care,4.57,7,Standard,30,5.941000000000001,30.000000000000004,OK,True,410000,0.3,0,3.6196737287189683e-19,Standard / Value,False,29.700000000000003
10942,UK,Food & Refreshment,2.82,3,Value,12,3.1584000000000003,12.00000000000001,OK,True,520000,0.32,0,8.248669927223737e-16,Standard / Value,False,11.68000000000001
10943,Spain,Home Care,2.88,3,Value,10,3.168,10.000000000000009,OK,True,410000,0.3,0,3.6196737287189683e-19,Standard / Value,False,9.700000000000008
10944,UK,Home Care,4.64,10,Premium,50,6.959999999999999,50.0,OK,False,520000,0.32,0,8.248669927223737e-16,Standard / Value,True,49.68
10945,UK,Food & Refreshment,12.0,9,Premium,55,18.6,55.00000000000001,OK,True,520000,0.32,0,8.248669927223737e-16,Standard / Value,False,54.68000000000001
10946,Germany,Home Care,13.63,2,Value,10,14.993000000000002,10.000000000000009,OK,True,460000,0.31,1,0.999990952514284,Strong Premium,False,9.690000000000008
10947,UK,Home Care,14.64,4,Standard,25,18.3,25.0,OK,False,520000,0.32,0,8.248669927223737e-16,Standard / Value,True,24.68
10948,Spain,Home Care,3.87,6,Standard,25,4.8375,25.0,OK,False,410000,0.3,0,3.6196737287189683e-19,Standard / Value,True,24.7
10949,France,Food & Refreshment,13.28,3,Value,12,14.8736,12.00000000000001,OK,True,430000,0.29,0,8.024217092590475e-16,Standard / Value,False,11.710000000000012
10950,UK,Food & Refreshment,5.26,10,Premium,55,8.153,55.00000000000001,OK,True,520000,0.32,0,8.248669927223737e-16,Standard / Value,False,54.68000000000001
10951,Germany,Food & Refreshment,2.14,10,Premium,55,3.317,55.00000000000001,OK,True,460000,0.31,1,0.999990952514284,Strong Premium,False,54.690000000000005
10952,Spain,Food & Refreshment,13.12,7,Standard,28,16.793599999999998,27.99999999999998,OK,False,410000,0.3,0,3.6196737287189683e-19,Standard / Value,True,27.699999999999978
10953,UK,Personal Care,9.72,7,Standard,30,12.636,30.000000000000004,OK,True,520000,0.32,0,8.248669927223737e-16,Standard / Value,False,29.680000000000003
10954,Spain,Home Care,2.89,5,Standard,25,3.6125,25.0,OK,False,410000,0.3,0,3.6196737287189683e-19,Standard / Value,True,24.7
10955,Germany,Food & Refreshment,6.73,3,Value,12,7.537600000000001,12.00000000000001,OK,True,460000,0.31,1,0.999990952514284,Strong Premium,False,11.69000000000001
10956,Germany,Home Care,4.67,2,Value,10,5.1370000000000005,10.000000000000009,OK,True,460000,0.31,1,0.999990952514284,Strong Premium,False,9.690000000000008
10957,Spain,Home Care,11.18,4,Standard,25,13.975,25.0,OK,False,410000,0.3,0,3.6196737287189683e-19,Standard / Value,True,24.7
10958,UK,Personal Care,7.07,4,Standard,30,9.191,30.000000000000004,OK,True,520000,0.32,0,8.248669927223737e-16,Standard / Value,False,29.680000000000003
10959,France,Food & Refreshment,14.84,8,Premium,55,23.002,55.00000000000001,OK,True,430000,0.29,0,8.024217092590475e-16,Standard / Value,False,54.71000000000001
10960,Germany,Food & Refreshment,1.29,8,Premium,55,1.9995,55.00000000000001,OK,True,460000,0.31,1,0.999990952514284,Strong Premium,False,54.690000000000005
10961,UK,Home Care,5.65,5,Standard,25,7.0625,25.0,OK,False,520000,0.32,0,8.248669927223737e-16,Standard / Value,True,24.68
10962,UK,Food & Refreshment,7.49,6,Standard,28,9.5872,28.000000000000004,OK,True,520000,0.32,0,8.248669927223737e-16,Standard / Value,False,27.680000000000003
10963,France,Home Care,7.8,8,Premium,50,11.7,50.0,OK,False,430000,0.29,0,8.024217092590475e-16,Standard / Value,True,49.71
10964,Germany,Home Care,5.08,1,Value,10,5.588000000000001,10.000000000000009,OK,True,460000,0.31,1,0.999990952514284,Strong Premium,False,9.690000000000008
10965,Germany,Personal Care,11.07,5,Standard,30,14.391,30.000000000000004,OK,True,460000,0.31,1,0.999990952514284,Strong Premium,False,29.690000000000005
10966,UK,Personal Care,13.18,4,Standard,30,17.134,30.000000000000004,OK,True,520000,0.32,0,8.248669927223737e-16,Standard / Value,False,29.680000000000003
10967,UK,Personal Care,14.11,4,Standard,30,18.343,30.000000000000004,OK,True,520000,0.32,0,8.248669927223737e-16,Standard / Value,False,29.680000000000003
10968,France,Home Care,12.17,2,Value,10,13.387,10.000000000000009,OK,True,430000,0.29,0,8.024217092590475e-16,Standard / Value,False,9.71000000000001
10969,France,Food & Refreshment,12.83,10,Premium,55,19.8865,55.00000000000001,OK,True,430000,0.29,0,8.024217092590475e-16,Standard / Value,False,54.71000000000001
10970,Germany,Personal Care,8.48,1,Value,15,9.752,14.999999999999991,OK,False,460000,0.31,1,0.999990952514284,Strong Premium,True,14.68999999999999
10971,Spain,Food & Refreshment,12.48,6,Standard,28,15.9744,28.000000000000004,OK,True,410000,0.3,0,3.6196737287189683e-19,Standard / Value,False,27.700000000000003
10972,Germany,Personal Care,4.9,7,Standard,30,6.370000000000001,30.000000000000004,OK,True,460000,0.31,1,0.999990952514284,Strong Premium,False,29.690000000000005
10973,UK,Personal Care,6.28,5,Standard,30,8.164000000000001,30.00000000000003,OK,True,520000,0.32,0,8.248669927223737e-16,Standard / Value,False,29.680000000000028
10974,Germany,Home Care,5.1,8,Premium,50,7.65,50.0,OK,False,460000,0.31,1,0.999990952514284,Strong Premium,True,49.69
10975,Spain,Personal Care,7.28,9,Premium,60,11.648,60.00000000000001,OK,True,410000,0.3,0,3.6196737287189683e-19,Standard / Value,False,59.70000000000001
10976,France,Personal Care,4.64,2,Value,15,5.335999999999999,14.999999999999991,OK,False,430000,0.29,0,8.024217092590475e-16,Standard / Value,True,14.709999999999992
10977,Spain,Home Care,14.44,4,Standard,25,18.05,25.0,OK,False,410000,0.3,0,3.6196737287189683e-19,Standard / Value,True,24.7
10978,Spain,Food & Refreshment,5.04,9,Premium,55,7.812,55.00000000000001,OK,True,410000,0.3,0,3.6196737287189683e-19,Standard / Value,False,54.70000000000001
10979,Spain,Personal Care,1.92,5,Standard,30,2.496,30.000000000000004,OK,True,410000,0.3,0,3.6196737287189683e-19,Standard / Value,False,29.700000000000003
10980,France,Home Care,8.14,3,Value,10,8.954,10.000000000000009,OK,True,430000,0.29,0,8.024217092590475e-16,Standard / Value,False,9.71000000000001
10981,Spain,Personal Care,1.33,6,Standard,30,1.729,30.000000000000004,OK,True,410000,0.3,0,3.6196737287189683e-19,Standard / Value,False,29.700000000000003
10982,Spain,Home Care,2.1,3,Value,10,2.3100000000000005,10.000000000000009,OK,True,410000,0.3,0,3.6196737287189683e-19,Standard / Value,False,9.700000000000008
10983,Spain,Food & Refreshment,3.68,5,Standard,28,4.7104,28.000000000000004,OK,True,410000,0.3,0,3.6196737287189683e-19,Standard / Value,False,27.700000000000003
10984,UK,Food & Refreshment,7.23,3,Value,12,8.097600000000002,12.00000000000001,OK,True,520000,0.32,0,8.248669927223737e-16,Standard / Value,False,11.68000000000001
10985,Spain,Home Care,6.78,6,Standard,25,8.475,25.0,OK,False,410000,0.3,0,3.6196737287189683e-19,Standard / Value,True,24.7
10986,France,Home Care,12.1,10,Premium,50,18.15,50.0,OK,False,430000,0.29,0,8.024217092590475e-16,Standard / Value,True,49.71
10987,Spain,Home Care,11.22,5,Standard,25,14.025,25.0,OK,False,410000,0.3,0,3.6196737287189683e-19,Standard / Value,True,24.7
10988,Spain,Food & Refreshment,6.68,9,Premium,55,10.354,55.00000000000001,OK,True,410000,0.3,0,3.6196737287189683e-19,Standard / Value,False,54.70000000000001
10989,France,Personal Care,5.34,3,Value,15,6.140999999999999,14.999999999999991,OK,False,430000,0.29,0,8.024217092590475e-16,Standard / Value,True,14.709999999999992
10990,Spain,Food & Refreshment,5.09,6,Standard,28,6.5152,28.000000000000004,OK,True,410000,0.3,0,3.6196737287189683e-19,Standard / Value,False,27.700000000000003
10991,France,Home Care,11.72,8,Premium,50,17.580000000000002,50.0,OK,False,430000,0.29,0,8.024217092590475e-16,Standard / Value,True,49.71
10992,Spain,Home Care,1.26,7,Standard,25,1.575,25.0,OK,False,410000,0.3,0,3.6196737287189683e-19,Standard / Value,True,24.7
10993,France,Food & Refreshment,0.69,6,Standard,28,0.8832,28.000000000000004,OK,True,430000,0.29,0,8.024217092590475e-16,Standard / Value,False,27.710000000000004
10994,Spain,Home Care,12.04,2,Value,10,13.244,10.000000000000009,OK,True,410000,0.3,0,3.6196737287189683e-19,Standard / Value,False,9.700000000000008
10995,Spain,Food & Refreshment,7.42,7,Standard,28,9.4976,28.000000000000004,OK,True,410000,0.3,0,3.6196737287189683e-19,Standard / Value,False,27.700000000000003
10996,UK,Home Care,2.4,8,Premium,50,3.5999999999999996,50.0,OK,False,520000,0.32,0,8.248669927223737e-16,Standard / Value,True,49.68
10997,UK,Personal Care,3.92,1,Value,15,4.508,15.000000000000014,OK,True,520000,0.32,0,8.248669927223737e-16,Standard / Value,False,14.680000000000014
10998,Spain,Personal Care,14.02,9,Premium,60,22.432,60.00000000000003,OK,True,410000,0.3,0,3.6196737287189683e-19,Standard / Value,False,59.70000000000003
10999,Spain,Home Care,12.96,4,Standard,25,16.200000000000003,25.00000000000002,OK,True,410000,0.3,0,3.6196737287189683e-19,Standard / Value,False,24.70000000000002
11000,Germany,Food & Refreshment,10.79,8,Premium,55,16.7245,55.00000000000001,OK,True,460000,0.31,1,0.999990952514284,Strong Premium,False,54.690000000000005
11001,France,Personal Care,7.49,10,Premium,60,11.984000000000002,60.00000000000001,OK,True,430000,0.29,0,8.024217092590475e-16,Standard / Value,False,59.71000000000001
11002,Germany,Food & Refreshment,8.04,7,Standard,28,10.2912,28.000000000000004,OK,True,460000,0.31,1,0.999990952514284,Strong Premium,False,27.690000000000005
11003,UK,Home Care,14.64,10,Premium,50,21.96,50.0,OK,False,520000,0.32,0,8.248669927223737e-16,Standard / Value,True,49.68
11004,UK,Food & Refreshment,14.5,7,Standard,28,18.56,27.99999999999998,OK,False,520000,0.32,0,8.248669927223737e-16,Standard / Value,True,27.67999999999998
11005,UK,Personal Care,3.62,2,Value,15,4.162999999999999,14.999999999999968,OK,False,520000,0.32,0,8.248669927223737e-16,Standard / Value,True,14.679999999999968
11006,UK,Food & Refreshment,12.26,1,Value,12,13.7312,12.00000000000001,OK,True,520000,0.32,0,8.248669927223737e-16,Standard / Value,False,11.68000000000001
11007,Spain,Food & Refreshment,3.36,4,Standard,28,4.3008,28.000000000000004,OK,True,410000,0.3,0,3.6196737287189683e-19,Standard / Value,False,27.700000000000003
11008,UK,Home Care,3.6,2,Value,10,3.96,10.000000000000009,OK,True,520000,0.32,0,8.248669927223737e-16,Standard / Value,False,9.680000000000009
11009,Spain,Home Care,10.3,8,Premium,50,15.45,50.0,OK,False,410000,0.3,0,3.6196737287189683e-19,Standard / Value,True,49.7
11010,Spain,Home Care,6.37,10,Premium,50,9.555,50.0,OK,False,410000,0.3,0,3.6196737287189683e-19,Standard / Value,True,49.7
11011,UK,Personal Care,14.01,7,Standard,30,18.213,30.000000000000004,OK,True,520000,0.32,0,8.248669927223737e-16,Standard / Value,False,29.680000000000003
11012,UK,Personal Care,1.79,8,Premium,60,2.8640000000000003,60.00000000000001,OK,True,520000,0.32,0,8.248669927223737e-16,Standard / Value,False,59.68000000000001
11013,France,Home Care,7.92,6,Standard,25,9.9,25.0,OK,False,430000,0.29,0,8.024217092590475e-16,Standard / Value,True,24.71
11014,Germany,Home Care,13.82,1,Value,10,15.202000000000002,10.000000000000009,OK,True,460000,0.31,1,0.999990952514284,Strong Premium,False,9.690000000000008
11015,UK,Personal Care,13.61,9,Premium,60,21.776,60.00000000000001,OK,True,520000,0.32,0,8.248669927223737e-16,Standard / Value,False,59.68000000000001
11016,France,Personal Care,2.77,6,Standard,30,3.601,30.000000000000004,OK,True,430000,0.29,0,8.024217092590475e-16,Standard / Value,False,29.710000000000004
11017,France,Personal Care,5.82,10,Premium,60,9.312,60.00000000000001,OK,True,430000,0.29,0,8.024217092590475e-16,Standard / Value,False,59.71000000000001
11018,Germany,Personal Care,9.48,1,Value,15,10.902,14.999999999999991,OK,False,460000,0.31,1,0.999990952514284,Strong Premium,True,14.68999999999999
11019,Spain,Home Care,2.81,1,Value,10,3.091,10.000000000000009,OK,True,410000,0.3,0,3.6196737287189683e-19,Standard / Value,False,9.700000000000008
11020,UK,Personal Care,14.54,8,Premium,60,23.264,60.00000000000001,OK,True,520000,0.32,0,8.248669927223737e-16,Standard / Value,False,59.68000000000001
11021,Germany,Home Care,13.76,6,Standard,25,17.2,25.0,OK,False,460000,0.31,1,0.999990952514284,Strong Premium,True,24.69
11022,UK,Food & Refreshment,2.92,8,Premium,55,4.526,55.00000000000001,OK,True,520000,0.32,0,8.248669927223737e-16,Standard / Value,False,54.68000000000001
11023,France,Food & Refreshment,2.26,8,Premium,55,3.5029999999999997,55.00000000000001,OK,True,430000,0.29,0,8.024217092590475e-16,Standard / Value,False,54.71000000000001
11024,France,Personal Care,1.74,8,Premium,60,2.7840000000000003,60.00000000000001,OK,True,430000,0.29,0,8.024217092590475e-16,Standard / Value,False,59.71000000000001
11025,Spain,Food & Refreshment,13.69,10,Premium,55,21.2195,55.00000000000001,OK,True,410000,0.3,0,3.6196737287189683e-19,Standard / Value,False,54.70000000000001
11026,France,Food & Refreshment,3.31,7,Standard,28,4.236800000000001,28.000000000000025,OK,True,430000,0.29,0,8.024217092590475e-16,Standard / Value,False,27.710000000000026
11027,France,Food & Refreshment,6.54,7,Standard,28,8.3712,28.000000000000004,OK,True,430000,0.29,0,8.024217092590475e-16,Standard / Value,False,27.710000000000004
11028,Germany,Personal Care,7.01,10,Premium,60,11.216,60.00000000000003,OK,True,460000,0.31,1,0.999990952514284,Strong Premium,False,59.690000000000026
11029,UK,Personal Care,9.19,4,Standard,30,11.947,30.000000000000004,OK,True,520000,0.32,0,8.248669927223737e-16,Standard / Value,False,29.680000000000003
11030,UK,Food & Refreshment,1.54,9,Premium,55,2.387,55.00000000000001,OK,True,520000,0.32,0,8.248669927223737e-16,Standard / Value,False,54.68000000000001
11031,Germany,Home Care,3.79,2,Value,10,4.1690000000000005,10.000000000000009,OK,True,460000,0.31,1,0.999990952514284,Strong Premium,False,9.690000000000008
11032,Spain,Food & Refreshment,14.01,9,Premium,55,21.7155,54.999999999999986,OK,False,410000,0.3,0,3.6196737287189683e-19,Standard / Value,True,54.69999999999999
11033,UK,Personal Care,13.67,10,Premium,60,21.872,60.00000000000001,OK,True,520000,0.32,0,8.248669927223737e-16,Standard / Value,False,59.68000000000001
11034,France,Personal Care,11.83,3,Value,15,13.6045,14.999999999999991,OK,False,430000,0.29,0,8.024217092590475e-16,Standard / Value,True,14.709999999999992
11035,UK,Personal Care,0.78,2,Value,15,0.8969999999999999,14.999999999999991,OK,False,520000,0.32,0,8.248669927223737e-16,Standard / Value,True,14.67999999999999
11036,France,Food & Refreshment,5.24,4,Standard,28,6.7072,28.000000000000004,OK,True,430000,0.29,0,8.024217092590475e-16,Standard / Value,False,27.710000000000004
11037,Spain,Home Care,9.61,5,Standard,25,12.0125,25.0,OK,False,410000,0.3,0,3.6196737287189683e-19,Standard / Value,True,24.7
11038,Germany,Personal Care,4.49,2,Value,15,5.1635,14.999999999999991,OK,False,460000,0.31,1,0.999990952514284,Strong Premium,True,14.68999999999999
11039,UK,Personal Care,13.69,1,Value,15,15.743499999999996,14.999999999999991,OK,False,520000,0.32,0,8.248669927223737e-16,Standard / Value,True,14.67999999999999
11040,Germany,Food & Refreshment,9.69,10,Premium,55,15.0195,55.00000000000001,OK,True,460000,0.31,1,0.999990952514284,Strong Premium,False,54.690000000000005
11041,UK,Home Care,1.54,5,Standard,25,1.925,25.0,OK,False,520000,0.32,0,8.248669927223737e-16,Standard / Value,True,24.68
11042,France,Food & Refreshment,13.68,9,Premium,55,21.204,55.00000000000001,OK,True,430000,0.29,0,8.024217092590475e-16,Standard / Value,False,54.71000000000001
11043,Germany,Personal Care,14.39,5,Standard,30,18.707,30.000000000000004,OK,True,460000,0.31,1,0.999990952514284,Strong Premium,False,29.690000000000005
11044,UK,Home Care,1.63,10,Premium,50,2.445,50.0,OK,False,520000,0.32,0,8.248669927223737e-16,Standard / Value,True,49.68
11045,France,Home Care,8.22,9,Premium,50,12.330000000000002,50.0,OK,False,430000,0.29,0,8.024217092590475e-16,Standard / Value,True,49.71
11046,Germany,Personal Care,4.9,10,Premium,60,7.840000000000001,60.00000000000001,OK,True,460000,0.31,1,0.999990952514284,Strong Premium,False,59.690000000000005
11047,Germany,Home Care,6.2,6,Standard,25,7.75,25.0,OK,False,460000,0.31,1,0.999990952514284,Strong Premium,True,24.69
11048,UK,Home Care,3.1,3,Value,10,3.4100000000000006,10.000000000000009,OK,True,520000,0.32,0,8.248669927223737e-16,Standard / Value,False,9.680000000000009
11049,UK,Food & Refreshment,8.88,4,Standard,28,11.3664,28.000000000000004,OK,True,520000,0.32,0,8.248669927223737e-16,Standard / Value,False,27.680000000000003
11050,UK,Personal Care,14.39,4,Standard,30,18.707,30.000000000000004,OK,True,520000,0.32,0,8.248669927223737e-16,Standard / Value,False,29.680000000000003
11051,France,Personal Care,7.79,1,Value,15,8.958499999999999,14.999999999999991,OK,False,430000,0.29,0,8.024217092590475e-16,Standard / Value,True,14.709999999999992
11052,UK,Personal Care,1.7,3,Value,15,1.955,14.999999999999991,OK,False,520000,0.32,0,8.248669927223737e-16,Standard / Value,True,14.67999999999999
11053,Germany,Personal Care,9.49,3,Value,15,10.9135,14.999999999999991,OK,False,460000,0.31,1,0.999990952514284,Strong Premium,True,14.68999999999999
11054,Germany,Personal Care,5.43,1,Value,15,6.2444999999999995,14.999999999999991,OK,False,460000,0.31,1,0.999990952514284,Strong Premium,True,14.68999999999999
11055,UK,Home Care,12.91,9,Premium,50,19.365,50.00000000000002,OK,True,520000,0.32,0,8.248669927223737e-16,Standard / Value,False,49.68000000000002
11056,UK,Food & Refreshment,6.8,1,Value,12,7.616,12.00000000000001,OK,True,520000,0.32,0,8.248669927223737e-16,Standard / Value,False,11.68000000000001
11057,Spain,Personal Care,3.3,9,Premium,60,5.28,60.00000000000001,OK,True,410000,0.3,0,3.6196737287189683e-19,Standard / Value,False,59.70000000000001
11058,Germany,Food & Refreshment,3.27,1,Value,12,3.6624,12.00000000000001,OK,True,460000,0.31,1,0.999990952514284,Strong Premium,False,11.69000000000001
11059,France,Food & Refreshment,11.65,2,Value,12,13.048000000000002,12.00000000000001,OK,True,430000,0.29,0,8.024217092590475e-16,Standard / Value,False,11.710000000000012
11060,Spain,Home Care,4.35,2,Value,10,4.785,10.000000000000009,OK,True,410000,0.3,0,3.6196737287189683e-19,Standard / Value,False,9.700000000000008
11061,UK,Personal Care,11.62,6,Standard,30,15.106,30.000000000000004,OK,True,520000,0.32,0,8.248669927223737e-16,Standard / Value,False,29.680000000000003
11062,UK,Home Care,3.49,7,Standard,25,4.362500000000001,25.00000000000002,OK,True,520000,0.32,0,8.248669927223737e-16,Standard / Value,False,24.68000000000002
11063,Germany,Personal Care,5.16,1,Value,15,5.933999999999999,14.999999999999991,OK,False,460000,0.31,1,0.999990952514284,Strong Premium,True,14.68999999999999
11064,UK,Home Care,7.25,3,Value,10,7.975,10.000000000000009,OK,True,520000,0.32,0,8.248669927223737e-16,Standard / Value,False,9.680000000000009
11065,France,Food & Refreshment,14.18,2,Value,12,15.8816,12.00000000000001,OK,True,430000,0.29,0,8.024217092590475e-16,Standard / Value,False,11.710000000000012
11066,Germany,Personal Care,14.01,8,Premium,60,22.416,60.00000000000001,OK,True,460000,0.31,1,0.999990952514284,Strong Premium,False,59.690000000000005
11067,UK,Food & Refreshment,3.5,9,Premium,55,5.425,55.00000000000001,OK,True,520000,0.32,0,8.248669927223737e-16,Standard / Value,False,54.68000000000001
11068,Germany,Food & Refreshment,5.69,2,Value,12,6.372800000000001,12.00000000000001,OK,True,460000,0.31,1,0.999990952514284,Strong Premium,False,11.69000000000001
11069,UK,Home Care,2.67,2,Value,10,2.9370000000000003,10.000000000000009,OK,True,520000,0.32,0,8.248669927223737e-16,Standard / Value,False,9.680000000000009
11070,UK,Personal Care,7.89,10,Premium,60,12.624,60.00000000000001,OK,True,520000,0.32,0,8.248669927223737e-16,Standard / Value,False,59.68000000000001
11071,UK,Food & Refreshment,7.18,9,Premium,55,11.129,55.00000000000001,OK,True,520000,0.32,0,8.248669927223737e-16,Standard / Value,False,54.68000000000001
11072,France,Home Care,13.56,4,Standard,25,16.95,25.0,OK,False,430000,0.29,0,8.024217092590475e-16,Standard / Value,True,24.71
11073,France,Personal Care,13.99,5,Standard,30,18.187,30.000000000000004,OK,True,430000,0.29,0,8.024217092590475e-16,Standard / Value,False,29.710000000000004
11074,Germany,Personal Care,6.06,9,Premium,60,9.696,60.00000000000001,OK,True,460000,0.31,1,0.999990952514284,Strong Premium,False,59.690000000000005
11075,UK,Food & Refreshment,7.63,6,Standard,28,9.7664,28.000000000000004,OK,True,520000,0.32,0,8.248669927223737e-16,Standard / Value,False,27.680000000000003
11076,UK,Personal Care,13.5,10,Premium,60,21.6,60.00000000000001,OK,True,520000,0.32,0,8.248669927223737e-16,Standard / Value,False,59.68000000000001
11077,France,Food & Refreshment,12.2,9,Premium,55,18.91,55.00000000000001,OK,True,430000,0.29,0,8.024217092590475e-16,Standard / Value,False,54.71000000000001
11078,UK,Personal Care,0.55,9,Premium,60,0.8800000000000001,60.00000000000001,OK,True,520000,0.32,0,8.248669927223737e-16,Standard / Value,False,59.68000000000001
11079,France,Home Care,5.14,7,Standard,25,6.425,25.0,OK,False,430000,0.29,0,8.024217092590475e-16,Standard / Value,True,24.71
11080,UK,Food & Refreshment,6.62,10,Premium,55,10.261,55.00000000000001,OK,True,520000,0.32,0,8.248669927223737e-16,Standard / Value,False,54.68000000000001
11081,Germany,Food & Refreshment,3.83,9,Premium,55,5.9365000000000006,55.00000000000001,OK,True,460000,0.31,1,0.999990952514284,Strong Premium,False,54.690000000000005
11082,UK,Personal Care,3.39,5,Standard,30,4.407,30.000000000000004,OK,True,520000,0.32,0,8.248669927223737e-16,Standard / Value,False,29.680000000000003
11083,UK,Personal Care,1.05,5,Standard,30,1.3650000000000002,30.000000000000004,OK,True,520000,0.32,0,8.248669927223737e-16,Standard / Value,False,29.680000000000003
11084,Spain,Food & Refreshment,9.83,8,Premium,55,15.2365,55.00000000000001,OK,True,410000,0.3,0,3.6196737287189683e-19,Standard / Value,False,54.70000000000001
11085,France,Personal Care,4.31,10,Premium,60,6.896,60.00000000000001,OK,True,430000,0.29,0,8.024217092590475e-16,Standard / Value,False,59.71000000000001
11086,UK,Home Care,1.26,4,Standard,25,1.575,25.0,OK,False,520000,0.32,0,8.248669927223737e-16,Standard / Value,True,24.68
11087,UK,Personal Care,3.85,9,Premium,60,6.16,60.00000000000001,OK,True,520000,0.32,0,8.248669927223737e-16,Standard / Value,False,59.68000000000001
11088,Spain,Home Care,12.13,7,Standard,25,15.1625,25.0,OK,False,410000,0.3,0,3.6196737287189683e-19,Standard / Value,True,24.7
11089,Spain,Home Care,12.85,7,Standard,25,16.0625,25.0,OK,False,410000,0.3,0,3.6196737287189683e-19,Standard / Value,True,24.7
11090,France,Home Care,7.5,3,Value,10,8.25,10.000000000000009,OK,True,430000,0.29,0,8.024217092590475e-16,Standard / Value,False,9.71000000000001
11091,Spain,Home Care,6.53,4,Standard,25,8.1625,25.0,OK,False,410000,0.3,0,3.6196737287189683e-19,Standard / Value,True,24.7
11092,Germany,Home Care,14.68,7,Standard,25,18.35,25.00000000000002,OK,True,460000,0.31,1,0.999990952514284,Strong Premium,False,24.690000000000023
11093,Spain,Personal Care,3.41,5,Standard,30,4.433000000000001,30.00000000000003,OK,True,410000,0.3,0,3.6196737287189683e-19,Standard / Value,False,29.700000000000028
11094,Germany,Home Care,3.62,3,Value,10,3.9820000000000007,10.000000000000009,OK,True,460000,0.31,1,0.999990952514284,Strong Premium,False,9.690000000000008
11095,France,Personal Care,4.73,1,Value,15,5.4395,14.999999999999991,OK,False,430000,0.29,0,8.024217092590475e-16,Standard / Value,True,14.709999999999992
11096,France,Home Care,3.0,7,Standard,25,3.75,25.0,OK,False,430000,0.29,0,8.024217092590475e-16,Standard / Value,True,24.71
11097,France,Food & Refreshment,6.0,6,Standard,28,7.68,28.000000000000004,OK,True,430000,0.29,0,8.024217092590475e-16,Standard / Value,False,27.710000000000004
11098,France,Home Care,13.71,10,Premium,50,20.565,50.0,OK,False,430000,0.29,0,8.024217092590475e-16,Standard / Value,True,49.71
11099,France,Food & Refreshment,9.42,7,Standard,28,12.0576,28.000000000000004,OK,True,430000,0.29,0,8.024217092590475e-16,Standard / Value,False,27.710000000000004
11100,Germany,Home Care,6.47,2,Value,10,7.117,10.000000000000009,OK,True,460000,0.31,1,0.999990952514284,Strong Premium,False,9.690000000000008
11101,Germany,Home Care,14.05,4,Standard,25,17.5625,25.0,OK,False,460000,0.31,1,0.999990952514284,Strong Premium,True,24.69
11102,France,Home Care,1.2,2,Value,10,1.32,10.000000000000009,OK,True,430000,0.29,0,8.024217092590475e-16,Standard / Value,False,9.71000000000001
11103,Spain,Food & Refreshment,3.55,8,Premium,55,5.5024999999999995,55.00000000000001,OK,True,410000,0.3,0,3.6196737287189683e-19,Standard / Value,False,54.70000000000001
11104,UK,Food & Refreshment,8.71,7,Standard,28,11.1488,28.000000000000004,OK,True,520000,0.32,0,8.248669927223737e-16,Standard / Value,False,27.680000000000003
11105,France,Home Care,9.43,1,Value,10,10.373,10.000000000000009,OK,True,430000,0.29,0,8.024217092590475e-16,Standard / Value,False,9.71000000000001
11106,Spain,Personal Care,1.07,2,Value,15,1.2305,14.999999999999991,OK,False,410000,0.3,0,3.6196737287189683e-19,Standard / Value,True,14.69999999999999
11107,UK,Home Care,6.34,2,Value,10,6.974,10.000000000000009,OK,True,520000,0.32,0,8.248669927223737e-16,Standard / Value,False,9.680000000000009
11108,France,Food & Refreshment,9.91,4,Standard,28,12.6848,28.000000000000004,OK,True,430000,0.29,0,8.024217092590475e-16,Standard / Value,False,27.710000000000004
11109,France,Home Care,10.62,3,Value,10,11.682,10.000000000000009,OK,True,430000,0.29,0,8.024217092590475e-16,Standard / Value,False,9.71000000000001
11110,Germany,Food & Refreshment,9.75,1,Value,12,10.920000000000002,12.00000000000001,OK,True,460000,0.31,1,0.999990952514284,Strong Premium,False,11.69000000000001
11111,UK,Food & Refreshment,5.15,2,Value,12,5.768000000000001,12.00000000000001,OK,True,520000,0.32,0,8.248669927223737e-16,Standard / Value,False,11.68000000000001
11112,UK,Food & Refreshment,1.86,9,Premium,55,2.8830000000000005,55.00000000000003,OK,True,520000,0.32,0,8.248669927223737e-16,Standard / Value,False,54.68000000000003
11113,Spain,Home Care,6.69,1,Value,10,7.359000000000001,10.000000000000009,OK,True,410000,0.3,0,3.6196737287189683e-19,Standard / Value,False,9.700000000000008
11114,Germany,Food & Refreshment,2.37,9,Premium,55,3.6735,55.00000000000001,OK,True,460000,0.31,1,0.999990952514284,Strong Premium,False,54.690000000000005
11115,Germany,Food & Refreshment,14.24,7,Standard,28,18.2272,28.000000000000004,OK,True,460000,0.31,1,0.999990952514284,Strong Premium,False,27.690000000000005
11116,Germany,Home Care,7.39,2,Value,10,8.129,10.000000000000009,OK,True,460000,0.31,1,0.999990952514284,Strong Premium,False,9.690000000000008
11117,Germany,Food & Refreshment,5.1,2,Value,12,5.712,12.00000000000001,OK,True,460000,0.31,1,0.999990952514284,Strong Premium,False,11.69000000000001
11118,UK,Home Care,11.61,5,Standard,25,14.5125,25.0,OK,False,520000,0.32,0,8.248669927223737e-16,Standard / Value,True,24.68
11119,UK,Food & Refreshment,7.72,5,Standard,28,9.8816,28.000000000000004,OK,True,520000,0.32,0,8.248669927223737e-16,Standard / Value,False,27.680000000000003
11120,France,Personal Care,5.0,4,Standard,30,6.5,30.000000000000004,OK,True,430000,0.29,0,8.024217092590475e-16,Standard / Value,False,29.710000000000004
11121,France,Personal Care,12.27,10,Premium,60,19.632,60.00000000000001,OK,True,430000,0.29,0,8.024217092590475e-16,Standard / Value,False,59.71000000000001
11122,Germany,Food & Refreshment,13.07,10,Premium,55,20.2585,55.00000000000001,OK,True,460000,0.31,1,0.999990952514284,Strong Premium,False,54.690000000000005
11123,Germany,Personal Care,10.26,3,Value,15,11.799,14.999999999999991,OK,False,460000,0.31,1,0.999990952514284,Strong Premium,True,14.68999999999999
11124,Germany,Home Care,1.18,4,Standard,25,1.475,25.0,OK,False,460000,0.31,1,0.999990952514284,Strong Premium,True,24.69
11125,France,Personal Care,8.71,10,Premium,60,13.936000000000002,60.00000000000001,OK,True,430000,0.29,0,8.024217092590475e-16,Standard / Value,False,59.71000000000001
11126,Spain,Food & Refreshment,11.57,4,Standard,28,14.8096,28.000000000000004,OK,True,410000,0.3,0,3.6196737287189683e-19,Standard / Value,False,27.700000000000003
11127,Spain,Food & Refreshment,2.48,2,Value,12,2.7776,12.00000000000001,OK,True,410000,0.3,0,3.6196737287189683e-19,Standard / Value,False,11.70000000000001
11128,France,Home Care,3.82,5,Standard,25,4.7749999999999995,25.0,OK,False,430000,0.29,0,8.024217092590475e-16,Standard / Value,True,24.71
11129,France,Food & Refreshment,13.3,5,Standard,28,17.024,28.000000000000004,OK,True,430000,0.29,0,8.024217092590475e-16,Standard / Value,False,27.710000000000004
11130,France,Home Care,0.79,5,Standard,25,0.9875,25.0,OK,False,430000,0.29,0,8.024217092590475e-16,Standard / Value,True,24.71
11131,France,Personal Care,11.41,10,Premium,60,18.256,60.00000000000001,OK,True,430000,0.29,0,8.024217092590475e-16,Standard / Value,False,59.71000000000001
11132,France,Personal Care,7.37,1,Value,15,8.4755,14.999999999999991,OK,False,430000,0.29,0,8.024217092590475e-16,Standard / Value,True,14.709999999999992
11133,France,Home Care,6.98,6,Standard,25,8.725000000000001,25.00000000000002,OK,True,430000,0.29,0,8.024217092590475e-16,Standard / Value,False,24.710000000000022
11134,Germany,Home Care,0.6,2,Value,10,0.66,10.000000000000009,OK,True,460000,0.31,1,0.999990952514284,Strong Premium,False,9.690000000000008
11135,Germany,Food & Refreshment,12.38,7,Standard,28,15.8464,28.000000000000004,OK,True,460000,0.31,1,0.999990952514284,Strong Premium,False,27.690000000000005
11136,Germany,Personal Care,5.72,4,Standard,30,7.436,30.000000000000004,OK,True,460000,0.31,1,0.999990952514284,Strong Premium,False,29.690000000000005
11137,Germany,Home Care,8.34,5,Standard,25,10.425,25.0,OK,False,460000,0.31,1,0.999990952514284,Strong Premium,True,24.69
11138,France,Personal Care,10.32,5,Standard,30,13.416,30.000000000000004,OK,True,430000,0.29,0,8.024217092590475e-16,Standard / Value,False,29.710000000000004
11139,Spain,Home Care,10.69,5,Standard,25,13.3625,25.0,OK,False,410000,0.3,0,3.6196737287189683e-19,Standard / Value,True,24.7
11140,UK,Personal Care,14.36,2,Value,15,16.514,14.999999999999991,OK,False,520000,0.32,0,8.248669927223737e-16,Standard / Value,True,14.67999999999999
11141,France,Food & Refreshment,8.2,5,Standard,28,10.496,28.000000000000004,OK,True,430000,0.29,0,8.024217092590475e-16,Standard / Value,False,27.710000000000004
11142,UK,Personal Care,6.3,3,Value,15,7.244999999999999,14.999999999999991,OK,False,520000,0.32,0,8.248669927223737e-16,Standard / Value,True,14.67999999999999
11143,Spain,Personal Care,14.33,4,Standard,30,18.629,30.000000000000004,OK,True,410000,0.3,0,3.6196737287189683e-19,Standard / Value,False,29.700000000000003
11144,Germany,Personal Care,9.81,2,Value,15,11.2815,14.999999999999991,OK,False,460000,0.31,1,0.999990952514284,Strong Premium,True,14.68999999999999
11145,Spain,Personal Care,4.82,4,Standard,30,6.266000000000001,30.000000000000004,OK,True,410000,0.3,0,3.6196737287189683e-19,Standard / Value,False,29.700000000000003
11146,France,Personal Care,2.33,9,Premium,60,3.728,60.00000000000001,OK,True,430000,0.29,0,8.024217092590475e-16,Standard / Value,False,59.71000000000001
11147,Germany,Food & Refreshment,12.72,8,Premium,55,19.716,55.00000000000001,OK,True,460000,0.31,1,0.999990952514284,Strong Premium,False,54.690000000000005
11148,France,Home Care,5.75,3,Value,10,6.325,10.000000000000009,OK,True,430000,0.29,0,8.024217092590475e-16,Standard / Value,False,9.71000000000001
11149,Germany,Personal Care,10.08,1,Value,15,11.592,14.999999999999991,OK,False,460000,0.31,1,0.999990952514284,Strong Premium,True,14.68999999999999
11150,UK,Food & Refreshment,7.33,1,Value,12,8.2096,11.99999999999999,OK,False,520000,0.32,0,8.248669927223737e-16,Standard / Value,True,11.679999999999989
11151,UK,Personal Care,3.38,6,Standard,30,4.394,30.000000000000004,OK,True,520000,0.32,0,8.248669927223737e-16,Standard / Value,False,29.680000000000003
11152,UK,Personal Care,9.22,3,Value,15,10.603,14.999999999999991,OK,False,520000,0.32,0,8.248669927223737e-16,Standard / Value,True,14.67999999999999
11153,Spain,Home Care,1.38,4,Standard,25,1.725,25.0,OK,False,410000,0.3,0,3.6196737287189683e-19,Standard / Value,True,24.7
11154,France,Personal Care,6.49,1,Value,15,7.4635,14.999999999999991,OK,False,430000,0.29,0,8.024217092590475e-16,Standard / Value,True,14.709999999999992
11155,Spain,Food & Refreshment,8.43,8,Premium,55,13.0665,55.00000000000001,OK,True,410000,0.3,0,3.6196737287189683e-19,Standard / Value,False,54.70000000000001
11156,UK,Food & Refreshment,6.82,1,Value,12,7.638400000000001,12.00000000000001,OK,True,520000,0.32,0,8.248669927223737e-16,Standard / Value,False,11.68000000000001
11157,France,Home Care,11.36,5,Standard,25,14.2,25.0,OK,False,430000,0.29,0,8.024217092590475e-16,Standard / Value,True,24.71
11158,UK,Personal Care,12.5,6,Standard,30,16.25,30.000000000000004,OK,True,520000,0.32,0,8.248669927223737e-16,Standard / Value,False,29.680000000000003
11159,Spain,Food & Refreshment,11.68,2,Value,12,13.081600000000002,12.00000000000001,OK,True,410000,0.3,0,3.6196737287189683e-19,Standard / Value,False,11.70000000000001
11160,Spain,Personal Care,1.06,7,Standard,30,1.378,30.000000000000004,OK,True,410000,0.3,0,3.6196737287189683e-19,Standard / Value,False,29.700000000000003
11161,Spain,Personal Care,3.31,7,Standard,30,4.303,30.000000000000004,OK,True,410000,0.3,0,3.6196737287189683e-19,Standard / Value,False,29.700000000000003
11162,UK,Personal Care,8.28,1,Value,15,9.521999999999998,14.999999999999991,OK,False,520000,0.32,0,8.248669927223737e-16,Standard / Value,True,14.67999999999999
11163,France,Home Care,14.05,4,Standard,25,17.5625,25.0,OK,False,430000,0.29,0,8.024217092590475e-16,Standard / Value,True,24.71
11164,France,Personal Care,12.61,4,Standard,30,16.393,30.000000000000004,OK,True,430000,0.29,0,8.024217092590475e-16,Standard / Value,False,29.710000000000004
11165,UK,Food & Refreshment,12.72,5,Standard,28,16.2816,28.000000000000004,OK,True,520000,0.32,0,8.248669927223737e-16,Standard / Value,False,27.680000000000003
11166,France,Personal Care,4.9,1,Value,15,5.635,14.999999999999991,OK,False,430000,0.29,0,8.024217092590475e-16,Standard / Value,True,14.709999999999992
11167,UK,Food & Refreshment,6.73,1,Value,12,7.537600000000001,12.00000000000001,OK,True,520000,0.32,0,8.248669927223737e-16,Standard / Value,False,11.68000000000001
11168,France,Personal Care,7.33,7,Standard,30,9.529,30.000000000000004,OK,True,430000,0.29,0,8.024217092590475e-16,Standard / Value,False,29.710000000000004
11169,Germany,Food & Refreshment,2.78,9,Premium,55,4.309,55.00000000000003,OK,True,460000,0.31,1,0.999990952514284,Strong Premium,False,54.690000000000026
11170,Germany,Food & Refreshment,0.95,1,Value,12,1.064,12.00000000000001,OK,True,460000,0.31,1,0.999990952514284,Strong Premium,False,11.69000000000001
11171,Spain,Personal Care,14.23,2,Value,15,16.3645,14.999999999999991,OK,False,410000,0.3,0,3.6196737287189683e-19,Standard / Value,True,14.69999999999999
11172,Germany,Personal Care,3.99,6,Standard,30,5.187,30.000000000000004,OK,True,460000,0.31,1,0.999990952514284,Strong Premium,False,29.690000000000005
11173,Germany,Food & Refreshment,3.98,6,Standard,28,5.0944,28.000000000000004,OK,True,460000,0.31,1,0.999990952514284,Strong Premium,False,27.690000000000005
11174,Germany,Home Care,1.71,2,Value,10,1.881,10.000000000000009,OK,True,460000,0.31,1,0.999990952514284,Strong Premium,False,9.690000000000008
11175,UK,Personal Care,13.96,9,Premium,60,22.336,60.00000000000001,OK,True,520000,0.32,0,8.248669927223737e-16,Standard / Value,False,59.68000000000001
11176,Germany,Home Care,8.91,4,Standard,25,11.1375,25.0,OK,False,460000,0.31,1,0.999990952514284,Strong Premium,True,24.69
11177,Germany,Personal Care,10.17,7,Standard,30,13.221,30.000000000000004,OK,True,460000,0.31,1,0.999990952514284,Strong Premium,False,29.690000000000005
11178,Spain,Personal Care,13.72,6,Standard,30,17.836000000000002,30.000000000000004,OK,True,410000,0.3,0,3.6196737287189683e-19,Standard / Value,False,29.700000000000003
11179,Germany,Personal Care,5.51,3,Value,15,6.336499999999999,14.999999999999991,OK,False,460000,0.31,1,0.999990952514284,Strong Premium,True,14.68999999999999
11180,Germany,Personal Care,9.51,8,Premium,60,15.216,60.00000000000001,OK,True,460000,0.31,1,0.999990952514284,Strong Premium,False,59.690000000000005
11181,France,Home Care,1.06,7,Standard,25,1.3250000000000002,25.0,OK,False,430000,0.29,0,8.024217092590475e-16,Standard / Value,True,24.71
11182,Spain,Personal Care,3.21,9,Premium,60,5.136,60.00000000000001,OK,True,410000,0.3,0,3.6196737287189683e-19,Standard / Value,False,59.70000000000001
11183,Spain,Food & Refreshment,12.55,3,Value,12,14.056000000000004,12.00000000000001,OK,True,410000,0.3,0,3.6196737287189683e-19,Standard / Value,False,11.70000000000001
11184,Spain,Food & Refreshment,11.62,1,Value,12,13.0144,12.00000000000001,OK,True,410000,0.3,0,3.6196737287189683e-19,Standard / Value,False,11.70000000000001
11185,Spain,Home Care,5.58,2,Value,10,6.138000000000001,10.000000000000009,OK,True,410000,0.3,0,3.6196737287189683e-19,Standard / Value,False,9.700000000000008
11186,Spain,Personal Care,5.96,1,Value,15,6.853999999999999,14.999999999999991,OK,False,410000,0.3,0,3.6196737287189683e-19,Standard / Value,True,14.69999999999999
11187,Spain,Food & Refreshment,8.24,5,Standard,28,10.5472,28.000000000000004,OK,True,410000,0.3,0,3.6196737287189683e-19,Standard / Value,False,27.700000000000003
11188,UK,Home Care,0.5,10,Premium,50,0.75,50.0,OK,False,520000,0.32,0,8.248669927223737e-16,Standard / Value,True,49.68
11189,Germany,Personal Care,4.0,2,Value,15,4.6,14.999999999999991,OK,False,460000,0.31,1,0.999990952514284,Strong Premium,True,14.68999999999999
11190,Spain,Food & Refreshment,3.52,3,Value,12,3.942400000000001,12.00000000000001,OK,True,410000,0.3,0,3.6196737287189683e-19,Standard / Value,False,11.70000000000001
11191,Germany,Food & Refreshment,4.13,8,Premium,55,6.4015,55.00000000000001,OK,True,460000,0.31,1,0.999990952514284,Strong Premium,False,54.690000000000005
11192,Germany,Home Care,12.19,10,Premium,50,18.285,50.0,OK,False,460000,0.31,1,0.999990952514284,Strong Premium,True,49.69
11193,UK,Personal Care,4.56,5,Standard,30,5.928,30.000000000000004,OK,True,520000,0.32,0,8.248669927223737e-16,Standard / Value,False,29.680000000000003
11194,Spain,Personal Care,3.28,4,Standard,30,4.264,30.000000000000004,OK,True,410000,0.3,0,3.6196737287189683e-19,Standard / Value,False,29.700000000000003
11195,France,Food & Refreshment,7.81,5,Standard,28,9.9968,28.000000000000004,OK,True,430000,0.29,0,8.024217092590475e-16,Standard / Value,False,27.710000000000004
11196,UK,Food & Refreshment,13.05,10,Premium,55,20.227500000000003,55.00000000000001,OK,True,520000,0.32,0,8.248669927223737e-16,Standard / Value,False,54.68000000000001
11197,France,Food & Refreshment,4.0,6,Standard,28,5.12,28.000000000000004,OK,True,430000,0.29,0,8.024217092590475e-16,Standard / Value,False,27.710000000000004
11198,Germany,Personal Care,1.64,7,Standard,30,2.132,30.000000000000004,OK,True,460000,0.31,1,0.999990952514284,Strong Premium,False,29.690000000000005
11199,Germany,Home Care,5.67,9,Premium,50,8.504999999999999,49.99999999999998,OK,False,460000,0.31,1,0.999990952514284,Strong Premium,True,49.689999999999976
11200,UK,Home Care,11.34,1,Value,10,12.474,10.000000000000009,OK,True,520000,0.32,0,8.248669927223737e-16,Standard / Value,False,9.680000000000009
11201,UK,Personal Care,8.49,4,Standard,30,11.037,30.000000000000004,OK,True,520000,0.32,0,8.248669927223737e-16,Standard / Value,False,29.680000000000003
11202,France,Home Care,12.34,9,Premium,50,18.51,49.99999999999998,OK,False,430000,0.29,0,8.024217092590475e-16,Standard / Value,True,49.70999999999998
11203,Spain,Food & Refreshment,14.41,5,Standard,28,18.4448,28.000000000000004,OK,True,410000,0.3,0,3.6196737287189683e-19,Standard / Value,False,27.700000000000003
11204,France,Home Care,11.99,8,Premium,50,17.985,50.0,OK,False,430000,0.29,0,8.024217092590475e-16,Standard / Value,True,49.71
11205,UK,Home Care,9.26,1,Value,10,10.186,10.000000000000009,OK,True,520000,0.32,0,8.248669927223737e-16,Standard / Value,False,9.680000000000009
11206,France,Home Care,7.65,4,Standard,25,9.5625,25.0,OK,False,430000,0.29,0,8.024217092590475e-16,Standard / Value,True,24.71
11207,UK,Food & Refreshment,1.08,9,Premium,55,1.6740000000000002,55.00000000000001,OK,True,520000,0.32,0,8.248669927223737e-16,Standard / Value,False,54.68000000000001
11208,France,Personal Care,14.77,1,Value,15,16.9855,14.999999999999991,OK,False,430000,0.29,0,8.024217092590475e-16,Standard / Value,True,14.709999999999992
11209,UK,Food & Refreshment,6.06,1,Value,12,6.7872,12.00000000000001,OK,True,520000,0.32,0,8.248669927223737e-16,Standard / Value,False,11.68000000000001
11210,UK,Personal Care,2.71,4,Standard,30,3.523,30.000000000000004,OK,True,520000,0.32,0,8.248669927223737e-16,Standard / Value,False,29.680000000000003
11211,UK,Personal Care,10.17,3,Value,15,11.6955,14.999999999999991,OK,False,520000,0.32,0,8.248669927223737e-16,Standard / Value,True,14.67999999999999
11212,Spain,Personal Care,4.62,7,Standard,30,6.006,30.000000000000004,OK,True,410000,0.3,0,3.6196737287189683e-19,Standard / Value,False,29.700000000000003
11213,France,Home Care,8.99,3,Value,10,9.889,10.000000000000009,OK,True,430000,0.29,0,8.024217092590475e-16,Standard / Value,False,9.71000000000001
11214,France,Home Care,9.01,1,Value,10,9.911,10.000000000000009,OK,True,430000,0.29,0,8.024217092590475e-16,Standard / Value,False,9.71000000000001
11215,France,Personal Care,6.96,10,Premium,60,11.136,60.00000000000001,OK,True,430000,0.29,0,8.024217092590475e-16,Standard / Value,False,59.71000000000001
11216,UK,Personal Care,12.62,2,Value,15,14.512999999999998,14.999999999999991,OK,False,520000,0.32,0,8.248669927223737e-16,Standard / Value,True,14.67999999999999
11217,France,Home Care,4.34,10,Premium,50,6.51,50.0,OK,False,430000,0.29,0,8.024217092590475e-16,Standard / Value,True,49.71
11218,France,Food & Refreshment,7.01,4,Standard,28,8.9728,28.000000000000004,OK,True,430000,0.29,0,8.024217092590475e-16,Standard / Value,False,27.710000000000004
11219,UK,Personal Care,8.3,1,Value,15,9.545,14.999999999999991,OK,False,520000,0.32,0,8.248669927223737e-16,Standard / Value,True,14.67999999999999
11220,Germany,Food & Refreshment,10.12,1,Value,12,11.3344,12.00000000000001,OK,True,460000,0.31,1,0.999990952514284,Strong Premium,False,11.69000000000001
11221,UK,Home Care,11.87,8,Premium,50,17.805,50.0,OK,False,520000,0.32,0,8.248669927223737e-16,Standard / Value,True,49.68
11222,France,Personal Care,6.22,7,Standard,30,8.086,30.000000000000004,OK,True,430000,0.29,0,8.024217092590475e-16,Standard / Value,False,29.710000000000004
11223,UK,Food & Refreshment,9.87,8,Premium,55,15.2985,55.00000000000001,OK,True,520000,0.32,0,8.248669927223737e-16,Standard / Value,False,54.68000000000001
11224,Germany,Food & Refreshment,2.68,4,Standard,28,3.4304,28.000000000000004,OK,True,460000,0.31,1,0.999990952514284,Strong Premium,False,27.690000000000005
11225,UK,Food & Refreshment,14.02,6,Standard,28,17.9456,28.000000000000004,OK,True,520000,0.32,0,8.248669927223737e-16,Standard / Value,False,27.680000000000003
11226,France,Home Care,6.05,3,Value,10,6.655,10.000000000000009,OK,True,430000,0.29,0,8.024217092590475e-16,Standard / Value,False,9.71000000000001
11227,Germany,Home Care,11.08,8,Premium,50,16.62,50.0,OK,False,460000,0.31,1,0.999990952514284,Strong Premium,True,49.69
11228,Spain,Food & Refreshment,0.79,4,Standard,28,1.0112,28.000000000000004,OK,True,410000,0.3,0,3.6196737287189683e-19,Standard / Value,False,27.700000000000003
11229,France,Food & Refreshment,3.48,3,Value,12,3.8976,12.00000000000001,OK,True,430000,0.29,0,8.024217092590475e-16,Standard / Value,False,11.710000000000012
11230,Germany,Home Care,7.56,4,Standard,25,9.45,25.0,OK,False,460000,0.31,1,0.999990952514284,Strong Premium,True,24.69
11231,Germany,Food & Refreshment,13.23,6,Standard,28,16.9344,28.000000000000004,OK,True,460000,0.31,1,0.999990952514284,Strong Premium,False,27.690000000000005
11232,Spain,Food & Refreshment,8.15,7,Standard,28,10.432,28.000000000000004,OK,True,410000,0.3,0,3.6196737287189683e-19,Standard / Value,False,27.700000000000003
11233,UK,Home Care,13.98,7,Standard,25,17.475,25.0,OK,False,520000,0.32,0,8.248669927223737e-16,Standard / Value,True,24.68
11234,UK,Food & Refreshment,7.52,4,Standard,28,9.6256,28.000000000000004,OK,True,520000,0.32,0,8.248669927223737e-16,Standard / Value,False,27.680000000000003
11235,France,Food & Refreshment,7.61,8,Premium,55,11.7955,55.00000000000001,OK,True,430000,0.29,0,8.024217092590475e-16,Standard / Value,False,54.71000000000001
11236,Spain,Food & Refreshment,2.24,7,Standard,28,2.8672000000000004,28.000000000000004,OK,True,410000,0.3,0,3.6196737287189683e-19,Standard / Value,False,27.700000000000003
11237,UK,Home Care,12.14,2,Value,10,13.354,10.000000000000009,OK,True,520000,0.32,0,8.248669927223737e-16,Standard / Value,False,9.680000000000009
11238,Spain,Food & Refreshment,4.08,8,Premium,55,6.324000000000001,55.00000000000001,OK,True,410000,0.3,0,3.6196737287189683e-19,Standard / Value,False,54.70000000000001
11239,UK,Home Care,13.54,9,Premium,50,20.31,50.0,OK,False,520000,0.32,0,8.248669927223737e-16,Standard / Value,True,49.68
11240,Germany,Home Care,13.71,5,Standard,25,17.137500000000003,25.00000000000002,OK,True,460000,0.31,1,0.999990952514284,Strong Premium,False,24.690000000000023
11241,UK,Personal Care,14.18,4,Standard,30,18.434,30.000000000000004,OK,True,520000,0.32,0,8.248669927223737e-16,Standard / Value,False,29.680000000000003
11242,Spain,Personal Care,8.04,4,Standard,30,10.452,30.000000000000004,OK,True,410000,0.3,0,3.6196737287189683e-19,Standard / Value,False,29.700000000000003
11243,Germany,Food & Refreshment,10.32,4,Standard,28,13.2096,28.000000000000004,OK,True,460000,0.31,1,0.999990952514284,Strong Premium,False,27.690000000000005
11244,Germany,Home Care,11.79,6,Standard,25,14.7375,25.0,OK,False,460000,0.31,1,0.999990952514284,Strong Premium,True,24.69
11245,Germany,Personal Care,2.4,4,Standard,30,3.12,30.000000000000004,OK,True,460000,0.31,1,0.999990952514284,Strong Premium,False,29.690000000000005
11246,Spain,Food & Refreshment,9.21,7,Standard,28,11.788800000000002,28.000000000000004,OK,True,410000,0.3,0,3.6196737287189683e-19,Standard / Value,False,27.700000000000003
11247,France,Personal Care,1.0,7,Standard,30,1.3,30.000000000000004,OK,True,430000,0.29,0,8.024217092590475e-16,Standard / Value,False,29.710000000000004
11248,France,Personal Care,7.71,5,Standard,30,10.023,30.000000000000004,OK,True,430000,0.29,0,8.024217092590475e-16,Standard / Value,False,29.710000000000004
11249,France,Home Care,2.75,5,Standard,25,3.4375,25.0,OK,False,430000,0.29,0,8.024217092590475e-16,Standard / Value,True,24.71
11250,Spain,Home Care,3.15,10,Premium,50,4.725,50.0,OK,False,410000,0.3,0,3.6196737287189683e-19,Standard / Value,True,49.7
11251,Germany,Personal Care,5.79,8,Premium,60,9.264,60.00000000000001,OK,True,460000,0.31,1,0.999990952514284,Strong Premium,False,59.690000000000005
11252,France,Personal Care,6.77,7,Standard,30,8.801,30.000000000000004,OK,True,430000,0.29,0,8.024217092590475e-16,Standard / Value,False,29.710000000000004
11253,Spain,Home Care,9.54,7,Standard,25,11.925,25.0,OK,False,410000,0.3,0,3.6196737287189683e-19,Standard / Value,True,24.7
11254,France,Food & Refreshment,1.58,6,Standard,28,2.0224,28.000000000000004,OK,True,430000,0.29,0,8.024217092590475e-16,Standard / Value,False,27.710000000000004
11255,UK,Home Care,7.8,7,Standard,25,9.75,25.0,OK,False,520000,0.32,0,8.248669927223737e-16,Standard / Value,True,24.68
11256,France,Personal Care,3.15,7,Standard,30,4.095,30.000000000000004,OK,True,430000,0.29,0,8.024217092590475e-16,Standard / Value,False,29.710000000000004
11257,France,Food & Refreshment,8.82,10,Premium,55,13.671,55.00000000000001,OK,True,430000,0.29,0,8.024217092590475e-16,Standard / Value,False,54.71000000000001
11258,Germany,Personal Care,9.74,2,Value,15,11.201,14.999999999999991,OK,False,460000,0.31,1,0.999990952514284,Strong Premium,True,14.68999999999999
11259,Spain,Food & Refreshment,8.57,10,Premium,55,13.2835,55.00000000000001,OK,True,410000,0.3,0,3.6196737287189683e-19,Standard / Value,False,54.70000000000001
11260,Germany,Personal Care,11.21,2,Value,15,12.8915,14.999999999999991,OK,False,460000,0.31,1,0.999990952514284,Strong Premium,True,14.68999999999999
11261,Germany,Food & Refreshment,5.37,10,Premium,55,8.323500000000001,55.00000000000003,OK,True,460000,0.31,1,0.999990952514284,Strong Premium,False,54.690000000000026
11262,Germany,Food & Refreshment,11.59,7,Standard,28,14.8352,28.000000000000004,OK,True,460000,0.31,1,0.999990952514284,Strong Premium,False,27.690000000000005
11263,Germany,Personal Care,6.78,10,Premium,60,10.848,60.00000000000001,OK,True,460000,0.31,1,0.999990952514284,Strong Premium,False,59.690000000000005
11264,Germany,Food & Refreshment,7.52,7,Standard,28,9.6256,28.000000000000004,OK,True,460000,0.31,1,0.999990952514284,Strong Premium,False,27.690000000000005
11265,France,Home Care,9.9,7,Standard,25,12.375,25.0,OK,False,430000,0.29,0,8.024217092590475e-16,Standard / Value,True,24.71
11266,Germany,Personal Care,0.77,5,Standard,30,1.001,30.000000000000004,OK,True,460000,0.31,1,0.999990952514284,Strong Premium,False,29.690000000000005
11267,Germany,Home Care,9.98,1,Value,10,10.978000000000002,10.000000000000009,OK,True,460000,0.31,1,0.999990952514284,Strong Premium,False,9.690000000000008
11268,Spain,Personal Care,9.47,2,Value,15,10.8905,14.999999999999991,OK,False,410000,0.3,0,3.6196737287189683e-19,Standard / Value,True,14.69999999999999
11269,UK,Food & Refreshment,4.99,9,Premium,55,7.734500000000001,55.00000000000001,OK,True,520000,0.32,0,8.248669927223737e-16,Standard / Value,False,54.68000000000001
11270,France,Food & Refreshment,1.74,8,Premium,55,2.697,55.00000000000001,OK,True,430000,0.29,0,8.024217092590475e-16,Standard / Value,False,54.71000000000001
11271,France,Food & Refreshment,1.82,8,Premium,55,2.821,55.00000000000001,OK,True,430000,0.29,0,8.024217092590475e-16,Standard / Value,False,54.71000000000001
11272,France,Personal Care,13.89,10,Premium,60,22.224000000000004,60.00000000000003,OK,True,430000,0.29,0,8.024217092590475e-16,Standard / Value,False,59.71000000000003
11273,Germany,Home Care,10.49,1,Value,10,11.539,10.000000000000009,OK,True,460000,0.31,1,0.999990952514284,Strong Premium,False,9.690000000000008
11274,Germany,Home Care,2.34,6,Standard,25,2.925,25.0,OK,False,460000,0.31,1,0.999990952514284,Strong Premium,True,24.69
11275,Germany,Personal Care,5.67,9,Premium,60,9.072,60.00000000000001,OK,True,460000,0.31,1,0.999990952514284,Strong Premium,False,59.690000000000005
11276,Spain,Personal Care,9.09,8,Premium,60,14.544,60.00000000000001,OK,True,410000,0.3,0,3.6196737287189683e-19,Standard / Value,False,59.70000000000001
11277,UK,Home Care,12.62,3,Value,10,13.882,10.000000000000009,OK,True,520000,0.32,0,8.248669927223737e-16,Standard / Value,False,9.680000000000009
11278,Germany,Home Care,1.13,4,Standard,25,1.4125,25.0,OK,False,460000,0.31,1,0.999990952514284,Strong Premium,True,24.69
11279,UK,Home Care,3.93,3,Value,10,4.323,10.000000000000009,OK,True,520000,0.32,0,8.248669927223737e-16,Standard / Value,False,9.680000000000009
11280,Spain,Home Care,13.4,6,Standard,25,16.75,25.0,OK,False,410000,0.3,0,3.6196737287189683e-19,Standard / Value,True,24.7
11281,France,Personal Care,0.63,9,Premium,60,1.008,60.00000000000001,OK,True,430000,0.29,0,8.024217092590475e-16,Standard / Value,False,59.71000000000001
11282,Germany,Personal Care,3.42,8,Premium,60,5.472,60.00000000000001,OK,True,460000,0.31,1,0.999990952514284,Strong Premium,False,59.690000000000005
11283,UK,Food & Refreshment,14.41,10,Premium,55,22.3355,55.00000000000001,OK,True,520000,0.32,0,8.248669927223737e-16,Standard / Value,False,54.68000000000001
11284,UK,Home Care,9.39,4,Standard,25,11.7375,25.0,OK,False,520000,0.32,0,8.248669927223737e-16,Standard / Value,True,24.68
11285,Germany,Food & Refreshment,4.29,2,Value,12,4.8048,12.00000000000001,OK,True,460000,0.31,1,0.999990952514284,Strong Premium,False,11.69000000000001
11286,France,Personal Care,1.47,8,Premium,60,2.352,59.999999999999986,OK,False,430000,0.29,0,8.024217092590475e-16,Standard / Value,True,59.70999999999999
11287,France,Personal Care,0.91,8,Premium,60,1.4560000000000002,60.00000000000001,OK,True,430000,0.29,0,8.024217092590475e-16,Standard / Value,False,59.71000000000001
11288,France,Food & Refreshment,4.05,6,Standard,28,5.184,28.000000000000004,OK,True,430000,0.29,0,8.024217092590475e-16,Standard / Value,False,27.710000000000004
11289,Spain,Home Care,13.28,8,Premium,50,19.92,50.0,OK,False,410000,0.3,0,3.6196737287189683e-19,Standard / Value,True,49.7
11290,UK,Home Care,6.53,9,Premium,50,9.795,50.0,OK,False,520000,0.32,0,8.248669927223737e-16,Standard / Value,True,49.68
11291,UK,Home Care,10.94,1,Value,10,12.034,10.000000000000009,OK,True,520000,0.32,0,8.248669927223737e-16,Standard / Value,False,9.680000000000009
11292,UK,Home Care,13.82,9,Premium,50,20.73,50.0,OK,False,520000,0.32,0,8.248669927223737e-16,Standard / Value,True,49.68
11293,Spain,Food & Refreshment,6.42,2,Value,12,7.1904,12.00000000000001,OK,True,410000,0.3,0,3.6196737287189683e-19,Standard / Value,False,11.70000000000001
11294,UK,Food & Refreshment,3.27,1,Value,12,3.6624,12.00000000000001,OK,True,520000,0.32,0,8.248669927223737e-16,Standard / Value,False,11.68000000000001
11295,Spain,Personal Care,8.0,8,Premium,60,12.8,60.00000000000001,OK,True,410000,0.3,0,3.6196737287189683e-19,Standard / Value,False,59.70000000000001
11296,France,Home Care,13.67,8,Premium,50,20.505,50.0,OK,False,430000,0.29,0,8.024217092590475e-16,Standard / Value,True,49.71
11297,Germany,Home Care,12.16,4,Standard,25,15.2,25.0,OK,False,460000,0.31,1,0.999990952514284,Strong Premium,True,24.69
11298,UK,Home Care,1.45,8,Premium,50,2.175,50.0,OK,False,520000,0.32,0,8.248669927223737e-16,Standard / Value,True,49.68
11299,UK,Food & Refreshment,10.54,7,Standard,28,13.4912,28.000000000000004,OK,True,520000,0.32,0,8.248669927223737e-16,Standard / Value,False,27.680000000000003
11300,France,Home Care,8.79,2,Value,10,9.669,10.000000000000009,OK,True,430000,0.29,0,8.024217092590475e-16,Standard / Value,False,9.71000000000001
11301,Germany,Food & Refreshment,13.66,5,Standard,28,17.4848,28.000000000000004,OK,True,460000,0.31,1,0.999990952514284,Strong Premium,False,27.690000000000005
11302,Spain,Home Care,2.28,10,Premium,50,3.42,50.0,OK,False,410000,0.3,0,3.6196737287189683e-19,Standard / Value,True,49.7
11303,Germany,Home Care,8.24,4,Standard,25,10.3,25.0,OK,False,460000,0.31,1,0.999990952514284,Strong Premium,True,24.69
11304,France,Personal Care,13.25,3,Value,15,15.2375,14.999999999999991,OK,False,430000,0.29,0,8.024217092590475e-16,Standard / Value,True,14.709999999999992
11305,France,Home Care,6.45,1,Value,10,7.095000000000001,10.000000000000009,OK,True,430000,0.29,0,8.024217092590475e-16,Standard / Value,False,9.71000000000001
11306,Germany,Home Care,7.49,5,Standard,25,9.3625,25.0,OK,False,460000,0.31,1,0.999990952514284,Strong Premium,True,24.69
11307,Spain,Personal Care,1.52,10,Premium,60,2.4320000000000004,60.00000000000003,OK,True,410000,0.3,0,3.6196737287189683e-19,Standard / Value,False,59.70000000000003
11308,Spain,Food & Refreshment,4.53,8,Premium,55,7.0215000000000005,55.00000000000001,OK,True,410000,0.3,0,3.6196737287189683e-19,Standard / Value,False,54.70000000000001
11309,UK,Food & Refreshment,5.21,9,Premium,55,8.0755,55.00000000000001,OK,True,520000,0.32,0,8.248669927223737e-16,Standard / Value,False,54.68000000000001
11310,Spain,Home Care,14.2,7,Standard,25,17.75,25.0,OK,False,410000,0.3,0,3.6196737287189683e-19,Standard / Value,True,24.7
11311,Germany,Food & Refreshment,4.6,1,Value,12,5.152,12.00000000000001,OK,True,460000,0.31,1,0.999990952514284,Strong Premium,False,11.69000000000001
11312,France,Home Care,7.18,1,Value,10,7.898000000000001,10.000000000000009,OK,True,430000,0.29,0,8.024217092590475e-16,Standard / Value,False,9.71000000000001
11313,UK,Personal Care,10.23,1,Value,15,11.7645,14.999999999999991,OK,False,520000,0.32,0,8.248669927223737e-16,Standard / Value,True,14.67999999999999
11314,UK,Personal Care,2.85,2,Value,15,3.2775,14.999999999999991,OK,False,520000,0.32,0,8.248669927223737e-16,Standard / Value,True,14.67999999999999
11315,France,Home Care,7.55,1,Value,10,8.305,10.000000000000009,OK,True,430000,0.29,0,8.024217092590475e-16,Standard / Value,False,9.71000000000001
11316,Spain,Personal Care,11.21,4,Standard,30,14.573000000000002,30.000000000000004,OK,True,410000,0.3,0,3.6196737287189683e-19,Standard / Value,False,29.700000000000003
11317,France,Personal Care,13.07,10,Premium,60,20.912000000000003,60.00000000000001,OK,True,430000,0.29,0,8.024217092590475e-16,Standard / Value,False,59.71000000000001
11318,Spain,Home Care,9.58,9,Premium,50,14.37,50.0,OK,False,410000,0.3,0,3.6196737287189683e-19,Standard / Value,True,49.7
11319,France,Home Care,10.2,4,Standard,25,12.75,25.0,OK,False,430000,0.29,0,8.024217092590475e-16,Standard / Value,True,24.71
11320,Germany,Personal Care,2.33,4,Standard,30,3.0290000000000004,30.000000000000004,OK,True,460000,0.31,1,0.999990952514284,Strong Premium,False,29.690000000000005
11321,Spain,Food & Refreshment,14.21,7,Standard,28,18.1888,28.000000000000004,OK,True,410000,0.3,0,3.6196737287189683e-19,Standard / Value,False,27.700000000000003
11322,Germany,Food & Refreshment,2.42,9,Premium,55,3.751,55.00000000000001,OK,True,460000,0.31,1,0.999990952514284,Strong Premium,False,54.690000000000005
11323,UK,Home Care,11.73,7,Standard,25,14.6625,25.0,OK,False,520000,0.32,0,8.248669927223737e-16,Standard / Value,True,24.68
11324,France,Home Care,4.34,1,Value,10,4.774,10.000000000000009,OK,True,430000,0.29,0,8.024217092590475e-16,Standard / Value,False,9.71000000000001
11325,UK,Food & Refreshment,14.04,1,Value,12,15.7248,12.00000000000001,OK,True,520000,0.32,0,8.248669927223737e-16,Standard / Value,False,11.68000000000001
11326,UK,Personal Care,10.94,4,Standard,30,14.222,30.000000000000004,OK,True,520000,0.32,0,8.248669927223737e-16,Standard / Value,False,29.680000000000003
11327,UK,Food & Refreshment,11.43,4,Standard,28,14.6304,28.000000000000004,OK,True,520000,0.32,0,8.248669927223737e-16,Standard / Value,False,27.680000000000003
11328,UK,Food & Refreshment,3.68,1,Value,12,4.121600000000001,12.00000000000001,OK,True,520000,0.32,0,8.248669927223737e-16,Standard / Value,False,11.68000000000001
11329,France,Food & Refreshment,6.92,6,Standard,28,8.8576,28.000000000000004,OK,True,430000,0.29,0,8.024217092590475e-16,Standard / Value,False,27.710000000000004
11330,UK,Food & Refreshment,9.46,10,Premium,55,14.663000000000002,55.00000000000001,OK,True,520000,0.32,0,8.248669927223737e-16,Standard / Value,False,54.68000000000001
11331,France,Home Care,11.66,2,Value,10,12.826,10.000000000000009,OK,True,430000,0.29,0,8.024217092590475e-16,Standard / Value,False,9.71000000000001
11332,France,Home Care,2.01,5,Standard,25,2.5124999999999997,25.0,OK,False,430000,0.29,0,8.024217092590475e-16,Standard / Value,True,24.71
11333,Germany,Personal Care,14.45,8,Premium,60,23.12,60.00000000000001,OK,True,460000,0.31,1,0.999990952514284,Strong Premium,False,59.690000000000005
11334,Spain,Personal Care,13.41,3,Value,15,15.421499999999998,14.999999999999991,OK,False,410000,0.3,0,3.6196737287189683e-19,Standard / Value,True,14.69999999999999
11335,Spain,Personal Care,4.42,9,Premium,60,7.072,60.00000000000001,OK,True,410000,0.3,0,3.6196737287189683e-19,Standard / Value,False,59.70000000000001
11336,France,Personal Care,12.43,7,Standard,30,16.159,30.000000000000004,OK,True,430000,0.29,0,8.024217092590475e-16,Standard / Value,False,29.710000000000004
11337,Germany,Food & Refreshment,8.02,9,Premium,55,12.431,55.00000000000001,OK,True,460000,0.31,1,0.999990952514284,Strong Premium,False,54.690000000000005
11338,France,Home Care,7.2,1,Value,10,7.920000000000001,10.000000000000009,OK,True,430000,0.29,0,8.024217092590475e-16,Standard / Value,False,9.71000000000001
11339,France,Home Care,5.06,5,Standard,25,6.324999999999999,25.0,OK,False,430000,0.29,0,8.024217092590475e-16,Standard / Value,True,24.71
11340,France,Personal Care,8.92,3,Value,15,10.258,14.999999999999991,OK,False,430000,0.29,0,8.024217092590475e-16,Standard / Value,True,14.709999999999992
11341,Germany,Personal Care,11.08,4,Standard,30,14.404,30.000000000000004,OK,True,460000,0.31,1,0.999990952514284,Strong Premium,False,29.690000000000005
11342,Spain,Food & Refreshment,6.46,4,Standard,28,8.2688,28.000000000000004,OK,True,410000,0.3,0,3.6196737287189683e-19,Standard / Value,False,27.700000000000003
11343,Germany,Food & Refreshment,9.62,7,Standard,28,12.3136,28.000000000000004,OK,True,460000,0.31,1,0.999990952514284,Strong Premium,False,27.690000000000005
11344,UK,Personal Care,10.64,10,Premium,60,17.024,60.00000000000001,OK,True,520000,0.32,0,8.248669927223737e-16,Standard / Value,False,59.68000000000001
11345,Germany,Home Care,10.81,8,Premium,50,16.215,50.0,OK,False,460000,0.31,1,0.999990952514284,Strong Premium,True,49.69
11346,Germany,Home Care,1.25,10,Premium,50,1.875,50.0,OK,False,460000,0.31,1,0.999990952514284,Strong Premium,True,49.69
11347,Germany,Home Care,12.97,5,Standard,25,16.212500000000002,25.0,OK,False,460000,0.31,1,0.999990952514284,Strong Premium,True,24.69
11348,Germany,Personal Care,7.14,10,Premium,60,11.424,60.00000000000001,OK,True,460000,0.31,1,0.999990952514284,Strong Premium,False,59.690000000000005
11349,Spain,Home Care,4.31,7,Standard,25,5.387499999999999,25.0,OK,False,410000,0.3,0,3.6196737287189683e-19,Standard / Value,True,24.7
11350,UK,Food & Refreshment,4.01,3,Value,12,4.4912,12.00000000000001,OK,True,520000,0.32,0,8.248669927223737e-16,Standard / Value,False,11.68000000000001
11351,Spain,Food & Refreshment,7.5,3,Value,12,8.4,12.00000000000001,OK,True,410000,0.3,0,3.6196737287189683e-19,Standard / Value,False,11.70000000000001
11352,Spain,Personal Care,13.36,3,Value,15,15.364,14.999999999999991,OK,False,410000,0.3,0,3.6196737287189683e-19,Standard / Value,True,14.69999999999999
11353,Germany,Food & Refreshment,5.99,4,Standard,28,7.6672,28.000000000000004,OK,True,460000,0.31,1,0.999990952514284,Strong Premium,False,27.690000000000005
11354,France,Personal Care,11.37,6,Standard,30,14.781,30.000000000000004,OK,True,430000,0.29,0,8.024217092590475e-16,Standard / Value,False,29.710000000000004
11355,France,Home Care,1.9,5,Standard,25,2.375,25.0,OK,False,430000,0.29,0,8.024217092590475e-16,Standard / Value,True,24.71
11356,Spain,Home Care,7.4,8,Premium,50,11.1,50.00000000000002,OK,True,410000,0.3,0,3.6196737287189683e-19,Standard / Value,False,49.700000000000024
11357,Spain,Home Care,14.88,5,Standard,25,18.6,25.0,OK,False,410000,0.3,0,3.6196737287189683e-19,Standard / Value,True,24.7
11358,Germany,Food & Refreshment,11.67,5,Standard,28,14.9376,28.000000000000004,OK,True,460000,0.31,1,0.999990952514284,Strong Premium,False,27.690000000000005
11359,Spain,Personal Care,3.55,10,Premium,60,5.68,60.00000000000001,OK,True,410000,0.3,0,3.6196737287189683e-19,Standard / Value,False,59.70000000000001
11360,Germany,Home Care,7.77,2,Value,10,8.547,10.000000000000009,OK,True,460000,0.31,1,0.999990952514284,Strong Premium,False,9.690000000000008
11361,France,Personal Care,3.89,5,Standard,30,5.057,30.000000000000004,OK,True,430000,0.29,0,8.024217092590475e-16,Standard / Value,False,29.710000000000004
11362,France,Home Care,6.44,7,Standard,25,8.05,25.0,OK,False,430000,0.29,0,8.024217092590475e-16,Standard / Value,True,24.71
11363,UK,Food & Refreshment,11.81,2,Value,12,13.227200000000002,12.00000000000001,OK,True,520000,0.32,0,8.248669927223737e-16,Standard / Value,False,11.68000000000001
11364,France,Food & Refreshment,11.68,6,Standard,28,14.9504,28.000000000000004,OK,True,430000,0.29,0,8.024217092590475e-16,Standard / Value,False,27.710000000000004
11365,Spain,Personal Care,3.81,7,Standard,30,4.953,30.000000000000004,OK,True,410000,0.3,0,3.6196737287189683e-19,Standard / Value,False,29.700000000000003
11366,France,Food & Refreshment,13.87,5,Standard,28,17.7536,28.000000000000004,OK,True,430000,0.29,0,8.024217092590475e-16,Standard / Value,False,27.710000000000004
11367,Germany,Food & Refreshment,9.09,9,Premium,55,14.0895,55.00000000000001,OK,True,460000,0.31,1,0.999990952514284,Strong Premium,False,54.690000000000005
11368,France,Personal Care,6.01,4,Standard,30,7.813,30.000000000000004,OK,True,430000,0.29,0,8.024217092590475e-16,Standard / Value,False,29.710000000000004
11369,UK,Home Care,7.78,10,Premium,50,11.67,50.0,OK,False,520000,0.32,0,8.248669927223737e-16,Standard / Value,True,49.68
11370,France,Food & Refreshment,9.27,1,Value,12,10.3824,12.00000000000001,OK,True,430000,0.29,0,8.024217092590475e-16,Standard / Value,False,11.710000000000012
11371,Germany,Personal Care,8.62,8,Premium,60,13.792,60.00000000000001,OK,True,460000,0.31,1,0.999990952514284,Strong Premium,False,59.690000000000005
11372,Germany,Food & Refreshment,7.55,8,Premium,55,11.7025,55.00000000000001,OK,True,460000,0.31,1,0.999990952514284,Strong Premium,False,54.690000000000005
11373,Spain,Food & Refreshment,7.82,7,Standard,28,10.0096,28.000000000000004,OK,True,410000,0.3,0,3.6196737287189683e-19,Standard / Value,False,27.700000000000003
11374,France,Food & Refreshment,3.06,8,Premium,55,4.743,55.00000000000001,OK,True,430000,0.29,0,8.024217092590475e-16,Standard / Value,False,54.71000000000001
11375,Germany,Food & Refreshment,12.28,2,Value,12,13.7536,12.00000000000001,OK,True,460000,0.31,1,0.999990952514284,Strong Premium,False,11.69000000000001
11376,UK,Personal Care,8.36,3,Value,15,9.614,14.999999999999991,OK,False,520000,0.32,0,8.248669927223737e-16,Standard / Value,True,14.67999999999999
11377,Spain,Personal Care,2.4,9,Premium,60,3.84,60.00000000000001,OK,True,410000,0.3,0,3.6196737287189683e-19,Standard / Value,False,59.70000000000001
11378,UK,Personal Care,11.61,1,Value,15,13.351499999999998,14.999999999999991,OK,False,520000,0.32,0,8.248669927223737e-16,Standard / Value,True,14.67999999999999
11379,France,Food & Refreshment,14.02,8,Premium,55,21.731,55.00000000000003,OK,True,430000,0.29,0,8.024217092590475e-16,Standard / Value,False,54.71000000000003
11380,France,Food & Refreshment,14.24,8,Premium,55,22.072000000000003,55.00000000000003,OK,True,430000,0.29,0,8.024217092590475e-16,Standard / Value,False,54.71000000000003
11381,France,Food & Refreshment,5.85,7,Standard,28,7.488,28.000000000000004,OK,True,430000,0.29,0,8.024217092590475e-16,Standard / Value,False,27.710000000000004
11382,Spain,Personal Care,2.46,5,Standard,30,3.198,30.000000000000004,OK,True,410000,0.3,0,3.6196737287189683e-19,Standard / Value,False,29.700000000000003
11383,Germany,Food & Refreshment,8.02,4,Standard,28,10.2656,28.000000000000004,OK,True,460000,0.31,1,0.999990952514284,Strong Premium,False,27.690000000000005
11384,Spain,Home Care,2.13,10,Premium,50,3.195,50.0,OK,False,410000,0.3,0,3.6196737287189683e-19,Standard / Value,True,49.7
11385,UK,Food & Refreshment,14.04,10,Premium,55,21.762,55.00000000000001,OK,True,520000,0.32,0,8.248669927223737e-16,Standard / Value,False,54.68000000000001
11386,Spain,Home Care,3.16,10,Premium,50,4.74,50.0,OK,False,410000,0.3,0,3.6196737287189683e-19,Standard / Value,True,49.7
11387,UK,Food & Refreshment,4.17,10,Premium,55,6.4635,55.00000000000001,OK,True,520000,0.32,0,8.248669927223737e-16,Standard / Value,False,54.68000000000001
11388,Spain,Personal Care,6.4,6,Standard,30,8.32,30.000000000000004,OK,True,410000,0.3,0,3.6196737287189683e-19,Standard / Value,False,29.700000000000003
11389,Germany,Food & Refreshment,6.06,1,Value,12,6.7872,12.00000000000001,OK,True,460000,0.31,1,0.999990952514284,Strong Premium,False,11.69000000000001
11390,UK,Home Care,12.02,5,Standard,25,15.025,25.0,OK,False,520000,0.32,0,8.248669927223737e-16,Standard / Value,True,24.68
11391,France,Home Care,7.12,4,Standard,25,8.9,25.0,OK,False,430000,0.29,0,8.024217092590475e-16,Standard / Value,True,24.71
11392,France,Food & Refreshment,2.98,4,Standard,28,3.8144,28.000000000000004,OK,True,430000,0.29,0,8.024217092590475e-16,Standard / Value,False,27.710000000000004
11393,Spain,Home Care,4.37,7,Standard,25,5.4625,25.0,OK,False,410000,0.3,0,3.6196737287189683e-19,Standard / Value,True,24.7
11394,France,Home Care,7.88,9,Premium,50,11.82,50.0,OK,False,430000,0.29,0,8.024217092590475e-16,Standard / Value,True,49.71
11395,UK,Personal Care,2.64,8,Premium,60,4.224,60.00000000000001,OK,True,520000,0.32,0,8.248669927223737e-16,Standard / Value,False,59.68000000000001
11396,France,Food & Refreshment,9.37,8,Premium,55,14.5235,55.00000000000001,OK,True,430000,0.29,0,8.024217092590475e-16,Standard / Value,False,54.71000000000001
11397,Germany,Food & Refreshment,8.7,5,Standard,28,11.136,28.000000000000004,OK,True,460000,0.31,1,0.999990952514284,Strong Premium,False,27.690000000000005
11398,Germany,Food & Refreshment,10.86,6,Standard,28,13.9008,28.000000000000004,OK,True,460000,0.31,1,0.999990952514284,Strong Premium,False,27.690000000000005
11399,Spain,Home Care,14.1,2,Value,10,15.510000000000002,10.000000000000009,OK,True,410000,0.3,0,3.6196737287189683e-19,Standard / Value,False,9.700000000000008
11400,UK,Food & Refreshment,13.73,3,Value,12,15.377600000000005,12.00000000000001,OK,True,520000,0.32,0,8.248669927223737e-16,Standard / Value,False,11.68000000000001
11401,Germany,Food & Refreshment,14.22,5,Standard,28,18.201600000000003,28.000000000000004,OK,True,460000,0.31,1,0.999990952514284,Strong Premium,False,27.690000000000005
11402,Germany,Personal Care,4.05,2,Value,15,4.6575,14.999999999999991,OK,False,460000,0.31,1,0.999990952514284,Strong Premium,True,14.68999999999999
11403,UK,Personal Care,2.41,3,Value,15,2.7715,14.999999999999991,OK,False,520000,0.32,0,8.248669927223737e-16,Standard / Value,True,14.67999999999999
11404,France,Personal Care,4.88,4,Standard,30,6.344,30.000000000000004,OK,True,430000,0.29,0,8.024217092590475e-16,Standard / Value,False,29.710000000000004
11405,France,Home Care,13.48,6,Standard,25,16.85,25.0,OK,False,430000,0.29,0,8.024217092590475e-16,Standard / Value,True,24.71
11406,Spain,Food & Refreshment,14.59,5,Standard,28,18.6752,28.000000000000004,OK,True,410000,0.3,0,3.6196737287189683e-19,Standard / Value,False,27.700000000000003
11407,France,Personal Care,12.96,10,Premium,60,20.736000000000004,60.00000000000003,OK,True,430000,0.29,0,8.024217092590475e-16,Standard / Value,False,59.71000000000003
11408,UK,Personal Care,2.1,4,Standard,30,2.7300000000000004,30.000000000000004,OK,True,520000,0.32,0,8.248669927223737e-16,Standard / Value,False,29.680000000000003
11409,Germany,Personal Care,14.24,2,Value,15,16.375999999999998,14.999999999999991,OK,False,460000,0.31,1,0.999990952514284,Strong Premium,True,14.68999999999999
11410,France,Food & Refreshment,6.64,5,Standard,28,8.4992,28.000000000000004,OK,True,430000,0.29,0,8.024217092590475e-16,Standard / Value,False,27.710000000000004
11411,Spain,Food & Refreshment,0.63,5,Standard,28,0.8064,28.000000000000004,OK,True,410000,0.3,0,3.6196737287189683e-19,Standard / Value,False,27.700000000000003
11412,France,Food & Refreshment,6.91,7,Standard,28,8.844800000000001,28.000000000000004,OK,True,430000,0.29,0,8.024217092590475e-16,Standard / Value,False,27.710000000000004
11413,UK,Home Care,1.17,1,Value,10,1.287,10.000000000000009,OK,True,520000,0.32,0,8.248669927223737e-16,Standard / Value,False,9.680000000000009
11414,Spain,Home Care,8.39,4,Standard,25,10.4875,25.0,OK,False,410000,0.3,0,3.6196737287189683e-19,Standard / Value,True,24.7
11415,France,Personal Care,5.41,5,Standard,30,7.033,30.000000000000004,OK,True,430000,0.29,0,8.024217092590475e-16,Standard / Value,False,29.710000000000004
11416,Spain,Food & Refreshment,7.36,8,Premium,55,11.408,55.00000000000001,OK,True,410000,0.3,0,3.6196737287189683e-19,Standard / Value,False,54.70000000000001
11417,UK,Personal Care,9.39,8,Premium,60,15.024,60.00000000000001,OK,True,520000,0.32,0,8.248669927223737e-16,Standard / Value,False,59.68000000000001
11418,Germany,Food & Refreshment,13.1,1,Value,12,14.672,12.00000000000001,OK,True,460000,0.31,1,0.999990952514284,Strong Premium,False,11.69000000000001
11419,UK,Food & Refreshment,10.1,5,Standard,28,12.928,28.000000000000004,OK,True,520000,0.32,0,8.248669927223737e-16,Standard / Value,False,27.680000000000003
11420,UK,Food & Refreshment,6.79,10,Premium,55,10.5245,55.00000000000001,OK,True,520000,0.32,0,8.248669927223737e-16,Standard / Value,False,54.68000000000001
11421,UK,Home Care,12.38,1,Value,10,13.618000000000002,10.000000000000009,OK,True,520000,0.32,0,8.248669927223737e-16,Standard / Value,False,9.680000000000009
11422,UK,Home Care,13.63,1,Value,10,14.993000000000002,10.000000000000009,OK,True,520000,0.32,0,8.248669927223737e-16,Standard / Value,False,9.680000000000009
11423,Germany,Food & Refreshment,2.24,2,Value,12,2.5088000000000004,12.00000000000001,OK,True,460000,0.31,1,0.999990952514284,Strong Premium,False,11.69000000000001
11424,Germany,Personal Care,8.21,2,Value,15,9.4415,14.999999999999991,OK,False,460000,0.31,1,0.999990952514284,Strong Premium,True,14.68999999999999
11425,Spain,Food & Refreshment,4.63,9,Premium,55,7.1765,55.00000000000001,OK,True,410000,0.3,0,3.6196737287189683e-19,Standard / Value,False,54.70000000000001
11426,France,Food & Refreshment,1.18,4,Standard,28,1.5104,28.000000000000004,OK,True,430000,0.29,0,8.024217092590475e-16,Standard / Value,False,27.710000000000004
11427,Germany,Personal Care,10.19,3,Value,15,11.7185,14.999999999999991,OK,False,460000,0.31,1,0.999990952514284,Strong Premium,True,14.68999999999999
11428,Germany,Food & Refreshment,13.01,1,Value,12,14.5712,12.00000000000001,OK,True,460000,0.31,1,0.999990952514284,Strong Premium,False,11.69000000000001
11429,France,Personal Care,2.86,2,Value,15,3.2889999999999997,14.999999999999991,OK,False,430000,0.29,0,8.024217092590475e-16,Standard / Value,True,14.709999999999992
11430,Germany,Home Care,12.28,6,Standard,25,15.35,25.0,OK,False,460000,0.31,1,0.999990952514284,Strong Premium,True,24.69
11431,UK,Home Care,12.87,9,Premium,50,19.305,50.0,OK,False,520000,0.32,0,8.248669927223737e-16,Standard / Value,True,49.68
11432,UK,Personal Care,13.76,5,Standard,30,17.888,30.000000000000004,OK,True,520000,0.32,0,8.248669927223737e-16,Standard / Value,False,29.680000000000003
11433,France,Home Care,4.35,4,Standard,25,5.4375,25.0,OK,False,430000,0.29,0,8.024217092590475e-16,Standard / Value,True,24.71
11434,Spain,Home Care,13.61,5,Standard,25,17.0125,25.0,OK,False,410000,0.3,0,3.6196737287189683e-19,Standard / Value,True,24.7
11435,Spain,Personal Care,5.15,9,Premium,60,8.24,59.999999999999986,OK,False,410000,0.3,0,3.6196737287189683e-19,Standard / Value,True,59.69999999999999
11436,France,Home Care,8.51,7,Standard,25,10.6375,25.0,OK,False,430000,0.29,0,8.024217092590475e-16,Standard / Value,True,24.71
11437,France,Food & Refreshment,1.23,8,Premium,55,1.9065,55.00000000000001,OK,True,430000,0.29,0,8.024217092590475e-16,Standard / Value,False,54.71000000000001
11438,UK,Food & Refreshment,1.14,4,Standard,28,1.4591999999999998,28.000000000000004,OK,True,520000,0.32,0,8.248669927223737e-16,Standard / Value,False,27.680000000000003
11439,Spain,Personal Care,10.95,8,Premium,60,17.52,60.00000000000001,OK,True,410000,0.3,0,3.6196737287189683e-19,Standard / Value,False,59.70000000000001
11440,Germany,Home Care,6.94,6,Standard,25,8.675,25.0,OK,False,460000,0.31,1,0.999990952514284,Strong Premium,True,24.69
11441,UK,Food & Refreshment,4.22,5,Standard,28,5.4016,28.000000000000004,OK,True,520000,0.32,0,8.248669927223737e-16,Standard / Value,False,27.680000000000003
11442,France,Food & Refreshment,3.26,7,Standard,28,4.1728,28.000000000000004,OK,True,430000,0.29,0,8.024217092590475e-16,Standard / Value,False,27.710000000000004
11443,Spain,Home Care,10.21,6,Standard,25,12.7625,25.0,OK,False,410000,0.3,0,3.6196737287189683e-19,Standard / Value,True,24.7
11444,Germany,Home Care,0.51,3,Value,10,0.561,10.000000000000009,OK,True,460000,0.31,1,0.999990952514284,Strong Premium,False,9.690000000000008
11445,Germany,Food & Refreshment,12.19,5,Standard,28,15.6032,28.000000000000004,OK,True,460000,0.31,1,0.999990952514284,Strong Premium,False,27.690000000000005
11446,UK,Food & Refreshment,1.65,9,Premium,55,2.5575,55.00000000000001,OK,True,520000,0.32,0,8.248669927223737e-16,Standard / Value,False,54.68000000000001
11447,Spain,Personal Care,3.28,7,Standard,30,4.264,30.000000000000004,OK,True,410000,0.3,0,3.6196737287189683e-19,Standard / Value,False,29.700000000000003
11448,Spain,Personal Care,6.1,4,Standard,30,7.93,30.000000000000004,OK,True,410000,0.3,0,3.6196737287189683e-19,Standard / Value,False,29.700000000000003
11449,France,Food & Refreshment,7.53,7,Standard,28,9.6384,28.000000000000004,OK,True,430000,0.29,0,8.024217092590475e-16,Standard / Value,False,27.710000000000004
11450,Spain,Personal Care,5.65,5,Standard,30,7.345000000000001,30.000000000000004,OK,True,410000,0.3,0,3.6196737287189683e-19,Standard / Value,False,29.700000000000003
11451,Spain,Food & Refreshment,5.15,2,Value,12,5.768000000000001,12.00000000000001,OK,True,410000,0.3,0,3.6196737287189683e-19,Standard / Value,False,11.70000000000001
11452,UK,Food & Refreshment,14.48,6,Standard,28,18.5344,28.000000000000004,OK,True,520000,0.32,0,8.248669927223737e-16,Standard / Value,False,27.680000000000003
11453,Spain,Personal Care,9.8,7,Standard,30,12.740000000000002,30.000000000000004,OK,True,410000,0.3,0,3.6196737287189683e-19,Standard / Value,False,29.700000000000003
11454,Germany,Personal Care,0.84,8,Premium,60,1.344,60.00000000000001,OK,True,460000,0.31,1,0.999990952514284,Strong Premium,False,59.690000000000005
11455,UK,Home Care,6.74,6,Standard,25,8.425,25.0,OK,False,520000,0.32,0,8.248669927223737e-16,Standard / Value,True,24.68
11456,UK,Home Care,13.19,8,Premium,50,19.785,50.0,OK,False,520000,0.32,0,8.248669927223737e-16,Standard / Value,True,49.68
11457,France,Home Care,4.87,7,Standard,25,6.0875,25.0,OK,False,430000,0.29,0,8.024217092590475e-16,Standard / Value,True,24.71
11458,Spain,Food & Refreshment,1.87,2,Value,12,2.0944000000000003,12.00000000000001,OK,True,410000,0.3,0,3.6196737287189683e-19,Standard / Value,False,11.70000000000001
11459,France,Personal Care,11.5,6,Standard,30,14.95,30.000000000000004,OK,True,430000,0.29,0,8.024217092590475e-16,Standard / Value,False,29.710000000000004
11460,Germany,Food & Refreshment,9.29,9,Premium,55,14.3995,55.00000000000001,OK,True,460000,0.31,1,0.999990952514284,Strong Premium,False,54.690000000000005
11461,UK,Personal Care,8.77,6,Standard,30,11.401,30.000000000000004,OK,True,520000,0.32,0,8.248669927223737e-16,Standard / Value,False,29.680000000000003
11462,UK,Food & Refreshment,1.28,4,Standard,28,1.6384,28.000000000000004,OK,True,520000,0.32,0,8.248669927223737e-16,Standard / Value,False,27.680000000000003
11463,UK,Home Care,2.54,7,Standard,25,3.175,25.0,OK,False,520000,0.32,0,8.248669927223737e-16,Standard / Value,True,24.68
11464,Germany,Home Care,9.53,3,Value,10,10.483,10.000000000000009,OK,True,460000,0.31,1,0.999990952514284,Strong Premium,False,9.690000000000008
11465,Germany,Home Care,3.51,5,Standard,25,4.387499999999999,24.99999999999998,OK,False,460000,0.31,1,0.999990952514284,Strong Premium,True,24.68999999999998
11466,France,Food & Refreshment,7.81,1,Value,12,8.747200000000001,12.00000000000001,OK,True,430000,0.29,0,8.024217092590475e-16,Standard / Value,False,11.710000000000012
11467,France,Personal Care,8.4,10,Premium,60,13.44,60.00000000000001,OK,True,430000,0.29,0,8.024217092590475e-16,Standard / Value,False,59.71000000000001
11468,France,Personal Care,4.61,3,Value,15,5.3015,14.999999999999991,OK,False,430000,0.29,0,8.024217092590475e-16,Standard / Value,True,14.709999999999992
11469,Spain,Home Care,14.25,8,Premium,50,21.375,50.0,OK,False,410000,0.3,0,3.6196737287189683e-19,Standard / Value,True,49.7
11470,UK,Home Care,12.72,9,Premium,50,19.08,50.0,OK,False,520000,0.32,0,8.248669927223737e-16,Standard / Value,True,49.68
11471,UK,Home Care,10.97,9,Premium,50,16.455000000000002,50.0,OK,False,520000,0.32,0,8.248669927223737e-16,Standard / Value,True,49.68
11472,France,Home Care,1.63,10,Premium,50,2.445,50.0,OK,False,430000,0.29,0,8.024217092590475e-16,Standard / Value,True,49.71
11473,UK,Personal Care,2.04,2,Value,15,2.3459999999999996,14.999999999999991,OK,False,520000,0.32,0,8.248669927223737e-16,Standard / Value,True,14.67999999999999
11474,France,Food & Refreshment,7.65,4,Standard,28,9.792,28.000000000000004,OK,True,430000,0.29,0,8.024217092590475e-16,Standard / Value,False,27.710000000000004
11475,Spain,Food & Refreshment,2.83,5,Standard,28,3.6224,28.000000000000004,OK,True,410000,0.3,0,3.6196737287189683e-19,Standard / Value,False,27.700000000000003
11476,Spain,Food & Refreshment,14.68,3,Value,12,16.4416,12.00000000000001,OK,True,410000,0.3,0,3.6196737287189683e-19,Standard / Value,False,11.70000000000001
11477,Germany,Food & Refreshment,2.8,1,Value,12,3.136,12.00000000000001,OK,True,460000,0.31,1,0.999990952514284,Strong Premium,False,11.69000000000001
11478,Spain,Home Care,7.57,6,Standard,25,9.4625,25.0,OK,False,410000,0.3,0,3.6196737287189683e-19,Standard / Value,True,24.7
11479,France,Home Care,5.78,10,Premium,50,8.67,50.0,OK,False,430000,0.29,0,8.024217092590475e-16,Standard / Value,True,49.71
11480,Spain,Home Care,9.77,2,Value,10,10.747,10.000000000000009,OK,True,410000,0.3,0,3.6196737287189683e-19,Standard / Value,False,9.700000000000008
11481,Germany,Food & Refreshment,2.37,9,Premium,55,3.6735,55.00000000000001,OK,True,460000,0.31,1,0.999990952514284,Strong Premium,False,54.690000000000005
11482,UK,Home Care,6.74,1,Value,10,7.414000000000001,10.000000000000009,OK,True,520000,0.32,0,8.248669927223737e-16,Standard / Value,False,9.680000000000009
11483,France,Home Care,4.48,9,Premium,50,6.720000000000001,50.0,OK,False,430000,0.29,0,8.024217092590475e-16,Standard / Value,True,49.71
11484,UK,Personal Care,13.37,7,Standard,30,17.381,30.000000000000004,OK,True,520000,0.32,0,8.248669927223737e-16,Standard / Value,False,29.680000000000003
11485,Germany,Personal Care,1.09,10,Premium,60,1.7440000000000002,60.00000000000001,OK,True,460000,0.31,1,0.999990952514284,Strong Premium,False,59.690000000000005
11486,Germany,Home Care,13.75,2,Value,10,15.125000000000002,10.000000000000009,OK,True,460000,0.31,1,0.999990952514284,Strong Premium,False,9.690000000000008
11487,Germany,Personal Care,12.58,6,Standard,30,16.354,29.999999999999982,OK,False,460000,0.31,1,0.999990952514284,Strong Premium,True,29.689999999999984
11488,UK,Personal Care,4.81,8,Premium,60,7.696,60.00000000000001,OK,True,520000,0.32,0,8.248669927223737e-16,Standard / Value,False,59.68000000000001
11489,UK,Home Care,11.94,2,Value,10,13.134,10.000000000000009,OK,True,520000,0.32,0,8.248669927223737e-16,Standard / Value,False,9.680000000000009
11490,UK,Home Care,0.95,5,Standard,25,1.1875,25.0,OK,False,520000,0.32,0,8.248669927223737e-16,Standard / Value,True,24.68
11491,UK,Home Care,14.52,6,Standard,25,18.15,25.0,OK,False,520000,0.32,0,8.248669927223737e-16,Standard / Value,True,24.68
11492,Germany,Home Care,8.14,3,Value,10,8.954,10.000000000000009,OK,True,460000,0.31,1,0.999990952514284,Strong Premium,False,9.690000000000008
11493,Germany,Food & Refreshment,4.9,2,Value,12,5.488000000000001,12.00000000000001,OK,True,460000,0.31,1,0.999990952514284,Strong Premium,False,11.69000000000001
11494,France,Food & Refreshment,5.76,6,Standard,28,7.3728,28.000000000000004,OK,True,430000,0.29,0,8.024217092590475e-16,Standard / Value,False,27.710000000000004
11495,France,Home Care,1.46,3,Value,10,1.606,10.000000000000009,OK,True,430000,0.29,0,8.024217092590475e-16,Standard / Value,False,9.71000000000001
11496,UK,Personal Care,14.85,2,Value,15,17.077499999999997,14.999999999999991,OK,False,520000,0.32,0,8.248669927223737e-16,Standard / Value,True,14.67999999999999
11497,Spain,Home Care,1.07,1,Value,10,1.1770000000000005,10.000000000000009,OK,True,410000,0.3,0,3.6196737287189683e-19,Standard / Value,False,9.700000000000008
11498,Spain,Home Care,10.0,8,Premium,50,15.0,50.0,OK,False,410000,0.3,0,3.6196737287189683e-19,Standard / Value,True,49.7
11499,Germany,Personal Care,6.92,1,Value,15,7.957999999999999,14.999999999999991,OK,False,460000,0.31,1,0.999990952514284,Strong Premium,True,14.68999999999999
11500,Germany,Food & Refreshment,14.26,5,Standard,28,18.2528,28.000000000000004,OK,True,460000,0.31,1,0.999990952514284,Strong Premium,False,27.690000000000005
11501,Germany,Home Care,4.07,6,Standard,25,5.0875,25.0,OK,False,460000,0.31,1,0.999990952514284,Strong Premium,True,24.69
11502,France,Home Care,8.22,3,Value,10,9.042000000000002,10.000000000000009,OK,True,430000,0.29,0,8.024217092590475e-16,Standard / Value,False,9.71000000000001
11503,France,Food & Refreshment,7.49,7,Standard,28,9.5872,28.000000000000004,OK,True,430000,0.29,0,8.024217092590475e-16,Standard / Value,False,27.710000000000004
11504,Germany,Food & Refreshment,10.69,2,Value,12,11.9728,12.00000000000001,OK,True,460000,0.31,1,0.999990952514284,Strong Premium,False,11.69000000000001
11505,Germany,Personal Care,1.49,7,Standard,30,1.937,30.000000000000004,OK,True,460000,0.31,1,0.999990952514284,Strong Premium,False,29.690000000000005
11506,Germany,Food & Refreshment,3.31,2,Value,12,3.7072,12.00000000000001,OK,True,460000,0.31,1,0.999990952514284,Strong Premium,False,11.69000000000001
11507,Spain,Food & Refreshment,3.61,5,Standard,28,4.6208,28.000000000000004,OK,True,410000,0.3,0,3.6196737287189683e-19,Standard / Value,False,27.700000000000003
11508,France,Food & Refreshment,11.2,7,Standard,28,14.336,28.000000000000004,OK,True,430000,0.29,0,8.024217092590475e-16,Standard / Value,False,27.710000000000004
11509,Spain,Personal Care,3.24,3,Value,15,3.726,14.999999999999991,OK,False,410000,0.3,0,3.6196737287189683e-19,Standard / Value,True,14.69999999999999
11510,Spain,Food & Refreshment,8.82,4,Standard,28,11.2896,28.000000000000004,OK,True,410000,0.3,0,3.6196737287189683e-19,Standard / Value,False,27.700000000000003
11511,Germany,Food & Refreshment,3.62,1,Value,12,4.0544,12.00000000000001,OK,True,460000,0.31,1,0.999990952514284,Strong Premium,False,11.69000000000001
11512,Germany,Personal Care,12.99,3,Value,15,14.9385,14.999999999999991,OK,False,460000,0.31,1,0.999990952514284,Strong Premium,True,14.68999999999999
11513,UK,Food & Refreshment,14.16,9,Premium,55,21.948,55.00000000000001,OK,True,520000,0.32,0,8.248669927223737e-16,Standard / Value,False,54.68000000000001
11514,UK,Food & Refreshment,8.02,10,Premium,55,12.431,55.00000000000001,OK,True,520000,0.32,0,8.248669927223737e-16,Standard / Value,False,54.68000000000001
11515,Spain,Personal Care,5.61,5,Standard,30,7.293000000000001,30.000000000000004,OK,True,410000,0.3,0,3.6196737287189683e-19,Standard / Value,False,29.700000000000003
11516,France,Home Care,3.89,8,Premium,50,5.835,50.0,OK,False,430000,0.29,0,8.024217092590475e-16,Standard / Value,True,49.71
11517,Germany,Personal Care,1.22,2,Value,15,1.4029999999999998,14.999999999999991,OK,False,460000,0.31,1,0.999990952514284,Strong Premium,True,14.68999999999999
11518,Germany,Food & Refreshment,4.39,3,Value,12,4.9168,12.00000000000001,OK,True,460000,0.31,1,0.999990952514284,Strong Premium,False,11.69000000000001
11519,Spain,Food & Refreshment,9.99,7,Standard,28,12.7872,28.000000000000004,OK,True,410000,0.3,0,3.6196737287189683e-19,Standard / Value,False,27.700000000000003
11520,UK,Food & Refreshment,8.24,10,Premium,55,12.772,55.00000000000001,OK,True,520000,0.32,0,8.248669927223737e-16,Standard / Value,False,54.68000000000001
11521,France,Personal Care,14.19,4,Standard,30,18.447,30.000000000000004,OK,True,430000,0.29,0,8.024217092590475e-16,Standard / Value,False,29.710000000000004
11522,UK,Food & Refreshment,6.25,9,Premium,55,9.6875,55.00000000000001,OK,True,520000,0.32,0,8.248669927223737e-16,Standard / Value,False,54.68000000000001
11523,UK,Food & Refreshment,10.56,7,Standard,28,13.516800000000002,28.000000000000004,OK,True,520000,0.32,0,8.248669927223737e-16,Standard / Value,False,27.680000000000003
11524,UK,Personal Care,7.6,1,Value,15,8.739999999999998,14.999999999999991,OK,False,520000,0.32,0,8.248669927223737e-16,Standard / Value,True,14.67999999999999
11525,UK,Home Care,7.93,4,Standard,25,9.9125,25.0,OK,False,520000,0.32,0,8.248669927223737e-16,Standard / Value,True,24.68
11526,Germany,Home Care,4.38,10,Premium,50,6.57,50.0,OK,False,460000,0.31,1,0.999990952514284,Strong Premium,True,49.69
11527,Germany,Food & Refreshment,7.1,6,Standard,28,9.088,28.000000000000004,OK,True,460000,0.31,1,0.999990952514284,Strong Premium,False,27.690000000000005
11528,UK,Personal Care,7.33,6,Standard,30,9.529,30.000000000000004,OK,True,520000,0.32,0,8.248669927223737e-16,Standard / Value,False,29.680000000000003
11529,France,Food & Refreshment,10.75,10,Premium,55,16.6625,55.00000000000001,OK,True,430000,0.29,0,8.024217092590475e-16,Standard / Value,False,54.71000000000001
11530,Spain,Personal Care,14.14,6,Standard,30,18.382,30.000000000000004,OK,True,410000,0.3,0,3.6196737287189683e-19,Standard / Value,False,29.700000000000003
11531,France,Personal Care,5.28,5,Standard,30,6.864000000000001,30.000000000000004,OK,True,430000,0.29,0,8.024217092590475e-16,Standard / Value,False,29.710000000000004
11532,France,Home Care,1.11,3,Value,10,1.2210000000000003,10.000000000000009,OK,True,430000,0.29,0,8.024217092590475e-16,Standard / Value,False,9.71000000000001
11533,France,Home Care,7.7,2,Value,10,8.47,10.000000000000009,OK,True,430000,0.29,0,8.024217092590475e-16,Standard / Value,False,9.71000000000001
11534,UK,Personal Care,8.39,3,Value,15,9.6485,14.999999999999991,OK,False,520000,0.32,0,8.248669927223737e-16,Standard / Value,True,14.67999999999999
11535,Germany,Food & Refreshment,2.94,9,Premium,55,4.557,55.00000000000003,OK,True,460000,0.31,1,0.999990952514284,Strong Premium,False,54.690000000000026
11536,France,Home Care,11.53,3,Value,10,12.683,10.000000000000009,OK,True,430000,0.29,0,8.024217092590475e-16,Standard / Value,False,9.71000000000001
11537,UK,Food & Refreshment,14.78,3,Value,12,16.5536,12.00000000000001,OK,True,520000,0.32,0,8.248669927223737e-16,Standard / Value,False,11.68000000000001
11538,France,Home Care,14.21,1,Value,10,15.631000000000002,10.000000000000009,OK,True,430000,0.29,0,8.024217092590475e-16,Standard / Value,False,9.71000000000001
11539,France,Home Care,3.36,2,Value,10,3.696,10.000000000000009,OK,True,430000,0.29,0,8.024217092590475e-16,Standard / Value,False,9.71000000000001
11540,UK,Food & Refreshment,13.19,3,Value,12,14.7728,12.00000000000001,OK,True,520000,0.32,0,8.248669927223737e-16,Standard / Value,False,11.68000000000001
11541,Germany,Home Care,10.72,2,Value,10,11.792000000000002,10.000000000000009,OK,True,460000,0.31,1,0.999990952514284,Strong Premium,False,9.690000000000008
11542,Germany,Home Care,7.08,8,Premium,50,10.62,50.00000000000002,OK,True,460000,0.31,1,0.999990952514284,Strong Premium,False,49.69000000000002
11543,Spain,Food & Refreshment,8.34,6,Standard,28,10.6752,28.000000000000004,OK,True,410000,0.3,0,3.6196737287189683e-19,Standard / Value,False,27.700000000000003
11544,UK,Home Care,12.82,7,Standard,25,16.025,24.99999999999998,OK,False,520000,0.32,0,8.248669927223737e-16,Standard / Value,True,24.67999999999998
11545,Spain,Home Care,7.46,1,Value,10,8.206000000000001,10.000000000000009,OK,True,410000,0.3,0,3.6196737287189683e-19,Standard / Value,False,9.700000000000008
11546,Spain,Home Care,5.91,6,Standard,25,7.3875,25.0,OK,False,410000,0.3,0,3.6196737287189683e-19,Standard / Value,True,24.7
11547,Spain,Food & Refreshment,7.65,2,Value,12,8.568000000000001,12.00000000000001,OK,True,410000,0.3,0,3.6196737287189683e-19,Standard / Value,False,11.70000000000001
11548,Germany,Personal Care,8.9,6,Standard,30,11.57,30.000000000000004,OK,True,460000,0.31,1,0.999990952514284,Strong Premium,False,29.690000000000005
11549,UK,Food & Refreshment,3.24,3,Value,12,3.628800000000001,12.00000000000001,OK,True,520000,0.32,0,8.248669927223737e-16,Standard / Value,False,11.68000000000001
11550,Spain,Personal Care,13.56,7,Standard,30,17.628,30.000000000000004,OK,True,410000,0.3,0,3.6196737287189683e-19,Standard / Value,False,29.700000000000003
11551,UK,Home Care,10.28,3,Value,10,11.308,10.000000000000009,OK,True,520000,0.32,0,8.248669927223737e-16,Standard / Value,False,9.680000000000009
11552,UK,Personal Care,9.68,9,Premium,60,15.488,60.00000000000001,OK,True,520000,0.32,0,8.248669927223737e-16,Standard / Value,False,59.68000000000001
11553,Germany,Food & Refreshment,1.94,3,Value,12,2.1728,12.00000000000001,OK,True,460000,0.31,1,0.999990952514284,Strong Premium,False,11.69000000000001
11554,Spain,Food & Refreshment,9.26,7,Standard,28,11.8528,28.000000000000004,OK,True,410000,0.3,0,3.6196737287189683e-19,Standard / Value,False,27.700000000000003
11555,Spain,Home Care,2.25,4,Standard,25,2.8125,25.0,OK,False,410000,0.3,0,3.6196737287189683e-19,Standard / Value,True,24.7
11556,UK,Personal Care,1.64,8,Premium,60,2.624,60.00000000000001,OK,True,520000,0.32,0,8.248669927223737e-16,Standard / Value,False,59.68000000000001
11557,France,Home Care,8.15,2,Value,10,8.965000000000002,10.000000000000009,OK,True,430000,0.29,0,8.024217092590475e-16,Standard / Value,False,9.71000000000001
11558,Germany,Home Care,6.34,8,Premium,50,9.51,50.0,OK,False,460000,0.31,1,0.999990952514284,Strong Premium,True,49.69
11559,Germany,Food & Refreshment,9.04,9,Premium,55,14.012,55.00000000000001,OK,True,460000,0.31,1,0.999990952514284,Strong Premium,False,54.690000000000005
11560,Germany,Personal Care,1.79,8,Premium,60,2.8640000000000003,60.00000000000001,OK,True,460000,0.31,1,0.999990952514284,Strong Premium,False,59.690000000000005
11561,Germany,Personal Care,6.75,6,Standard,30,8.775,30.000000000000004,OK,True,460000,0.31,1,0.999990952514284,Strong Premium,False,29.690000000000005
11562,Spain,Personal Care,3.03,10,Premium,60,4.848,60.00000000000001,OK,True,410000,0.3,0,3.6196737287189683e-19,Standard / Value,False,59.70000000000001
11563,Spain,Personal Care,14.81,1,Value,15,17.031499999999998,14.999999999999991,OK,False,410000,0.3,0,3.6196737287189683e-19,Standard / Value,True,14.69999999999999
11564,France,Home Care,8.64,7,Standard,25,10.8,25.0,OK,False,430000,0.29,0,8.024217092590475e-16,Standard / Value,True,24.71
11565,Germany,Home Care,10.47,1,Value,10,11.517,10.000000000000009,OK,True,460000,0.31,1,0.999990952514284,Strong Premium,False,9.690000000000008
11566,Germany,Food & Refreshment,5.22,7,Standard,28,6.6815999999999995,28.000000000000004,OK,True,460000,0.31,1,0.999990952514284,Strong Premium,False,27.690000000000005
11567,UK,Home Care,1.87,2,Value,10,2.0570000000000004,10.000000000000009,OK,True,520000,0.32,0,8.248669927223737e-16,Standard / Value,False,9.680000000000009
11568,Spain,Home Care,14.65,8,Premium,50,21.975,50.0,OK,False,410000,0.3,0,3.6196737287189683e-19,Standard / Value,True,49.7
11569,Germany,Food & Refreshment,4.65,2,Value,12,5.208000000000001,12.00000000000001,OK,True,460000,0.31,1,0.999990952514284,Strong Premium,False,11.69000000000001
11570,France,Food & Refreshment,6.65,3,Value,12,7.448000000000001,12.00000000000001,OK,True,430000,0.29,0,8.024217092590475e-16,Standard / Value,False,11.710000000000012
11571,France,Food & Refreshment,9.92,3,Value,12,11.1104,12.00000000000001,OK,True,430000,0.29,0,8.024217092590475e-16,Standard / Value,False,11.710000000000012
11572,Spain,Home Care,0.86,1,Value,10,0.946,10.000000000000009,OK,True,410000,0.3,0,3.6196737287189683e-19,Standard / Value,False,9.700000000000008
11573,France,Home Care,12.25,5,Standard,25,15.3125,25.0,OK,False,430000,0.29,0,8.024217092590475e-16,Standard / Value,True,24.71
11574,France,Food & Refreshment,8.28,5,Standard,28,10.5984,28.000000000000004,OK,True,430000,0.29,0,8.024217092590475e-16,Standard / Value,False,27.710000000000004
11575,Spain,Food & Refreshment,4.53,10,Premium,55,7.0215000000000005,55.00000000000001,OK,True,410000,0.3,0,3.6196737287189683e-19,Standard / Value,False,54.70000000000001
11576,Germany,Food & Refreshment,1.39,5,Standard,28,1.7792,28.000000000000004,OK,True,460000,0.31,1,0.999990952514284,Strong Premium,False,27.690000000000005
11577,Germany,Home Care,2.86,9,Premium,50,4.29,50.0,OK,False,460000,0.31,1,0.999990952514284,Strong Premium,True,49.69
11578,France,Home Care,13.48,6,Standard,25,16.85,25.0,OK,False,430000,0.29,0,8.024217092590475e-16,Standard / Value,True,24.71
11579,France,Personal Care,10.45,6,Standard,30,13.585,30.000000000000004,OK,True,430000,0.29,0,8.024217092590475e-16,Standard / Value,False,29.710000000000004
11580,Germany,Home Care,4.12,3,Value,10,4.532000000000001,10.000000000000009,OK,True,460000,0.31,1,0.999990952514284,Strong Premium,False,9.690000000000008
11581,Spain,Home Care,1.45,5,Standard,25,1.8125,25.0,OK,False,410000,0.3,0,3.6196737287189683e-19,Standard / Value,True,24.7
11582,France,Home Care,10.51,10,Premium,50,15.765,50.0,OK,False,430000,0.29,0,8.024217092590475e-16,Standard / Value,True,49.71
11583,UK,Food & Refreshment,8.8,7,Standard,28,11.264,28.000000000000004,OK,True,520000,0.32,0,8.248669927223737e-16,Standard / Value,False,27.680000000000003
11584,Spain,Home Care,6.37,3,Value,10,7.007000000000001,10.000000000000009,OK,True,410000,0.3,0,3.6196737287189683e-19,Standard / Value,False,9.700000000000008
11585,France,Food & Refreshment,5.77,2,Value,12,6.4624,12.00000000000001,OK,True,430000,0.29,0,8.024217092590475e-16,Standard / Value,False,11.710000000000012
11586,France,Personal Care,3.64,5,Standard,30,4.732,30.000000000000004,OK,True,430000,0.29,0,8.024217092590475e-16,Standard / Value,False,29.710000000000004
11587,UK,Personal Care,10.21,3,Value,15,11.7415,14.999999999999991,OK,False,520000,0.32,0,8.248669927223737e-16,Standard / Value,True,14.67999999999999
11588,UK,Food & Refreshment,14.57,5,Standard,28,18.6496,28.000000000000004,OK,True,520000,0.32,0,8.248669927223737e-16,Standard / Value,False,27.680000000000003
11589,Germany,Food & Refreshment,3.05,9,Premium,55,4.7275,55.00000000000001,OK,True,460000,0.31,1,0.999990952514284,Strong Premium,False,54.690000000000005
11590,Spain,Food & Refreshment,9.16,10,Premium,55,14.198,55.00000000000001,OK,True,410000,0.3,0,3.6196737287189683e-19,Standard / Value,False,54.70000000000001
11591,Spain,Home Care,6.65,1,Value,10,7.315000000000001,10.000000000000009,OK,True,410000,0.3,0,3.6196737287189683e-19,Standard / Value,False,9.700000000000008
11592,Germany,Personal Care,6.98,4,Standard,30,9.074000000000002,30.000000000000004,OK,True,460000,0.31,1,0.999990952514284,Strong Premium,False,29.690000000000005
11593,Spain,Food & Refreshment,4.19,10,Premium,55,6.4945,55.00000000000001,OK,True,410000,0.3,0,3.6196737287189683e-19,Standard / Value,False,54.70000000000001
11594,Spain,Home Care,12.46,5,Standard,25,15.575,25.0,OK,False,410000,0.3,0,3.6196737287189683e-19,Standard / Value,True,24.7
11595,Spain,Personal Care,7.54,2,Value,15,8.671,14.999999999999991,OK,False,410000,0.3,0,3.6196737287189683e-19,Standard / Value,True,14.69999999999999
11596,Spain,Home Care,8.38,2,Value,10,9.218000000000002,10.000000000000009,OK,True,410000,0.3,0,3.6196737287189683e-19,Standard / Value,False,9.700000000000008
11597,Spain,Personal Care,4.92,1,Value,15,5.6579999999999995,14.999999999999991,OK,False,410000,0.3,0,3.6196737287189683e-19,Standard / Value,True,14.69999999999999
11598,UK,Home Care,3.14,8,Premium,50,4.71,50.0,OK,False,520000,0.32,0,8.248669927223737e-16,Standard / Value,True,49.68
11599,Spain,Personal Care,1.75,2,Value,15,2.0124999999999997,14.999999999999991,OK,False,410000,0.3,0,3.6196737287189683e-19,Standard / Value,True,14.69999999999999
11600,UK,Personal Care,10.85,3,Value,15,12.4775,14.999999999999991,OK,False,520000,0.32,0,8.248669927223737e-16,Standard / Value,True,14.67999999999999
11601,Spain,Home Care,3.35,2,Value,10,3.685000000000001,10.000000000000009,OK,True,410000,0.3,0,3.6196737287189683e-19,Standard / Value,False,9.700000000000008
11602,Germany,Food & Refreshment,10.51,4,Standard,28,13.4528,28.000000000000004,OK,True,460000,0.31,1,0.999990952514284,Strong Premium,False,27.690000000000005
11603,France,Personal Care,6.16,1,Value,15,7.084,14.999999999999991,OK,False,430000,0.29,0,8.024217092590475e-16,Standard / Value,True,14.709999999999992
11604,UK,Food & Refreshment,6.53,3,Value,12,7.313600000000001,12.00000000000001,OK,True,520000,0.32,0,8.248669927223737e-16,Standard / Value,False,11.68000000000001
11605,Spain,Home Care,7.3,5,Standard,25,9.125,25.0,OK,False,410000,0.3,0,3.6196737287189683e-19,Standard / Value,True,24.7
11606,Germany,Food & Refreshment,5.83,10,Premium,55,9.0365,55.00000000000001,OK,True,460000,0.31,1,0.999990952514284,Strong Premium,False,54.690000000000005
11607,France,Food & Refreshment,1.96,1,Value,12,2.1952000000000003,12.00000000000001,OK,True,430000,0.29,0,8.024217092590475e-16,Standard / Value,False,11.710000000000012
11608,UK,Food & Refreshment,4.99,4,Standard,28,6.3872,28.000000000000004,OK,True,520000,0.32,0,8.248669927223737e-16,Standard / Value,False,27.680000000000003
11609,France,Food & Refreshment,10.12,6,Standard,28,12.9536,28.000000000000004,OK,True,430000,0.29,0,8.024217092590475e-16,Standard / Value,False,27.710000000000004
11610,Germany,Food & Refreshment,10.15,4,Standard,28,12.992,28.000000000000004,OK,True,460000,0.31,1,0.999990952514284,Strong Premium,False,27.690000000000005
11611,UK,Personal Care,4.65,7,Standard,30,6.045000000000001,30.000000000000004,OK,True,520000,0.32,0,8.248669927223737e-16,Standard / Value,False,29.680000000000003
11612,France,Personal Care,7.17,7,Standard,30,9.321,30.000000000000004,OK,True,430000,0.29,0,8.024217092590475e-16,Standard / Value,False,29.710000000000004
11613,Spain,Personal Care,3.3,6,Standard,30,4.29,30.000000000000004,OK,True,410000,0.3,0,3.6196737287189683e-19,Standard / Value,False,29.700000000000003
11614,UK,Home Care,3.55,9,Premium,50,5.324999999999999,49.99999999999998,OK,False,520000,0.32,0,8.248669927223737e-16,Standard / Value,True,49.67999999999998
11615,France,Food & Refreshment,0.83,2,Value,12,0.9296,12.00000000000001,OK,True,430000,0.29,0,8.024217092590475e-16,Standard / Value,False,11.710000000000012
11616,Germany,Personal Care,13.5,10,Premium,60,21.6,60.00000000000001,OK,True,460000,0.31,1,0.999990952514284,Strong Premium,False,59.690000000000005
11617,Germany,Home Care,3.56,8,Premium,50,5.34,50.0,OK,False,460000,0.31,1,0.999990952514284,Strong Premium,True,49.69
11618,UK,Personal Care,3.8,8,Premium,60,6.08,60.00000000000001,OK,True,520000,0.32,0,8.248669927223737e-16,Standard / Value,False,59.68000000000001
11619,France,Personal Care,4.55,10,Premium,60,7.28,60.00000000000001,OK,True,430000,0.29,0,8.024217092590475e-16,Standard / Value,False,59.71000000000001
11620,UK,Food & Refreshment,2.35,4,Standard,28,3.008,28.000000000000004,OK,True,520000,0.32,0,8.248669927223737e-16,Standard / Value,False,27.680000000000003
11621,UK,Home Care,9.77,6,Standard,25,12.2125,25.0,OK,False,520000,0.32,0,8.248669927223737e-16,Standard / Value,True,24.68
11622,France,Food & Refreshment,1.59,6,Standard,28,2.0352,28.000000000000004,OK,True,430000,0.29,0,8.024217092590475e-16,Standard / Value,False,27.710000000000004
11623,France,Food & Refreshment,2.45,5,Standard,28,3.136,28.000000000000004,OK,True,430000,0.29,0,8.024217092590475e-16,Standard / Value,False,27.710000000000004
11624,Spain,Personal Care,9.85,1,Value,15,11.3275,14.999999999999991,OK,False,410000,0.3,0,3.6196737287189683e-19,Standard / Value,True,14.69999999999999
11625,France,Food & Refreshment,5.43,3,Value,12,6.0816,12.00000000000001,OK,True,430000,0.29,0,8.024217092590475e-16,Standard / Value,False,11.710000000000012
11626,Germany,Home Care,10.77,7,Standard,25,13.4625,25.0,OK,False,460000,0.31,1,0.999990952514284,Strong Premium,True,24.69
11627,UK,Food & Refreshment,8.58,8,Premium,55,13.299,55.00000000000001,OK,True,520000,0.32,0,8.248669927223737e-16,Standard / Value,False,54.68000000000001
11628,UK,Food & Refreshment,4.21,2,Value,12,4.7152,12.00000000000001,OK,True,520000,0.32,0,8.248669927223737e-16,Standard / Value,False,11.68000000000001
11629,Germany,Food & Refreshment,9.94,3,Value,12,11.1328,12.00000000000001,OK,True,460000,0.31,1,0.999990952514284,Strong Premium,False,11.69000000000001
11630,France,Personal Care,2.19,4,Standard,30,2.847,30.000000000000004,OK,True,430000,0.29,0,8.024217092590475e-16,Standard / Value,False,29.710000000000004
11631,Germany,Home Care,8.28,5,Standard,25,10.35,25.0,OK,False,460000,0.31,1,0.999990952514284,Strong Premium,True,24.69
11632,Germany,Personal Care,6.84,3,Value,15,7.866,14.999999999999991,OK,False,460000,0.31,1,0.999990952514284,Strong Premium,True,14.68999999999999
11633,Spain,Personal Care,4.38,5,Standard,30,5.694,30.000000000000004,OK,True,410000,0.3,0,3.6196737287189683e-19,Standard / Value,False,29.700000000000003
11634,Germany,Personal Care,9.26,8,Premium,60,14.816,60.00000000000001,OK,True,460000,0.31,1,0.999990952514284,Strong Premium,False,59.690000000000005
11635,UK,Personal Care,13.13,8,Premium,60,21.008000000000003,60.00000000000001,OK,True,520000,0.32,0,8.248669927223737e-16,Standard / Value,False,59.68000000000001
11636,Germany,Personal Care,14.98,2,Value,15,17.227,14.999999999999991,OK,False,460000,0.31,1,0.999990952514284,Strong Premium,True,14.68999999999999
11637,UK,Home Care,9.31,6,Standard,25,11.6375,25.0,OK,False,520000,0.32,0,8.248669927223737e-16,Standard / Value,True,24.68
11638,UK,Food & Refreshment,6.37,4,Standard,28,8.1536,28.000000000000004,OK,True,520000,0.32,0,8.248669927223737e-16,Standard / Value,False,27.680000000000003
11639,UK,Personal Care,3.77,9,Premium,60,6.032,60.00000000000001,OK,True,520000,0.32,0,8.248669927223737e-16,Standard / Value,False,59.68000000000001
11640,France,Personal Care,4.23,10,Premium,60,6.768000000000001,60.00000000000001,OK,True,430000,0.29,0,8.024217092590475e-16,Standard / Value,False,59.71000000000001
11641,Spain,Home Care,7.45,2,Value,10,8.195,10.000000000000009,OK,True,410000,0.3,0,3.6196737287189683e-19,Standard / Value,False,9.700000000000008
11642,UK,Home Care,5.83,8,Premium,50,8.745000000000001,50.00000000000002,OK,True,520000,0.32,0,8.248669927223737e-16,Standard / Value,False,49.68000000000002
11643,UK,Food & Refreshment,13.75,1,Value,12,15.400000000000002,12.00000000000001,OK,True,520000,0.32,0,8.248669927223737e-16,Standard / Value,False,11.68000000000001
11644,France,Home Care,5.84,6,Standard,25,7.3,25.0,OK,False,430000,0.29,0,8.024217092590475e-16,Standard / Value,True,24.71
11645,UK,Food & Refreshment,5.91,10,Premium,55,9.1605,55.00000000000001,OK,True,520000,0.32,0,8.248669927223737e-16,Standard / Value,False,54.68000000000001
11646,Germany,Personal Care,6.06,1,Value,15,6.968999999999999,14.999999999999991,OK,False,460000,0.31,1,0.999990952514284,Strong Premium,True,14.68999999999999
11647,Germany,Personal Care,12.63,2,Value,15,14.5245,14.999999999999991,OK,False,460000,0.31,1,0.999990952514284,Strong Premium,True,14.68999999999999
11648,Spain,Food & Refreshment,9.94,3,Value,12,11.1328,12.00000000000001,OK,True,410000,0.3,0,3.6196737287189683e-19,Standard / Value,False,11.70000000000001
11649,UK,Home Care,9.41,9,Premium,50,14.115,50.0,OK,False,520000,0.32,0,8.248669927223737e-16,Standard / Value,True,49.68
11650,France,Food & Refreshment,5.35,5,Standard,28,6.848,28.000000000000004,OK,True,430000,0.29,0,8.024217092590475e-16,Standard / Value,False,27.710000000000004
11651,Germany,Home Care,12.36,10,Premium,50,18.54,50.0,OK,False,460000,0.31,1,0.999990952514284,Strong Premium,True,49.69
11652,France,Personal Care,1.06,10,Premium,60,1.6960000000000002,60.00000000000001,OK,True,430000,0.29,0,8.024217092590475e-16,Standard / Value,False,59.71000000000001
11653,France,Home Care,13.13,2,Value,10,14.443,10.000000000000009,OK,True,430000,0.29,0,8.024217092590475e-16,Standard / Value,False,9.71000000000001
11654,Germany,Food & Refreshment,7.93,10,Premium,55,12.2915,55.00000000000001,OK,True,460000,0.31,1,0.999990952514284,Strong Premium,False,54.690000000000005
11655,France,Food & Refreshment,6.27,5,Standard,28,8.025599999999999,28.000000000000004,OK,True,430000,0.29,0,8.024217092590475e-16,Standard / Value,False,27.710000000000004
11656,Germany,Personal Care,7.71,5,Standard,30,10.023,30.000000000000004,OK,True,460000,0.31,1,0.999990952514284,Strong Premium,False,29.690000000000005
11657,France,Home Care,10.18,1,Value,10,11.198,10.000000000000009,OK,True,430000,0.29,0,8.024217092590475e-16,Standard / Value,False,9.71000000000001
11658,Germany,Home Care,0.69,3,Value,10,0.759,10.000000000000009,OK,True,460000,0.31,1,0.999990952514284,Strong Premium,False,9.690000000000008
11659,UK,Home Care,13.14,5,Standard,25,16.425,25.0,OK,False,520000,0.32,0,8.248669927223737e-16,Standard / Value,True,24.68
11660,Spain,Personal Care,6.98,9,Premium,60,11.168,60.00000000000001,OK,True,410000,0.3,0,3.6196737287189683e-19,Standard / Value,False,59.70000000000001
11661,Germany,Home Care,5.47,10,Premium,50,8.205,50.0,OK,False,460000,0.31,1,0.999990952514284,Strong Premium,True,49.69
11662,Germany,Food & Refreshment,2.5,1,Value,12,2.8000000000000003,12.00000000000001,OK,True,460000,0.31,1,0.999990952514284,Strong Premium,False,11.69000000000001
11663,Spain,Home Care,6.87,8,Premium,50,10.305,50.0,OK,False,410000,0.3,0,3.6196737287189683e-19,Standard / Value,True,49.7
11664,Germany,Personal Care,7.7,1,Value,15,8.854999999999999,14.999999999999968,OK,False,460000,0.31,1,0.999990952514284,Strong Premium,True,14.689999999999968
11665,Germany,Home Care,6.35,9,Premium,50,9.525,49.99999999999998,OK,False,460000,0.31,1,0.999990952514284,Strong Premium,True,49.689999999999976
11666,France,Home Care,10.34,6,Standard,25,12.925,25.0,OK,False,430000,0.29,0,8.024217092590475e-16,Standard / Value,True,24.71
11667,Spain,Food & Refreshment,6.6,1,Value,12,7.392,12.00000000000001,OK,True,410000,0.3,0,3.6196737287189683e-19,Standard / Value,False,11.70000000000001
11668,UK,Home Care,14.44,8,Premium,50,21.66,50.0,OK,False,520000,0.32,0,8.248669927223737e-16,Standard / Value,True,49.68
11669,Germany,Food & Refreshment,9.19,5,Standard,28,11.7632,28.000000000000004,OK,True,460000,0.31,1,0.999990952514284,Strong Premium,False,27.690000000000005
11670,Spain,Food & Refreshment,12.21,7,Standard,28,15.628800000000002,28.000000000000004,OK,True,410000,0.3,0,3.6196737287189683e-19,Standard / Value,False,27.700000000000003
11671,France,Personal Care,2.09,7,Standard,30,2.717,30.000000000000004,OK,True,430000,0.29,0,8.024217092590475e-16,Standard / Value,False,29.710000000000004
11672,UK,Food & Refreshment,6.26,7,Standard,28,8.0128,28.000000000000004,OK,True,520000,0.32,0,8.248669927223737e-16,Standard / Value,False,27.680000000000003
11673,Spain,Food & Refreshment,5.38,6,Standard,28,6.8864,28.000000000000004,OK,True,410000,0.3,0,3.6196737287189683e-19,Standard / Value,False,27.700000000000003
11674,UK,Personal Care,8.76,8,Premium,60,14.016,60.00000000000001,OK,True,520000,0.32,0,8.248669927223737e-16,Standard / Value,False,59.68000000000001
11675,UK,Food & Refreshment,12.99,9,Premium,55,20.1345,54.999999999999986,OK,False,520000,0.32,0,8.248669927223737e-16,Standard / Value,True,54.679999999999986
11676,UK,Personal Care,1.64,2,Value,15,1.8859999999999997,14.999999999999991,OK,False,520000,0.32,0,8.248669927223737e-16,Standard / Value,True,14.67999999999999
11677,Germany,Home Care,1.55,7,Standard,25,1.9375,25.0,OK,False,460000,0.31,1,0.999990952514284,Strong Premium,True,24.69
11678,Germany,Personal Care,12.83,2,Value,15,14.754499999999998,14.999999999999991,OK,False,460000,0.31,1,0.999990952514284,Strong Premium,True,14.68999999999999
11679,France,Food & Refreshment,3.59,6,Standard,28,4.5952,28.000000000000004,OK,True,430000,0.29,0,8.024217092590475e-16,Standard / Value,False,27.710000000000004
11680,France,Personal Care,10.2,2,Value,15,11.73,14.999999999999991,OK,False,430000,0.29,0,8.024217092590475e-16,Standard / Value,True,14.709999999999992
11681,Spain,Food & Refreshment,8.37,10,Premium,55,12.9735,55.00000000000001,OK,True,410000,0.3,0,3.6196737287189683e-19,Standard / Value,False,54.70000000000001
11682,France,Home Care,12.58,6,Standard,25,15.725,25.0,OK,False,430000,0.29,0,8.024217092590475e-16,Standard / Value,True,24.71
11683,UK,Personal Care,2.31,2,Value,15,2.6565,14.999999999999991,OK,False,520000,0.32,0,8.248669927223737e-16,Standard / Value,True,14.67999999999999
11684,UK,Home Care,2.38,1,Value,10,2.618,10.000000000000009,OK,True,520000,0.32,0,8.248669927223737e-16,Standard / Value,False,9.680000000000009
11685,Germany,Food & Refreshment,8.57,7,Standard,28,10.9696,28.000000000000004,OK,True,460000,0.31,1,0.999990952514284,Strong Premium,False,27.690000000000005
11686,UK,Food & Refreshment,14.22,3,Value,12,15.926400000000005,12.00000000000001,OK,True,520000,0.32,0,8.248669927223737e-16,Standard / Value,False,11.68000000000001
11687,Spain,Home Care,6.52,4,Standard,25,8.149999999999999,24.99999999999998,OK,False,410000,0.3,0,3.6196737287189683e-19,Standard / Value,True,24.699999999999978
11688,UK,Personal Care,5.24,6,Standard,30,6.812,30.000000000000004,OK,True,520000,0.32,0,8.248669927223737e-16,Standard / Value,False,29.680000000000003
11689,UK,Personal Care,9.3,5,Standard,30,12.090000000000002,30.000000000000004,OK,True,520000,0.32,0,8.248669927223737e-16,Standard / Value,False,29.680000000000003
11690,Spain,Food & Refreshment,13.99,4,Standard,28,17.9072,28.000000000000004,OK,True,410000,0.3,0,3.6196737287189683e-19,Standard / Value,False,27.700000000000003
11691,France,Home Care,12.64,9,Premium,50,18.96,50.0,OK,False,430000,0.29,0,8.024217092590475e-16,Standard / Value,True,49.71
11692,France,Home Care,14.93,6,Standard,25,18.6625,25.00000000000002,OK,True,430000,0.29,0,8.024217092590475e-16,Standard / Value,False,24.710000000000022
11693,Spain,Personal Care,0.83,6,Standard,30,1.079,30.000000000000004,OK,True,410000,0.3,0,3.6196737287189683e-19,Standard / Value,False,29.700000000000003
11694,Germany,Personal Care,2.14,2,Value,15,2.461,14.999999999999991,OK,False,460000,0.31,1,0.999990952514284,Strong Premium,True,14.68999999999999
11695,UK,Personal Care,9.34,6,Standard,30,12.142,30.000000000000004,OK,True,520000,0.32,0,8.248669927223737e-16,Standard / Value,False,29.680000000000003
11696,Spain,Home Care,12.4,7,Standard,25,15.5,25.0,OK,False,410000,0.3,0,3.6196737287189683e-19,Standard / Value,True,24.7
11697,UK,Personal Care,4.64,8,Premium,60,7.424,60.00000000000001,OK,True,520000,0.32,0,8.248669927223737e-16,Standard / Value,False,59.68000000000001
11698,Germany,Personal Care,3.97,8,Premium,60,6.352,60.00000000000001,OK,True,460000,0.31,1,0.999990952514284,Strong Premium,False,59.690000000000005
11699,UK,Food & Refreshment,11.91,9,Premium,55,18.4605,55.00000000000001,OK,True,520000,0.32,0,8.248669927223737e-16,Standard / Value,False,54.68000000000001
11700,Spain,Personal Care,1.32,10,Premium,60,2.112,60.00000000000001,OK,True,410000,0.3,0,3.6196737287189683e-19,Standard / Value,False,59.70000000000001
11701,UK,Personal Care,5.86,3,Value,15,6.739,14.999999999999991,OK,False,520000,0.32,0,8.248669927223737e-16,Standard / Value,True,14.67999999999999
11702,France,Home Care,7.83,10,Premium,50,11.745,50.00000000000002,OK,True,430000,0.29,0,8.024217092590475e-16,Standard / Value,False,49.71000000000002
11703,Germany,Home Care,8.63,7,Standard,25,10.7875,25.0,OK,False,460000,0.31,1,0.999990952514284,Strong Premium,True,24.69
11704,Germany,Food & Refreshment,11.06,7,Standard,28,14.1568,28.000000000000004,OK,True,460000,0.31,1,0.999990952514284,Strong Premium,False,27.690000000000005
11705,Germany,Personal Care,5.65,1,Value,15,6.4975,14.999999999999991,OK,False,460000,0.31,1,0.999990952514284,Strong Premium,True,14.68999999999999
11706,Spain,Food & Refreshment,9.38,8,Premium,55,14.539,55.00000000000001,OK,True,410000,0.3,0,3.6196737287189683e-19,Standard / Value,False,54.70000000000001
11707,Germany,Home Care,8.99,4,Standard,25,11.2375,25.0,OK,False,460000,0.31,1,0.999990952514284,Strong Premium,True,24.69
11708,France,Food & Refreshment,8.44,5,Standard,28,10.8032,28.000000000000004,OK,True,430000,0.29,0,8.024217092590475e-16,Standard / Value,False,27.710000000000004
11709,Spain,Home Care,9.79,6,Standard,25,12.2375,25.0,OK,False,410000,0.3,0,3.6196737287189683e-19,Standard / Value,True,24.7
11710,France,Food & Refreshment,4.26,3,Value,12,4.7712,12.00000000000001,OK,True,430000,0.29,0,8.024217092590475e-16,Standard / Value,False,11.710000000000012
11711,UK,Food & Refreshment,1.73,5,Standard,28,2.2144,28.000000000000004,OK,True,520000,0.32,0,8.248669927223737e-16,Standard / Value,False,27.680000000000003
11712,UK,Personal Care,2.23,10,Premium,60,3.568,60.00000000000001,OK,True,520000,0.32,0,8.248669927223737e-16,Standard / Value,False,59.68000000000001
11713,UK,Food & Refreshment,3.76,5,Standard,28,4.8128,28.000000000000004,OK,True,520000,0.32,0,8.248669927223737e-16,Standard / Value,False,27.680000000000003
11714,UK,Personal Care,7.75,1,Value,15,8.9125,14.999999999999991,OK,False,520000,0.32,0,8.248669927223737e-16,Standard / Value,True,14.67999999999999
11715,France,Personal Care,12.69,3,Value,15,14.5935,14.999999999999991,OK,False,430000,0.29,0,8.024217092590475e-16,Standard / Value,True,14.709999999999992
11716,Spain,Personal Care,10.67,3,Value,15,12.270499999999998,14.999999999999991,OK,False,410000,0.3,0,3.6196737287189683e-19,Standard / Value,True,14.69999999999999
11717,Spain,Personal Care,11.94,1,Value,15,13.730999999999998,14.999999999999991,OK,False,410000,0.3,0,3.6196737287189683e-19,Standard / Value,True,14.69999999999999
11718,Germany,Food & Refreshment,5.59,7,Standard,28,7.1552,28.000000000000004,OK,True,460000,0.31,1,0.999990952514284,Strong Premium,False,27.690000000000005
11719,France,Home Care,6.37,1,Value,10,7.007000000000001,10.000000000000009,OK,True,430000,0.29,0,8.024217092590475e-16,Standard / Value,False,9.71000000000001
11720,UK,Home Care,6.21,7,Standard,25,7.7625,25.0,OK,False,520000,0.32,0,8.248669927223737e-16,Standard / Value,True,24.68
11721,France,Home Care,3.28,4,Standard,25,4.1,25.0,OK,False,430000,0.29,0,8.024217092590475e-16,Standard / Value,True,24.71
11722,Germany,Food & Refreshment,1.39,9,Premium,55,2.1545,55.00000000000003,OK,True,460000,0.31,1,0.999990952514284,Strong Premium,False,54.690000000000026
11723,Germany,Personal Care,9.07,7,Standard,30,11.791,30.000000000000004,OK,True,460000,0.31,1,0.999990952514284,Strong Premium,False,29.690000000000005
11724,France,Home Care,14.84,5,Standard,25,18.55,25.0,OK,False,430000,0.29,0,8.024217092590475e-16,Standard / Value,True,24.71
11725,France,Food & Refreshment,2.92,7,Standard,28,3.7376,28.000000000000004,OK,True,430000,0.29,0,8.024217092590475e-16,Standard / Value,False,27.710000000000004
11726,France,Personal Care,1.18,9,Premium,60,1.888,60.00000000000001,OK,True,430000,0.29,0,8.024217092590475e-16,Standard / Value,False,59.71000000000001
11727,Spain,Home Care,11.8,10,Premium,50,17.700000000000003,50.00000000000002,OK,True,410000,0.3,0,3.6196737287189683e-19,Standard / Value,False,49.700000000000024
11728,UK,Personal Care,4.16,6,Standard,30,5.408,30.000000000000004,OK,True,520000,0.32,0,8.248669927223737e-16,Standard / Value,False,29.680000000000003
11729,France,Home Care,12.53,1,Value,10,13.783,10.000000000000009,OK,True,430000,0.29,0,8.024217092590475e-16,Standard / Value,False,9.71000000000001
11730,France,Home Care,10.71,6,Standard,25,13.3875,25.0,OK,False,430000,0.29,0,8.024217092590475e-16,Standard / Value,True,24.71
11731,France,Home Care,14.21,1,Value,10,15.631000000000002,10.000000000000009,OK,True,430000,0.29,0,8.024217092590475e-16,Standard / Value,False,9.71000000000001
11732,Germany,Personal Care,6.43,4,Standard,30,8.359,30.000000000000004,OK,True,460000,0.31,1,0.999990952514284,Strong Premium,False,29.690000000000005
11733,Germany,Food & Refreshment,10.1,8,Premium,55,15.655,55.00000000000001,OK,True,460000,0.31,1,0.999990952514284,Strong Premium,False,54.690000000000005
11734,Spain,Personal Care,7.24,5,Standard,30,9.412,30.000000000000004,OK,True,410000,0.3,0,3.6196737287189683e-19,Standard / Value,False,29.700000000000003
11735,UK,Home Care,9.64,5,Standard,25,12.05,25.0,OK,False,520000,0.32,0,8.248669927223737e-16,Standard / Value,True,24.68
11736,Spain,Personal Care,7.02,10,Premium,60,11.232,60.00000000000001,OK,True,410000,0.3,0,3.6196737287189683e-19,Standard / Value,False,59.70000000000001
11737,UK,Food & Refreshment,3.24,8,Premium,55,5.022,55.00000000000001,OK,True,520000,0.32,0,8.248669927223737e-16,Standard / Value,False,54.68000000000001
11738,Germany,Personal Care,7.86,8,Premium,60,12.576,60.00000000000001,OK,True,460000,0.31,1,0.999990952514284,Strong Premium,False,59.690000000000005
11739,Germany,Food & Refreshment,8.16,1,Value,12,9.1392,12.00000000000001,OK,True,460000,0.31,1,0.999990952514284,Strong Premium,False,11.69000000000001
11740,Germany,Food & Refreshment,12.25,5,Standard,28,15.68,28.000000000000004,OK,True,460000,0.31,1,0.999990952514284,Strong Premium,False,27.690000000000005
11741,Spain,Personal Care,11.17,5,Standard,30,14.521,30.000000000000004,OK,True,410000,0.3,0,3.6196737287189683e-19,Standard / Value,False,29.700000000000003
11742,France,Home Care,10.12,8,Premium,50,15.18,50.0,OK,False,430000,0.29,0,8.024217092590475e-16,Standard / Value,True,49.71
11743,France,Food & Refreshment,2.14,1,Value,12,2.3968000000000003,12.00000000000001,OK,True,430000,0.29,0,8.024217092590475e-16,Standard / Value,False,11.710000000000012
11744,Germany,Personal Care,10.95,7,Standard,30,14.235,30.000000000000004,OK,True,460000,0.31,1,0.999990952514284,Strong Premium,False,29.690000000000005
11745,France,Food & Refreshment,7.75,7,Standard,28,9.92,28.000000000000004,OK,True,430000,0.29,0,8.024217092590475e-16,Standard / Value,False,27.710000000000004
11746,France,Home Care,13.46,9,Premium,50,20.19,50.0,OK,False,430000,0.29,0,8.024217092590475e-16,Standard / Value,True,49.71
11747,Spain,Personal Care,13.84,2,Value,15,15.916,14.999999999999991,OK,False,410000,0.3,0,3.6196737287189683e-19,Standard / Value,True,14.69999999999999
11748,UK,Personal Care,1.3,3,Value,15,1.495,14.999999999999991,OK,False,520000,0.32,0,8.248669927223737e-16,Standard / Value,True,14.67999999999999
11749,Germany,Personal Care,12.4,4,Standard,30,16.12,30.000000000000004,OK,True,460000,0.31,1,0.999990952514284,Strong Premium,False,29.690000000000005
11750,Germany,Home Care,1.05,1,Value,10,1.1550000000000002,10.000000000000009,OK,True,460000,0.31,1,0.999990952514284,Strong Premium,False,9.690000000000008
11751,Spain,Food & Refreshment,5.82,7,Standard,28,7.4496,28.000000000000004,OK,True,410000,0.3,0,3.6196737287189683e-19,Standard / Value,False,27.700000000000003
11752,Spain,Personal Care,8.36,10,Premium,60,13.376,60.00000000000001,OK,True,410000,0.3,0,3.6196737287189683e-19,Standard / Value,False,59.70000000000001
11753,France,Food & Refreshment,2.65,3,Value,12,2.968,12.00000000000001,OK,True,430000,0.29,0,8.024217092590475e-16,Standard / Value,False,11.710000000000012
11754,Germany,Food & Refreshment,11.32,3,Value,12,12.678400000000002,12.00000000000001,OK,True,460000,0.31,1,0.999990952514284,Strong Premium,False,11.69000000000001
11755,UK,Home Care,0.62,3,Value,10,0.682,10.000000000000009,OK,True,520000,0.32,0,8.248669927223737e-16,Standard / Value,False,9.680000000000009
11756,Spain,Personal Care,2.94,8,Premium,60,4.704,59.999999999999986,OK,False,410000,0.3,0,3.6196737287189683e-19,Standard / Value,True,59.69999999999999
11757,UK,Food & Refreshment,8.92,9,Premium,55,13.826,55.00000000000001,OK,True,520000,0.32,0,8.248669927223737e-16,Standard / Value,False,54.68000000000001
11758,UK,Personal Care,10.86,10,Premium,60,17.376,60.00000000000001,OK,True,520000,0.32,0,8.248669927223737e-16,Standard / Value,False,59.68000000000001
11759,Germany,Personal Care,13.79,2,Value,15,15.858499999999998,14.999999999999991,OK,False,460000,0.31,1,0.999990952514284,Strong Premium,True,14.68999999999999
11760,Germany,Home Care,10.73,10,Premium,50,16.095,49.99999999999998,OK,False,460000,0.31,1,0.999990952514284,Strong Premium,True,49.689999999999976
11761,Spain,Personal Care,10.24,10,Premium,60,16.384,60.00000000000001,OK,True,410000,0.3,0,3.6196737287189683e-19,Standard / Value,False,59.70000000000001
11762,Germany,Personal Care,6.22,1,Value,15,7.153,14.999999999999991,OK,False,460000,0.31,1,0.999990952514284,Strong Premium,True,14.68999999999999
11763,Germany,Food & Refreshment,0.52,9,Premium,55,0.806,55.00000000000001,OK,True,460000,0.31,1,0.999990952514284,Strong Premium,False,54.690000000000005
11764,Germany,Home Care,2.24,6,Standard,25,2.8000000000000003,25.0,OK,False,460000,0.31,1,0.999990952514284,Strong Premium,True,24.69
11765,UK,Personal Care,8.25,9,Premium,60,13.2,60.00000000000001,OK,True,520000,0.32,0,8.248669927223737e-16,Standard / Value,False,59.68000000000001
11766,Spain,Food & Refreshment,10.29,6,Standard,28,13.1712,28.000000000000004,OK,True,410000,0.3,0,3.6196737287189683e-19,Standard / Value,False,27.700000000000003
11767,France,Home Care,6.55,2,Value,10,7.205,10.000000000000009,OK,True,430000,0.29,0,8.024217092590475e-16,Standard / Value,False,9.71000000000001
11768,UK,Home Care,11.09,1,Value,10,12.199000000000002,10.000000000000009,OK,True,520000,0.32,0,8.248669927223737e-16,Standard / Value,False,9.680000000000009
11769,Germany,Food & Refreshment,8.07,8,Premium,55,12.508500000000002,55.00000000000001,OK,True,460000,0.31,1,0.999990952514284,Strong Premium,False,54.690000000000005
11770,UK,Food & Refreshment,1.58,3,Value,12,1.7696000000000005,12.00000000000001,OK,True,520000,0.32,0,8.248669927223737e-16,Standard / Value,False,11.68000000000001
11771,Germany,Food & Refreshment,3.28,1,Value,12,3.6736,12.00000000000001,OK,True,460000,0.31,1,0.999990952514284,Strong Premium,False,11.69000000000001
11772,Germany,Food & Refreshment,12.68,8,Premium,55,19.654,55.00000000000001,OK,True,460000,0.31,1,0.999990952514284,Strong Premium,False,54.690000000000005
11773,UK,Food & Refreshment,11.01,1,Value,12,12.3312,12.00000000000001,OK,True,520000,0.32,0,8.248669927223737e-16,Standard / Value,False,11.68000000000001
11774,Spain,Personal Care,13.47,8,Premium,60,21.552000000000003,60.00000000000001,OK,True,410000,0.3,0,3.6196737287189683e-19,Standard / Value,False,59.70000000000001
11775,Germany,Personal Care,2.2,1,Value,15,2.53,14.999999999999991,OK,False,460000,0.31,1,0.999990952514284,Strong Premium,True,14.68999999999999
11776,Spain,Home Care,14.86,9,Premium,50,22.29,50.0,OK,False,410000,0.3,0,3.6196737287189683e-19,Standard / Value,True,49.7
11777,France,Personal Care,3.54,9,Premium,60,5.664000000000001,60.00000000000001,OK,True,430000,0.29,0,8.024217092590475e-16,Standard / Value,False,59.71000000000001
11778,Germany,Personal Care,0.67,9,Premium,60,1.072,60.00000000000001,OK,True,460000,0.31,1,0.999990952514284,Strong Premium,False,59.690000000000005
11779,Spain,Personal Care,14.96,3,Value,15,17.204,14.999999999999991,OK,False,410000,0.3,0,3.6196737287189683e-19,Standard / Value,True,14.69999999999999
11780,Spain,Food & Refreshment,4.58,4,Standard,28,5.8624,28.000000000000004,OK,True,410000,0.3,0,3.6196737287189683e-19,Standard / Value,False,27.700000000000003
11781,France,Home Care,10.19,5,Standard,25,12.7375,25.0,OK,False,430000,0.29,0,8.024217092590475e-16,Standard / Value,True,24.71
11782,Spain,Home Care,3.06,6,Standard,25,3.825,25.0,OK,False,410000,0.3,0,3.6196737287189683e-19,Standard / Value,True,24.7
11783,Spain,Home Care,8.91,9,Premium,50,13.365,50.0,OK,False,410000,0.3,0,3.6196737287189683e-19,Standard / Value,True,49.7
11784,France,Home Care,13.61,4,Standard,25,17.0125,25.0,OK,False,430000,0.29,0,8.024217092590475e-16,Standard / Value,True,24.71
11785,Germany,Personal Care,5.14,6,Standard,30,6.6819999999999995,30.000000000000004,OK,True,460000,0.31,1,0.999990952514284,Strong Premium,False,29.690000000000005
11786,Spain,Personal Care,10.22,1,Value,15,11.753,14.999999999999991,OK,False,410000,0.3,0,3.6196737287189683e-19,Standard / Value,True,14.69999999999999
11787,Spain,Food & Refreshment,3.22,2,Value,12,3.6064000000000007,12.00000000000001,OK,True,410000,0.3,0,3.6196737287189683e-19,Standard / Value,False,11.70000000000001
11788,Spain,Home Care,9.56,8,Premium,50,14.34,50.0,OK,False,410000,0.3,0,3.6196737287189683e-19,Standard / Value,True,49.7
11789,UK,Personal Care,5.38,4,Standard,30,6.994,30.000000000000004,OK,True,520000,0.32,0,8.248669927223737e-16,Standard / Value,False,29.680000000000003
11790,France,Personal Care,3.56,10,Premium,60,5.696000000000001,60.00000000000001,OK,True,430000,0.29,0,8.024217092590475e-16,Standard / Value,False,59.71000000000001
11791,UK,Food & Refreshment,5.04,7,Standard,28,6.4512,28.000000000000004,OK,True,520000,0.32,0,8.248669927223737e-16,Standard / Value,False,27.680000000000003
11792,France,Food & Refreshment,3.09,4,Standard,28,3.9552,28.000000000000004,OK,True,430000,0.29,0,8.024217092590475e-16,Standard / Value,False,27.710000000000004
11793,Germany,Food & Refreshment,13.58,9,Premium,55,21.049,55.00000000000001,OK,True,460000,0.31,1,0.999990952514284,Strong Premium,False,54.690000000000005
11794,Germany,Personal Care,6.26,9,Premium,60,10.016,60.00000000000001,OK,True,460000,0.31,1,0.999990952514284,Strong Premium,False,59.690000000000005
11795,Spain,Personal Care,4.06,4,Standard,30,5.278,30.000000000000004,OK,True,410000,0.3,0,3.6196737287189683e-19,Standard / Value,False,29.700000000000003
11796,France,Food & Refreshment,7.0,8,Premium,55,10.85,55.00000000000001,OK,True,430000,0.29,0,8.024217092590475e-16,Standard / Value,False,54.71000000000001
11797,Germany,Home Care,5.15,6,Standard,25,6.4375,25.0,OK,False,460000,0.31,1,0.999990952514284,Strong Premium,True,24.69
11798,France,Food & Refreshment,11.29,1,Value,12,12.6448,12.00000000000001,OK,True,430000,0.29,0,8.024217092590475e-16,Standard / Value,False,11.710000000000012
11799,Germany,Food & Refreshment,14.58,7,Standard,28,18.6624,28.000000000000004,OK,True,460000,0.31,1,0.999990952514284,Strong Premium,False,27.690000000000005
11800,UK,Food & Refreshment,6.85,1,Value,12,7.672000000000001,12.00000000000001,OK,True,520000,0.32,0,8.248669927223737e-16,Standard / Value,False,11.68000000000001
11801,Germany,Food & Refreshment,12.98,3,Value,12,14.5376,12.00000000000001,OK,True,460000,0.31,1,0.999990952514284,Strong Premium,False,11.69000000000001
11802,UK,Personal Care,8.71,8,Premium,60,13.936000000000002,60.00000000000001,OK,True,520000,0.32,0,8.248669927223737e-16,Standard / Value,False,59.68000000000001
11803,Germany,Home Care,2.78,9,Premium,50,4.17,50.0,OK,False,460000,0.31,1,0.999990952514284,Strong Premium,True,49.69
11804,Spain,Food & Refreshment,10.51,3,Value,12,11.7712,12.00000000000001,OK,True,410000,0.3,0,3.6196737287189683e-19,Standard / Value,False,11.70000000000001
11805,UK,Home Care,7.94,1,Value,10,8.734000000000002,10.000000000000009,OK,True,520000,0.32,0,8.248669927223737e-16,Standard / Value,False,9.680000000000009
11806,Germany,Home Care,9.93,1,Value,10,10.923,10.000000000000009,OK,True,460000,0.31,1,0.999990952514284,Strong Premium,False,9.690000000000008
11807,Spain,Home Care,13.4,7,Standard,25,16.75,25.0,OK,False,410000,0.3,0,3.6196737287189683e-19,Standard / Value,True,24.7
11808,UK,Food & Refreshment,6.89,5,Standard,28,8.8192,28.000000000000004,OK,True,520000,0.32,0,8.248669927223737e-16,Standard / Value,False,27.680000000000003
11809,Spain,Personal Care,13.57,1,Value,15,15.6055,14.999999999999991,OK,False,410000,0.3,0,3.6196737287189683e-19,Standard / Value,True,14.69999999999999
11810,France,Food & Refreshment,11.38,6,Standard,28,14.566400000000002,28.000000000000004,OK,True,430000,0.29,0,8.024217092590475e-16,Standard / Value,False,27.710000000000004
11811,France,Home Care,7.58,6,Standard,25,9.475,25.0,OK,False,430000,0.29,0,8.024217092590475e-16,Standard / Value,True,24.71
11812,UK,Home Care,9.25,4,Standard,25,11.5625,25.0,OK,False,520000,0.32,0,8.248669927223737e-16,Standard / Value,True,24.68
11813,Germany,Personal Care,5.22,7,Standard,30,6.786,30.000000000000004,OK,True,460000,0.31,1,0.999990952514284,Strong Premium,False,29.690000000000005
11814,UK,Food & Refreshment,14.76,7,Standard,28,18.8928,28.000000000000004,OK,True,520000,0.32,0,8.248669927223737e-16,Standard / Value,False,27.680000000000003
11815,Spain,Home Care,10.18,9,Premium,50,15.27,50.0,OK,False,410000,0.3,0,3.6196737287189683e-19,Standard / Value,True,49.7
11816,Germany,Personal Care,1.14,1,Value,15,1.3109999999999995,14.999999999999991,OK,False,460000,0.31,1,0.999990952514284,Strong Premium,True,14.68999999999999
11817,France,Home Care,5.24,5,Standard,25,6.550000000000001,25.0,OK,False,430000,0.29,0,8.024217092590475e-16,Standard / Value,True,24.71
11818,Germany,Personal Care,9.54,10,Premium,60,15.264,60.00000000000001,OK,True,460000,0.31,1,0.999990952514284,Strong Premium,False,59.690000000000005
11819,France,Personal Care,1.32,3,Value,15,1.518,14.999999999999991,OK,False,430000,0.29,0,8.024217092590475e-16,Standard / Value,True,14.709999999999992
11820,Germany,Food & Refreshment,0.85,7,Standard,28,1.088,28.000000000000004,OK,True,460000,0.31,1,0.999990952514284,Strong Premium,False,27.690000000000005
11821,Germany,Home Care,7.03,4,Standard,25,8.7875,25.0,OK,False,460000,0.31,1,0.999990952514284,Strong Premium,True,24.69
11822,Germany,Food & Refreshment,5.32,4,Standard,28,6.8096000000000005,28.000000000000004,OK,True,460000,0.31,1,0.999990952514284,Strong Premium,False,27.690000000000005
11823,Spain,Home Care,6.86,1,Value,10,7.546000000000001,10.000000000000009,OK,True,410000,0.3,0,3.6196737287189683e-19,Standard / Value,False,9.700000000000008
11824,Spain,Food & Refreshment,4.31,1,Value,12,4.8272,12.00000000000001,OK,True,410000,0.3,0,3.6196737287189683e-19,Standard / Value,False,11.70000000000001
11825,UK,Home Care,2.89,10,Premium,50,4.335,50.0,OK,False,520000,0.32,0,8.248669927223737e-16,Standard / Value,True,49.68
11826,UK,Food & Refreshment,10.49,2,Value,12,11.7488,12.00000000000001,OK,True,520000,0.32,0,8.248669927223737e-16,Standard / Value,False,11.68000000000001
11827,France,Personal Care,7.96,2,Value,15,9.154,14.999999999999991,OK,False,430000,0.29,0,8.024217092590475e-16,Standard / Value,True,14.709999999999992
11828,Spain,Home Care,3.4,1,Value,10,3.74,10.000000000000009,OK,True,410000,0.3,0,3.6196737287189683e-19,Standard / Value,False,9.700000000000008
11829,France,Home Care,5.13,8,Premium,50,7.695,50.0,OK,False,430000,0.29,0,8.024217092590475e-16,Standard / Value,True,49.71
11830,UK,Personal Care,9.08,6,Standard,30,11.804,30.000000000000004,OK,True,520000,0.32,0,8.248669927223737e-16,Standard / Value,False,29.680000000000003
11831,France,Food & Refreshment,1.55,6,Standard,28,1.984,28.000000000000004,OK,True,430000,0.29,0,8.024217092590475e-16,Standard / Value,False,27.710000000000004
11832,UK,Home Care,2.64,10,Premium,50,3.96,50.0,OK,False,520000,0.32,0,8.248669927223737e-16,Standard / Value,True,49.68
11833,Spain,Home Care,1.56,10,Premium,50,2.34,49.99999999999998,OK,False,410000,0.3,0,3.6196737287189683e-19,Standard / Value,True,49.69999999999998
11834,Germany,Food & Refreshment,12.28,9,Premium,55,19.034,55.00000000000001,OK,True,460000,0.31,1,0.999990952514284,Strong Premium,False,54.690000000000005
11835,Spain,Personal Care,11.41,5,Standard,30,14.833,30.000000000000004,OK,True,410000,0.3,0,3.6196737287189683e-19,Standard / Value,False,29.700000000000003
11836,France,Food & Refreshment,11.42,4,Standard,28,14.6176,28.000000000000004,OK,True,430000,0.29,0,8.024217092590475e-16,Standard / Value,False,27.710000000000004
11837,France,Food & Refreshment,10.89,6,Standard,28,13.9392,28.000000000000004,OK,True,430000,0.29,0,8.024217092590475e-16,Standard / Value,False,27.710000000000004
11838,Spain,Food & Refreshment,10.21,8,Premium,55,15.825500000000002,55.00000000000001,OK,True,410000,0.3,0,3.6196737287189683e-19,Standard / Value,False,54.70000000000001
11839,Spain,Home Care,7.42,1,Value,10,8.162,10.000000000000009,OK,True,410000,0.3,0,3.6196737287189683e-19,Standard / Value,False,9.700000000000008
11840,UK,Personal Care,9.81,7,Standard,30,12.753000000000002,30.000000000000004,OK,True,520000,0.32,0,8.248669927223737e-16,Standard / Value,False,29.680000000000003
11841,France,Personal Care,1.06,8,Premium,60,1.6960000000000002,60.00000000000001,OK,True,430000,0.29,0,8.024217092590475e-16,Standard / Value,False,59.71000000000001
11842,France,Food & Refreshment,9.51,9,Premium,55,14.7405,55.00000000000001,OK,True,430000,0.29,0,8.024217092590475e-16,Standard / Value,False,54.71000000000001
11843,Spain,Home Care,11.78,8,Premium,50,17.669999999999998,50.0,OK,False,410000,0.3,0,3.6196737287189683e-19,Standard / Value,True,49.7
11844,Germany,Food & Refreshment,7.76,7,Standard,28,9.9328,28.000000000000004,OK,True,460000,0.31,1,0.999990952514284,Strong Premium,False,27.690000000000005
11845,France,Home Care,5.68,3,Value,10,6.248,10.000000000000009,OK,True,430000,0.29,0,8.024217092590475e-16,Standard / Value,False,9.71000000000001
11846,Germany,Home Care,4.52,2,Value,10,4.9719999999999995,10.000000000000009,OK,True,460000,0.31,1,0.999990952514284,Strong Premium,False,9.690000000000008
11847,Spain,Home Care,9.82,3,Value,10,10.802,10.000000000000009,OK,True,410000,0.3,0,3.6196737287189683e-19,Standard / Value,False,9.700000000000008
11848,Spain,Home Care,10.55,4,Standard,25,13.1875,25.0,OK,False,410000,0.3,0,3.6196737287189683e-19,Standard / Value,True,24.7
11849,UK,Personal Care,13.13,4,Standard,30,17.069000000000003,30.000000000000004,OK,True,520000,0.32,0,8.248669927223737e-16,Standard / Value,False,29.680000000000003
11850,France,Home Care,5.46,6,Standard,25,6.825,25.0,OK,False,430000,0.29,0,8.024217092590475e-16,Standard / Value,True,24.71
11851,Germany,Home Care,11.66,7,Standard,25,14.575,25.0,OK,False,460000,0.31,1,0.999990952514284,Strong Premium,True,24.69
11852,UK,Food & Refreshment,8.64,4,Standard,28,11.0592,28.000000000000004,OK,True,520000,0.32,0,8.248669927223737e-16,Standard / Value,False,27.680000000000003
11853,France,Food & Refreshment,13.3,10,Premium,55,20.615,55.00000000000001,OK,True,430000,0.29,0,8.024217092590475e-16,Standard / Value,False,54.71000000000001
11854,UK,Personal Care,8.15,6,Standard,30,10.595,30.000000000000004,OK,True,520000,0.32,0,8.248669927223737e-16,Standard / Value,False,29.680000000000003
11855,Spain,Food & Refreshment,8.01,9,Premium,55,12.4155,55.00000000000001,OK,True,410000,0.3,0,3.6196737287189683e-19,Standard / Value,False,54.70000000000001
11856,France,Home Care,8.88,6,Standard,25,11.1,25.0,OK,False,430000,0.29,0,8.024217092590475e-16,Standard / Value,True,24.71
11857,UK,Food & Refreshment,11.37,3,Value,12,12.7344,12.00000000000001,OK,True,520000,0.32,0,8.248669927223737e-16,Standard / Value,False,11.68000000000001
11858,UK,Personal Care,14.49,1,Value,15,16.6635,14.999999999999991,OK,False,520000,0.32,0,8.248669927223737e-16,Standard / Value,True,14.67999999999999
11859,Germany,Food & Refreshment,1.57,10,Premium,55,2.4335,55.00000000000001,OK,True,460000,0.31,1,0.999990952514284,Strong Premium,False,54.690000000000005
11860,UK,Food & Refreshment,1.27,10,Premium,55,1.9685,55.00000000000001,OK,True,520000,0.32,0,8.248669927223737e-16,Standard / Value,False,54.68000000000001
11861,France,Personal Care,14.09,5,Standard,30,18.317,30.000000000000004,OK,True,430000,0.29,0,8.024217092590475e-16,Standard / Value,False,29.710000000000004
11862,France,Personal Care,8.18,10,Premium,60,13.088,60.00000000000001,OK,True,430000,0.29,0,8.024217092590475e-16,Standard / Value,False,59.71000000000001
11863,Germany,Home Care,9.42,10,Premium,50,14.13,50.0,OK,False,460000,0.31,1,0.999990952514284,Strong Premium,True,49.69
11864,France,Food & Refreshment,7.5,3,Value,12,8.4,12.00000000000001,OK,True,430000,0.29,0,8.024217092590475e-16,Standard / Value,False,11.710000000000012
11865,Spain,Home Care,1.86,8,Premium,50,2.79,50.0,OK,False,410000,0.3,0,3.6196737287189683e-19,Standard / Value,True,49.7
11866,France,Food & Refreshment,11.64,10,Premium,55,18.042,55.00000000000001,OK,True,430000,0.29,0,8.024217092590475e-16,Standard / Value,False,54.71000000000001
11867,France,Food & Refreshment,11.33,1,Value,12,12.6896,12.00000000000001,OK,True,430000,0.29,0,8.024217092590475e-16,Standard / Value,False,11.710000000000012
11868,UK,Home Care,5.02,2,Value,10,5.522,10.000000000000009,OK,True,520000,0.32,0,8.248669927223737e-16,Standard / Value,False,9.680000000000009
11869,UK,Food & Refreshment,4.94,3,Value,12,5.532800000000001,12.00000000000001,OK,True,520000,0.32,0,8.248669927223737e-16,Standard / Value,False,11.68000000000001
11870,France,Food & Refreshment,12.65,3,Value,12,14.168,12.00000000000001,OK,True,430000,0.29,0,8.024217092590475e-16,Standard / Value,False,11.710000000000012
11871,Germany,Food & Refreshment,1.55,8,Premium,55,2.4025000000000003,55.00000000000001,OK,True,460000,0.31,1,0.999990952514284,Strong Premium,False,54.690000000000005
11872,UK,Personal Care,13.28,5,Standard,30,17.264,30.000000000000004,OK,True,520000,0.32,0,8.248669927223737e-16,Standard / Value,False,29.680000000000003
11873,Germany,Home Care,4.22,8,Premium,50,6.33,50.0,OK,False,460000,0.31,1,0.999990952514284,Strong Premium,True,49.69
11874,France,Personal Care,9.1,6,Standard,30,11.83,30.000000000000004,OK,True,430000,0.29,0,8.024217092590475e-16,Standard / Value,False,29.710000000000004
11875,France,Home Care,14.07,2,Value,10,15.477000000000002,10.000000000000009,OK,True,430000,0.29,0,8.024217092590475e-16,Standard / Value,False,9.71000000000001
11876,Spain,Home Care,10.33,4,Standard,25,12.9125,25.0,OK,False,410000,0.3,0,3.6196737287189683e-19,Standard / Value,True,24.7
11877,UK,Food & Refreshment,6.51,9,Premium,55,10.0905,55.00000000000001,OK,True,520000,0.32,0,8.248669927223737e-16,Standard / Value,False,54.68000000000001
11878,France,Home Care,10.5,4,Standard,25,13.125,25.0,OK,False,430000,0.29,0,8.024217092590475e-16,Standard / Value,True,24.71
11879,Spain,Personal Care,5.49,5,Standard,30,7.1370000000000005,30.000000000000004,OK,True,410000,0.3,0,3.6196737287189683e-19,Standard / Value,False,29.700000000000003
11880,UK,Personal Care,4.52,5,Standard,30,5.8759999999999994,30.000000000000004,OK,True,520000,0.32,0,8.248669927223737e-16,Standard / Value,False,29.680000000000003
11881,France,Personal Care,14.95,10,Premium,60,23.92,60.00000000000001,OK,True,430000,0.29,0,8.024217092590475e-16,Standard / Value,False,59.71000000000001
11882,France,Home Care,11.39,8,Premium,50,17.085,50.0,OK,False,430000,0.29,0,8.024217092590475e-16,Standard / Value,True,49.71
11883,UK,Personal Care,9.85,6,Standard,30,12.805,30.000000000000004,OK,True,520000,0.32,0,8.248669927223737e-16,Standard / Value,False,29.680000000000003
11884,UK,Home Care,5.65,10,Premium,50,8.475000000000001,50.00000000000002,OK,True,520000,0.32,0,8.248669927223737e-16,Standard / Value,False,49.68000000000002
11885,UK,Personal Care,1.21,7,Standard,30,1.573,30.000000000000004,OK,True,520000,0.32,0,8.248669927223737e-16,Standard / Value,False,29.680000000000003
11886,France,Personal Care,0.95,6,Standard,30,1.235,29.999999999999982,OK,False,430000,0.29,0,8.024217092590475e-16,Standard / Value,True,29.709999999999983
11887,France,Home Care,8.54,5,Standard,25,10.675,25.0,OK,False,430000,0.29,0,8.024217092590475e-16,Standard / Value,True,24.71
11888,Spain,Personal Care,11.55,5,Standard,30,15.015,30.000000000000004,OK,True,410000,0.3,0,3.6196737287189683e-19,Standard / Value,False,29.700000000000003
11889,Germany,Food & Refreshment,8.29,3,Value,12,9.2848,12.00000000000001,OK,True,460000,0.31,1,0.999990952514284,Strong Premium,False,11.69000000000001
11890,UK,Home Care,12.69,7,Standard,25,15.8625,25.0,OK,False,520000,0.32,0,8.248669927223737e-16,Standard / Value,True,24.68
11891,France,Home Care,0.98,10,Premium,50,1.47,50.0,OK,False,430000,0.29,0,8.024217092590475e-16,Standard / Value,True,49.71
11892,France,Home Care,5.82,5,Standard,25,7.275,25.0,OK,False,430000,0.29,0,8.024217092590475e-16,Standard / Value,True,24.71
11893,UK,Food & Refreshment,3.94,7,Standard,28,5.0432,28.000000000000004,OK,True,520000,0.32,0,8.248669927223737e-16,Standard / Value,False,27.680000000000003
11894,Germany,Home Care,6.99,2,Value,10,7.689000000000001,10.000000000000009,OK,True,460000,0.31,1,0.999990952514284,Strong Premium,False,9.690000000000008
11895,UK,Personal Care,1.55,9,Premium,60,2.4800000000000004,60.00000000000003,OK,True,520000,0.32,0,8.248669927223737e-16,Standard / Value,False,59.68000000000003
11896,Germany,Personal Care,14.33,8,Premium,60,22.928,60.00000000000001,OK,True,460000,0.31,1,0.999990952514284,Strong Premium,False,59.690000000000005
11897,France,Personal Care,3.74,5,Standard,30,4.862,30.000000000000004,OK,True,430000,0.29,0,8.024217092590475e-16,Standard / Value,False,29.710000000000004
11898,Germany,Home Care,13.87,2,Value,10,15.257,10.000000000000009,OK,True,460000,0.31,1,0.999990952514284,Strong Premium,False,9.690000000000008
11899,Spain,Personal Care,6.68,6,Standard,30,8.684,30.000000000000004,OK,True,410000,0.3,0,3.6196737287189683e-19,Standard / Value,False,29.700000000000003
11900,France,Home Care,14.79,8,Premium,50,22.185,50.0,OK,False,430000,0.29,0,8.024217092590475e-16,Standard / Value,True,49.71
11901,Spain,Personal Care,8.53,7,Standard,30,11.089,30.000000000000004,OK,True,410000,0.3,0,3.6196737287189683e-19,Standard / Value,False,29.700000000000003
11902,UK,Food & Refreshment,14.0,8,Premium,55,21.7,55.00000000000001,OK,True,520000,0.32,0,8.248669927223737e-16,Standard / Value,False,54.68000000000001
11903,UK,Food & Refreshment,0.58,4,Standard,28,0.7424,28.000000000000004,OK,True,520000,0.32,0,8.248669927223737e-16,Standard / Value,False,27.680000000000003
11904,UK,Food & Refreshment,11.35,3,Value,12,12.712000000000002,12.00000000000001,OK,True,520000,0.32,0,8.248669927223737e-16,Standard / Value,False,11.68000000000001
11905,Germany,Food & Refreshment,13.59,7,Standard,28,17.3952,28.000000000000004,OK,True,460000,0.31,1,0.999990952514284,Strong Premium,False,27.690000000000005
11906,France,Home Care,2.53,2,Value,10,2.783,10.000000000000009,OK,True,430000,0.29,0,8.024217092590475e-16,Standard / Value,False,9.71000000000001
11907,UK,Personal Care,1.89,5,Standard,30,2.457,30.000000000000004,OK,True,520000,0.32,0,8.248669927223737e-16,Standard / Value,False,29.680000000000003
11908,UK,Food & Refreshment,6.66,7,Standard,28,8.5248,28.000000000000004,OK,True,520000,0.32,0,8.248669927223737e-16,Standard / Value,False,27.680000000000003
11909,France,Home Care,14.04,1,Value,10,15.444,10.000000000000009,OK,True,430000,0.29,0,8.024217092590475e-16,Standard / Value,False,9.71000000000001
11910,UK,Food & Refreshment,8.36,4,Standard,28,10.7008,28.000000000000004,OK,True,520000,0.32,0,8.248669927223737e-16,Standard / Value,False,27.680000000000003
11911,Spain,Food & Refreshment,8.15,2,Value,12,9.128000000000002,12.00000000000001,OK,True,410000,0.3,0,3.6196737287189683e-19,Standard / Value,False,11.70000000000001
11912,France,Home Care,2.55,6,Standard,25,3.1875,25.0,OK,False,430000,0.29,0,8.024217092590475e-16,Standard / Value,True,24.71
11913,France,Home Care,0.51,1,Value,10,0.561,10.000000000000009,OK,True,430000,0.29,0,8.024217092590475e-16,Standard / Value,False,9.71000000000001
11914,France,Personal Care,12.25,7,Standard,30,15.925,30.000000000000004,OK,True,430000,0.29,0,8.024217092590475e-16,Standard / Value,False,29.710000000000004
11915,Spain,Personal Care,1.77,3,Value,15,2.0355,14.999999999999991,OK,False,410000,0.3,0,3.6196737287189683e-19,Standard / Value,True,14.69999999999999
11916,France,Food & Refreshment,9.69,1,Value,12,10.8528,12.00000000000001,OK,True,430000,0.29,0,8.024217092590475e-16,Standard / Value,False,11.710000000000012
11917,Spain,Food & Refreshment,13.76,8,Premium,55,21.328,55.00000000000001,OK,True,410000,0.3,0,3.6196737287189683e-19,Standard / Value,False,54.70000000000001
11918,France,Personal Care,3.53,7,Standard,30,4.5889999999999995,30.000000000000004,OK,True,430000,0.29,0,8.024217092590475e-16,Standard / Value,False,29.710000000000004
11919,Germany,Personal Care,10.15,2,Value,15,11.6725,14.999999999999991,OK,False,460000,0.31,1,0.999990952514284,Strong Premium,True,14.68999999999999
11920,UK,Home Care,1.64,7,Standard,25,2.05,25.0,OK,False,520000,0.32,0,8.248669927223737e-16,Standard / Value,True,24.68
11921,Germany,Personal Care,9.25,3,Value,15,10.6375,14.999999999999991,OK,False,460000,0.31,1,0.999990952514284,Strong Premium,True,14.68999999999999
11922,UK,Personal Care,2.88,9,Premium,60,4.608,59.999999999999986,OK,False,520000,0.32,0,8.248669927223737e-16,Standard / Value,True,59.679999999999986
11923,Spain,Food & Refreshment,11.17,8,Premium,55,17.3135,55.00000000000001,OK,True,410000,0.3,0,3.6196737287189683e-19,Standard / Value,False,54.70000000000001
11924,Germany,Personal Care,4.87,5,Standard,30,6.331,30.000000000000004,OK,True,460000,0.31,1,0.999990952514284,Strong Premium,False,29.690000000000005
11925,France,Food & Refreshment,7.22,7,Standard,28,9.2416,28.000000000000004,OK,True,430000,0.29,0,8.024217092590475e-16,Standard / Value,False,27.710000000000004
11926,UK,Personal Care,9.19,3,Value,15,10.568499999999998,14.999999999999991,OK,False,520000,0.32,0,8.248669927223737e-16,Standard / Value,True,14.67999999999999
11927,UK,Home Care,2.98,1,Value,10,3.278,10.000000000000009,OK,True,520000,0.32,0,8.248669927223737e-16,Standard / Value,False,9.680000000000009
11928,Germany,Personal Care,11.25,1,Value,15,12.937499999999998,14.999999999999991,OK,False,460000,0.31,1,0.999990952514284,Strong Premium,True,14.68999999999999
11929,Spain,Personal Care,4.89,2,Value,15,5.623499999999999,14.999999999999991,OK,False,410000,0.3,0,3.6196737287189683e-19,Standard / Value,True,14.69999999999999
11930,Germany,Personal Care,10.1,8,Premium,60,16.16,60.00000000000001,OK,True,460000,0.31,1,0.999990952514284,Strong Premium,False,59.690000000000005
11931,Spain,Food & Refreshment,2.8,1,Value,12,3.136,12.00000000000001,OK,True,410000,0.3,0,3.6196737287189683e-19,Standard / Value,False,11.70000000000001
11932,Spain,Home Care,10.48,5,Standard,25,13.1,25.0,OK,False,410000,0.3,0,3.6196737287189683e-19,Standard / Value,True,24.7
11933,UK,Personal Care,2.36,9,Premium,60,3.776,60.00000000000001,OK,True,520000,0.32,0,8.248669927223737e-16,Standard / Value,False,59.68000000000001
11934,Germany,Food & Refreshment,6.67,9,Premium,55,10.3385,55.00000000000001,OK,True,460000,0.31,1,0.999990952514284,Strong Premium,False,54.690000000000005
11935,Germany,Home Care,4.08,2,Value,10,4.488,10.000000000000009,OK,True,460000,0.31,1,0.999990952514284,Strong Premium,False,9.690000000000008
11936,Spain,Food & Refreshment,11.35,7,Standard,28,14.528,28.000000000000004,OK,True,410000,0.3,0,3.6196737287189683e-19,Standard / Value,False,27.700000000000003
11937,Germany,Food & Refreshment,4.3,1,Value,12,4.816,12.00000000000001,OK,True,460000,0.31,1,0.999990952514284,Strong Premium,False,11.69000000000001
11938,France,Home Care,13.28,3,Value,10,14.608,10.000000000000009,OK,True,430000,0.29,0,8.024217092590475e-16,Standard / Value,False,9.71000000000001
11939,France,Personal Care,13.43,6,Standard,30,17.459,30.000000000000004,OK,True,430000,0.29,0,8.024217092590475e-16,Standard / Value,False,29.710000000000004
11940,Germany,Food & Refreshment,3.35,9,Premium,55,5.1925,54.999999999999986,OK,False,460000,0.31,1,0.999990952514284,Strong Premium,True,54.68999999999998
11941,Germany,Food & Refreshment,9.4,10,Premium,55,14.57,55.00000000000001,OK,True,460000,0.31,1,0.999990952514284,Strong Premium,False,54.690000000000005
11942,Spain,Personal Care,1.77,2,Value,15,2.0355,14.999999999999991,OK,False,410000,0.3,0,3.6196737287189683e-19,Standard / Value,True,14.69999999999999
11943,France,Personal Care,6.18,7,Standard,30,8.034,30.00000000000003,OK,True,430000,0.29,0,8.024217092590475e-16,Standard / Value,False,29.71000000000003
11944,France,Home Care,10.84,4,Standard,25,13.55,25.0,OK,False,430000,0.29,0,8.024217092590475e-16,Standard / Value,True,24.71
11945,UK,Home Care,10.06,2,Value,10,11.066,10.000000000000009,OK,True,520000,0.32,0,8.248669927223737e-16,Standard / Value,False,9.680000000000009
11946,Spain,Home Care,9.56,3,Value,10,10.516000000000002,10.000000000000009,OK,True,410000,0.3,0,3.6196737287189683e-19,Standard / Value,False,9.700000000000008
11947,UK,Personal Care,4.6,6,Standard,30,5.9799999999999995,30.000000000000004,OK,True,520000,0.32,0,8.248669927223737e-16,Standard / Value,False,29.680000000000003
11948,France,Food & Refreshment,5.98,10,Premium,55,9.269,54.999999999999986,OK,False,430000,0.29,0,8.024217092590475e-16,Standard / Value,True,54.70999999999999
11949,Spain,Food & Refreshment,1.99,9,Premium,55,3.0845,55.00000000000001,OK,True,410000,0.3,0,3.6196737287189683e-19,Standard / Value,False,54.70000000000001
11950,Germany,Home Care,10.93,8,Premium,50,16.395,50.0,OK,False,460000,0.31,1,0.999990952514284,Strong Premium,True,49.69
11951,Spain,Personal Care,7.81,10,Premium,60,12.496,60.00000000000001,OK,True,410000,0.3,0,3.6196737287189683e-19,Standard / Value,False,59.70000000000001
11952,Germany,Food & Refreshment,10.78,9,Premium,55,16.709,55.00000000000001,OK,True,460000,0.31,1,0.999990952514284,Strong Premium,False,54.690000000000005
11953,Germany,Home Care,4.11,4,Standard,25,5.1375,25.0,OK,False,460000,0.31,1,0.999990952514284,Strong Premium,True,24.69
11954,Spain,Food & Refreshment,5.2,4,Standard,28,6.656000000000001,28.000000000000004,OK,True,410000,0.3,0,3.6196737287189683e-19,Standard / Value,False,27.700000000000003
11955,Germany,Food & Refreshment,5.35,9,Premium,55,8.2925,55.00000000000003,OK,True,460000,0.31,1,0.999990952514284,Strong Premium,False,54.690000000000026
11956,UK,Personal Care,0.87,8,Premium,60,1.392,60.00000000000001,OK,True,520000,0.32,0,8.248669927223737e-16,Standard / Value,False,59.68000000000001
11957,France,Personal Care,5.45,2,Value,15,6.2675,14.999999999999991,OK,False,430000,0.29,0,8.024217092590475e-16,Standard / Value,True,14.709999999999992
11958,Germany,Food & Refreshment,12.15,8,Premium,55,18.8325,54.999999999999986,OK,False,460000,0.31,1,0.999990952514284,Strong Premium,True,54.68999999999998
11959,UK,Home Care,13.51,1,Value,10,14.861,10.000000000000009,OK,True,520000,0.32,0,8.248669927223737e-16,Standard / Value,False,9.680000000000009
11960,Germany,Personal Care,8.01,9,Premium,60,12.816,60.00000000000001,OK,True,460000,0.31,1,0.999990952514284,Strong Premium,False,59.690000000000005
11961,France,Food & Refreshment,7.1,9,Premium,55,11.005,55.00000000000001,OK,True,430000,0.29,0,8.024217092590475e-16,Standard / Value,False,54.71000000000001
11962,UK,Personal Care,0.95,8,Premium,60,1.52,60.00000000000001,OK,True,520000,0.32,0,8.248669927223737e-16,Standard / Value,False,59.68000000000001
11963,France,Personal Care,13.25,5,Standard,30,17.225,30.000000000000004,OK,True,430000,0.29,0,8.024217092590475e-16,Standard / Value,False,29.710000000000004
11964,France,Personal Care,0.69,5,Standard,30,0.8969999999999999,30.000000000000004,OK,True,430000,0.29,0,8.024217092590475e-16,Standard / Value,False,29.710000000000004
11965,UK,Food & Refreshment,14.2,3,Value,12,15.904,12.00000000000001,OK,True,520000,0.32,0,8.248669927223737e-16,Standard / Value,False,11.68000000000001
11966,UK,Home Care,7.59,5,Standard,25,9.4875,25.00000000000002,OK,True,520000,0.32,0,8.248669927223737e-16,Standard / Value,False,24.68000000000002
11967,UK,Home Care,5.46,4,Standard,25,6.825,25.0,OK,False,520000,0.32,0,8.248669927223737e-16,Standard / Value,True,24.68
11968,Spain,Home Care,13.9,1,Value,10,15.29,10.000000000000009,OK,True,410000,0.3,0,3.6196737287189683e-19,Standard / Value,False,9.700000000000008
11969,UK,Personal Care,0.85,9,Premium,60,1.36,60.00000000000001,OK,True,520000,0.32,0,8.248669927223737e-16,Standard / Value,False,59.68000000000001
11970,UK,Food & Refreshment,8.93,10,Premium,55,13.8415,55.00000000000001,OK,True,520000,0.32,0,8.248669927223737e-16,Standard / Value,False,54.68000000000001
11971,UK,Personal Care,8.46,4,Standard,30,10.998,30.000000000000004,OK,True,520000,0.32,0,8.248669927223737e-16,Standard / Value,False,29.680000000000003
11972,UK,Home Care,3.68,3,Value,10,4.048000000000001,10.000000000000032,OK,True,520000,0.32,0,8.248669927223737e-16,Standard / Value,False,9.680000000000032
11973,Germany,Home Care,6.72,6,Standard,25,8.4,25.0,OK,False,460000,0.31,1,0.999990952514284,Strong Premium,True,24.69
11974,Spain,Food & Refreshment,9.96,1,Value,12,11.155200000000002,12.00000000000001,OK,True,410000,0.3,0,3.6196737287189683e-19,Standard / Value,False,11.70000000000001
11975,France,Personal Care,11.04,5,Standard,30,14.352,30.000000000000004,OK,True,430000,0.29,0,8.024217092590475e-16,Standard / Value,False,29.710000000000004
11976,UK,Home Care,0.51,7,Standard,25,0.6375,25.0,OK,False,520000,0.32,0,8.248669927223737e-16,Standard / Value,True,24.68
11977,Germany,Food & Refreshment,14.08,2,Value,12,15.769600000000002,12.00000000000001,OK,True,460000,0.31,1,0.999990952514284,Strong Premium,False,11.69000000000001
11978,Germany,Personal Care,2.89,10,Premium,60,4.6240000000000006,60.00000000000001,OK,True,460000,0.31,1,0.999990952514284,Strong Premium,False,59.690000000000005
11979,Germany,Personal Care,3.89,9,Premium,60,6.224,60.00000000000001,OK,True,460000,0.31,1,0.999990952514284,Strong Premium,False,59.690000000000005
11980,France,Home Care,4.32,6,Standard,25,5.4,25.0,OK,False,430000,0.29,0,8.024217092590475e-16,Standard / Value,True,24.71
11981,UK,Home Care,1.05,2,Value,10,1.1550000000000002,10.000000000000009,OK,True,520000,0.32,0,8.248669927223737e-16,Standard / Value,False,9.680000000000009
11982,Spain,Personal Care,2.28,8,Premium,60,3.648,60.00000000000001,OK,True,410000,0.3,0,3.6196737287189683e-19,Standard / Value,False,59.70000000000001
11983,Spain,Personal Care,14.8,8,Premium,60,23.680000000000003,60.00000000000001,OK,True,410000,0.3,0,3.6196737287189683e-19,Standard / Value,False,59.70000000000001
11984,Germany,Home Care,5.07,1,Value,10,5.577000000000001,10.000000000000009,OK,True,460000,0.31,1,0.999990952514284,Strong Premium,False,9.690000000000008
11985,France,Personal Care,2.17,1,Value,15,2.4955,14.999999999999991,OK,False,430000,0.29,0,8.024217092590475e-16,Standard / Value,True,14.709999999999992
11986,France,Home Care,2.05,1,Value,10,2.255,10.000000000000009,OK,True,430000,0.29,0,8.024217092590475e-16,Standard / Value,False,9.71000000000001
11987,France,Personal Care,10.93,4,Standard,30,14.209,30.000000000000004,OK,True,430000,0.29,0,8.024217092590475e-16,Standard / Value,False,29.710000000000004
11988,Spain,Home Care,12.89,4,Standard,25,16.1125,25.0,OK,False,410000,0.3,0,3.6196737287189683e-19,Standard / Value,True,24.7
11989,Germany,Food & Refreshment,4.23,8,Premium,55,6.556500000000001,55.00000000000001,OK,True,460000,0.31,1,0.999990952514284,Strong Premium,False,54.690000000000005
11990,UK,Home Care,0.8,1,Value,10,0.8800000000000001,10.000000000000009,OK,True,520000,0.32,0,8.248669927223737e-16,Standard / Value,False,9.680000000000009
11991,Spain,Home Care,3.73,10,Premium,50,5.595,50.0,OK,False,410000,0.3,0,3.6196737287189683e-19,Standard / Value,True,49.7
11992,Germany,Food & Refreshment,1.32,3,Value,12,1.4784000000000002,12.00000000000001,OK,True,460000,0.31,1,0.999990952514284,Strong Premium,False,11.69000000000001
11993,Germany,Personal Care,2.0,1,Value,15,2.3,14.999999999999991,OK,False,460000,0.31,1,0.999990952514284,Strong Premium,True,14.68999999999999
11994,UK,Food & Refreshment,6.76,9,Premium,55,10.478,55.00000000000001,OK,True,520000,0.32,0,8.248669927223737e-16,Standard / Value,False,54.68000000000001
11995,UK,Home Care,3.83,10,Premium,50,5.745,50.0,OK,False,520000,0.32,0,8.248669927223737e-16,Standard / Value,True,49.68
11996,UK,Personal Care,7.98,9,Premium,60,12.768,60.00000000000001,OK,True,520000,0.32,0,8.248669927223737e-16,Standard / Value,False,59.68000000000001
11997,France,Food & Refreshment,4.18,7,Standard,28,5.3504,28.000000000000004,OK,True,430000,0.29,0,8.024217092590475e-16,Standard / Value,False,27.710000000000004
11998,UK,Personal Care,14.14,8,Premium,60,22.624,60.00000000000001,OK,True,520000,0.32,0,8.248669927223737e-16,Standard / Value,False,59.68000000000001
11999,Germany,Personal Care,13.64,1,Value,15,15.686,14.999999999999991,OK,False,460000,0.31,1,0.999990952514284,Strong Premium,True,14.68999999999999
12000,UK,Food & Refreshment,8.72,5,Standard,28,11.161600000000002,28.000000000000004,OK,True,520000,0.32,0,8.248669927223737e-16,Standard / Value,False,27.680000000000003
12001,Germany,Personal Care,5.64,2,Value,15,6.485999999999999,14.999999999999991,OK,False,460000,0.31,1,0.999990952514284,Strong Premium,True,14.68999999999999
12002,Spain,Food & Refreshment,6.03,1,Value,12,6.7536000000000005,12.00000000000001,OK,True,410000,0.3,0,3.6196737287189683e-19,Standard / Value,False,11.70000000000001
12003,France,Home Care,6.47,3,Value,10,7.117,10.000000000000009,OK,True,430000,0.29,0,8.024217092590475e-16,Standard / Value,False,9.71000000000001
12004,Spain,Personal Care,11.05,7,Standard,30,14.365000000000002,30.000000000000004,OK,True,410000,0.3,0,3.6196737287189683e-19,Standard / Value,False,29.700000000000003
12005,Spain,Home Care,7.05,1,Value,10,7.755000000000001,10.000000000000009,OK,True,410000,0.3,0,3.6196737287189683e-19,Standard / Value,False,9.700000000000008
12006,Germany,Home Care,12.92,2,Value,10,14.212000000000002,10.000000000000009,OK,True,460000,0.31,1,0.999990952514284,Strong Premium,False,9.690000000000008
12007,Spain,Personal Care,14.19,2,Value,15,16.318499999999997,14.999999999999991,OK,False,410000,0.3,0,3.6196737287189683e-19,Standard / Value,True,14.69999999999999
12008,Germany,Food & Refreshment,5.37,4,Standard,28,6.873600000000001,28.000000000000004,OK,True,460000,0.31,1,0.999990952514284,Strong Premium,False,27.690000000000005
12009,UK,Personal Care,8.63,3,Value,15,9.9245,14.999999999999991,OK,False,520000,0.32,0,8.248669927223737e-16,Standard / Value,True,14.67999999999999
12010,UK,Home Care,1.88,3,Value,10,2.068,10.000000000000009,OK,True,520000,0.32,0,8.248669927223737e-16,Standard / Value,False,9.680000000000009
12011,Germany,Home Care,3.41,10,Premium,50,5.115,50.0,OK,False,460000,0.31,1,0.999990952514284,Strong Premium,True,49.69
12012,UK,Food & Refreshment,6.5,5,Standard,28,8.32,28.000000000000004,OK,True,520000,0.32,0,8.248669927223737e-16,Standard / Value,False,27.680000000000003
12013,France,Personal Care,3.49,3,Value,15,4.0135,14.999999999999991,OK,False,430000,0.29,0,8.024217092590475e-16,Standard / Value,True,14.709999999999992
12014,Spain,Home Care,13.21,7,Standard,25,16.512500000000003,25.00000000000002,OK,True,410000,0.3,0,3.6196737287189683e-19,Standard / Value,False,24.70000000000002
12015,France,Home Care,2.8,5,Standard,25,3.5,25.0,OK,False,430000,0.29,0,8.024217092590475e-16,Standard / Value,True,24.71
12016,Spain,Home Care,7.11,4,Standard,25,8.887500000000001,25.0,OK,False,410000,0.3,0,3.6196737287189683e-19,Standard / Value,True,24.7
12017,UK,Food & Refreshment,9.28,3,Value,12,10.3936,12.00000000000001,OK,True,520000,0.32,0,8.248669927223737e-16,Standard / Value,False,11.68000000000001
12018,France,Home Care,10.53,4,Standard,25,13.1625,25.0,OK,False,430000,0.29,0,8.024217092590475e-16,Standard / Value,True,24.71
12019,UK,Home Care,6.05,2,Value,10,6.655,10.000000000000009,OK,True,520000,0.32,0,8.248669927223737e-16,Standard / Value,False,9.680000000000009
12020,Spain,Personal Care,13.1,1,Value,15,15.064999999999998,14.999999999999991,OK,False,410000,0.3,0,3.6196737287189683e-19,Standard / Value,True,14.69999999999999
12021,Germany,Personal Care,8.74,3,Value,15,10.051,14.999999999999991,OK,False,460000,0.31,1,0.999990952514284,Strong Premium,True,14.68999999999999
12022,Germany,Home Care,6.87,2,Value,10,7.557,10.000000000000009,OK,True,460000,0.31,1,0.999990952514284,Strong Premium,False,9.690000000000008
12023,France,Home Care,1.47,1,Value,10,1.617,10.000000000000009,OK,True,430000,0.29,0,8.024217092590475e-16,Standard / Value,False,9.71000000000001
12024,UK,Personal Care,7.24,1,Value,15,8.325999999999999,14.999999999999968,OK,False,520000,0.32,0,8.248669927223737e-16,Standard / Value,True,14.679999999999968
12025,UK,Food & Refreshment,12.4,2,Value,12,13.888000000000002,12.00000000000001,OK,True,520000,0.32,0,8.248669927223737e-16,Standard / Value,False,11.68000000000001
12026,France,Food & Refreshment,9.41,9,Premium,55,14.5855,55.00000000000001,OK,True,430000,0.29,0,8.024217092590475e-16,Standard / Value,False,54.71000000000001
12027,Germany,Food & Refreshment,12.57,5,Standard,28,16.0896,28.000000000000004,OK,True,460000,0.31,1,0.999990952514284,Strong Premium,False,27.690000000000005
12028,Spain,Food & Refreshment,7.66,9,Premium,55,11.873,55.00000000000001,OK,True,410000,0.3,0,3.6196737287189683e-19,Standard / Value,False,54.70000000000001
12029,France,Food & Refreshment,2.22,8,Premium,55,3.4410000000000003,55.00000000000001,OK,True,430000,0.29,0,8.024217092590475e-16,Standard / Value,False,54.71000000000001
12030,Spain,Food & Refreshment,0.7,6,Standard,28,0.8959999999999999,28.000000000000004,OK,True,410000,0.3,0,3.6196737287189683e-19,Standard / Value,False,27.700000000000003
12031,Germany,Food & Refreshment,4.9,1,Value,12,5.488000000000001,12.00000000000001,OK,True,460000,0.31,1,0.999990952514284,Strong Premium,False,11.69000000000001
12032,UK,Food & Refreshment,10.62,10,Premium,55,16.461,55.00000000000001,OK,True,520000,0.32,0,8.248669927223737e-16,Standard / Value,False,54.68000000000001
12033,Germany,Personal Care,11.96,5,Standard,30,15.548000000000002,30.000000000000004,OK,True,460000,0.31,1,0.999990952514284,Strong Premium,False,29.690000000000005
12034,France,Food & Refreshment,4.79,1,Value,12,5.364800000000001,12.00000000000001,OK,True,430000,0.29,0,8.024217092590475e-16,Standard / Value,False,11.710000000000012
12035,UK,Food & Refreshment,7.69,7,Standard,28,9.8432,28.000000000000004,OK,True,520000,0.32,0,8.248669927223737e-16,Standard / Value,False,27.680000000000003
12036,France,Food & Refreshment,6.61,10,Premium,55,10.245500000000002,55.00000000000003,OK,True,430000,0.29,0,8.024217092590475e-16,Standard / Value,False,54.71000000000003
12037,France,Home Care,6.45,8,Premium,50,9.675,50.0,OK,False,430000,0.29,0,8.024217092590475e-16,Standard / Value,True,49.71
12038,Germany,Personal Care,3.85,8,Premium,60,6.16,60.00000000000001,OK,True,460000,0.31,1,0.999990952514284,Strong Premium,False,59.690000000000005
12039,France,Personal Care,2.48,7,Standard,30,3.224,30.000000000000004,OK,True,430000,0.29,0,8.024217092590475e-16,Standard / Value,False,29.710000000000004
12040,Germany,Personal Care,3.35,2,Value,15,3.8525,14.999999999999991,OK,False,460000,0.31,1,0.999990952514284,Strong Premium,True,14.68999999999999
12041,UK,Food & Refreshment,1.3,5,Standard,28,1.664,28.000000000000004,OK,True,520000,0.32,0,8.248669927223737e-16,Standard / Value,False,27.680000000000003
12042,Germany,Food & Refreshment,3.37,4,Standard,28,4.3136,28.000000000000004,OK,True,460000,0.31,1,0.999990952514284,Strong Premium,False,27.690000000000005
12043,UK,Home Care,0.63,5,Standard,25,0.7875,25.0,OK,False,520000,0.32,0,8.248669927223737e-16,Standard / Value,True,24.68
12044,Germany,Personal Care,9.6,10,Premium,60,15.36,60.00000000000001,OK,True,460000,0.31,1,0.999990952514284,Strong Premium,False,59.690000000000005
12045,Spain,Food & Refreshment,5.09,9,Premium,55,7.8895,55.00000000000001,OK,True,410000,0.3,0,3.6196737287189683e-19,Standard / Value,False,54.70000000000001
12046,Spain,Personal Care,14.61,4,Standard,30,18.993,30.000000000000004,OK,True,410000,0.3,0,3.6196737287189683e-19,Standard / Value,False,29.700000000000003
12047,France,Home Care,3.31,8,Premium,50,4.965,50.0,OK,False,430000,0.29,0,8.024217092590475e-16,Standard / Value,True,49.71
12048,Germany,Home Care,5.51,8,Premium,50,8.265,50.00000000000002,OK,True,460000,0.31,1,0.999990952514284,Strong Premium,False,49.69000000000002
12049,Germany,Home Care,5.69,2,Value,10,6.259000000000001,10.000000000000009,OK,True,460000,0.31,1,0.999990952514284,Strong Premium,False,9.690000000000008
12050,UK,Personal Care,0.62,6,Standard,30,0.806,30.000000000000004,OK,True,520000,0.32,0,8.248669927223737e-16,Standard / Value,False,29.680000000000003
12051,France,Food & Refreshment,12.67,5,Standard,28,16.2176,28.000000000000004,OK,True,430000,0.29,0,8.024217092590475e-16,Standard / Value,False,27.710000000000004
12052,Germany,Food & Refreshment,0.96,2,Value,12,1.0752000000000002,12.00000000000001,OK,True,460000,0.31,1,0.999990952514284,Strong Premium,False,11.69000000000001
12053,France,Home Care,14.13,10,Premium,50,21.195,50.0,OK,False,430000,0.29,0,8.024217092590475e-16,Standard / Value,True,49.71
12054,Spain,Food & Refreshment,13.44,4,Standard,28,17.2032,28.000000000000004,OK,True,410000,0.3,0,3.6196737287189683e-19,Standard / Value,False,27.700000000000003
12055,Germany,Home Care,8.27,7,Standard,25,10.3375,25.0,OK,False,460000,0.31,1,0.999990952514284,Strong Premium,True,24.69
12056,Germany,Personal Care,8.38,1,Value,15,9.637,14.999999999999991,OK,False,460000,0.31,1,0.999990952514284,Strong Premium,True,14.68999999999999
12057,France,Home Care,9.98,9,Premium,50,14.97,50.0,OK,False,430000,0.29,0,8.024217092590475e-16,Standard / Value,True,49.71
12058,Germany,Personal Care,6.11,10,Premium,60,9.776000000000002,60.00000000000001,OK,True,460000,0.31,1,0.999990952514284,Strong Premium,False,59.690000000000005
12059,France,Home Care,9.88,1,Value,10,10.868000000000002,10.000000000000009,OK,True,430000,0.29,0,8.024217092590475e-16,Standard / Value,False,9.71000000000001
12060,Germany,Food & Refreshment,1.15,5,Standard,28,1.472,28.000000000000004,OK,True,460000,0.31,1,0.999990952514284,Strong Premium,False,27.690000000000005
12061,UK,Food & Refreshment,1.28,7,Standard,28,1.6384,28.000000000000004,OK,True,520000,0.32,0,8.248669927223737e-16,Standard / Value,False,27.680000000000003
12062,France,Home Care,7.13,8,Premium,50,10.695,50.0,OK,False,430000,0.29,0,8.024217092590475e-16,Standard / Value,True,49.71
12063,Germany,Food & Refreshment,8.47,2,Value,12,9.4864,12.00000000000001,OK,True,460000,0.31,1,0.999990952514284,Strong Premium,False,11.69000000000001
12064,Spain,Food & Refreshment,13.37,4,Standard,28,17.113599999999998,28.000000000000004,OK,True,410000,0.3,0,3.6196737287189683e-19,Standard / Value,False,27.700000000000003
12065,Germany,Food & Refreshment,2.02,2,Value,12,2.2624000000000004,12.00000000000001,OK,True,460000,0.31,1,0.999990952514284,Strong Premium,False,11.69000000000001
12066,Spain,Personal Care,12.43,4,Standard,30,16.159,30.000000000000004,OK,True,410000,0.3,0,3.6196737287189683e-19,Standard / Value,False,29.700000000000003
12067,Spain,Food & Refreshment,3.55,6,Standard,28,4.544,28.000000000000004,OK,True,410000,0.3,0,3.6196737287189683e-19,Standard / Value,False,27.700000000000003
12068,UK,Personal Care,6.21,6,Standard,30,8.073,30.000000000000004,OK,True,520000,0.32,0,8.248669927223737e-16,Standard / Value,False,29.680000000000003
12069,France,Home Care,5.09,2,Value,10,5.599,10.000000000000009,OK,True,430000,0.29,0,8.024217092590475e-16,Standard / Value,False,9.71000000000001
12070,Germany,Food & Refreshment,6.3,4,Standard,28,8.064,28.000000000000004,OK,True,460000,0.31,1,0.999990952514284,Strong Premium,False,27.690000000000005
12071,UK,Food & Refreshment,2.68,4,Standard,28,3.4304,28.000000000000004,OK,True,520000,0.32,0,8.248669927223737e-16,Standard / Value,False,27.680000000000003
12072,Germany,Food & Refreshment,7.8,1,Value,12,8.736,12.00000000000001,OK,True,460000,0.31,1,0.999990952514284,Strong Premium,False,11.69000000000001
12073,Spain,Home Care,12.12,2,Value,10,13.332,10.000000000000009,OK,True,410000,0.3,0,3.6196737287189683e-19,Standard / Value,False,9.700000000000008
12074,France,Personal Care,6.9,3,Value,15,7.935,14.999999999999991,OK,False,430000,0.29,0,8.024217092590475e-16,Standard / Value,True,14.709999999999992
12075,Germany,Personal Care,7.61,5,Standard,30,9.893,30.000000000000004,OK,True,460000,0.31,1,0.999990952514284,Strong Premium,False,29.690000000000005
12076,Germany,Food & Refreshment,12.81,8,Premium,55,19.855500000000003,55.00000000000003,OK,True,460000,0.31,1,0.999990952514284,Strong Premium,False,54.690000000000026
12077,Spain,Home Care,10.74,6,Standard,25,13.425,25.0,OK,False,410000,0.3,0,3.6196737287189683e-19,Standard / Value,True,24.7
12078,Germany,Home Care,7.61,3,Value,10,8.371,10.000000000000009,OK,True,460000,0.31,1,0.999990952514284,Strong Premium,False,9.690000000000008
12079,Germany,Home Care,4.24,6,Standard,25,5.300000000000001,25.0,OK,False,460000,0.31,1,0.999990952514284,Strong Premium,True,24.69
12080,Spain,Home Care,13.33,7,Standard,25,16.6625,25.0,OK,False,410000,0.3,0,3.6196737287189683e-19,Standard / Value,True,24.7
12081,UK,Home Care,8.87,6,Standard,25,11.0875,25.0,OK,False,520000,0.32,0,8.248669927223737e-16,Standard / Value,True,24.68
12082,Spain,Personal Care,3.71,10,Premium,60,5.936,60.00000000000001,OK,True,410000,0.3,0,3.6196737287189683e-19,Standard / Value,False,59.70000000000001
12083,UK,Personal Care,4.4,6,Standard,30,5.720000000000001,30.000000000000004,OK,True,520000,0.32,0,8.248669927223737e-16,Standard / Value,False,29.680000000000003
12084,France,Personal Care,12.15,1,Value,15,13.9725,14.999999999999991,OK,False,430000,0.29,0,8.024217092590475e-16,Standard / Value,True,14.709999999999992
12085,UK,Food & Refreshment,1.14,3,Value,12,1.2768,12.00000000000001,OK,True,520000,0.32,0,8.248669927223737e-16,Standard / Value,False,11.68000000000001
12086,UK,Home Care,14.89,7,Standard,25,18.6125,25.0,OK,False,520000,0.32,0,8.248669927223737e-16,Standard / Value,True,24.68
12087,France,Food & Refreshment,2.39,4,Standard,28,3.0592,28.000000000000004,OK,True,430000,0.29,0,8.024217092590475e-16,Standard / Value,False,27.710000000000004
12088,UK,Home Care,12.04,4,Standard,25,15.05,25.0,OK,False,520000,0.32,0,8.248669927223737e-16,Standard / Value,True,24.68
12089,Spain,Personal Care,6.22,7,Standard,30,8.086,30.000000000000004,OK,True,410000,0.3,0,3.6196737287189683e-19,Standard / Value,False,29.700000000000003
12090,UK,Food & Refreshment,7.64,9,Premium,55,11.842,55.00000000000001,OK,True,520000,0.32,0,8.248669927223737e-16,Standard / Value,False,54.68000000000001
12091,France,Personal Care,13.27,2,Value,15,15.2605,14.999999999999991,OK,False,430000,0.29,0,8.024217092590475e-16,Standard / Value,True,14.709999999999992
12092,Spain,Home Care,6.49,9,Premium,50,9.735,49.99999999999998,OK,False,410000,0.3,0,3.6196737287189683e-19,Standard / Value,True,49.69999999999998
12093,France,Home Care,8.29,3,Value,10,9.119,10.000000000000009,OK,True,430000,0.29,0,8.024217092590475e-16,Standard / Value,False,9.71000000000001
12094,France,Home Care,1.21,6,Standard,25,1.5125,25.0,OK,False,430000,0.29,0,8.024217092590475e-16,Standard / Value,True,24.71
12095,Germany,Personal Care,0.53,4,Standard,30,0.6890000000000001,30.000000000000004,OK,True,460000,0.31,1,0.999990952514284,Strong Premium,False,29.690000000000005
12096,Germany,Home Care,4.05,1,Value,10,4.455,10.000000000000009,OK,True,460000,0.31,1,0.999990952514284,Strong Premium,False,9.690000000000008
12097,France,Personal Care,10.37,9,Premium,60,16.592,60.00000000000001,OK,True,430000,0.29,0,8.024217092590475e-16,Standard / Value,False,59.71000000000001
12098,France,Food & Refreshment,2.26,6,Standard,28,2.8928,28.000000000000004,OK,True,430000,0.29,0,8.024217092590475e-16,Standard / Value,False,27.710000000000004
12099,France,Home Care,2.15,8,Premium,50,3.2249999999999996,50.0,OK,False,430000,0.29,0,8.024217092590475e-16,Standard / Value,True,49.71
12100,Germany,Home Care,6.46,2,Value,10,7.106000000000001,10.000000000000009,OK,True,460000,0.31,1,0.999990952514284,Strong Premium,False,9.690000000000008
12101,Germany,Home Care,9.89,7,Standard,25,12.3625,25.0,OK,False,460000,0.31,1,0.999990952514284,Strong Premium,True,24.69
12102,UK,Food & Refreshment,10.83,6,Standard,28,13.8624,28.000000000000004,OK,True,520000,0.32,0,8.248669927223737e-16,Standard / Value,False,27.680000000000003
12103,UK,Home Care,3.09,2,Value,10,3.399,10.000000000000009,OK,True,520000,0.32,0,8.248669927223737e-16,Standard / Value,False,9.680000000000009
12104,France,Personal Care,1.65,2,Value,15,1.8974999999999995,14.999999999999991,OK,False,430000,0.29,0,8.024217092590475e-16,Standard / Value,True,14.709999999999992
12105,Spain,Personal Care,14.14,4,Standard,30,18.382,30.000000000000004,OK,True,410000,0.3,0,3.6196737287189683e-19,Standard / Value,False,29.700000000000003
12106,Spain,Home Care,4.28,4,Standard,25,5.3500000000000005,25.0,OK,False,410000,0.3,0,3.6196737287189683e-19,Standard / Value,True,24.7
12107,Germany,Home Care,12.87,3,Value,10,14.157,10.000000000000009,OK,True,460000,0.31,1,0.999990952514284,Strong Premium,False,9.690000000000008
12108,Germany,Food & Refreshment,13.02,8,Premium,55,20.181,55.00000000000001,OK,True,460000,0.31,1,0.999990952514284,Strong Premium,False,54.690000000000005
12109,Germany,Food & Refreshment,11.7,7,Standard,28,14.976,28.000000000000004,OK,True,460000,0.31,1,0.999990952514284,Strong Premium,False,27.690000000000005
12110,France,Food & Refreshment,2.95,2,Value,12,3.3040000000000007,12.00000000000001,OK,True,430000,0.29,0,8.024217092590475e-16,Standard / Value,False,11.710000000000012
12111,Spain,Home Care,12.42,3,Value,10,13.662,10.000000000000009,OK,True,410000,0.3,0,3.6196737287189683e-19,Standard / Value,False,9.700000000000008
12112,UK,Food & Refreshment,11.65,10,Premium,55,18.0575,55.00000000000001,OK,True,520000,0.32,0,8.248669927223737e-16,Standard / Value,False,54.68000000000001
12113,France,Food & Refreshment,9.15,9,Premium,55,14.1825,55.00000000000001,OK,True,430000,0.29,0,8.024217092590475e-16,Standard / Value,False,54.71000000000001
12114,UK,Personal Care,5.39,5,Standard,30,7.007,30.000000000000004,OK,True,520000,0.32,0,8.248669927223737e-16,Standard / Value,False,29.680000000000003
12115,UK,Food & Refreshment,4.31,2,Value,12,4.8272,12.00000000000001,OK,True,520000,0.32,0,8.248669927223737e-16,Standard / Value,False,11.68000000000001
12116,France,Personal Care,2.27,3,Value,15,2.6104999999999996,14.999999999999991,OK,False,430000,0.29,0,8.024217092590475e-16,Standard / Value,True,14.709999999999992
12117,UK,Personal Care,7.89,8,Premium,60,12.624,60.00000000000001,OK,True,520000,0.32,0,8.248669927223737e-16,Standard / Value,False,59.68000000000001
12118,Spain,Food & Refreshment,8.99,4,Standard,28,11.5072,28.000000000000004,OK,True,410000,0.3,0,3.6196737287189683e-19,Standard / Value,False,27.700000000000003
12119,UK,Personal Care,5.71,2,Value,15,6.5665,14.999999999999991,OK,False,520000,0.32,0,8.248669927223737e-16,Standard / Value,True,14.67999999999999
12120,Spain,Home Care,7.39,2,Value,10,8.129,10.000000000000009,OK,True,410000,0.3,0,3.6196737287189683e-19,Standard / Value,False,9.700000000000008
12121,Spain,Home Care,5.77,6,Standard,25,7.2125,25.0,OK,False,410000,0.3,0,3.6196737287189683e-19,Standard / Value,True,24.7
12122,Spain,Food & Refreshment,9.79,8,Premium,55,15.174499999999998,55.00000000000001,OK,True,410000,0.3,0,3.6196737287189683e-19,Standard / Value,False,54.70000000000001
12123,Germany,Home Care,13.57,7,Standard,25,16.9625,24.99999999999998,OK,False,460000,0.31,1,0.999990952514284,Strong Premium,True,24.68999999999998
12124,UK,Personal Care,2.88,4,Standard,30,3.744,30.000000000000004,OK,True,520000,0.32,0,8.248669927223737e-16,Standard / Value,False,29.680000000000003
12125,France,Home Care,6.03,2,Value,10,6.633000000000001,10.000000000000009,OK,True,430000,0.29,0,8.024217092590475e-16,Standard / Value,False,9.71000000000001
12126,France,Food & Refreshment,2.54,9,Premium,55,3.937,55.00000000000001,OK,True,430000,0.29,0,8.024217092590475e-16,Standard / Value,False,54.71000000000001
12127,UK,Food & Refreshment,9.56,4,Standard,28,12.2368,28.000000000000004,OK,True,520000,0.32,0,8.248669927223737e-16,Standard / Value,False,27.680000000000003
12128,Germany,Personal Care,11.07,9,Premium,60,17.712,59.999999999999986,OK,False,460000,0.31,1,0.999990952514284,Strong Premium,True,59.68999999999998
12129,Germany,Food & Refreshment,14.01,5,Standard,28,17.9328,28.000000000000004,OK,True,460000,0.31,1,0.999990952514284,Strong Premium,False,27.690000000000005
12130,Spain,Home Care,4.54,7,Standard,25,5.675,25.0,OK,False,410000,0.3,0,3.6196737287189683e-19,Standard / Value,True,24.7
12131,UK,Food & Refreshment,14.28,5,Standard,28,18.2784,28.000000000000025,OK,True,520000,0.32,0,8.248669927223737e-16,Standard / Value,False,27.680000000000025
12132,UK,Personal Care,1.42,2,Value,15,1.6329999999999998,14.999999999999991,OK,False,520000,0.32,0,8.248669927223737e-16,Standard / Value,True,14.67999999999999
12133,France,Food & Refreshment,9.24,6,Standard,28,11.8272,28.000000000000004,OK,True,430000,0.29,0,8.024217092590475e-16,Standard / Value,False,27.710000000000004
12134,UK,Home Care,1.33,7,Standard,25,1.6625,25.0,OK,False,520000,0.32,0,8.248669927223737e-16,Standard / Value,True,24.68
12135,Germany,Personal Care,13.46,6,Standard,30,17.498,30.000000000000004,OK,True,460000,0.31,1,0.999990952514284,Strong Premium,False,29.690000000000005
12136,UK,Home Care,8.18,3,Value,10,8.998000000000001,10.000000000000009,OK,True,520000,0.32,0,8.248669927223737e-16,Standard / Value,False,9.680000000000009
12137,France,Personal Care,10.21,10,Premium,60,16.336000000000002,60.00000000000001,OK,True,430000,0.29,0,8.024217092590475e-16,Standard / Value,False,59.71000000000001
12138,Spain,Food & Refreshment,12.56,8,Premium,55,19.468,55.00000000000001,OK,True,410000,0.3,0,3.6196737287189683e-19,Standard / Value,False,54.70000000000001
12139,France,Personal Care,2.68,3,Value,15,3.082,14.999999999999991,OK,False,430000,0.29,0,8.024217092590475e-16,Standard / Value,True,14.709999999999992
12140,France,Personal Care,1.06,5,Standard,30,1.378,30.000000000000004,OK,True,430000,0.29,0,8.024217092590475e-16,Standard / Value,False,29.710000000000004
12141,Spain,Food & Refreshment,13.24,9,Premium,55,20.522,55.00000000000001,OK,True,410000,0.3,0,3.6196737287189683e-19,Standard / Value,False,54.70000000000001
12142,France,Home Care,5.07,5,Standard,25,6.3375,25.0,OK,False,430000,0.29,0,8.024217092590475e-16,Standard / Value,True,24.71
12143,France,Food & Refreshment,2.37,7,Standard,28,3.0336000000000003,28.000000000000004,OK,True,430000,0.29,0,8.024217092590475e-16,Standard / Value,False,27.710000000000004
12144,UK,Personal Care,7.29,7,Standard,30,9.477,30.000000000000004,OK,True,520000,0.32,0,8.248669927223737e-16,Standard / Value,False,29.680000000000003
12145,UK,Food & Refreshment,9.18,5,Standard,28,11.7504,28.000000000000004,OK,True,520000,0.32,0,8.248669927223737e-16,Standard / Value,False,27.680000000000003
12146,Spain,Personal Care,0.95,2,Value,15,1.0924999999999998,14.999999999999991,OK,False,410000,0.3,0,3.6196737287189683e-19,Standard / Value,True,14.69999999999999
12147,UK,Food & Refreshment,4.49,5,Standard,28,5.7472,28.000000000000004,OK,True,520000,0.32,0,8.248669927223737e-16,Standard / Value,False,27.680000000000003
12148,UK,Food & Refreshment,0.98,7,Standard,28,1.2544,28.000000000000004,OK,True,520000,0.32,0,8.248669927223737e-16,Standard / Value,False,27.680000000000003
12149,France,Home Care,6.59,7,Standard,25,8.2375,25.00000000000002,OK,True,430000,0.29,0,8.024217092590475e-16,Standard / Value,False,24.710000000000022
12150,Germany,Personal Care,13.48,4,Standard,30,17.524,30.000000000000004,OK,True,460000,0.31,1,0.999990952514284,Strong Premium,False,29.690000000000005
12151,UK,Home Care,14.75,1,Value,10,16.225,10.000000000000009,OK,True,520000,0.32,0,8.248669927223737e-16,Standard / Value,False,9.680000000000009
12152,Germany,Personal Care,9.74,6,Standard,30,12.662,30.000000000000004,OK,True,460000,0.31,1,0.999990952514284,Strong Premium,False,29.690000000000005
12153,UK,Food & Refreshment,2.84,3,Value,12,3.1808,12.00000000000001,OK,True,520000,0.32,0,8.248669927223737e-16,Standard / Value,False,11.68000000000001
12154,UK,Personal Care,13.63,5,Standard,30,17.719,30.000000000000004,OK,True,520000,0.32,0,8.248669927223737e-16,Standard / Value,False,29.680000000000003
12155,Spain,Home Care,7.99,4,Standard,25,9.9875,25.0,OK,False,410000,0.3,0,3.6196737287189683e-19,Standard / Value,True,24.7
12156,Spain,Home Care,2.73,2,Value,10,3.003,10.000000000000009,OK,True,410000,0.3,0,3.6196737287189683e-19,Standard / Value,False,9.700000000000008
12157,Spain,Home Care,13.87,7,Standard,25,17.3375,25.0,OK,False,410000,0.3,0,3.6196737287189683e-19,Standard / Value,True,24.7
12158,Germany,Personal Care,11.48,5,Standard,30,14.924,30.000000000000004,OK,True,460000,0.31,1,0.999990952514284,Strong Premium,False,29.690000000000005
12159,France,Home Care,11.11,7,Standard,25,13.8875,25.0,OK,False,430000,0.29,0,8.024217092590475e-16,Standard / Value,True,24.71
12160,UK,Home Care,10.78,9,Premium,50,16.169999999999998,50.0,OK,False,520000,0.32,0,8.248669927223737e-16,Standard / Value,True,49.68
12161,UK,Home Care,3.4,4,Standard,25,4.25,25.0,OK,False,520000,0.32,0,8.248669927223737e-16,Standard / Value,True,24.68
12162,UK,Food & Refreshment,3.56,5,Standard,28,4.5568,28.000000000000004,OK,True,520000,0.32,0,8.248669927223737e-16,Standard / Value,False,27.680000000000003
12163,Germany,Food & Refreshment,10.48,9,Premium,55,16.244,54.999999999999986,OK,False,460000,0.31,1,0.999990952514284,Strong Premium,True,54.68999999999998
12164,Spain,Personal Care,3.69,10,Premium,60,5.904,60.00000000000001,OK,True,410000,0.3,0,3.6196737287189683e-19,Standard / Value,False,59.70000000000001
12165,France,Personal Care,6.86,4,Standard,30,8.918000000000001,30.000000000000004,OK,True,430000,0.29,0,8.024217092590475e-16,Standard / Value,False,29.710000000000004
12166,Germany,Home Care,11.84,5,Standard,25,14.8,25.0,OK,False,460000,0.31,1,0.999990952514284,Strong Premium,True,24.69
12167,Spain,Food & Refreshment,11.87,5,Standard,28,15.1936,28.000000000000004,OK,True,410000,0.3,0,3.6196737287189683e-19,Standard / Value,False,27.700000000000003
12168,Germany,Home Care,7.07,8,Premium,50,10.605,50.0,OK,False,460000,0.31,1,0.999990952514284,Strong Premium,True,49.69
12169,France,Home Care,11.99,4,Standard,25,14.9875,25.0,OK,False,430000,0.29,0,8.024217092590475e-16,Standard / Value,True,24.71
12170,Spain,Food & Refreshment,12.66,4,Standard,28,16.2048,27.99999999999998,OK,False,410000,0.3,0,3.6196737287189683e-19,Standard / Value,True,27.699999999999978
12171,Germany,Food & Refreshment,9.99,7,Standard,28,12.7872,28.000000000000004,OK,True,460000,0.31,1,0.999990952514284,Strong Premium,False,27.690000000000005
12172,France,Food & Refreshment,3.81,5,Standard,28,4.8768,28.000000000000004,OK,True,430000,0.29,0,8.024217092590475e-16,Standard / Value,False,27.710000000000004
12173,UK,Personal Care,4.47,6,Standard,30,5.811,30.000000000000004,OK,True,520000,0.32,0,8.248669927223737e-16,Standard / Value,False,29.680000000000003
12174,France,Personal Care,5.07,6,Standard,30,6.591,30.000000000000004,OK,True,430000,0.29,0,8.024217092590475e-16,Standard / Value,False,29.710000000000004
12175,UK,Home Care,2.19,6,Standard,25,2.7375,25.0,OK,False,520000,0.32,0,8.248669927223737e-16,Standard / Value,True,24.68
12176,Germany,Personal Care,4.46,10,Premium,60,7.136,60.00000000000001,OK,True,460000,0.31,1,0.999990952514284,Strong Premium,False,59.690000000000005
12177,Spain,Food & Refreshment,3.54,5,Standard,28,4.5312,28.000000000000004,OK,True,410000,0.3,0,3.6196737287189683e-19,Standard / Value,False,27.700000000000003
12178,Spain,Food & Refreshment,7.1,5,Standard,28,9.088,28.000000000000004,OK,True,410000,0.3,0,3.6196737287189683e-19,Standard / Value,False,27.700000000000003
12179,Germany,Personal Care,13.67,9,Premium,60,21.872,60.00000000000001,OK,True,460000,0.31,1,0.999990952514284,Strong Premium,False,59.690000000000005
12180,Spain,Home Care,2.01,8,Premium,50,3.0149999999999997,50.0,OK,False,410000,0.3,0,3.6196737287189683e-19,Standard / Value,True,49.7
12181,Spain,Home Care,10.94,4,Standard,25,13.675,25.0,OK,False,410000,0.3,0,3.6196737287189683e-19,Standard / Value,True,24.7
12182,UK,Personal Care,10.47,7,Standard,30,13.611,30.000000000000004,OK,True,520000,0.32,0,8.248669927223737e-16,Standard / Value,False,29.680000000000003
12183,Germany,Home Care,1.89,8,Premium,50,2.835,50.0,OK,False,460000,0.31,1,0.999990952514284,Strong Premium,True,49.69
12184,France,Home Care,13.88,9,Premium,50,20.82,50.0,OK,False,430000,0.29,0,8.024217092590475e-16,Standard / Value,True,49.71
12185,UK,Home Care,8.74,5,Standard,25,10.925,25.0,OK,False,520000,0.32,0,8.248669927223737e-16,Standard / Value,True,24.68
12186,Germany,Food & Refreshment,5.77,3,Value,12,6.4624,12.00000000000001,OK,True,460000,0.31,1,0.999990952514284,Strong Premium,False,11.69000000000001
12187,UK,Food & Refreshment,11.47,4,Standard,28,14.6816,28.000000000000004,OK,True,520000,0.32,0,8.248669927223737e-16,Standard / Value,False,27.680000000000003
12188,France,Personal Care,4.23,10,Premium,60,6.768000000000001,60.00000000000001,OK,True,430000,0.29,0,8.024217092590475e-16,Standard / Value,False,59.71000000000001
12189,France,Food & Refreshment,10.56,6,Standard,28,13.516800000000002,28.000000000000004,OK,True,430000,0.29,0,8.024217092590475e-16,Standard / Value,False,27.710000000000004
12190,Germany,Home Care,1.08,10,Premium,50,1.62,50.0,OK,False,460000,0.31,1,0.999990952514284,Strong Premium,True,49.69
12191,France,Food & Refreshment,12.67,5,Standard,28,16.2176,28.000000000000004,OK,True,430000,0.29,0,8.024217092590475e-16,Standard / Value,False,27.710000000000004
12192,UK,Personal Care,7.0,9,Premium,60,11.2,60.00000000000001,OK,True,520000,0.32,0,8.248669927223737e-16,Standard / Value,False,59.68000000000001
12193,France,Food & Refreshment,9.73,3,Value,12,10.897600000000002,12.00000000000001,OK,True,430000,0.29,0,8.024217092590475e-16,Standard / Value,False,11.710000000000012
12194,UK,Home Care,3.71,2,Value,10,4.081,10.000000000000009,OK,True,520000,0.32,0,8.248669927223737e-16,Standard / Value,False,9.680000000000009
12195,UK,Home Care,10.32,6,Standard,25,12.9,25.0,OK,False,520000,0.32,0,8.248669927223737e-16,Standard / Value,True,24.68
12196,France,Personal Care,11.7,7,Standard,30,15.21,30.000000000000004,OK,True,430000,0.29,0,8.024217092590475e-16,Standard / Value,False,29.710000000000004
12197,Germany,Food & Refreshment,7.36,5,Standard,28,9.4208,28.000000000000004,OK,True,460000,0.31,1,0.999990952514284,Strong Premium,False,27.690000000000005
12198,Spain,Food & Refreshment,9.46,1,Value,12,10.595200000000002,12.00000000000001,OK,True,410000,0.3,0,3.6196737287189683e-19,Standard / Value,False,11.70000000000001
12199,France,Food & Refreshment,7.12,3,Value,12,7.974400000000001,12.00000000000001,OK,True,430000,0.29,0,8.024217092590475e-16,Standard / Value,False,11.710000000000012
12200,UK,Home Care,13.46,3,Value,10,14.806000000000004,10.000000000000009,OK,True,520000,0.32,0,8.248669927223737e-16,Standard / Value,False,9.680000000000009
12201,UK,Personal Care,7.72,4,Standard,30,10.036,30.000000000000004,OK,True,520000,0.32,0,8.248669927223737e-16,Standard / Value,False,29.680000000000003
12202,France,Food & Refreshment,12.71,10,Premium,55,19.7005,55.00000000000001,OK,True,430000,0.29,0,8.024217092590475e-16,Standard / Value,False,54.71000000000001
12203,Germany,Home Care,12.12,6,Standard,25,15.15,25.0,OK,False,460000,0.31,1,0.999990952514284,Strong Premium,True,24.69
12204,Germany,Home Care,6.45,5,Standard,25,8.0625,25.0,OK,False,460000,0.31,1,0.999990952514284,Strong Premium,True,24.69
12205,UK,Home Care,3.84,1,Value,10,4.224,10.000000000000009,OK,True,520000,0.32,0,8.248669927223737e-16,Standard / Value,False,9.680000000000009
12206,UK,Food & Refreshment,6.39,6,Standard,28,8.1792,28.000000000000004,OK,True,520000,0.32,0,8.248669927223737e-16,Standard / Value,False,27.680000000000003
12207,Germany,Food & Refreshment,12.48,9,Premium,55,19.344,55.00000000000001,OK,True,460000,0.31,1,0.999990952514284,Strong Premium,False,54.690000000000005
12208,Spain,Food & Refreshment,3.8,1,Value,12,4.256,12.00000000000001,OK,True,410000,0.3,0,3.6196737287189683e-19,Standard / Value,False,11.70000000000001
12209,France,Food & Refreshment,8.1,8,Premium,55,12.555,55.00000000000001,OK,True,430000,0.29,0,8.024217092590475e-16,Standard / Value,False,54.71000000000001
12210,UK,Food & Refreshment,12.19,8,Premium,55,18.8945,55.00000000000001,OK,True,520000,0.32,0,8.248669927223737e-16,Standard / Value,False,54.68000000000001
12211,UK,Food & Refreshment,5.63,3,Value,12,6.3056,12.00000000000001,OK,True,520000,0.32,0,8.248669927223737e-16,Standard / Value,False,11.68000000000001
12212,Germany,Food & Refreshment,9.81,9,Premium,55,15.2055,55.00000000000001,OK,True,460000,0.31,1,0.999990952514284,Strong Premium,False,54.690000000000005
12213,France,Food & Refreshment,4.06,8,Premium,55,6.292999999999999,55.00000000000001,OK,True,430000,0.29,0,8.024217092590475e-16,Standard / Value,False,54.71000000000001
12214,Germany,Food & Refreshment,2.08,3,Value,12,2.3296,12.00000000000001,OK,True,460000,0.31,1,0.999990952514284,Strong Premium,False,11.69000000000001
12215,France,Home Care,12.02,10,Premium,50,18.03,50.00000000000002,OK,True,430000,0.29,0,8.024217092590475e-16,Standard / Value,False,49.71000000000002
12216,France,Food & Refreshment,1.94,5,Standard,28,2.4832,28.000000000000004,OK,True,430000,0.29,0,8.024217092590475e-16,Standard / Value,False,27.710000000000004
12217,France,Personal Care,4.44,3,Value,15,5.106,14.999999999999991,OK,False,430000,0.29,0,8.024217092590475e-16,Standard / Value,True,14.709999999999992
12218,UK,Home Care,12.9,5,Standard,25,16.125,25.0,OK,False,520000,0.32,0,8.248669927223737e-16,Standard / Value,True,24.68
12219,Spain,Food & Refreshment,5.52,9,Premium,55,8.556,55.00000000000001,OK,True,410000,0.3,0,3.6196737287189683e-19,Standard / Value,False,54.70000000000001
12220,Germany,Personal Care,14.61,4,Standard,30,18.993,30.000000000000004,OK,True,460000,0.31,1,0.999990952514284,Strong Premium,False,29.690000000000005
12221,Spain,Food & Refreshment,14.71,6,Standard,28,18.8288,28.000000000000004,OK,True,410000,0.3,0,3.6196737287189683e-19,Standard / Value,False,27.700000000000003
12222,Germany,Personal Care,4.39,3,Value,15,5.048499999999999,14.999999999999991,OK,False,460000,0.31,1,0.999990952514284,Strong Premium,True,14.68999999999999
12223,France,Personal Care,1.09,3,Value,15,1.2535,14.999999999999991,OK,False,430000,0.29,0,8.024217092590475e-16,Standard / Value,True,14.709999999999992
12224,UK,Personal Care,10.72,5,Standard,30,13.936000000000002,30.000000000000004,OK,True,520000,0.32,0,8.248669927223737e-16,Standard / Value,False,29.680000000000003
12225,Spain,Personal Care,7.04,8,Premium,60,11.264,60.00000000000001,OK,True,410000,0.3,0,3.6196737287189683e-19,Standard / Value,False,59.70000000000001
12226,UK,Home Care,1.96,8,Premium,50,2.94,50.0,OK,False,520000,0.32,0,8.248669927223737e-16,Standard / Value,True,49.68
12227,Germany,Home Care,10.76,3,Value,10,11.836,10.000000000000009,OK,True,460000,0.31,1,0.999990952514284,Strong Premium,False,9.690000000000008
12228,UK,Personal Care,0.95,8,Premium,60,1.52,60.00000000000001,OK,True,520000,0.32,0,8.248669927223737e-16,Standard / Value,False,59.68000000000001
12229,UK,Food & Refreshment,13.12,8,Premium,55,20.336,55.00000000000001,OK,True,520000,0.32,0,8.248669927223737e-16,Standard / Value,False,54.68000000000001
12230,Spain,Personal Care,2.51,3,Value,15,2.8864999999999994,14.999999999999991,OK,False,410000,0.3,0,3.6196737287189683e-19,Standard / Value,True,14.69999999999999
12231,France,Home Care,2.35,10,Premium,50,3.5250000000000004,50.0,OK,False,430000,0.29,0,8.024217092590475e-16,Standard / Value,True,49.71
12232,UK,Food & Refreshment,3.05,10,Premium,55,4.7275,55.00000000000001,OK,True,520000,0.32,0,8.248669927223737e-16,Standard / Value,False,54.68000000000001
12233,France,Home Care,14.42,2,Value,10,15.862000000000002,10.000000000000009,OK,True,430000,0.29,0,8.024217092590475e-16,Standard / Value,False,9.71000000000001
12234,Germany,Home Care,10.55,10,Premium,50,15.825,50.0,OK,False,460000,0.31,1,0.999990952514284,Strong Premium,True,49.69
12235,UK,Food & Refreshment,12.12,2,Value,12,13.5744,12.00000000000001,OK,True,520000,0.32,0,8.248669927223737e-16,Standard / Value,False,11.68000000000001
12236,Spain,Personal Care,6.27,9,Premium,60,10.032,60.00000000000001,OK,True,410000,0.3,0,3.6196737287189683e-19,Standard / Value,False,59.70000000000001
12237,Germany,Personal Care,5.38,7,Standard,30,6.994,30.000000000000004,OK,True,460000,0.31,1,0.999990952514284,Strong Premium,False,29.690000000000005
12238,Germany,Personal Care,3.9,6,Standard,30,5.07,30.000000000000004,OK,True,460000,0.31,1,0.999990952514284,Strong Premium,False,29.690000000000005
12239,Spain,Personal Care,7.47,7,Standard,30,9.711,30.000000000000004,OK,True,410000,0.3,0,3.6196737287189683e-19,Standard / Value,False,29.700000000000003
12240,UK,Food & Refreshment,8.5,8,Premium,55,13.175,55.00000000000001,OK,True,520000,0.32,0,8.248669927223737e-16,Standard / Value,False,54.68000000000001
12241,UK,Food & Refreshment,9.66,1,Value,12,10.8192,12.00000000000001,OK,True,520000,0.32,0,8.248669927223737e-16,Standard / Value,False,11.68000000000001
12242,Germany,Food & Refreshment,4.23,8,Premium,55,6.556500000000001,55.00000000000001,OK,True,460000,0.31,1,0.999990952514284,Strong Premium,False,54.690000000000005
12243,UK,Home Care,14.26,3,Value,10,15.686000000000002,10.000000000000009,OK,True,520000,0.32,0,8.248669927223737e-16,Standard / Value,False,9.680000000000009
12244,France,Food & Refreshment,2.96,3,Value,12,3.3152000000000004,12.00000000000001,OK,True,430000,0.29,0,8.024217092590475e-16,Standard / Value,False,11.710000000000012
12245,Spain,Personal Care,14.5,6,Standard,30,18.85,30.000000000000004,OK,True,410000,0.3,0,3.6196737287189683e-19,Standard / Value,False,29.700000000000003
12246,France,Home Care,0.72,4,Standard,25,0.8999999999999999,25.0,OK,False,430000,0.29,0,8.024217092590475e-16,Standard / Value,True,24.71
12247,UK,Personal Care,7.48,4,Standard,30,9.724,30.000000000000004,OK,True,520000,0.32,0,8.248669927223737e-16,Standard / Value,False,29.680000000000003
12248,Germany,Personal Care,5.33,4,Standard,30,6.929,30.000000000000004,OK,True,460000,0.31,1,0.999990952514284,Strong Premium,False,29.690000000000005
12249,Spain,Food & Refreshment,7.01,10,Premium,55,10.8655,55.00000000000003,OK,True,410000,0.3,0,3.6196737287189683e-19,Standard / Value,False,54.70000000000003
12250,UK,Food & Refreshment,8.77,9,Premium,55,13.5935,55.00000000000001,OK,True,520000,0.32,0,8.248669927223737e-16,Standard / Value,False,54.68000000000001
12251,UK,Personal Care,6.82,8,Premium,60,10.912,60.00000000000001,OK,True,520000,0.32,0,8.248669927223737e-16,Standard / Value,False,59.68000000000001
12252,Germany,Personal Care,6.52,3,Value,15,7.497999999999999,14.999999999999991,OK,False,460000,0.31,1,0.999990952514284,Strong Premium,True,14.68999999999999
12253,Germany,Home Care,11.12,1,Value,10,12.232,10.000000000000009,OK,True,460000,0.31,1,0.999990952514284,Strong Premium,False,9.690000000000008
12254,France,Food & Refreshment,10.45,1,Value,12,11.704,12.00000000000001,OK,True,430000,0.29,0,8.024217092590475e-16,Standard / Value,False,11.710000000000012
12255,Spain,Home Care,12.58,1,Value,10,13.838,10.000000000000009,OK,True,410000,0.3,0,3.6196737287189683e-19,Standard / Value,False,9.700000000000008
12256,Spain,Home Care,4.12,4,Standard,25,5.15,25.0,OK,False,410000,0.3,0,3.6196737287189683e-19,Standard / Value,True,24.7
12257,Germany,Home Care,9.34,6,Standard,25,11.675,25.0,OK,False,460000,0.31,1,0.999990952514284,Strong Premium,True,24.69
12258,France,Personal Care,8.99,4,Standard,30,11.687,30.000000000000004,OK,True,430000,0.29,0,8.024217092590475e-16,Standard / Value,False,29.710000000000004
12259,Spain,Home Care,5.86,3,Value,10,6.446000000000001,10.000000000000009,OK,True,410000,0.3,0,3.6196737287189683e-19,Standard / Value,False,9.700000000000008
12260,Germany,Home Care,7.55,8,Premium,50,11.325,50.0,OK,False,460000,0.31,1,0.999990952514284,Strong Premium,True,49.69
12261,UK,Personal Care,5.05,8,Premium,60,8.08,60.00000000000001,OK,True,520000,0.32,0,8.248669927223737e-16,Standard / Value,False,59.68000000000001
12262,Spain,Food & Refreshment,2.56,6,Standard,28,3.2768,28.000000000000004,OK,True,410000,0.3,0,3.6196737287189683e-19,Standard / Value,False,27.700000000000003
12263,France,Food & Refreshment,3.6,9,Premium,55,5.58,55.00000000000001,OK,True,430000,0.29,0,8.024217092590475e-16,Standard / Value,False,54.71000000000001
12264,France,Home Care,2.03,10,Premium,50,3.045,50.0,OK,False,430000,0.29,0,8.024217092590475e-16,Standard / Value,True,49.71
12265,France,Personal Care,10.4,1,Value,15,11.96,14.999999999999991,OK,False,430000,0.29,0,8.024217092590475e-16,Standard / Value,True,14.709999999999992
12266,UK,Food & Refreshment,10.08,8,Premium,55,15.624,55.00000000000001,OK,True,520000,0.32,0,8.248669927223737e-16,Standard / Value,False,54.68000000000001
12267,Spain,Home Care,14.28,6,Standard,25,17.849999999999998,25.0,OK,False,410000,0.3,0,3.6196737287189683e-19,Standard / Value,True,24.7
12268,Spain,Home Care,11.08,1,Value,10,12.188,10.000000000000009,OK,True,410000,0.3,0,3.6196737287189683e-19,Standard / Value,False,9.700000000000008
12269,UK,Personal Care,1.25,4,Standard,30,1.625,30.000000000000004,OK,True,520000,0.32,0,8.248669927223737e-16,Standard / Value,False,29.680000000000003
12270,Spain,Home Care,13.32,5,Standard,25,16.65,24.99999999999998,OK,False,410000,0.3,0,3.6196737287189683e-19,Standard / Value,True,24.699999999999978
12271,UK,Food & Refreshment,13.01,7,Standard,28,16.6528,28.000000000000004,OK,True,520000,0.32,0,8.248669927223737e-16,Standard / Value,False,27.680000000000003
12272,UK,Personal Care,6.93,8,Premium,60,11.088,60.00000000000003,OK,True,520000,0.32,0,8.248669927223737e-16,Standard / Value,False,59.68000000000003
12273,UK,Food & Refreshment,9.0,9,Premium,55,13.95,55.00000000000001,OK,True,520000,0.32,0,8.248669927223737e-16,Standard / Value,False,54.68000000000001
12274,France,Food & Refreshment,14.65,6,Standard,28,18.752,28.000000000000004,OK,True,430000,0.29,0,8.024217092590475e-16,Standard / Value,False,27.710000000000004
12275,Spain,Food & Refreshment,8.22,10,Premium,55,12.741,55.00000000000001,OK,True,410000,0.3,0,3.6196737287189683e-19,Standard / Value,False,54.70000000000001
12276,UK,Home Care,13.63,9,Premium,50,20.445,50.0,OK,False,520000,0.32,0,8.248669927223737e-16,Standard / Value,True,49.68
12277,Spain,Home Care,1.7,4,Standard,25,2.125,25.0,OK,False,410000,0.3,0,3.6196737287189683e-19,Standard / Value,True,24.7
12278,France,Food & Refreshment,3.27,8,Premium,55,5.0685,55.00000000000001,OK,True,430000,0.29,0,8.024217092590475e-16,Standard / Value,False,54.71000000000001
12279,UK,Food & Refreshment,6.89,3,Value,12,7.7168,12.00000000000001,OK,True,520000,0.32,0,8.248669927223737e-16,Standard / Value,False,11.68000000000001
12280,Germany,Personal Care,8.98,4,Standard,30,11.674,30.000000000000004,OK,True,460000,0.31,1,0.999990952514284,Strong Premium,False,29.690000000000005
12281,France,Personal Care,12.34,10,Premium,60,19.744,60.00000000000001,OK,True,430000,0.29,0,8.024217092590475e-16,Standard / Value,False,59.71000000000001
12282,Germany,Home Care,14.83,4,Standard,25,18.5375,25.0,OK,False,460000,0.31,1,0.999990952514284,Strong Premium,True,24.69
12283,Spain,Home Care,6.14,6,Standard,25,7.675,25.0,OK,False,410000,0.3,0,3.6196737287189683e-19,Standard / Value,True,24.7
12284,Spain,Personal Care,1.19,9,Premium,60,1.904,60.00000000000001,OK,True,410000,0.3,0,3.6196737287189683e-19,Standard / Value,False,59.70000000000001
12285,France,Food & Refreshment,12.12,6,Standard,28,15.5136,28.000000000000004,OK,True,430000,0.29,0,8.024217092590475e-16,Standard / Value,False,27.710000000000004
12286,Spain,Home Care,9.26,1,Value,10,10.186,10.000000000000009,OK,True,410000,0.3,0,3.6196737287189683e-19,Standard / Value,False,9.700000000000008
12287,Germany,Food & Refreshment,3.38,5,Standard,28,4.3264,28.000000000000004,OK,True,460000,0.31,1,0.999990952514284,Strong Premium,False,27.690000000000005
12288,UK,Personal Care,7.68,9,Premium,60,12.288,60.00000000000001,OK,True,520000,0.32,0,8.248669927223737e-16,Standard / Value,False,59.68000000000001
12289,UK,Home Care,11.26,5,Standard,25,14.075,25.0,OK,False,520000,0.32,0,8.248669927223737e-16,Standard / Value,True,24.68
12290,UK,Home Care,11.67,6,Standard,25,14.5875,25.0,OK,False,520000,0.32,0,8.248669927223737e-16,Standard / Value,True,24.68
12291,France,Personal Care,7.74,3,Value,15,8.901,14.999999999999991,OK,False,430000,0.29,0,8.024217092590475e-16,Standard / Value,True,14.709999999999992
12292,Spain,Home Care,4.93,8,Premium,50,7.395,50.0,OK,False,410000,0.3,0,3.6196737287189683e-19,Standard / Value,True,49.7
12293,Germany,Personal Care,14.62,10,Premium,60,23.392,60.00000000000001,OK,True,460000,0.31,1,0.999990952514284,Strong Premium,False,59.690000000000005
12294,Spain,Home Care,10.12,4,Standard,25,12.65,25.0,OK,False,410000,0.3,0,3.6196737287189683e-19,Standard / Value,True,24.7
12295,Spain,Personal Care,6.42,4,Standard,30,8.346,30.000000000000004,OK,True,410000,0.3,0,3.6196737287189683e-19,Standard / Value,False,29.700000000000003
12296,Spain,Home Care,4.57,5,Standard,25,5.7125,25.0,OK,False,410000,0.3,0,3.6196737287189683e-19,Standard / Value,True,24.7
12297,UK,Food & Refreshment,11.1,10,Premium,55,17.205,54.999999999999986,OK,False,520000,0.32,0,8.248669927223737e-16,Standard / Value,True,54.679999999999986
12298,Germany,Food & Refreshment,4.01,9,Premium,55,6.2155,55.00000000000001,OK,True,460000,0.31,1,0.999990952514284,Strong Premium,False,54.690000000000005
12299,Germany,Food & Refreshment,2.99,8,Premium,55,4.6345,54.999999999999986,OK,False,460000,0.31,1,0.999990952514284,Strong Premium,True,54.68999999999998
12300,Spain,Home Care,8.18,7,Standard,25,10.225,25.0,OK,False,410000,0.3,0,3.6196737287189683e-19,Standard / Value,True,24.7
12301,UK,Home Care,4.7,5,Standard,25,5.875,25.0,OK,False,520000,0.32,0,8.248669927223737e-16,Standard / Value,True,24.68
12302,UK,Food & Refreshment,9.62,9,Premium,55,14.911,55.00000000000001,OK,True,520000,0.32,0,8.248669927223737e-16,Standard / Value,False,54.68000000000001
12303,Germany,Food & Refreshment,2.21,9,Premium,55,3.4255,55.00000000000001,OK,True,460000,0.31,1,0.999990952514284,Strong Premium,False,54.690000000000005
12304,UK,Personal Care,10.0,10,Premium,60,16.0,60.00000000000001,OK,True,520000,0.32,0,8.248669927223737e-16,Standard / Value,False,59.68000000000001
12305,UK,Personal Care,4.61,10,Premium,60,7.376000000000001,60.00000000000001,OK,True,520000,0.32,0,8.248669927223737e-16,Standard / Value,False,59.68000000000001
12306,UK,Personal Care,0.5,2,Value,15,0.575,14.999999999999991,OK,False,520000,0.32,0,8.248669927223737e-16,Standard / Value,True,14.67999999999999
12307,France,Food & Refreshment,2.34,4,Standard,28,2.9952,28.000000000000004,OK,True,430000,0.29,0,8.024217092590475e-16,Standard / Value,False,27.710000000000004
12308,Spain,Food & Refreshment,14.04,8,Premium,55,21.762,55.00000000000001,OK,True,410000,0.3,0,3.6196737287189683e-19,Standard / Value,False,54.70000000000001
12309,Germany,Food & Refreshment,13.08,1,Value,12,14.6496,12.00000000000001,OK,True,460000,0.31,1,0.999990952514284,Strong Premium,False,11.69000000000001
12310,Germany,Personal Care,3.89,5,Standard,30,5.057,30.000000000000004,OK,True,460000,0.31,1,0.999990952514284,Strong Premium,False,29.690000000000005
12311,France,Home Care,11.79,8,Premium,50,17.685,50.0,OK,False,430000,0.29,0,8.024217092590475e-16,Standard / Value,True,49.71
12312,Spain,Food & Refreshment,9.32,2,Value,12,10.4384,12.00000000000001,OK,True,410000,0.3,0,3.6196737287189683e-19,Standard / Value,False,11.70000000000001
12313,Germany,Home Care,14.58,2,Value,10,16.038,10.000000000000009,OK,True,460000,0.31,1,0.999990952514284,Strong Premium,False,9.690000000000008
12314,UK,Home Care,5.92,8,Premium,50,8.879999999999999,49.99999999999998,OK,False,520000,0.32,0,8.248669927223737e-16,Standard / Value,True,49.67999999999998
12315,Germany,Home Care,10.38,10,Premium,50,15.57,50.0,OK,False,460000,0.31,1,0.999990952514284,Strong Premium,True,49.69
12316,UK,Personal Care,1.42,9,Premium,60,2.272,59.999999999999986,OK,False,520000,0.32,0,8.248669927223737e-16,Standard / Value,True,59.679999999999986
12317,France,Home Care,6.25,7,Standard,25,7.8125,25.0,OK,False,430000,0.29,0,8.024217092590475e-16,Standard / Value,True,24.71
12318,UK,Food & Refreshment,14.48,8,Premium,55,22.444000000000003,55.00000000000001,OK,True,520000,0.32,0,8.248669927223737e-16,Standard / Value,False,54.68000000000001
12319,Germany,Personal Care,8.32,5,Standard,30,10.816,30.000000000000004,OK,True,460000,0.31,1,0.999990952514284,Strong Premium,False,29.690000000000005
12320,Germany,Food & Refreshment,4.67,1,Value,12,5.2304,12.00000000000001,OK,True,460000,0.31,1,0.999990952514284,Strong Premium,False,11.69000000000001
12321,Germany,Food & Refreshment,2.24,4,Standard,28,2.8672000000000004,28.000000000000004,OK,True,460000,0.31,1,0.999990952514284,Strong Premium,False,27.690000000000005
12322,France,Personal Care,10.7,2,Value,15,12.304999999999998,14.999999999999991,OK,False,430000,0.29,0,8.024217092590475e-16,Standard / Value,True,14.709999999999992
12323,France,Food & Refreshment,9.85,3,Value,12,11.032,12.00000000000001,OK,True,430000,0.29,0,8.024217092590475e-16,Standard / Value,False,11.710000000000012
12324,Spain,Food & Refreshment,5.92,3,Value,12,6.630400000000001,12.00000000000001,OK,True,410000,0.3,0,3.6196737287189683e-19,Standard / Value,False,11.70000000000001
12325,Germany,Personal Care,14.29,9,Premium,60,22.864,60.00000000000001,OK,True,460000,0.31,1,0.999990952514284,Strong Premium,False,59.690000000000005
12326,UK,Food & Refreshment,0.82,10,Premium,55,1.271,55.00000000000001,OK,True,520000,0.32,0,8.248669927223737e-16,Standard / Value,False,54.68000000000001
12327,France,Home Care,4.9,4,Standard,25,6.125,25.0,OK,False,430000,0.29,0,8.024217092590475e-16,Standard / Value,True,24.71
12328,Germany,Food & Refreshment,13.86,2,Value,12,15.5232,12.00000000000001,OK,True,460000,0.31,1,0.999990952514284,Strong Premium,False,11.69000000000001
12329,Germany,Home Care,5.15,3,Value,10,5.665000000000001,10.000000000000009,OK,True,460000,0.31,1,0.999990952514284,Strong Premium,False,9.690000000000008
12330,France,Food & Refreshment,4.16,3,Value,12,4.6592,12.00000000000001,OK,True,430000,0.29,0,8.024217092590475e-16,Standard / Value,False,11.710000000000012
12331,Spain,Personal Care,8.25,7,Standard,30,10.725,30.000000000000004,OK,True,410000,0.3,0,3.6196737287189683e-19,Standard / Value,False,29.700000000000003
12332,France,Personal Care,12.45,8,Premium,60,19.92,60.00000000000003,OK,True,430000,0.29,0,8.024217092590475e-16,Standard / Value,False,59.71000000000003
12333,France,Food & Refreshment,2.0,6,Standard,28,2.56,28.000000000000004,OK,True,430000,0.29,0,8.024217092590475e-16,Standard / Value,False,27.710000000000004
12334,UK,Personal Care,14.17,4,Standard,30,18.421,30.000000000000004,OK,True,520000,0.32,0,8.248669927223737e-16,Standard / Value,False,29.680000000000003
12335,UK,Food & Refreshment,12.03,6,Standard,28,15.3984,28.000000000000004,OK,True,520000,0.32,0,8.248669927223737e-16,Standard / Value,False,27.680000000000003
12336,Spain,Personal Care,3.13,1,Value,15,3.5994999999999995,14.999999999999991,OK,False,410000,0.3,0,3.6196737287189683e-19,Standard / Value,True,14.69999999999999
12337,Germany,Home Care,10.82,10,Premium,50,16.23,50.0,OK,False,460000,0.31,1,0.999990952514284,Strong Premium,True,49.69
12338,France,Food & Refreshment,6.08,8,Premium,55,9.424,55.00000000000003,OK,True,430000,0.29,0,8.024217092590475e-16,Standard / Value,False,54.71000000000003
12339,Spain,Home Care,6.33,1,Value,10,6.963000000000001,10.000000000000009,OK,True,410000,0.3,0,3.6196737287189683e-19,Standard / Value,False,9.700000000000008
12340,UK,Home Care,11.86,5,Standard,25,14.825,25.0,OK,False,520000,0.32,0,8.248669927223737e-16,Standard / Value,True,24.68
12341,France,Food & Refreshment,14.46,2,Value,12,16.195200000000003,12.00000000000001,OK,True,430000,0.29,0,8.024217092590475e-16,Standard / Value,False,11.710000000000012
12342,Germany,Home Care,2.34,6,Standard,25,2.925,25.0,OK,False,460000,0.31,1,0.999990952514284,Strong Premium,True,24.69
12343,UK,Food & Refreshment,6.6,9,Premium,55,10.23,55.00000000000001,OK,True,520000,0.32,0,8.248669927223737e-16,Standard / Value,False,54.68000000000001
12344,UK,Home Care,7.47,5,Standard,25,9.3375,25.0,OK,False,520000,0.32,0,8.248669927223737e-16,Standard / Value,True,24.68
12345,UK,Food & Refreshment,5.96,4,Standard,28,7.6288,28.000000000000004,OK,True,520000,0.32,0,8.248669927223737e-16,Standard / Value,False,27.680000000000003
12346,Spain,Food & Refreshment,5.77,2,Value,12,6.4624,12.00000000000001,OK,True,410000,0.3,0,3.6196737287189683e-19,Standard / Value,False,11.70000000000001
12347,Germany,Personal Care,1.26,3,Value,15,1.4489999999999998,14.999999999999991,OK,False,460000,0.31,1,0.999990952514284,Strong Premium,True,14.68999999999999
12348,France,Food & Refreshment,10.44,6,Standard,28,13.3632,28.000000000000004,OK,True,430000,0.29,0,8.024217092590475e-16,Standard / Value,False,27.710000000000004
12349,Spain,Food & Refreshment,6.83,8,Premium,55,10.5865,55.00000000000001,OK,True,410000,0.3,0,3.6196737287189683e-19,Standard / Value,False,54.70000000000001
12350,Spain,Home Care,3.32,8,Premium,50,4.9799999999999995,50.0,OK,False,410000,0.3,0,3.6196737287189683e-19,Standard / Value,True,49.7
12351,Spain,Food & Refreshment,12.33,5,Standard,28,15.7824,28.000000000000004,OK,True,410000,0.3,0,3.6196737287189683e-19,Standard / Value,False,27.700000000000003
12352,UK,Personal Care,12.14,5,Standard,30,15.782000000000002,30.000000000000004,OK,True,520000,0.32,0,8.248669927223737e-16,Standard / Value,False,29.680000000000003
12353,Germany,Home Care,7.55,10,Premium,50,11.325,50.0,OK,False,460000,0.31,1,0.999990952514284,Strong Premium,True,49.69
12354,Spain,Home Care,4.83,3,Value,10,5.313000000000001,10.000000000000009,OK,True,410000,0.3,0,3.6196737287189683e-19,Standard / Value,False,9.700000000000008
12355,France,Personal Care,9.75,7,Standard,30,12.675,30.000000000000004,OK,True,430000,0.29,0,8.024217092590475e-16,Standard / Value,False,29.710000000000004
12356,Germany,Home Care,4.68,6,Standard,25,5.85,25.0,OK,False,460000,0.31,1,0.999990952514284,Strong Premium,True,24.69
12357,France,Home Care,3.92,1,Value,10,4.312,10.000000000000009,OK,True,430000,0.29,0,8.024217092590475e-16,Standard / Value,False,9.71000000000001
12358,Germany,Home Care,11.09,4,Standard,25,13.8625,25.0,OK,False,460000,0.31,1,0.999990952514284,Strong Premium,True,24.69
12359,France,Home Care,1.08,6,Standard,25,1.35,25.0,OK,False,430000,0.29,0,8.024217092590475e-16,Standard / Value,True,24.71
12360,UK,Personal Care,1.87,6,Standard,30,2.431,30.000000000000004,OK,True,520000,0.32,0,8.248669927223737e-16,Standard / Value,False,29.680000000000003
12361,Spain,Personal Care,0.6,3,Value,15,0.69,14.999999999999991,OK,False,410000,0.3,0,3.6196737287189683e-19,Standard / Value,True,14.69999999999999
12362,France,Home Care,2.72,6,Standard,25,3.4000000000000004,25.0,OK,False,430000,0.29,0,8.024217092590475e-16,Standard / Value,True,24.71
12363,Germany,Home Care,1.5,10,Premium,50,2.25,50.0,OK,False,460000,0.31,1,0.999990952514284,Strong Premium,True,49.69
12364,Spain,Personal Care,14.94,6,Standard,30,19.422,30.000000000000004,OK,True,410000,0.3,0,3.6196737287189683e-19,Standard / Value,False,29.700000000000003
12365,Spain,Personal Care,4.69,9,Premium,60,7.504000000000001,60.00000000000001,OK,True,410000,0.3,0,3.6196737287189683e-19,Standard / Value,False,59.70000000000001
12366,Germany,Personal Care,2.66,9,Premium,60,4.256,60.00000000000001,OK,True,460000,0.31,1,0.999990952514284,Strong Premium,False,59.690000000000005
12367,France,Home Care,3.99,2,Value,10,4.389,10.000000000000009,OK,True,430000,0.29,0,8.024217092590475e-16,Standard / Value,False,9.71000000000001
12368,UK,Home Care,14.07,4,Standard,25,17.5875,24.99999999999998,OK,False,520000,0.32,0,8.248669927223737e-16,Standard / Value,True,24.67999999999998
12369,UK,Food & Refreshment,8.04,9,Premium,55,12.462,55.00000000000001,OK,True,520000,0.32,0,8.248669927223737e-16,Standard / Value,False,54.68000000000001
12370,France,Personal Care,5.79,4,Standard,30,7.527,30.000000000000004,OK,True,430000,0.29,0,8.024217092590475e-16,Standard / Value,False,29.710000000000004
12371,Spain,Home Care,13.16,8,Premium,50,19.74,50.00000000000002,OK,True,410000,0.3,0,3.6196737287189683e-19,Standard / Value,False,49.700000000000024
12372,Spain,Personal Care,6.23,10,Premium,60,9.968000000000002,60.00000000000001,OK,True,410000,0.3,0,3.6196737287189683e-19,Standard / Value,False,59.70000000000001
12373,Spain,Home Care,5.36,3,Value,10,5.896000000000001,10.000000000000009,OK,True,410000,0.3,0,3.6196737287189683e-19,Standard / Value,False,9.700000000000008
12374,Spain,Personal Care,3.51,3,Value,15,4.036499999999999,14.999999999999991,OK,False,410000,0.3,0,3.6196737287189683e-19,Standard / Value,True,14.69999999999999
12375,France,Home Care,5.98,9,Premium,50,8.97,50.0,OK,False,430000,0.29,0,8.024217092590475e-16,Standard / Value,True,49.71
12376,Spain,Food & Refreshment,5.09,10,Premium,55,7.8895,55.00000000000001,OK,True,410000,0.3,0,3.6196737287189683e-19,Standard / Value,False,54.70000000000001
12377,Germany,Food & Refreshment,10.32,8,Premium,55,15.996,55.00000000000001,OK,True,460000,0.31,1,0.999990952514284,Strong Premium,False,54.690000000000005
12378,Spain,Personal Care,4.7,1,Value,15,5.404999999999999,14.999999999999991,OK,False,410000,0.3,0,3.6196737287189683e-19,Standard / Value,True,14.69999999999999
12379,UK,Home Care,8.87,10,Premium,50,13.305,50.0,OK,False,520000,0.32,0,8.248669927223737e-16,Standard / Value,True,49.68
12380,Spain,Home Care,1.46,2,Value,10,1.606,10.000000000000009,OK,True,410000,0.3,0,3.6196737287189683e-19,Standard / Value,False,9.700000000000008
12381,France,Personal Care,3.27,3,Value,15,3.760499999999999,14.999999999999991,OK,False,430000,0.29,0,8.024217092590475e-16,Standard / Value,True,14.709999999999992
12382,UK,Home Care,6.41,2,Value,10,7.051000000000001,10.000000000000009,OK,True,520000,0.32,0,8.248669927223737e-16,Standard / Value,False,9.680000000000009
12383,France,Personal Care,14.09,3,Value,15,16.2035,14.999999999999991,OK,False,430000,0.29,0,8.024217092590475e-16,Standard / Value,True,14.709999999999992
12384,France,Home Care,5.97,8,Premium,50,8.955,50.0,OK,False,430000,0.29,0,8.024217092590475e-16,Standard / Value,True,49.71
12385,UK,Personal Care,10.13,6,Standard,30,13.169000000000002,30.000000000000004,OK,True,520000,0.32,0,8.248669927223737e-16,Standard / Value,False,29.680000000000003
12386,France,Home Care,4.2,7,Standard,25,5.25,25.0,OK,False,430000,0.29,0,8.024217092590475e-16,Standard / Value,True,24.71
12387,France,Personal Care,2.34,10,Premium,60,3.744,60.00000000000001,OK,True,430000,0.29,0,8.024217092590475e-16,Standard / Value,False,59.71000000000001
12388,Spain,Home Care,1.35,10,Premium,50,2.0250000000000004,50.00000000000002,OK,True,410000,0.3,0,3.6196737287189683e-19,Standard / Value,False,49.700000000000024
12389,Germany,Food & Refreshment,4.93,6,Standard,28,6.3104,28.000000000000004,OK,True,460000,0.31,1,0.999990952514284,Strong Premium,False,27.690000000000005
12390,France,Home Care,2.79,1,Value,10,3.0690000000000004,10.000000000000009,OK,True,430000,0.29,0,8.024217092590475e-16,Standard / Value,False,9.71000000000001
12391,France,Personal Care,3.02,3,Value,15,3.473,14.999999999999991,OK,False,430000,0.29,0,8.024217092590475e-16,Standard / Value,True,14.709999999999992
12392,France,Food & Refreshment,11.53,1,Value,12,12.9136,12.00000000000001,OK,True,430000,0.29,0,8.024217092590475e-16,Standard / Value,False,11.710000000000012
12393,Spain,Home Care,0.73,10,Premium,50,1.095,50.0,OK,False,410000,0.3,0,3.6196737287189683e-19,Standard / Value,True,49.7
12394,Germany,Food & Refreshment,8.59,9,Premium,55,13.3145,55.00000000000001,OK,True,460000,0.31,1,0.999990952514284,Strong Premium,False,54.690000000000005
12395,UK,Home Care,6.0,9,Premium,50,9.0,50.0,OK,False,520000,0.32,0,8.248669927223737e-16,Standard / Value,True,49.68
12396,Spain,Food & Refreshment,7.84,5,Standard,28,10.0352,28.000000000000004,OK,True,410000,0.3,0,3.6196737287189683e-19,Standard / Value,False,27.700000000000003
12397,Spain,Personal Care,8.66,4,Standard,30,11.258,30.000000000000004,OK,True,410000,0.3,0,3.6196737287189683e-19,Standard / Value,False,29.700000000000003
12398,Germany,Home Care,5.04,9,Premium,50,7.56,50.0,OK,False,460000,0.31,1,0.999990952514284,Strong Premium,True,49.69
12399,Germany,Home Care,4.78,9,Premium,50,7.17,50.0,OK,False,460000,0.31,1,0.999990952514284,Strong Premium,True,49.69
12400,Spain,Personal Care,11.13,3,Value,15,12.7995,14.999999999999991,OK,False,410000,0.3,0,3.6196737287189683e-19,Standard / Value,True,14.69999999999999
12401,UK,Food & Refreshment,13.13,5,Standard,28,16.8064,28.000000000000004,OK,True,520000,0.32,0,8.248669927223737e-16,Standard / Value,False,27.680000000000003
12402,Spain,Personal Care,3.29,3,Value,15,3.7835,14.999999999999991,OK,False,410000,0.3,0,3.6196737287189683e-19,Standard / Value,True,14.69999999999999
12403,Germany,Personal Care,1.92,10,Premium,60,3.072,60.00000000000001,OK,True,460000,0.31,1,0.999990952514284,Strong Premium,False,59.690000000000005
12404,UK,Food & Refreshment,13.52,2,Value,12,15.1424,12.00000000000001,OK,True,520000,0.32,0,8.248669927223737e-16,Standard / Value,False,11.68000000000001
12405,Germany,Personal Care,5.57,1,Value,15,6.4055,14.999999999999991,OK,False,460000,0.31,1,0.999990952514284,Strong Premium,True,14.68999999999999
12406,UK,Home Care,8.49,10,Premium,50,12.735,50.0,OK,False,520000,0.32,0,8.248669927223737e-16,Standard / Value,True,49.68
12407,France,Home Care,5.71,2,Value,10,6.281000000000001,10.000000000000009,OK,True,430000,0.29,0,8.024217092590475e-16,Standard / Value,False,9.71000000000001
12408,Germany,Home Care,2.32,8,Premium,50,3.4799999999999995,50.0,OK,False,460000,0.31,1,0.999990952514284,Strong Premium,True,49.69
12409,Germany,Personal Care,9.05,8,Premium,60,14.480000000000002,60.00000000000001,OK,True,460000,0.31,1,0.999990952514284,Strong Premium,False,59.690000000000005
12410,Spain,Home Care,8.11,3,Value,10,8.921,10.000000000000009,OK,True,410000,0.3,0,3.6196737287189683e-19,Standard / Value,False,9.700000000000008
12411,Germany,Home Care,3.44,7,Standard,25,4.3,25.0,OK,False,460000,0.31,1,0.999990952514284,Strong Premium,True,24.69
12412,Germany,Home Care,7.05,7,Standard,25,8.8125,25.0,OK,False,460000,0.31,1,0.999990952514284,Strong Premium,True,24.69
12413,France,Home Care,12.06,2,Value,10,13.266000000000002,10.000000000000009,OK,True,430000,0.29,0,8.024217092590475e-16,Standard / Value,False,9.71000000000001
12414,Germany,Home Care,9.06,9,Premium,50,13.59,50.0,OK,False,460000,0.31,1,0.999990952514284,Strong Premium,True,49.69
12415,France,Home Care,1.91,3,Value,10,2.101,10.000000000000009,OK,True,430000,0.29,0,8.024217092590475e-16,Standard / Value,False,9.71000000000001
12416,France,Personal Care,8.45,2,Value,15,9.717499999999998,14.999999999999991,OK,False,430000,0.29,0,8.024217092590475e-16,Standard / Value,True,14.709999999999992
12417,France,Home Care,10.69,3,Value,10,11.759,10.000000000000009,OK,True,430000,0.29,0,8.024217092590475e-16,Standard / Value,False,9.71000000000001
12418,France,Home Care,11.99,2,Value,10,13.189000000000002,10.000000000000009,OK,True,430000,0.29,0,8.024217092590475e-16,Standard / Value,False,9.71000000000001
12419,UK,Food & Refreshment,9.62,8,Premium,55,14.911,55.00000000000001,OK,True,520000,0.32,0,8.248669927223737e-16,Standard / Value,False,54.68000000000001
12420,Spain,Personal Care,2.71,5,Standard,30,3.523,30.000000000000004,OK,True,410000,0.3,0,3.6196737287189683e-19,Standard / Value,False,29.700000000000003
12421,UK,Personal Care,10.8,3,Value,15,12.42,14.999999999999991,OK,False,520000,0.32,0,8.248669927223737e-16,Standard / Value,True,14.67999999999999
12422,Germany,Personal Care,10.32,5,Standard,30,13.416,30.000000000000004,OK,True,460000,0.31,1,0.999990952514284,Strong Premium,False,29.690000000000005
12423,UK,Personal Care,0.85,8,Premium,60,1.36,60.00000000000001,OK,True,520000,0.32,0,8.248669927223737e-16,Standard / Value,False,59.68000000000001
12424,UK,Home Care,6.47,7,Standard,25,8.0875,25.0,OK,False,520000,0.32,0,8.248669927223737e-16,Standard / Value,True,24.68
12425,Germany,Home Care,5.33,6,Standard,25,6.6625,25.0,OK,False,460000,0.31,1,0.999990952514284,Strong Premium,True,24.69
12426,Germany,Food & Refreshment,10.21,1,Value,12,11.435200000000002,12.00000000000001,OK,True,460000,0.31,1,0.999990952514284,Strong Premium,False,11.69000000000001
12427,Germany,Food & Refreshment,3.63,10,Premium,55,5.6265,55.00000000000001,OK,True,460000,0.31,1,0.999990952514284,Strong Premium,False,54.690000000000005
12428,UK,Personal Care,9.07,1,Value,15,10.4305,14.999999999999991,OK,False,520000,0.32,0,8.248669927223737e-16,Standard / Value,True,14.67999999999999
12429,UK,Food & Refreshment,13.74,1,Value,12,15.388800000000002,12.00000000000001,OK,True,520000,0.32,0,8.248669927223737e-16,Standard / Value,False,11.68000000000001
12430,Germany,Food & Refreshment,12.07,10,Premium,55,18.7085,55.00000000000001,OK,True,460000,0.31,1,0.999990952514284,Strong Premium,False,54.690000000000005
12431,Spain,Personal Care,13.86,8,Premium,60,22.176,60.00000000000003,OK,True,410000,0.3,0,3.6196737287189683e-19,Standard / Value,False,59.70000000000003
12432,Spain,Personal Care,14.69,8,Premium,60,23.504,60.00000000000001,OK,True,410000,0.3,0,3.6196737287189683e-19,Standard / Value,False,59.70000000000001
12433,France,Food & Refreshment,0.65,7,Standard,28,0.8320000000000001,28.000000000000004,OK,True,430000,0.29,0,8.024217092590475e-16,Standard / Value,False,27.710000000000004
12434,Germany,Home Care,9.53,6,Standard,25,11.9125,25.0,OK,False,460000,0.31,1,0.999990952514284,Strong Premium,True,24.69
12435,France,Food & Refreshment,6.49,4,Standard,28,8.3072,28.000000000000004,OK,True,430000,0.29,0,8.024217092590475e-16,Standard / Value,False,27.710000000000004
12436,Spain,Food & Refreshment,12.97,1,Value,12,14.526400000000002,12.00000000000001,OK,True,410000,0.3,0,3.6196737287189683e-19,Standard / Value,False,11.70000000000001
12437,France,Home Care,4.15,9,Premium,50,6.2250000000000005,50.0,OK,False,430000,0.29,0,8.024217092590475e-16,Standard / Value,True,49.71
12438,Germany,Home Care,14.72,1,Value,10,16.192000000000004,10.000000000000032,OK,True,460000,0.31,1,0.999990952514284,Strong Premium,False,9.690000000000031
12439,Germany,Personal Care,9.4,4,Standard,30,12.22,30.000000000000004,OK,True,460000,0.31,1,0.999990952514284,Strong Premium,False,29.690000000000005
12440,Germany,Personal Care,12.01,3,Value,15,13.8115,14.999999999999991,OK,False,460000,0.31,1,0.999990952514284,Strong Premium,True,14.68999999999999
12441,UK,Food & Refreshment,1.74,7,Standard,28,2.2272,28.000000000000004,OK,True,520000,0.32,0,8.248669927223737e-16,Standard / Value,False,27.680000000000003
12442,France,Home Care,3.16,5,Standard,25,3.95,25.0,OK,False,430000,0.29,0,8.024217092590475e-16,Standard / Value,True,24.71
12443,Spain,Personal Care,11.5,5,Standard,30,14.95,30.000000000000004,OK,True,410000,0.3,0,3.6196737287189683e-19,Standard / Value,False,29.700000000000003
12444,Spain,Food & Refreshment,0.82,4,Standard,28,1.0496,27.99999999999998,OK,False,410000,0.3,0,3.6196737287189683e-19,Standard / Value,True,27.699999999999978
12445,Spain,Home Care,12.34,1,Value,10,13.574000000000002,10.000000000000009,OK,True,410000,0.3,0,3.6196737287189683e-19,Standard / Value,False,9.700000000000008
12446,UK,Food & Refreshment,0.7,5,Standard,28,0.8959999999999999,28.000000000000004,OK,True,520000,0.32,0,8.248669927223737e-16,Standard / Value,False,27.680000000000003
12447,UK,Personal Care,10.03,4,Standard,30,13.039,30.000000000000004,OK,True,520000,0.32,0,8.248669927223737e-16,Standard / Value,False,29.680000000000003
12448,Germany,Personal Care,5.79,10,Premium,60,9.264,60.00000000000001,OK,True,460000,0.31,1,0.999990952514284,Strong Premium,False,59.690000000000005
12449,Spain,Home Care,9.37,8,Premium,50,14.055,50.0,OK,False,410000,0.3,0,3.6196737287189683e-19,Standard / Value,True,49.7
12450,UK,Food & Refreshment,10.59,2,Value,12,11.8608,12.00000000000001,OK,True,520000,0.32,0,8.248669927223737e-16,Standard / Value,False,11.68000000000001
12451,Germany,Home Care,5.47,8,Premium,50,8.205,50.0,OK,False,460000,0.31,1,0.999990952514284,Strong Premium,True,49.69
12452,Spain,Personal Care,2.07,1,Value,15,2.3804999999999996,14.999999999999991,OK,False,410000,0.3,0,3.6196737287189683e-19,Standard / Value,True,14.69999999999999
12453,France,Personal Care,1.51,4,Standard,30,1.963,30.000000000000004,OK,True,430000,0.29,0,8.024217092590475e-16,Standard / Value,False,29.710000000000004
12454,Germany,Food & Refreshment,9.04,3,Value,12,10.1248,12.00000000000001,OK,True,460000,0.31,1,0.999990952514284,Strong Premium,False,11.69000000000001
12455,UK,Food & Refreshment,8.05,5,Standard,28,10.304,28.000000000000004,OK,True,520000,0.32,0,8.248669927223737e-16,Standard / Value,False,27.680000000000003
12456,UK,Food & Refreshment,11.26,5,Standard,28,14.4128,28.000000000000004,OK,True,520000,0.32,0,8.248669927223737e-16,Standard / Value,False,27.680000000000003
12457,Germany,Home Care,7.89,5,Standard,25,9.8625,25.0,OK,False,460000,0.31,1,0.999990952514284,Strong Premium,True,24.69
12458,Germany,Food & Refreshment,6.63,4,Standard,28,8.4864,28.000000000000004,OK,True,460000,0.31,1,0.999990952514284,Strong Premium,False,27.690000000000005
12459,UK,Food & Refreshment,6.27,8,Premium,55,9.7185,54.999999999999986,OK,False,520000,0.32,0,8.248669927223737e-16,Standard / Value,True,54.679999999999986
12460,France,Personal Care,0.88,3,Value,15,1.012,14.999999999999991,OK,False,430000,0.29,0,8.024217092590475e-16,Standard / Value,True,14.709999999999992
12461,Spain,Personal Care,5.37,4,Standard,30,6.981000000000001,30.000000000000004,OK,True,410000,0.3,0,3.6196737287189683e-19,Standard / Value,False,29.700000000000003
12462,France,Food & Refreshment,14.65,1,Value,12,16.408,12.00000000000001,OK,True,430000,0.29,0,8.024217092590475e-16,Standard / Value,False,11.710000000000012
12463,Germany,Food & Refreshment,13.17,7,Standard,28,16.8576,28.000000000000004,OK,True,460000,0.31,1,0.999990952514284,Strong Premium,False,27.690000000000005
12464,France,Personal Care,5.28,1,Value,15,6.072,14.999999999999991,OK,False,430000,0.29,0,8.024217092590475e-16,Standard / Value,True,14.709999999999992
12465,UK,Food & Refreshment,9.02,2,Value,12,10.1024,12.00000000000001,OK,True,520000,0.32,0,8.248669927223737e-16,Standard / Value,False,11.68000000000001
12466,Germany,Home Care,12.79,7,Standard,25,15.9875,25.0,OK,False,460000,0.31,1,0.999990952514284,Strong Premium,True,24.69
12467,Spain,Home Care,6.9,1,Value,10,7.590000000000001,10.000000000000009,OK,True,410000,0.3,0,3.6196737287189683e-19,Standard / Value,False,9.700000000000008
12468,UK,Home Care,0.76,3,Value,10,0.8360000000000001,10.000000000000009,OK,True,520000,0.32,0,8.248669927223737e-16,Standard / Value,False,9.680000000000009
12469,UK,Food & Refreshment,1.58,6,Standard,28,2.0224,28.000000000000004,OK,True,520000,0.32,0,8.248669927223737e-16,Standard / Value,False,27.680000000000003
12470,Spain,Personal Care,7.9,6,Standard,30,10.27,30.000000000000004,OK,True,410000,0.3,0,3.6196737287189683e-19,Standard / Value,False,29.700000000000003
12471,Spain,Food & Refreshment,14.56,6,Standard,28,18.6368,28.000000000000004,OK,True,410000,0.3,0,3.6196737287189683e-19,Standard / Value,False,27.700000000000003
12472,France,Food & Refreshment,10.55,2,Value,12,11.816000000000004,12.00000000000001,OK,True,430000,0.29,0,8.024217092590475e-16,Standard / Value,False,11.710000000000012
12473,Germany,Personal Care,1.53,2,Value,15,1.7594999999999998,14.999999999999991,OK,False,460000,0.31,1,0.999990952514284,Strong Premium,True,14.68999999999999
12474,Spain,Personal Care,3.25,6,Standard,30,4.2250000000000005,30.00000000000003,OK,True,410000,0.3,0,3.6196737287189683e-19,Standard / Value,False,29.700000000000028
12475,Spain,Personal Care,11.68,10,Premium,60,18.688,59.999999999999986,OK,False,410000,0.3,0,3.6196737287189683e-19,Standard / Value,True,59.69999999999999
12476,Germany,Home Care,12.7,5,Standard,25,15.875,25.0,OK,False,460000,0.31,1,0.999990952514284,Strong Premium,True,24.69
12477,Spain,Food & Refreshment,9.46,7,Standard,28,12.108800000000002,28.000000000000004,OK,True,410000,0.3,0,3.6196737287189683e-19,Standard / Value,False,27.700000000000003
12478,Spain,Personal Care,9.84,7,Standard,30,12.792,30.000000000000004,OK,True,410000,0.3,0,3.6196737287189683e-19,Standard / Value,False,29.700000000000003
12479,France,Food & Refreshment,0.91,5,Standard,28,1.1648,28.000000000000004,OK,True,430000,0.29,0,8.024217092590475e-16,Standard / Value,False,27.710000000000004
12480,UK,Home Care,12.51,8,Premium,50,18.765,50.0,OK,False,520000,0.32,0,8.248669927223737e-16,Standard / Value,True,49.68
12481,UK,Home Care,11.93,10,Premium,50,17.895,50.0,OK,False,520000,0.32,0,8.248669927223737e-16,Standard / Value,True,49.68
12482,UK,Personal Care,4.26,6,Standard,30,5.538,30.000000000000004,OK,True,520000,0.32,0,8.248669927223737e-16,Standard / Value,False,29.680000000000003
12483,UK,Personal Care,10.78,5,Standard,30,14.014,30.000000000000004,OK,True,520000,0.32,0,8.248669927223737e-16,Standard / Value,False,29.680000000000003
12484,Spain,Food & Refreshment,3.62,4,Standard,28,4.6336,28.000000000000004,OK,True,410000,0.3,0,3.6196737287189683e-19,Standard / Value,False,27.700000000000003
12485,Germany,Personal Care,1.08,7,Standard,30,1.404,30.000000000000004,OK,True,460000,0.31,1,0.999990952514284,Strong Premium,False,29.690000000000005
12486,Germany,Food & Refreshment,3.42,4,Standard,28,4.3776,28.000000000000004,OK,True,460000,0.31,1,0.999990952514284,Strong Premium,False,27.690000000000005
12487,France,Personal Care,3.09,5,Standard,30,4.017,30.00000000000003,OK,True,430000,0.29,0,8.024217092590475e-16,Standard / Value,False,29.71000000000003
12488,France,Food & Refreshment,5.4,5,Standard,28,6.912000000000001,28.000000000000004,OK,True,430000,0.29,0,8.024217092590475e-16,Standard / Value,False,27.710000000000004
12489,Spain,Food & Refreshment,6.57,1,Value,12,7.358400000000001,12.00000000000001,OK,True,410000,0.3,0,3.6196737287189683e-19,Standard / Value,False,11.70000000000001
12490,Germany,Food & Refreshment,7.87,1,Value,12,8.814400000000001,12.00000000000001,OK,True,460000,0.31,1,0.999990952514284,Strong Premium,False,11.69000000000001
12491,Germany,Food & Refreshment,7.41,3,Value,12,8.2992,12.00000000000001,OK,True,460000,0.31,1,0.999990952514284,Strong Premium,False,11.69000000000001
12492,UK,Home Care,4.42,3,Value,10,4.862,10.000000000000009,OK,True,520000,0.32,0,8.248669927223737e-16,Standard / Value,False,9.680000000000009
12493,Spain,Food & Refreshment,0.92,2,Value,12,1.0304000000000002,12.00000000000001,OK,True,410000,0.3,0,3.6196737287189683e-19,Standard / Value,False,11.70000000000001
12494,Spain,Personal Care,9.27,2,Value,15,10.6605,14.999999999999991,OK,False,410000,0.3,0,3.6196737287189683e-19,Standard / Value,True,14.69999999999999
12495,UK,Home Care,6.24,6,Standard,25,7.800000000000001,25.0,OK,False,520000,0.32,0,8.248669927223737e-16,Standard / Value,True,24.68
12496,Spain,Home Care,4.83,1,Value,10,5.313000000000001,10.000000000000009,OK,True,410000,0.3,0,3.6196737287189683e-19,Standard / Value,False,9.700000000000008
12497,Spain,Food & Refreshment,13.07,6,Standard,28,16.7296,28.000000000000004,OK,True,410000,0.3,0,3.6196737287189683e-19,Standard / Value,False,27.700000000000003
12498,France,Home Care,11.33,5,Standard,25,14.1625,25.0,OK,False,430000,0.29,0,8.024217092590475e-16,Standard / Value,True,24.71
12499,Germany,Food & Refreshment,12.94,6,Standard,28,16.5632,28.000000000000004,OK,True,460000,0.31,1,0.999990952514284,Strong Premium,False,27.690000000000005
12500,Spain,Personal Care,7.68,5,Standard,30,9.984,30.000000000000004,OK,True,410000,0.3,0,3.6196737287189683e-19,Standard / Value,False,29.700000000000003
12501,France,Food & Refreshment,2.4,7,Standard,28,3.072,28.000000000000004,OK,True,430000,0.29,0,8.024217092590475e-16,Standard / Value,False,27.710000000000004
12502,Germany,Home Care,10.6,1,Value,10,11.66,10.000000000000009,OK,True,460000,0.31,1,0.999990952514284,Strong Premium,False,9.690000000000008
12503,UK,Personal Care,3.49,3,Value,15,4.0135,14.999999999999991,OK,False,520000,0.32,0,8.248669927223737e-16,Standard / Value,True,14.67999999999999
12504,France,Food & Refreshment,6.9,6,Standard,28,8.832,28.000000000000004,OK,True,430000,0.29,0,8.024217092590475e-16,Standard / Value,False,27.710000000000004
12505,France,Personal Care,1.44,1,Value,15,1.656,14.999999999999991,OK,False,430000,0.29,0,8.024217092590475e-16,Standard / Value,True,14.709999999999992
12506,Germany,Personal Care,12.47,7,Standard,30,16.211000000000002,30.000000000000004,OK,True,460000,0.31,1,0.999990952514284,Strong Premium,False,29.690000000000005
12507,UK,Home Care,2.33,4,Standard,25,2.9125,25.0,OK,False,520000,0.32,0,8.248669927223737e-16,Standard / Value,True,24.68
12508,France,Personal Care,13.59,3,Value,15,15.6285,14.999999999999991,OK,False,430000,0.29,0,8.024217092590475e-16,Standard / Value,True,14.709999999999992
12509,Spain,Home Care,13.03,10,Premium,50,19.545,50.0,OK,False,410000,0.3,0,3.6196737287189683e-19,Standard / Value,True,49.7
12510,Spain,Personal Care,7.24,9,Premium,60,11.584,60.00000000000001,OK,True,410000,0.3,0,3.6196737287189683e-19,Standard / Value,False,59.70000000000001
12511,Spain,Food & Refreshment,11.29,1,Value,12,12.6448,12.00000000000001,OK,True,410000,0.3,0,3.6196737287189683e-19,Standard / Value,False,11.70000000000001
12512,UK,Personal Care,9.48,8,Premium,60,15.168,60.00000000000001,OK,True,520000,0.32,0,8.248669927223737e-16,Standard / Value,False,59.68000000000001
12513,France,Food & Refreshment,12.14,1,Value,12,13.596800000000002,12.00000000000001,OK,True,430000,0.29,0,8.024217092590475e-16,Standard / Value,False,11.710000000000012
12514,Spain,Food & Refreshment,6.76,5,Standard,28,8.6528,28.000000000000004,OK,True,410000,0.3,0,3.6196737287189683e-19,Standard / Value,False,27.700000000000003
12515,UK,Personal Care,11.89,10,Premium,60,19.024,60.00000000000001,OK,True,520000,0.32,0,8.248669927223737e-16,Standard / Value,False,59.68000000000001
12516,Spain,Food & Refreshment,7.21,8,Premium,55,11.1755,55.00000000000001,OK,True,410000,0.3,0,3.6196737287189683e-19,Standard / Value,False,54.70000000000001
12517,Germany,Personal Care,14.14,6,Standard,30,18.382,30.000000000000004,OK,True,460000,0.31,1,0.999990952514284,Strong Premium,False,29.690000000000005
12518,France,Personal Care,7.55,7,Standard,30,9.815,30.000000000000004,OK,True,430000,0.29,0,8.024217092590475e-16,Standard / Value,False,29.710000000000004
12519,France,Food & Refreshment,7.21,8,Premium,55,11.1755,55.00000000000001,OK,True,430000,0.29,0,8.024217092590475e-16,Standard / Value,False,54.71000000000001
12520,UK,Food & Refreshment,11.88,6,Standard,28,15.206400000000002,28.000000000000004,OK,True,520000,0.32,0,8.248669927223737e-16,Standard / Value,False,27.680000000000003
12521,UK,Home Care,12.41,6,Standard,25,15.5125,25.0,OK,False,520000,0.32,0,8.248669927223737e-16,Standard / Value,True,24.68
12522,France,Food & Refreshment,8.54,6,Standard,28,10.9312,28.000000000000004,OK,True,430000,0.29,0,8.024217092590475e-16,Standard / Value,False,27.710000000000004
12523,Spain,Home Care,3.11,5,Standard,25,3.8875,25.0,OK,False,410000,0.3,0,3.6196737287189683e-19,Standard / Value,True,24.7
12524,Spain,Food & Refreshment,7.28,8,Premium,55,11.284,55.00000000000001,OK,True,410000,0.3,0,3.6196737287189683e-19,Standard / Value,False,54.70000000000001
12525,Germany,Personal Care,14.54,2,Value,15,16.720999999999997,14.999999999999991,OK,False,460000,0.31,1,0.999990952514284,Strong Premium,True,14.68999999999999
12526,Spain,Food & Refreshment,11.42,7,Standard,28,14.6176,28.000000000000004,OK,True,410000,0.3,0,3.6196737287189683e-19,Standard / Value,False,27.700000000000003
12527,UK,Personal Care,12.26,4,Standard,30,15.938,30.000000000000004,OK,True,520000,0.32,0,8.248669927223737e-16,Standard / Value,False,29.680000000000003
12528,UK,Personal Care,0.98,1,Value,15,1.127,15.000000000000014,OK,True,520000,0.32,0,8.248669927223737e-16,Standard / Value,False,14.680000000000014
12529,Spain,Personal Care,7.28,5,Standard,30,9.464,30.000000000000004,OK,True,410000,0.3,0,3.6196737287189683e-19,Standard / Value,False,29.700000000000003
12530,UK,Home Care,9.88,3,Value,10,10.868000000000002,10.000000000000009,OK,True,520000,0.32,0,8.248669927223737e-16,Standard / Value,False,9.680000000000009
12531,France,Food & Refreshment,12.54,4,Standard,28,16.051199999999998,28.000000000000004,OK,True,430000,0.29,0,8.024217092590475e-16,Standard / Value,False,27.710000000000004
12532,France,Personal Care,1.21,7,Standard,30,1.573,30.000000000000004,OK,True,430000,0.29,0,8.024217092590475e-16,Standard / Value,False,29.710000000000004
12533,Spain,Personal Care,12.86,5,Standard,30,16.718,30.000000000000004,OK,True,410000,0.3,0,3.6196737287189683e-19,Standard / Value,False,29.700000000000003
12534,France,Home Care,8.45,4,Standard,25,10.5625,25.0,OK,False,430000,0.29,0,8.024217092590475e-16,Standard / Value,True,24.71
12535,France,Food & Refreshment,3.36,1,Value,12,3.7632,12.00000000000001,OK,True,430000,0.29,0,8.024217092590475e-16,Standard / Value,False,11.710000000000012
12536,Germany,Food & Refreshment,5.1,6,Standard,28,6.528,28.000000000000004,OK,True,460000,0.31,1,0.999990952514284,Strong Premium,False,27.690000000000005
12537,Germany,Home Care,4.59,10,Premium,50,6.885,50.0,OK,False,460000,0.31,1,0.999990952514284,Strong Premium,True,49.69
12538,France,Home Care,8.2,6,Standard,25,10.25,25.0,OK,False,430000,0.29,0,8.024217092590475e-16,Standard / Value,True,24.71
12539,Spain,Food & Refreshment,1.25,7,Standard,28,1.6,28.000000000000004,OK,True,410000,0.3,0,3.6196737287189683e-19,Standard / Value,False,27.700000000000003
12540,Germany,Home Care,2.8,1,Value,10,3.08,10.000000000000009,OK,True,460000,0.31,1,0.999990952514284,Strong Premium,False,9.690000000000008
12541,UK,Food & Refreshment,12.28,4,Standard,28,15.7184,28.000000000000004,OK,True,520000,0.32,0,8.248669927223737e-16,Standard / Value,False,27.680000000000003
12542,UK,Food & Refreshment,2.42,9,Premium,55,3.751,55.00000000000001,OK,True,520000,0.32,0,8.248669927223737e-16,Standard / Value,False,54.68000000000001
12543,UK,Personal Care,3.88,10,Premium,60,6.208,60.00000000000001,OK,True,520000,0.32,0,8.248669927223737e-16,Standard / Value,False,59.68000000000001
12544,Spain,Personal Care,7.07,6,Standard,30,9.191,30.000000000000004,OK,True,410000,0.3,0,3.6196737287189683e-19,Standard / Value,False,29.700000000000003
12545,France,Food & Refreshment,8.0,2,Value,12,8.96,12.00000000000001,OK,True,430000,0.29,0,8.024217092590475e-16,Standard / Value,False,11.710000000000012
12546,UK,Food & Refreshment,11.57,4,Standard,28,14.8096,28.000000000000004,OK,True,520000,0.32,0,8.248669927223737e-16,Standard / Value,False,27.680000000000003
12547,Spain,Food & Refreshment,6.99,6,Standard,28,8.9472,28.000000000000004,OK,True,410000,0.3,0,3.6196737287189683e-19,Standard / Value,False,27.700000000000003
12548,Germany,Food & Refreshment,11.95,4,Standard,28,15.296,28.000000000000004,OK,True,460000,0.31,1,0.999990952514284,Strong Premium,False,27.690000000000005
12549,France,Food & Refreshment,9.47,10,Premium,55,14.6785,55.00000000000001,OK,True,430000,0.29,0,8.024217092590475e-16,Standard / Value,False,54.71000000000001
12550,Germany,Food & Refreshment,2.14,7,Standard,28,2.7392000000000003,28.000000000000004,OK,True,460000,0.31,1,0.999990952514284,Strong Premium,False,27.690000000000005
12551,Spain,Home Care,2.77,3,Value,10,3.047,10.000000000000009,OK,True,410000,0.3,0,3.6196737287189683e-19,Standard / Value,False,9.700000000000008
12552,UK,Food & Refreshment,6.84,6,Standard,28,8.7552,28.000000000000004,OK,True,520000,0.32,0,8.248669927223737e-16,Standard / Value,False,27.680000000000003
12553,UK,Home Care,6.25,4,Standard,25,7.8125,25.0,OK,False,520000,0.32,0,8.248669927223737e-16,Standard / Value,True,24.68
12554,Spain,Home Care,11.28,3,Value,10,12.408,10.000000000000009,OK,True,410000,0.3,0,3.6196737287189683e-19,Standard / Value,False,9.700000000000008
12555,UK,Food & Refreshment,8.92,3,Value,12,9.9904,12.00000000000001,OK,True,520000,0.32,0,8.248669927223737e-16,Standard / Value,False,11.68000000000001
12556,France,Food & Refreshment,6.13,2,Value,12,6.865600000000001,12.00000000000001,OK,True,430000,0.29,0,8.024217092590475e-16,Standard / Value,False,11.710000000000012
12557,Spain,Home Care,2.98,3,Value,10,3.278,10.000000000000009,OK,True,410000,0.3,0,3.6196737287189683e-19,Standard / Value,False,9.700000000000008
12558,Germany,Home Care,3.79,10,Premium,50,5.6850000000000005,50.00000000000002,OK,True,460000,0.31,1,0.999990952514284,Strong Premium,False,49.69000000000002
12559,Spain,Food & Refreshment,8.84,1,Value,12,9.9008,12.00000000000001,OK,True,410000,0.3,0,3.6196737287189683e-19,Standard / Value,False,11.70000000000001
12560,France,Food & Refreshment,6.64,3,Value,12,7.436800000000001,12.00000000000001,OK,True,430000,0.29,0,8.024217092590475e-16,Standard / Value,False,11.710000000000012
12561,France,Home Care,7.97,9,Premium,50,11.955,50.0,OK,False,430000,0.29,0,8.024217092590475e-16,Standard / Value,True,49.71
12562,Spain,Home Care,2.97,4,Standard,25,3.7125,25.0,OK,False,410000,0.3,0,3.6196737287189683e-19,Standard / Value,True,24.7
12563,Spain,Home Care,10.11,3,Value,10,11.121,10.000000000000009,OK,True,410000,0.3,0,3.6196737287189683e-19,Standard / Value,False,9.700000000000008
12564,UK,Personal Care,12.86,8,Premium,60,20.576,60.00000000000001,OK,True,520000,0.32,0,8.248669927223737e-16,Standard / Value,False,59.68000000000001
12565,France,Home Care,4.24,1,Value,10,4.664000000000001,10.000000000000009,OK,True,430000,0.29,0,8.024217092590475e-16,Standard / Value,False,9.71000000000001
12566,Spain,Personal Care,7.63,5,Standard,30,9.919,30.000000000000004,OK,True,410000,0.3,0,3.6196737287189683e-19,Standard / Value,False,29.700000000000003
12567,Spain,Food & Refreshment,14.65,1,Value,12,16.408,12.00000000000001,OK,True,410000,0.3,0,3.6196737287189683e-19,Standard / Value,False,11.70000000000001
12568,France,Food & Refreshment,5.33,7,Standard,28,6.8224,28.000000000000004,OK,True,430000,0.29,0,8.024217092590475e-16,Standard / Value,False,27.710000000000004
12569,Spain,Home Care,9.13,5,Standard,25,11.4125,25.0,OK,False,410000,0.3,0,3.6196737287189683e-19,Standard / Value,True,24.7
12570,UK,Food & Refreshment,1.81,2,Value,12,2.0272,12.00000000000001,OK,True,520000,0.32,0,8.248669927223737e-16,Standard / Value,False,11.68000000000001
12571,France,Food & Refreshment,9.29,1,Value,12,10.4048,12.00000000000001,OK,True,430000,0.29,0,8.024217092590475e-16,Standard / Value,False,11.710000000000012
12572,UK,Food & Refreshment,1.8,7,Standard,28,2.3040000000000003,28.000000000000004,OK,True,520000,0.32,0,8.248669927223737e-16,Standard / Value,False,27.680000000000003
12573,UK,Food & Refreshment,14.41,1,Value,12,16.139200000000002,12.00000000000001,OK,True,520000,0.32,0,8.248669927223737e-16,Standard / Value,False,11.68000000000001
12574,UK,Personal Care,10.88,3,Value,15,12.512,14.999999999999991,OK,False,520000,0.32,0,8.248669927223737e-16,Standard / Value,True,14.67999999999999
12575,UK,Personal Care,11.93,6,Standard,30,15.509,30.000000000000004,OK,True,520000,0.32,0,8.248669927223737e-16,Standard / Value,False,29.680000000000003
12576,France,Home Care,10.71,6,Standard,25,13.3875,25.0,OK,False,430000,0.29,0,8.024217092590475e-16,Standard / Value,True,24.71
12577,UK,Home Care,9.05,7,Standard,25,11.3125,25.0,OK,False,520000,0.32,0,8.248669927223737e-16,Standard / Value,True,24.68
12578,UK,Home Care,7.02,1,Value,10,7.722,10.000000000000009,OK,True,520000,0.32,0,8.248669927223737e-16,Standard / Value,False,9.680000000000009
12579,Spain,Food & Refreshment,12.95,7,Standard,28,16.576,28.000000000000004,OK,True,410000,0.3,0,3.6196737287189683e-19,Standard / Value,False,27.700000000000003
12580,France,Food & Refreshment,14.37,2,Value,12,16.0944,12.00000000000001,OK,True,430000,0.29,0,8.024217092590475e-16,Standard / Value,False,11.710000000000012
12581,France,Personal Care,7.74,6,Standard,30,10.062,30.000000000000004,OK,True,430000,0.29,0,8.024217092590475e-16,Standard / Value,False,29.710000000000004
12582,Germany,Personal Care,14.01,8,Premium,60,22.416,60.00000000000001,OK,True,460000,0.31,1,0.999990952514284,Strong Premium,False,59.690000000000005
12583,France,Home Care,8.96,5,Standard,25,11.2,25.0,OK,False,430000,0.29,0,8.024217092590475e-16,Standard / Value,True,24.71
12584,France,Personal Care,8.31,10,Premium,60,13.296,60.00000000000001,OK,True,430000,0.29,0,8.024217092590475e-16,Standard / Value,False,59.71000000000001
12585,Germany,Personal Care,7.09,3,Value,15,8.1535,14.999999999999991,OK,False,460000,0.31,1,0.999990952514284,Strong Premium,True,14.68999999999999
12586,France,Personal Care,3.53,8,Premium,60,5.648,60.00000000000001,OK,True,430000,0.29,0,8.024217092590475e-16,Standard / Value,False,59.71000000000001
12587,France,Personal Care,0.55,8,Premium,60,0.8800000000000001,60.00000000000001,OK,True,430000,0.29,0,8.024217092590475e-16,Standard / Value,False,59.71000000000001
12588,France,Personal Care,4.0,4,Standard,30,5.2,30.000000000000004,OK,True,430000,0.29,0,8.024217092590475e-16,Standard / Value,False,29.710000000000004
12589,France,Home Care,7.89,8,Premium,50,11.835,50.0,OK,False,430000,0.29,0,8.024217092590475e-16,Standard / Value,True,49.71
12590,Germany,Home Care,6.01,5,Standard,25,7.512499999999999,25.0,OK,False,460000,0.31,1,0.999990952514284,Strong Premium,True,24.69
12591,France,Personal Care,7.0,5,Standard,30,9.1,30.000000000000004,OK,True,430000,0.29,0,8.024217092590475e-16,Standard / Value,False,29.710000000000004
12592,France,Home Care,14.72,3,Value,10,16.192000000000004,10.000000000000032,OK,True,430000,0.29,0,8.024217092590475e-16,Standard / Value,False,9.710000000000033
12593,Germany,Food & Refreshment,5.58,7,Standard,28,7.1424,28.000000000000004,OK,True,460000,0.31,1,0.999990952514284,Strong Premium,False,27.690000000000005
12594,Spain,Personal Care,7.06,9,Premium,60,11.296,60.00000000000001,OK,True,410000,0.3,0,3.6196737287189683e-19,Standard / Value,False,59.70000000000001
12595,UK,Food & Refreshment,2.44,9,Premium,55,3.782,55.00000000000001,OK,True,520000,0.32,0,8.248669927223737e-16,Standard / Value,False,54.68000000000001
12596,Spain,Home Care,1.2,1,Value,10,1.32,10.000000000000009,OK,True,410000,0.3,0,3.6196737287189683e-19,Standard / Value,False,9.700000000000008
12597,Germany,Home Care,11.74,1,Value,10,12.914,10.000000000000009,OK,True,460000,0.31,1,0.999990952514284,Strong Premium,False,9.690000000000008
12598,UK,Food & Refreshment,8.77,10,Premium,55,13.5935,55.00000000000001,OK,True,520000,0.32,0,8.248669927223737e-16,Standard / Value,False,54.68000000000001
12599,Germany,Home Care,11.53,5,Standard,25,14.4125,25.0,OK,False,460000,0.31,1,0.999990952514284,Strong Premium,True,24.69
12600,Germany,Personal Care,2.67,1,Value,15,3.0704999999999996,14.999999999999991,OK,False,460000,0.31,1,0.999990952514284,Strong Premium,True,14.68999999999999
12601,France,Food & Refreshment,8.79,4,Standard,28,11.2512,28.000000000000004,OK,True,430000,0.29,0,8.024217092590475e-16,Standard / Value,False,27.710000000000004
12602,UK,Personal Care,4.18,1,Value,15,4.8069999999999995,14.999999999999991,OK,False,520000,0.32,0,8.248669927223737e-16,Standard / Value,True,14.67999999999999
12603,France,Food & Refreshment,3.81,2,Value,12,4.267200000000001,12.00000000000001,OK,True,430000,0.29,0,8.024217092590475e-16,Standard / Value,False,11.710000000000012
12604,UK,Home Care,0.67,2,Value,10,0.7370000000000001,10.000000000000009,OK,True,520000,0.32,0,8.248669927223737e-16,Standard / Value,False,9.680000000000009
12605,Germany,Food & Refreshment,2.39,4,Standard,28,3.0592,28.000000000000004,OK,True,460000,0.31,1,0.999990952514284,Strong Premium,False,27.690000000000005
12606,Germany,Food & Refreshment,4.98,8,Premium,55,7.719000000000001,55.00000000000001,OK,True,460000,0.31,1,0.999990952514284,Strong Premium,False,54.690000000000005
12607,Spain,Personal Care,2.19,2,Value,15,2.5185,14.999999999999991,OK,False,410000,0.3,0,3.6196737287189683e-19,Standard / Value,True,14.69999999999999
12608,UK,Home Care,14.79,9,Premium,50,22.185,50.0,OK,False,520000,0.32,0,8.248669927223737e-16,Standard / Value,True,49.68
12609,France,Personal Care,4.98,9,Premium,60,7.968000000000001,60.00000000000001,OK,True,430000,0.29,0,8.024217092590475e-16,Standard / Value,False,59.71000000000001
12610,Spain,Home Care,2.39,2,Value,10,2.6290000000000004,10.000000000000009,OK,True,410000,0.3,0,3.6196737287189683e-19,Standard / Value,False,9.700000000000008
12611,Spain,Personal Care,3.39,1,Value,15,3.8985,14.999999999999991,OK,False,410000,0.3,0,3.6196737287189683e-19,Standard / Value,True,14.69999999999999
12612,Spain,Food & Refreshment,9.02,10,Premium,55,13.981,55.00000000000001,OK,True,410000,0.3,0,3.6196737287189683e-19,Standard / Value,False,54.70000000000001
12613,France,Personal Care,1.43,10,Premium,60,2.288,59.999999999999986,OK,False,430000,0.29,0,8.024217092590475e-16,Standard / Value,True,59.70999999999999
12614,Spain,Home Care,13.01,9,Premium,50,19.515,50.0,OK,False,410000,0.3,0,3.6196737287189683e-19,Standard / Value,True,49.7
12615,France,Home Care,14.44,2,Value,10,15.884,10.000000000000009,OK,True,430000,0.29,0,8.024217092590475e-16,Standard / Value,False,9.71000000000001
12616,Spain,Food & Refreshment,4.08,8,Premium,55,6.324000000000001,55.00000000000001,OK,True,410000,0.3,0,3.6196737287189683e-19,Standard / Value,False,54.70000000000001
12617,France,Home Care,7.03,3,Value,10,7.733,10.000000000000009,OK,True,430000,0.29,0,8.024217092590475e-16,Standard / Value,False,9.71000000000001
12618,Germany,Personal Care,0.82,1,Value,15,0.9429999999999998,14.999999999999991,OK,False,460000,0.31,1,0.999990952514284,Strong Premium,True,14.68999999999999
12619,Germany,Food & Refreshment,9.79,1,Value,12,10.9648,12.00000000000001,OK,True,460000,0.31,1,0.999990952514284,Strong Premium,False,11.69000000000001
12620,Germany,Home Care,6.5,10,Premium,50,9.75,50.0,OK,False,460000,0.31,1,0.999990952514284,Strong Premium,True,49.69
12621,Germany,Home Care,4.42,2,Value,10,4.862,10.000000000000009,OK,True,460000,0.31,1,0.999990952514284,Strong Premium,False,9.690000000000008
12622,Germany,Personal Care,3.5,7,Standard,30,4.55,30.000000000000004,OK,True,460000,0.31,1,0.999990952514284,Strong Premium,False,29.690000000000005
12623,Spain,Personal Care,9.98,6,Standard,30,12.974,30.000000000000004,OK,True,410000,0.3,0,3.6196737287189683e-19,Standard / Value,False,29.700000000000003
12624,Spain,Food & Refreshment,6.54,2,Value,12,7.324800000000001,12.00000000000001,OK,True,410000,0.3,0,3.6196737287189683e-19,Standard / Value,False,11.70000000000001
12625,Spain,Home Care,3.11,4,Standard,25,3.8875,25.0,OK,False,410000,0.3,0,3.6196737287189683e-19,Standard / Value,True,24.7
12626,France,Personal Care,10.49,2,Value,15,12.0635,14.999999999999991,OK,False,430000,0.29,0,8.024217092590475e-16,Standard / Value,True,14.709999999999992
12627,France,Food & Refreshment,8.69,1,Value,12,9.7328,12.00000000000001,OK,True,430000,0.29,0,8.024217092590475e-16,Standard / Value,False,11.710000000000012
12628,France,Home Care,12.95,3,Value,10,14.245,10.000000000000009,OK,True,430000,0.29,0,8.024217092590475e-16,Standard / Value,False,9.71000000000001
12629,France,Home Care,2.2,4,Standard,25,2.75,25.0,OK,False,430000,0.29,0,8.024217092590475e-16,Standard / Value,True,24.71
12630,Germany,Food & Refreshment,11.89,10,Premium,55,18.4295,55.00000000000001,OK,True,460000,0.31,1,0.999990952514284,Strong Premium,False,54.690000000000005
12631,Germany,Food & Refreshment,10.27,5,Standard,28,13.1456,28.000000000000004,OK,True,460000,0.31,1,0.999990952514284,Strong Premium,False,27.690000000000005
12632,Germany,Personal Care,2.17,5,Standard,30,2.821,30.000000000000004,OK,True,460000,0.31,1,0.999990952514284,Strong Premium,False,29.690000000000005
12633,UK,Home Care,10.57,7,Standard,25,13.2125,25.0,OK,False,520000,0.32,0,8.248669927223737e-16,Standard / Value,True,24.68
12634,Spain,Home Care,6.9,10,Premium,50,10.35,50.00000000000002,OK,True,410000,0.3,0,3.6196737287189683e-19,Standard / Value,False,49.700000000000024
12635,France,Home Care,14.2,8,Premium,50,21.299999999999997,49.99999999999998,OK,False,430000,0.29,0,8.024217092590475e-16,Standard / Value,True,49.70999999999998
12636,France,Food & Refreshment,2.55,9,Premium,55,3.9525,55.00000000000001,OK,True,430000,0.29,0,8.024217092590475e-16,Standard / Value,False,54.71000000000001
12637,Germany,Personal Care,9.82,7,Standard,30,12.766,30.000000000000004,OK,True,460000,0.31,1,0.999990952514284,Strong Premium,False,29.690000000000005
12638,France,Home Care,6.04,5,Standard,25,7.55,25.0,OK,False,430000,0.29,0,8.024217092590475e-16,Standard / Value,True,24.71
12639,France,Food & Refreshment,14.37,9,Premium,55,22.2735,55.00000000000001,OK,True,430000,0.29,0,8.024217092590475e-16,Standard / Value,False,54.71000000000001
12640,Spain,Home Care,5.28,8,Premium,50,7.92,50.0,OK,False,410000,0.3,0,3.6196737287189683e-19,Standard / Value,True,49.7
12641,Germany,Personal Care,14.45,10,Premium,60,23.12,60.00000000000001,OK,True,460000,0.31,1,0.999990952514284,Strong Premium,False,59.690000000000005
12642,Spain,Home Care,13.57,9,Premium,50,20.355,50.0,OK,False,410000,0.3,0,3.6196737287189683e-19,Standard / Value,True,49.7
12643,UK,Personal Care,4.42,10,Premium,60,7.072,60.00000000000001,OK,True,520000,0.32,0,8.248669927223737e-16,Standard / Value,False,59.68000000000001
12644,UK,Personal Care,12.15,8,Premium,60,19.44,60.00000000000001,OK,True,520000,0.32,0,8.248669927223737e-16,Standard / Value,False,59.68000000000001
12645,UK,Home Care,14.94,6,Standard,25,18.675,25.0,OK,False,520000,0.32,0,8.248669927223737e-16,Standard / Value,True,24.68
12646,Germany,Home Care,4.16,4,Standard,25,5.2,25.0,OK,False,460000,0.31,1,0.999990952514284,Strong Premium,True,24.69
12647,France,Personal Care,6.83,9,Premium,60,10.928,60.00000000000001,OK,True,430000,0.29,0,8.024217092590475e-16,Standard / Value,False,59.71000000000001
12648,Germany,Food & Refreshment,8.04,9,Premium,55,12.462,55.00000000000001,OK,True,460000,0.31,1,0.999990952514284,Strong Premium,False,54.690000000000005
12649,Germany,Personal Care,4.78,10,Premium,60,7.648000000000001,60.00000000000001,OK,True,460000,0.31,1,0.999990952514284,Strong Premium,False,59.690000000000005
12650,France,Home Care,0.72,10,Premium,50,1.08,50.00000000000002,OK,True,430000,0.29,0,8.024217092590475e-16,Standard / Value,False,49.71000000000002
12651,Spain,Home Care,3.69,9,Premium,50,5.535,50.0,OK,False,410000,0.3,0,3.6196737287189683e-19,Standard / Value,True,49.7
12652,UK,Food & Refreshment,4.59,10,Premium,55,7.1145,55.00000000000001,OK,True,520000,0.32,0,8.248669927223737e-16,Standard / Value,False,54.68000000000001
12653,Spain,Personal Care,6.93,3,Value,15,7.969499999999999,14.999999999999991,OK,False,410000,0.3,0,3.6196737287189683e-19,Standard / Value,True,14.69999999999999
12654,UK,Personal Care,2.98,3,Value,15,3.4269999999999996,14.999999999999991,OK,False,520000,0.32,0,8.248669927223737e-16,Standard / Value,True,14.67999999999999
12655,Germany,Personal Care,13.16,6,Standard,30,17.108,30.000000000000004,OK,True,460000,0.31,1,0.999990952514284,Strong Premium,False,29.690000000000005
12656,UK,Home Care,10.72,6,Standard,25,13.4,25.0,OK,False,520000,0.32,0,8.248669927223737e-16,Standard / Value,True,24.68
12657,Germany,Personal Care,1.74,6,Standard,30,2.262,30.000000000000004,OK,True,460000,0.31,1,0.999990952514284,Strong Premium,False,29.690000000000005
12658,Spain,Food & Refreshment,9.93,5,Standard,28,12.7104,28.000000000000004,OK,True,410000,0.3,0,3.6196737287189683e-19,Standard / Value,False,27.700000000000003
12659,Germany,Home Care,9.98,5,Standard,25,12.475,25.0,OK,False,460000,0.31,1,0.999990952514284,Strong Premium,True,24.69
12660,Spain,Home Care,14.37,2,Value,10,15.807,10.000000000000009,OK,True,410000,0.3,0,3.6196737287189683e-19,Standard / Value,False,9.700000000000008
12661,France,Personal Care,0.54,7,Standard,30,0.7020000000000001,30.000000000000004,OK,True,430000,0.29,0,8.024217092590475e-16,Standard / Value,False,29.710000000000004
12662,France,Food & Refreshment,4.1,4,Standard,28,5.247999999999999,28.000000000000004,OK,True,430000,0.29,0,8.024217092590475e-16,Standard / Value,False,27.710000000000004
12663,France,Home Care,13.95,3,Value,10,15.345,10.000000000000009,OK,True,430000,0.29,0,8.024217092590475e-16,Standard / Value,False,9.71000000000001
12664,Germany,Home Care,14.02,8,Premium,50,21.03,50.00000000000002,OK,True,460000,0.31,1,0.999990952514284,Strong Premium,False,49.69000000000002
12665,France,Personal Care,10.95,4,Standard,30,14.235,30.000000000000004,OK,True,430000,0.29,0,8.024217092590475e-16,Standard / Value,False,29.710000000000004
12666,UK,Personal Care,11.6,4,Standard,30,15.08,30.000000000000004,OK,True,520000,0.32,0,8.248669927223737e-16,Standard / Value,False,29.680000000000003
12667,Spain,Food & Refreshment,1.83,8,Premium,55,2.8365,55.00000000000001,OK,True,410000,0.3,0,3.6196737287189683e-19,Standard / Value,False,54.70000000000001
12668,Spain,Personal Care,7.95,1,Value,15,9.1425,14.999999999999991,OK,False,410000,0.3,0,3.6196737287189683e-19,Standard / Value,True,14.69999999999999
12669,UK,Food & Refreshment,3.86,9,Premium,55,5.983,55.00000000000001,OK,True,520000,0.32,0,8.248669927223737e-16,Standard / Value,False,54.68000000000001
12670,Germany,Home Care,3.13,7,Standard,25,3.9125,25.0,OK,False,460000,0.31,1,0.999990952514284,Strong Premium,True,24.69
12671,Germany,Food & Refreshment,12.25,2,Value,12,13.72,12.00000000000001,OK,True,460000,0.31,1,0.999990952514284,Strong Premium,False,11.69000000000001
12672,Spain,Food & Refreshment,2.46,6,Standard,28,3.1488,28.000000000000004,OK,True,410000,0.3,0,3.6196737287189683e-19,Standard / Value,False,27.700000000000003
12673,France,Food & Refreshment,7.3,8,Premium,55,11.315,55.00000000000001,OK,True,430000,0.29,0,8.024217092590475e-16,Standard / Value,False,54.71000000000001
12674,Germany,Home Care,14.11,5,Standard,25,17.6375,25.0,OK,False,460000,0.31,1,0.999990952514284,Strong Premium,True,24.69
12675,Germany,Personal Care,3.19,6,Standard,30,4.147,30.000000000000004,OK,True,460000,0.31,1,0.999990952514284,Strong Premium,False,29.690000000000005
12676,UK,Home Care,14.68,10,Premium,50,22.02,50.0,OK,False,520000,0.32,0,8.248669927223737e-16,Standard / Value,True,49.68
12677,UK,Personal Care,14.92,8,Premium,60,23.872,60.00000000000001,OK,True,520000,0.32,0,8.248669927223737e-16,Standard / Value,False,59.68000000000001
12678,France,Food & Refreshment,8.56,6,Standard,28,10.9568,28.000000000000004,OK,True,430000,0.29,0,8.024217092590475e-16,Standard / Value,False,27.710000000000004
12679,Germany,Food & Refreshment,2.97,9,Premium,55,4.6035,55.00000000000001,OK,True,460000,0.31,1,0.999990952514284,Strong Premium,False,54.690000000000005
12680,Germany,Food & Refreshment,5.08,9,Premium,55,7.874,55.00000000000001,OK,True,460000,0.31,1,0.999990952514284,Strong Premium,False,54.690000000000005
12681,UK,Food & Refreshment,6.66,9,Premium,55,10.323,55.00000000000001,OK,True,520000,0.32,0,8.248669927223737e-16,Standard / Value,False,54.68000000000001
12682,Germany,Food & Refreshment,4.99,6,Standard,28,6.3872,28.000000000000004,OK,True,460000,0.31,1,0.999990952514284,Strong Premium,False,27.690000000000005
12683,Spain,Personal Care,4.57,9,Premium,60,7.312000000000001,60.00000000000001,OK,True,410000,0.3,0,3.6196737287189683e-19,Standard / Value,False,59.70000000000001
12684,UK,Personal Care,14.6,3,Value,15,16.79,14.999999999999991,OK,False,520000,0.32,0,8.248669927223737e-16,Standard / Value,True,14.67999999999999
12685,France,Food & Refreshment,2.72,5,Standard,28,3.4816000000000003,28.000000000000004,OK,True,430000,0.29,0,8.024217092590475e-16,Standard / Value,False,27.710000000000004
12686,UK,Home Care,11.13,2,Value,10,12.243000000000002,10.000000000000009,OK,True,520000,0.32,0,8.248669927223737e-16,Standard / Value,False,9.680000000000009
12687,Germany,Home Care,0.51,8,Premium,50,0.765,50.0,OK,False,460000,0.31,1,0.999990952514284,Strong Premium,True,49.69
12688,France,Food & Refreshment,9.14,4,Standard,28,11.6992,28.000000000000004,OK,True,430000,0.29,0,8.024217092590475e-16,Standard / Value,False,27.710000000000004
12689,UK,Personal Care,13.78,6,Standard,30,17.914,30.00000000000003,OK,True,520000,0.32,0,8.248669927223737e-16,Standard / Value,False,29.680000000000028
12690,Spain,Home Care,4.68,6,Standard,25,5.85,25.0,OK,False,410000,0.3,0,3.6196737287189683e-19,Standard / Value,True,24.7
12691,Spain,Home Care,3.19,5,Standard,25,3.9875,25.0,OK,False,410000,0.3,0,3.6196737287189683e-19,Standard / Value,True,24.7
12692,UK,Home Care,9.95,1,Value,10,10.945,10.000000000000009,OK,True,520000,0.32,0,8.248669927223737e-16,Standard / Value,False,9.680000000000009
12693,Spain,Food & Refreshment,10.83,7,Standard,28,13.8624,28.000000000000004,OK,True,410000,0.3,0,3.6196737287189683e-19,Standard / Value,False,27.700000000000003
12694,Spain,Home Care,10.48,10,Premium,50,15.72,50.0,OK,False,410000,0.3,0,3.6196737287189683e-19,Standard / Value,True,49.7
12695,Spain,Home Care,5.13,8,Premium,50,7.695,50.0,OK,False,410000,0.3,0,3.6196737287189683e-19,Standard / Value,True,49.7
12696,France,Home Care,4.16,1,Value,10,4.5760000000000005,10.000000000000009,OK,True,430000,0.29,0,8.024217092590475e-16,Standard / Value,False,9.71000000000001
12697,Spain,Home Care,14.36,10,Premium,50,21.54,50.0,OK,False,410000,0.3,0,3.6196737287189683e-19,Standard / Value,True,49.7
12698,Spain,Personal Care,13.89,7,Standard,30,18.057,30.000000000000004,OK,True,410000,0.3,0,3.6196737287189683e-19,Standard / Value,False,29.700000000000003
12699,Spain,Food & Refreshment,7.13,4,Standard,28,9.1264,28.000000000000004,OK,True,410000,0.3,0,3.6196737287189683e-19,Standard / Value,False,27.700000000000003
12700,France,Food & Refreshment,12.77,6,Standard,28,16.3456,28.000000000000004,OK,True,430000,0.29,0,8.024217092590475e-16,Standard / Value,False,27.710000000000004
12701,UK,Personal Care,7.06,9,Premium,60,11.296,60.00000000000001,OK,True,520000,0.32,0,8.248669927223737e-16,Standard / Value,False,59.68000000000001
12702,Germany,Personal Care,6.65,5,Standard,30,8.645000000000001,30.000000000000004,OK,True,460000,0.31,1,0.999990952514284,Strong Premium,False,29.690000000000005
12703,Spain,Food & Refreshment,2.77,8,Premium,55,4.2935,55.00000000000001,OK,True,410000,0.3,0,3.6196737287189683e-19,Standard / Value,False,54.70000000000001
12704,UK,Home Care,6.68,5,Standard,25,8.35,25.0,OK,False,520000,0.32,0,8.248669927223737e-16,Standard / Value,True,24.68
12705,Spain,Home Care,8.29,2,Value,10,9.119,10.000000000000009,OK,True,410000,0.3,0,3.6196737287189683e-19,Standard / Value,False,9.700000000000008
12706,France,Food & Refreshment,0.83,4,Standard,28,1.0624,28.000000000000004,OK,True,430000,0.29,0,8.024217092590475e-16,Standard / Value,False,27.710000000000004
12707,UK,Home Care,6.94,2,Value,10,7.634000000000001,10.000000000000009,OK,True,520000,0.32,0,8.248669927223737e-16,Standard / Value,False,9.680000000000009
12708,France,Personal Care,11.83,7,Standard,30,15.379,30.000000000000004,OK,True,430000,0.29,0,8.024217092590475e-16,Standard / Value,False,29.710000000000004
12709,Spain,Home Care,10.36,7,Standard,25,12.95,25.0,OK,False,410000,0.3,0,3.6196737287189683e-19,Standard / Value,True,24.7
12710,Spain,Home Care,9.71,3,Value,10,10.681,10.000000000000009,OK,True,410000,0.3,0,3.6196737287189683e-19,Standard / Value,False,9.700000000000008
12711,France,Home Care,13.69,7,Standard,25,17.1125,25.0,OK,False,430000,0.29,0,8.024217092590475e-16,Standard / Value,True,24.71
12712,Germany,Food & Refreshment,0.76,1,Value,12,0.8512000000000001,12.00000000000001,OK,True,460000,0.31,1,0.999990952514284,Strong Premium,False,11.69000000000001
12713,France,Personal Care,8.58,1,Value,15,9.867,14.999999999999991,OK,False,430000,0.29,0,8.024217092590475e-16,Standard / Value,True,14.709999999999992
12714,Spain,Home Care,11.92,9,Premium,50,17.88,50.0,OK,False,410000,0.3,0,3.6196737287189683e-19,Standard / Value,True,49.7
12715,France,Food & Refreshment,8.35,6,Standard,28,10.688,28.000000000000004,OK,True,430000,0.29,0,8.024217092590475e-16,Standard / Value,False,27.710000000000004
12716,Germany,Home Care,5.2,5,Standard,25,6.5,25.0,OK,False,460000,0.31,1,0.999990952514284,Strong Premium,True,24.69
12717,France,Personal Care,2.48,6,Standard,30,3.224,30.000000000000004,OK,True,430000,0.29,0,8.024217092590475e-16,Standard / Value,False,29.710000000000004
12718,Germany,Home Care,13.37,6,Standard,25,16.7125,25.0,OK,False,460000,0.31,1,0.999990952514284,Strong Premium,True,24.69
12719,Germany,Personal Care,7.33,1,Value,15,8.429499999999999,14.999999999999991,OK,False,460000,0.31,1,0.999990952514284,Strong Premium,True,14.68999999999999
12720,France,Home Care,13.23,5,Standard,25,16.5375,25.0,OK,False,430000,0.29,0,8.024217092590475e-16,Standard / Value,True,24.71
12721,France,Personal Care,8.99,9,Premium,60,14.384,60.00000000000001,OK,True,430000,0.29,0,8.024217092590475e-16,Standard / Value,False,59.71000000000001
12722,UK,Home Care,10.28,4,Standard,25,12.85,25.0,OK,False,520000,0.32,0,8.248669927223737e-16,Standard / Value,True,24.68
12723,Spain,Personal Care,12.16,3,Value,15,13.983999999999998,14.999999999999991,OK,False,410000,0.3,0,3.6196737287189683e-19,Standard / Value,True,14.69999999999999
12724,Germany,Home Care,10.06,1,Value,10,11.066,10.000000000000009,OK,True,460000,0.31,1,0.999990952514284,Strong Premium,False,9.690000000000008
12725,UK,Home Care,6.27,2,Value,10,6.897,10.000000000000009,OK,True,520000,0.32,0,8.248669927223737e-16,Standard / Value,False,9.680000000000009
12726,France,Food & Refreshment,7.95,3,Value,12,8.904000000000002,12.00000000000001,OK,True,430000,0.29,0,8.024217092590475e-16,Standard / Value,False,11.710000000000012
12727,Spain,Food & Refreshment,12.14,4,Standard,28,15.5392,28.000000000000004,OK,True,410000,0.3,0,3.6196737287189683e-19,Standard / Value,False,27.700000000000003
12728,UK,Personal Care,5.92,7,Standard,30,7.696,30.000000000000004,OK,True,520000,0.32,0,8.248669927223737e-16,Standard / Value,False,29.680000000000003
12729,Germany,Home Care,6.13,6,Standard,25,7.6625,25.0,OK,False,460000,0.31,1,0.999990952514284,Strong Premium,True,24.69
12730,UK,Personal Care,1.89,8,Premium,60,3.024,60.00000000000001,OK,True,520000,0.32,0,8.248669927223737e-16,Standard / Value,False,59.68000000000001
12731,Germany,Food & Refreshment,13.76,9,Premium,55,21.328,55.00000000000001,OK,True,460000,0.31,1,0.999990952514284,Strong Premium,False,54.690000000000005
12732,France,Personal Care,1.82,6,Standard,30,2.366,30.000000000000004,OK,True,430000,0.29,0,8.024217092590475e-16,Standard / Value,False,29.710000000000004
12733,Spain,Personal Care,9.9,7,Standard,30,12.87,30.000000000000004,OK,True,410000,0.3,0,3.6196737287189683e-19,Standard / Value,False,29.700000000000003
12734,Spain,Food & Refreshment,6.49,4,Standard,28,8.3072,28.000000000000004,OK,True,410000,0.3,0,3.6196737287189683e-19,Standard / Value,False,27.700000000000003
12735,Spain,Home Care,6.38,2,Value,10,7.018000000000001,10.000000000000009,OK,True,410000,0.3,0,3.6196737287189683e-19,Standard / Value,False,9.700000000000008
12736,France,Personal Care,10.35,9,Premium,60,16.56,59.999999999999986,OK,False,430000,0.29,0,8.024217092590475e-16,Standard / Value,True,59.70999999999999
12737,Germany,Food & Refreshment,1.47,9,Premium,55,2.2785,55.00000000000003,OK,True,460000,0.31,1,0.999990952514284,Strong Premium,False,54.690000000000026
12738,France,Home Care,9.11,4,Standard,25,11.3875,25.0,OK,False,430000,0.29,0,8.024217092590475e-16,Standard / Value,True,24.71
12739,Spain,Food & Refreshment,11.69,3,Value,12,13.0928,12.00000000000001,OK,True,410000,0.3,0,3.6196737287189683e-19,Standard / Value,False,11.70000000000001
12740,France,Personal Care,12.51,10,Premium,60,20.016,60.00000000000001,OK,True,430000,0.29,0,8.024217092590475e-16,Standard / Value,False,59.71000000000001
12741,France,Home Care,2.97,6,Standard,25,3.7125,25.0,OK,False,430000,0.29,0,8.024217092590475e-16,Standard / Value,True,24.71
12742,France,Home Care,13.51,3,Value,10,14.861,10.000000000000009,OK,True,430000,0.29,0,8.024217092590475e-16,Standard / Value,False,9.71000000000001
12743,Germany,Food & Refreshment,10.01,1,Value,12,11.211200000000002,12.00000000000001,OK,True,460000,0.31,1,0.999990952514284,Strong Premium,False,11.69000000000001
12744,UK,Food & Refreshment,13.29,4,Standard,28,17.0112,28.000000000000004,OK,True,520000,0.32,0,8.248669927223737e-16,Standard / Value,False,27.680000000000003
12745,UK,Food & Refreshment,7.54,1,Value,12,8.4448,12.00000000000001,OK,True,520000,0.32,0,8.248669927223737e-16,Standard / Value,False,11.68000000000001
12746,France,Home Care,8.36,2,Value,10,9.196,10.000000000000009,OK,True,430000,0.29,0,8.024217092590475e-16,Standard / Value,False,9.71000000000001
12747,UK,Home Care,13.83,3,Value,10,15.213,10.000000000000009,OK,True,520000,0.32,0,8.248669927223737e-16,Standard / Value,False,9.680000000000009
12748,UK,Personal Care,13.55,8,Premium,60,21.680000000000003,60.00000000000001,OK,True,520000,0.32,0,8.248669927223737e-16,Standard / Value,False,59.68000000000001
12749,France,Home Care,7.0,10,Premium,50,10.5,50.0,OK,False,430000,0.29,0,8.024217092590475e-16,Standard / Value,True,49.71
12750,France,Personal Care,4.48,4,Standard,30,5.824000000000001,30.000000000000004,OK,True,430000,0.29,0,8.024217092590475e-16,Standard / Value,False,29.710000000000004
12751,Spain,Food & Refreshment,6.2,4,Standard,28,7.936000000000001,28.000000000000004,OK,True,410000,0.3,0,3.6196737287189683e-19,Standard / Value,False,27.700000000000003
12752,UK,Food & Refreshment,6.12,10,Premium,55,9.486,55.00000000000001,OK,True,520000,0.32,0,8.248669927223737e-16,Standard / Value,False,54.68000000000001
12753,Germany,Home Care,4.66,9,Premium,50,6.99,50.0,OK,False,460000,0.31,1,0.999990952514284,Strong Premium,True,49.69
12754,France,Food & Refreshment,4.39,7,Standard,28,5.619199999999999,28.000000000000004,OK,True,430000,0.29,0,8.024217092590475e-16,Standard / Value,False,27.710000000000004
12755,Spain,Food & Refreshment,12.99,2,Value,12,14.548800000000002,12.00000000000001,OK,True,410000,0.3,0,3.6196737287189683e-19,Standard / Value,False,11.70000000000001
12756,Germany,Home Care,1.51,3,Value,10,1.6610000000000005,10.000000000000009,OK,True,460000,0.31,1,0.999990952514284,Strong Premium,False,9.690000000000008
12757,UK,Personal Care,10.33,4,Standard,30,13.429,30.000000000000004,OK,True,520000,0.32,0,8.248669927223737e-16,Standard / Value,False,29.680000000000003
12758,Spain,Home Care,3.01,4,Standard,25,3.7625,25.0,OK,False,410000,0.3,0,3.6196737287189683e-19,Standard / Value,True,24.7
12759,France,Personal Care,5.5,10,Premium,60,8.8,60.00000000000001,OK,True,430000,0.29,0,8.024217092590475e-16,Standard / Value,False,59.71000000000001
12760,Germany,Home Care,1.39,8,Premium,50,2.085,50.0,OK,False,460000,0.31,1,0.999990952514284,Strong Premium,True,49.69
12761,France,Home Care,4.41,10,Premium,50,6.615,50.0,OK,False,430000,0.29,0,8.024217092590475e-16,Standard / Value,True,49.71
12762,UK,Food & Refreshment,11.64,10,Premium,55,18.042,55.00000000000001,OK,True,520000,0.32,0,8.248669927223737e-16,Standard / Value,False,54.68000000000001
12763,Germany,Home Care,13.33,6,Standard,25,16.6625,25.0,OK,False,460000,0.31,1,0.999990952514284,Strong Premium,True,24.69
12764,UK,Home Care,3.71,3,Value,10,4.081,10.000000000000009,OK,True,520000,0.32,0,8.248669927223737e-16,Standard / Value,False,9.680000000000009
12765,UK,Personal Care,7.22,9,Premium,60,11.552,60.00000000000001,OK,True,520000,0.32,0,8.248669927223737e-16,Standard / Value,False,59.68000000000001
12766,Spain,Food & Refreshment,7.32,10,Premium,55,11.346,55.00000000000001,OK,True,410000,0.3,0,3.6196737287189683e-19,Standard / Value,False,54.70000000000001
12767,France,Personal Care,13.17,8,Premium,60,21.072000000000003,60.00000000000003,OK,True,430000,0.29,0,8.024217092590475e-16,Standard / Value,False,59.71000000000003
12768,Germany,Personal Care,11.56,9,Premium,60,18.496,60.00000000000001,OK,True,460000,0.31,1,0.999990952514284,Strong Premium,False,59.690000000000005
12769,UK,Food & Refreshment,7.94,5,Standard,28,10.163200000000002,28.000000000000004,OK,True,520000,0.32,0,8.248669927223737e-16,Standard / Value,False,27.680000000000003
12770,UK,Food & Refreshment,10.23,3,Value,12,11.4576,12.00000000000001,OK,True,520000,0.32,0,8.248669927223737e-16,Standard / Value,False,11.68000000000001
12771,Germany,Food & Refreshment,12.79,4,Standard,28,16.371199999999998,28.000000000000004,OK,True,460000,0.31,1,0.999990952514284,Strong Premium,False,27.690000000000005
12772,UK,Home Care,0.64,5,Standard,25,0.8,25.0,OK,False,520000,0.32,0,8.248669927223737e-16,Standard / Value,True,24.68
12773,Spain,Food & Refreshment,6.34,9,Premium,55,9.827,55.00000000000001,OK,True,410000,0.3,0,3.6196737287189683e-19,Standard / Value,False,54.70000000000001
12774,Spain,Food & Refreshment,13.66,9,Premium,55,21.173,55.00000000000001,OK,True,410000,0.3,0,3.6196737287189683e-19,Standard / Value,False,54.70000000000001
12775,Spain,Food & Refreshment,11.23,3,Value,12,12.577600000000002,12.00000000000001,OK,True,410000,0.3,0,3.6196737287189683e-19,Standard / Value,False,11.70000000000001
12776,Spain,Personal Care,8.37,7,Standard,30,10.881,30.000000000000004,OK,True,410000,0.3,0,3.6196737287189683e-19,Standard / Value,False,29.700000000000003
12777,UK,Personal Care,8.18,6,Standard,30,10.634,30.000000000000004,OK,True,520000,0.32,0,8.248669927223737e-16,Standard / Value,False,29.680000000000003
12778,Germany,Home Care,5.54,4,Standard,25,6.925,25.0,OK,False,460000,0.31,1,0.999990952514284,Strong Premium,True,24.69
12779,Germany,Personal Care,8.05,5,Standard,30,10.465000000000002,30.000000000000004,OK,True,460000,0.31,1,0.999990952514284,Strong Premium,False,29.690000000000005
12780,Germany,Home Care,10.0,10,Premium,50,15.0,50.0,OK,False,460000,0.31,1,0.999990952514284,Strong Premium,True,49.69
12781,Germany,Personal Care,6.57,2,Value,15,7.555499999999999,14.999999999999991,OK,False,460000,0.31,1,0.999990952514284,Strong Premium,True,14.68999999999999
12782,France,Food & Refreshment,10.86,7,Standard,28,13.9008,28.000000000000004,OK,True,430000,0.29,0,8.024217092590475e-16,Standard / Value,False,27.710000000000004
12783,Germany,Personal Care,12.99,4,Standard,30,16.887,30.000000000000004,OK,True,460000,0.31,1,0.999990952514284,Strong Premium,False,29.690000000000005
12784,France,Home Care,2.74,2,Value,10,3.0140000000000007,10.000000000000009,OK,True,430000,0.29,0,8.024217092590475e-16,Standard / Value,False,9.71000000000001
12785,France,Personal Care,7.05,6,Standard,30,9.165,30.00000000000003,OK,True,430000,0.29,0,8.024217092590475e-16,Standard / Value,False,29.71000000000003
12786,Spain,Food & Refreshment,6.42,2,Value,12,7.1904,12.00000000000001,OK,True,410000,0.3,0,3.6196737287189683e-19,Standard / Value,False,11.70000000000001
12787,France,Home Care,10.47,10,Premium,50,15.705000000000002,50.0,OK,False,430000,0.29,0,8.024217092590475e-16,Standard / Value,True,49.71
12788,UK,Food & Refreshment,4.12,2,Value,12,4.614400000000001,12.00000000000001,OK,True,520000,0.32,0,8.248669927223737e-16,Standard / Value,False,11.68000000000001
12789,France,Food & Refreshment,9.78,7,Standard,28,12.5184,28.000000000000004,OK,True,430000,0.29,0,8.024217092590475e-16,Standard / Value,False,27.710000000000004
12790,Spain,Home Care,13.22,1,Value,10,14.542000000000002,10.000000000000009,OK,True,410000,0.3,0,3.6196737287189683e-19,Standard / Value,False,9.700000000000008
12791,France,Food & Refreshment,6.56,7,Standard,28,8.396799999999999,27.99999999999998,OK,False,430000,0.29,0,8.024217092590475e-16,Standard / Value,True,27.70999999999998
12792,UK,Food & Refreshment,13.71,10,Premium,55,21.2505,55.00000000000001,OK,True,520000,0.32,0,8.248669927223737e-16,Standard / Value,False,54.68000000000001
12793,UK,Personal Care,14.9,5,Standard,30,19.37,30.000000000000004,OK,True,520000,0.32,0,8.248669927223737e-16,Standard / Value,False,29.680000000000003
12794,UK,Food & Refreshment,2.04,1,Value,12,2.2848,12.00000000000001,OK,True,520000,0.32,0,8.248669927223737e-16,Standard / Value,False,11.68000000000001
12795,Spain,Food & Refreshment,3.88,6,Standard,28,4.9664,28.000000000000004,OK,True,410000,0.3,0,3.6196737287189683e-19,Standard / Value,False,27.700000000000003
12796,Spain,Food & Refreshment,14.28,7,Standard,28,18.2784,28.000000000000025,OK,True,410000,0.3,0,3.6196737287189683e-19,Standard / Value,False,27.700000000000024
12797,Germany,Food & Refreshment,14.4,1,Value,12,16.128000000000004,12.000000000000032,OK,True,460000,0.31,1,0.999990952514284,Strong Premium,False,11.690000000000031
12798,Spain,Home Care,1.92,9,Premium,50,2.88,50.0,OK,False,410000,0.3,0,3.6196737287189683e-19,Standard / Value,True,49.7
12799,UK,Personal Care,0.72,7,Standard,30,0.936,30.000000000000004,OK,True,520000,0.32,0,8.248669927223737e-16,Standard / Value,False,29.680000000000003
12800,UK,Food & Refreshment,2.84,1,Value,12,3.1808,12.00000000000001,OK,True,520000,0.32,0,8.248669927223737e-16,Standard / Value,False,11.68000000000001
12801,Spain,Food & Refreshment,14.94,3,Value,12,16.7328,12.00000000000001,OK,True,410000,0.3,0,3.6196737287189683e-19,Standard / Value,False,11.70000000000001
12802,France,Home Care,3.11,5,Standard,25,3.8875,25.0,OK,False,430000,0.29,0,8.024217092590475e-16,Standard / Value,True,24.71
12803,Spain,Food & Refreshment,7.79,4,Standard,28,9.9712,28.000000000000004,OK,True,410000,0.3,0,3.6196737287189683e-19,Standard / Value,False,27.700000000000003
12804,Spain,Home Care,12.8,2,Value,10,14.080000000000002,10.000000000000009,OK,True,410000,0.3,0,3.6196737287189683e-19,Standard / Value,False,9.700000000000008
12805,UK,Personal Care,0.8,1,Value,15,0.92,14.999999999999991,OK,False,520000,0.32,0,8.248669927223737e-16,Standard / Value,True,14.67999999999999
12806,Germany,Personal Care,9.27,4,Standard,30,12.051,30.000000000000004,OK,True,460000,0.31,1,0.999990952514284,Strong Premium,False,29.690000000000005
12807,UK,Food & Refreshment,4.52,7,Standard,28,5.7856,28.000000000000004,OK,True,520000,0.32,0,8.248669927223737e-16,Standard / Value,False,27.680000000000003
12808,Germany,Food & Refreshment,13.0,4,Standard,28,16.64,28.000000000000004,OK,True,460000,0.31,1,0.999990952514284,Strong Premium,False,27.690000000000005
12809,UK,Food & Refreshment,4.61,9,Premium,55,7.145500000000001,55.00000000000001,OK,True,520000,0.32,0,8.248669927223737e-16,Standard / Value,False,54.68000000000001
12810,Spain,Home Care,10.46,8,Premium,50,15.69,50.0,OK,False,410000,0.3,0,3.6196737287189683e-19,Standard / Value,True,49.7
12811,UK,Food & Refreshment,10.28,8,Premium,55,15.934,55.00000000000001,OK,True,520000,0.32,0,8.248669927223737e-16,Standard / Value,False,54.68000000000001
12812,UK,Food & Refreshment,3.71,5,Standard,28,4.7488,28.000000000000004,OK,True,520000,0.32,0,8.248669927223737e-16,Standard / Value,False,27.680000000000003
12813,UK,Personal Care,1.0,1,Value,15,1.15,14.999999999999991,OK,False,520000,0.32,0,8.248669927223737e-16,Standard / Value,True,14.67999999999999
12814,Spain,Food & Refreshment,6.43,9,Premium,55,9.9665,55.00000000000001,OK,True,410000,0.3,0,3.6196737287189683e-19,Standard / Value,False,54.70000000000001
12815,Spain,Personal Care,4.69,2,Value,15,5.3935,14.999999999999991,OK,False,410000,0.3,0,3.6196737287189683e-19,Standard / Value,True,14.69999999999999
12816,Spain,Food & Refreshment,12.23,6,Standard,28,15.6544,28.000000000000004,OK,True,410000,0.3,0,3.6196737287189683e-19,Standard / Value,False,27.700000000000003
12817,Spain,Personal Care,12.11,10,Premium,60,19.376,60.00000000000001,OK,True,410000,0.3,0,3.6196737287189683e-19,Standard / Value,False,59.70000000000001
12818,Germany,Food & Refreshment,7.13,5,Standard,28,9.1264,28.000000000000004,OK,True,460000,0.31,1,0.999990952514284,Strong Premium,False,27.690000000000005
12819,Germany,Personal Care,9.29,10,Premium,60,14.864,60.00000000000001,OK,True,460000,0.31,1,0.999990952514284,Strong Premium,False,59.690000000000005
12820,France,Home Care,9.26,8,Premium,50,13.89,50.0,OK,False,430000,0.29,0,8.024217092590475e-16,Standard / Value,True,49.71
12821,Spain,Personal Care,12.49,3,Value,15,14.363499999999998,14.999999999999991,OK,False,410000,0.3,0,3.6196737287189683e-19,Standard / Value,True,14.69999999999999
12822,Germany,Personal Care,6.66,6,Standard,30,8.658000000000001,30.00000000000003,OK,True,460000,0.31,1,0.999990952514284,Strong Premium,False,29.69000000000003
12823,UK,Personal Care,4.49,6,Standard,30,5.837000000000001,30.000000000000004,OK,True,520000,0.32,0,8.248669927223737e-16,Standard / Value,False,29.680000000000003
12824,Spain,Food & Refreshment,4.34,10,Premium,55,6.727,55.00000000000001,OK,True,410000,0.3,0,3.6196737287189683e-19,Standard / Value,False,54.70000000000001
12825,France,Food & Refreshment,8.27,3,Value,12,9.2624,12.00000000000001,OK,True,430000,0.29,0,8.024217092590475e-16,Standard / Value,False,11.710000000000012
12826,France,Food & Refreshment,7.01,7,Standard,28,8.9728,28.000000000000004,OK,True,430000,0.29,0,8.024217092590475e-16,Standard / Value,False,27.710000000000004
12827,France,Home Care,6.88,4,Standard,25,8.6,25.0,OK,False,430000,0.29,0,8.024217092590475e-16,Standard / Value,True,24.71
12828,UK,Home Care,1.82,5,Standard,25,2.275,25.0,OK,False,520000,0.32,0,8.248669927223737e-16,Standard / Value,True,24.68
12829,Germany,Personal Care,10.92,9,Premium,60,17.472,60.00000000000001,OK,True,460000,0.31,1,0.999990952514284,Strong Premium,False,59.690000000000005
12830,UK,Home Care,3.6,6,Standard,25,4.5,25.0,OK,False,520000,0.32,0,8.248669927223737e-16,Standard / Value,True,24.68
12831,Spain,Personal Care,3.36,10,Premium,60,5.376,60.00000000000001,OK,True,410000,0.3,0,3.6196737287189683e-19,Standard / Value,False,59.70000000000001
12832,France,Personal Care,6.48,4,Standard,30,8.424000000000001,30.000000000000004,OK,True,430000,0.29,0,8.024217092590475e-16,Standard / Value,False,29.710000000000004
12833,UK,Personal Care,3.8,8,Premium,60,6.08,60.00000000000001,OK,True,520000,0.32,0,8.248669927223737e-16,Standard / Value,False,59.68000000000001
12834,UK,Home Care,8.97,9,Premium,50,13.455000000000002,50.0,OK,False,520000,0.32,0,8.248669927223737e-16,Standard / Value,True,49.68
12835,Germany,Food & Refreshment,5.89,10,Premium,55,9.1295,55.00000000000001,OK,True,460000,0.31,1,0.999990952514284,Strong Premium,False,54.690000000000005
12836,Germany,Home Care,7.01,5,Standard,25,8.7625,25.0,OK,False,460000,0.31,1,0.999990952514284,Strong Premium,True,24.69
12837,France,Personal Care,8.29,2,Value,15,9.533499999999998,14.999999999999991,OK,False,430000,0.29,0,8.024217092590475e-16,Standard / Value,True,14.709999999999992
12838,UK,Personal Care,3.45,6,Standard,30,4.485,30.000000000000004,OK,True,520000,0.32,0,8.248669927223737e-16,Standard / Value,False,29.680000000000003
12839,UK,Home Care,2.76,8,Premium,50,4.14,50.0,OK,False,520000,0.32,0,8.248669927223737e-16,Standard / Value,True,49.68
12840,Germany,Personal Care,13.27,5,Standard,30,17.251,30.000000000000004,OK,True,460000,0.31,1,0.999990952514284,Strong Premium,False,29.690000000000005
12841,UK,Personal Care,6.79,1,Value,15,7.8085,14.999999999999991,OK,False,520000,0.32,0,8.248669927223737e-16,Standard / Value,True,14.67999999999999
12842,UK,Home Care,6.48,8,Premium,50,9.72,50.0,OK,False,520000,0.32,0,8.248669927223737e-16,Standard / Value,True,49.68
12843,UK,Home Care,1.02,9,Premium,50,1.53,50.0,OK,False,520000,0.32,0,8.248669927223737e-16,Standard / Value,True,49.68
12844,Germany,Home Care,7.72,1,Value,10,8.492,10.000000000000009,OK,True,460000,0.31,1,0.999990952514284,Strong Premium,False,9.690000000000008
12845,France,Personal Care,8.54,8,Premium,60,13.664,60.00000000000001,OK,True,430000,0.29,0,8.024217092590475e-16,Standard / Value,False,59.71000000000001
12846,Spain,Personal Care,8.6,10,Premium,60,13.76,60.00000000000001,OK,True,410000,0.3,0,3.6196737287189683e-19,Standard / Value,False,59.70000000000001
12847,France,Food & Refreshment,10.75,2,Value,12,12.04,12.00000000000001,OK,True,430000,0.29,0,8.024217092590475e-16,Standard / Value,False,11.710000000000012
12848,Spain,Food & Refreshment,3.07,4,Standard,28,3.9296,28.000000000000004,OK,True,410000,0.3,0,3.6196737287189683e-19,Standard / Value,False,27.700000000000003
12849,UK,Home Care,4.16,2,Value,10,4.5760000000000005,10.000000000000009,OK,True,520000,0.32,0,8.248669927223737e-16,Standard / Value,False,9.680000000000009
12850,France,Food & Refreshment,12.26,2,Value,12,13.7312,12.00000000000001,OK,True,430000,0.29,0,8.024217092590475e-16,Standard / Value,False,11.710000000000012
12851,Spain,Personal Care,14.23,10,Premium,60,22.768,60.00000000000001,OK,True,410000,0.3,0,3.6196737287189683e-19,Standard / Value,False,59.70000000000001
12852,Germany,Food & Refreshment,2.47,3,Value,12,2.7664000000000004,12.00000000000001,OK,True,460000,0.31,1,0.999990952514284,Strong Premium,False,11.69000000000001
12853,Germany,Personal Care,7.72,8,Premium,60,12.352,60.00000000000001,OK,True,460000,0.31,1,0.999990952514284,Strong Premium,False,59.690000000000005
12854,France,Home Care,3.61,4,Standard,25,4.5125,25.0,OK,False,430000,0.29,0,8.024217092590475e-16,Standard / Value,True,24.71
12855,France,Home Care,1.37,7,Standard,25,1.7125,25.0,OK,False,430000,0.29,0,8.024217092590475e-16,Standard / Value,True,24.71
12856,UK,Personal Care,5.22,10,Premium,60,8.352,60.00000000000001,OK,True,520000,0.32,0,8.248669927223737e-16,Standard / Value,False,59.68000000000001
12857,France,Food & Refreshment,2.58,3,Value,12,2.8896,12.00000000000001,OK,True,430000,0.29,0,8.024217092590475e-16,Standard / Value,False,11.710000000000012
12858,UK,Home Care,10.79,10,Premium,50,16.185,50.0,OK,False,520000,0.32,0,8.248669927223737e-16,Standard / Value,True,49.68
12859,UK,Home Care,8.24,3,Value,10,9.064000000000002,10.000000000000009,OK,True,520000,0.32,0,8.248669927223737e-16,Standard / Value,False,9.680000000000009
12860,Germany,Food & Refreshment,2.59,2,Value,12,2.9008000000000003,12.00000000000001,OK,True,460000,0.31,1,0.999990952514284,Strong Premium,False,11.69000000000001
12861,Germany,Food & Refreshment,0.63,6,Standard,28,0.8064,28.000000000000004,OK,True,460000,0.31,1,0.999990952514284,Strong Premium,False,27.690000000000005
12862,Spain,Personal Care,12.22,6,Standard,30,15.886,30.000000000000004,OK,True,410000,0.3,0,3.6196737287189683e-19,Standard / Value,False,29.700000000000003
12863,Germany,Food & Refreshment,3.05,1,Value,12,3.416,12.00000000000001,OK,True,460000,0.31,1,0.999990952514284,Strong Premium,False,11.69000000000001
12864,Germany,Food & Refreshment,9.29,7,Standard,28,11.8912,28.000000000000004,OK,True,460000,0.31,1,0.999990952514284,Strong Premium,False,27.690000000000005
12865,France,Food & Refreshment,5.39,4,Standard,28,6.8992,28.000000000000004,OK,True,430000,0.29,0,8.024217092590475e-16,Standard / Value,False,27.710000000000004
12866,Germany,Personal Care,8.99,3,Value,15,10.3385,14.999999999999991,OK,False,460000,0.31,1,0.999990952514284,Strong Premium,True,14.68999999999999
12867,Spain,Personal Care,5.08,8,Premium,60,8.128,60.00000000000001,OK,True,410000,0.3,0,3.6196737287189683e-19,Standard / Value,False,59.70000000000001
12868,France,Home Care,1.76,2,Value,10,1.936,10.000000000000009,OK,True,430000,0.29,0,8.024217092590475e-16,Standard / Value,False,9.71000000000001
12869,Spain,Personal Care,3.73,9,Premium,60,5.968,60.00000000000001,OK,True,410000,0.3,0,3.6196737287189683e-19,Standard / Value,False,59.70000000000001
12870,Germany,Home Care,3.23,8,Premium,50,4.845,50.0,OK,False,460000,0.31,1,0.999990952514284,Strong Premium,True,49.69
12871,Spain,Food & Refreshment,6.71,8,Premium,55,10.4005,55.00000000000001,OK,True,410000,0.3,0,3.6196737287189683e-19,Standard / Value,False,54.70000000000001
12872,France,Home Care,10.05,3,Value,10,11.055,10.000000000000009,OK,True,430000,0.29,0,8.024217092590475e-16,Standard / Value,False,9.71000000000001
12873,UK,Home Care,4.33,4,Standard,25,5.4125,25.0,OK,False,520000,0.32,0,8.248669927223737e-16,Standard / Value,True,24.68
12874,Spain,Food & Refreshment,0.68,2,Value,12,0.7616000000000002,12.00000000000001,OK,True,410000,0.3,0,3.6196737287189683e-19,Standard / Value,False,11.70000000000001
12875,Spain,Home Care,8.02,2,Value,10,8.822000000000001,10.000000000000009,OK,True,410000,0.3,0,3.6196737287189683e-19,Standard / Value,False,9.700000000000008
12876,France,Personal Care,9.28,4,Standard,30,12.064,30.000000000000004,OK,True,430000,0.29,0,8.024217092590475e-16,Standard / Value,False,29.710000000000004
12877,France,Personal Care,14.46,6,Standard,30,18.798,30.000000000000004,OK,True,430000,0.29,0,8.024217092590475e-16,Standard / Value,False,29.710000000000004
12878,Spain,Personal Care,9.05,5,Standard,30,11.765,30.000000000000004,OK,True,410000,0.3,0,3.6196737287189683e-19,Standard / Value,False,29.700000000000003
12879,Germany,Personal Care,7.33,1,Value,15,8.429499999999999,14.999999999999991,OK,False,460000,0.31,1,0.999990952514284,Strong Premium,True,14.68999999999999
12880,Spain,Home Care,8.81,10,Premium,50,13.215,50.0,OK,False,410000,0.3,0,3.6196737287189683e-19,Standard / Value,True,49.7
12881,France,Home Care,13.95,1,Value,10,15.345,10.000000000000009,OK,True,430000,0.29,0,8.024217092590475e-16,Standard / Value,False,9.71000000000001
12882,UK,Food & Refreshment,12.51,6,Standard,28,16.0128,27.99999999999998,OK,False,520000,0.32,0,8.248669927223737e-16,Standard / Value,True,27.67999999999998
12883,UK,Home Care,5.18,3,Value,10,5.698,10.000000000000009,OK,True,520000,0.32,0,8.248669927223737e-16,Standard / Value,False,9.680000000000009
12884,Germany,Home Care,3.94,3,Value,10,4.3340000000000005,10.000000000000009,OK,True,460000,0.31,1,0.999990952514284,Strong Premium,False,9.690000000000008
12885,Spain,Home Care,4.31,7,Standard,25,5.387499999999999,25.0,OK,False,410000,0.3,0,3.6196737287189683e-19,Standard / Value,True,24.7
12886,UK,Food & Refreshment,7.81,1,Value,12,8.747200000000001,12.00000000000001,OK,True,520000,0.32,0,8.248669927223737e-16,Standard / Value,False,11.68000000000001
12887,Spain,Personal Care,11.29,1,Value,15,12.983499999999998,14.999999999999991,OK,False,410000,0.3,0,3.6196737287189683e-19,Standard / Value,True,14.69999999999999
12888,France,Home Care,7.8,10,Premium,50,11.7,50.0,OK,False,430000,0.29,0,8.024217092590475e-16,Standard / Value,True,49.71
12889,UK,Food & Refreshment,1.48,3,Value,12,1.6576000000000002,12.00000000000001,OK,True,520000,0.32,0,8.248669927223737e-16,Standard / Value,False,11.68000000000001
12890,Germany,Food & Refreshment,10.99,8,Premium,55,17.0345,55.00000000000001,OK,True,460000,0.31,1,0.999990952514284,Strong Premium,False,54.690000000000005
12891,France,Food & Refreshment,12.19,1,Value,12,13.6528,12.00000000000001,OK,True,430000,0.29,0,8.024217092590475e-16,Standard / Value,False,11.710000000000012
12892,Germany,Personal Care,4.7,10,Premium,60,7.52,60.00000000000001,OK,True,460000,0.31,1,0.999990952514284,Strong Premium,False,59.690000000000005
12893,France,Home Care,10.13,4,Standard,25,12.6625,25.0,OK,False,430000,0.29,0,8.024217092590475e-16,Standard / Value,True,24.71
12894,UK,Food & Refreshment,6.69,9,Premium,55,10.3695,55.00000000000001,OK,True,520000,0.32,0,8.248669927223737e-16,Standard / Value,False,54.68000000000001
12895,Germany,Personal Care,13.39,4,Standard,30,17.407,30.000000000000004,OK,True,460000,0.31,1,0.999990952514284,Strong Premium,False,29.690000000000005
12896,Germany,Food & Refreshment,12.76,10,Premium,55,19.778,54.999999999999986,OK,False,460000,0.31,1,0.999990952514284,Strong Premium,True,54.68999999999998
12897,France,Food & Refreshment,8.12,8,Premium,55,12.586,55.00000000000001,OK,True,430000,0.29,0,8.024217092590475e-16,Standard / Value,False,54.71000000000001
12898,Germany,Food & Refreshment,10.53,7,Standard,28,13.4784,28.000000000000004,OK,True,460000,0.31,1,0.999990952514284,Strong Premium,False,27.690000000000005
12899,France,Food & Refreshment,13.31,3,Value,12,14.9072,12.00000000000001,OK,True,430000,0.29,0,8.024217092590475e-16,Standard / Value,False,11.710000000000012
12900,France,Food & Refreshment,7.69,7,Standard,28,9.8432,28.000000000000004,OK,True,430000,0.29,0,8.024217092590475e-16,Standard / Value,False,27.710000000000004
12901,France,Personal Care,5.04,7,Standard,30,6.5520000000000005,30.000000000000004,OK,True,430000,0.29,0,8.024217092590475e-16,Standard / Value,False,29.710000000000004
12902,France,Home Care,11.43,10,Premium,50,17.145,50.0,OK,False,430000,0.29,0,8.024217092590475e-16,Standard / Value,True,49.71
12903,UK,Home Care,3.69,3,Value,10,4.059,10.000000000000009,OK,True,520000,0.32,0,8.248669927223737e-16,Standard / Value,False,9.680000000000009
12904,France,Home Care,6.13,2,Value,10,6.743,10.000000000000009,OK,True,430000,0.29,0,8.024217092590475e-16,Standard / Value,False,9.71000000000001
12905,Spain,Home Care,13.05,9,Premium,50,19.575000000000003,50.00000000000002,OK,True,410000,0.3,0,3.6196737287189683e-19,Standard / Value,False,49.700000000000024
12906,Germany,Personal Care,11.0,1,Value,15,12.65,14.999999999999991,OK,False,460000,0.31,1,0.999990952514284,Strong Premium,True,14.68999999999999
12907,Spain,Personal Care,6.36,7,Standard,30,8.268,30.000000000000004,OK,True,410000,0.3,0,3.6196737287189683e-19,Standard / Value,False,29.700000000000003
12908,UK,Personal Care,3.61,4,Standard,30,4.693,30.000000000000004,OK,True,520000,0.32,0,8.248669927223737e-16,Standard / Value,False,29.680000000000003
12909,Spain,Food & Refreshment,5.66,2,Value,12,6.339200000000001,12.00000000000001,OK,True,410000,0.3,0,3.6196737287189683e-19,Standard / Value,False,11.70000000000001
12910,Germany,Food & Refreshment,4.62,2,Value,12,5.1744,12.00000000000001,OK,True,460000,0.31,1,0.999990952514284,Strong Premium,False,11.69000000000001
12911,Spain,Food & Refreshment,3.05,8,Premium,55,4.7275,55.00000000000001,OK,True,410000,0.3,0,3.6196737287189683e-19,Standard / Value,False,54.70000000000001
12912,UK,Home Care,11.28,7,Standard,25,14.1,25.0,OK,False,520000,0.32,0,8.248669927223737e-16,Standard / Value,True,24.68
12913,France,Food & Refreshment,4.16,7,Standard,28,5.324800000000001,28.000000000000004,OK,True,430000,0.29,0,8.024217092590475e-16,Standard / Value,False,27.710000000000004
12914,Spain,Home Care,7.09,5,Standard,25,8.8625,25.00000000000002,OK,True,410000,0.3,0,3.6196737287189683e-19,Standard / Value,False,24.70000000000002
12915,UK,Food & Refreshment,6.09,10,Premium,55,9.4395,55.00000000000001,OK,True,520000,0.32,0,8.248669927223737e-16,Standard / Value,False,54.68000000000001
12916,UK,Home Care,14.74,8,Premium,50,22.11,50.0,OK,False,520000,0.32,0,8.248669927223737e-16,Standard / Value,True,49.68
12917,Germany,Food & Refreshment,6.17,2,Value,12,6.910400000000001,12.00000000000001,OK,True,460000,0.31,1,0.999990952514284,Strong Premium,False,11.69000000000001
12918,Germany,Food & Refreshment,1.66,2,Value,12,1.8592,12.00000000000001,OK,True,460000,0.31,1,0.999990952514284,Strong Premium,False,11.69000000000001
12919,Spain,Personal Care,1.8,5,Standard,30,2.3400000000000003,30.000000000000004,OK,True,410000,0.3,0,3.6196737287189683e-19,Standard / Value,False,29.700000000000003
12920,France,Food & Refreshment,9.07,1,Value,12,10.158400000000002,12.00000000000001,OK,True,430000,0.29,0,8.024217092590475e-16,Standard / Value,False,11.710000000000012
12921,UK,Food & Refreshment,9.19,6,Standard,28,11.7632,28.000000000000004,OK,True,520000,0.32,0,8.248669927223737e-16,Standard / Value,False,27.680000000000003
12922,Spain,Personal Care,6.57,4,Standard,30,8.541,30.000000000000004,OK,True,410000,0.3,0,3.6196737287189683e-19,Standard / Value,False,29.700000000000003
12923,UK,Home Care,6.76,6,Standard,25,8.45,25.0,OK,False,520000,0.32,0,8.248669927223737e-16,Standard / Value,True,24.68
12924,UK,Personal Care,1.28,7,Standard,30,1.664,30.000000000000004,OK,True,520000,0.32,0,8.248669927223737e-16,Standard / Value,False,29.680000000000003
12925,France,Personal Care,7.99,3,Value,15,9.1885,14.999999999999991,OK,False,430000,0.29,0,8.024217092590475e-16,Standard / Value,True,14.709999999999992
12926,France,Home Care,7.82,8,Premium,50,11.73,50.0,OK,False,430000,0.29,0,8.024217092590475e-16,Standard / Value,True,49.71
12927,Spain,Food & Refreshment,2.67,7,Standard,28,3.4176,28.000000000000004,OK,True,410000,0.3,0,3.6196737287189683e-19,Standard / Value,False,27.700000000000003
12928,France,Home Care,2.01,1,Value,10,2.211,10.000000000000009,OK,True,430000,0.29,0,8.024217092590475e-16,Standard / Value,False,9.71000000000001
12929,France,Food & Refreshment,2.29,6,Standard,28,2.9312,28.000000000000004,OK,True,430000,0.29,0,8.024217092590475e-16,Standard / Value,False,27.710000000000004
12930,Spain,Food & Refreshment,1.96,7,Standard,28,2.5088,28.000000000000004,OK,True,410000,0.3,0,3.6196737287189683e-19,Standard / Value,False,27.700000000000003
12931,France,Home Care,9.34,4,Standard,25,11.675,25.0,OK,False,430000,0.29,0,8.024217092590475e-16,Standard / Value,True,24.71
12932,Germany,Personal Care,3.35,2,Value,15,3.8525,14.999999999999991,OK,False,460000,0.31,1,0.999990952514284,Strong Premium,True,14.68999999999999
12933,UK,Home Care,4.15,10,Premium,50,6.2250000000000005,50.0,OK,False,520000,0.32,0,8.248669927223737e-16,Standard / Value,True,49.68
12934,UK,Food & Refreshment,3.02,9,Premium,55,4.681,55.00000000000001,OK,True,520000,0.32,0,8.248669927223737e-16,Standard / Value,False,54.68000000000001
12935,UK,Home Care,14.39,7,Standard,25,17.9875,25.0,OK,False,520000,0.32,0,8.248669927223737e-16,Standard / Value,True,24.68
12936,UK,Home Care,12.89,1,Value,10,14.179000000000002,10.000000000000009,OK,True,520000,0.32,0,8.248669927223737e-16,Standard / Value,False,9.680000000000009
12937,Spain,Food & Refreshment,3.84,8,Premium,55,5.952,55.00000000000001,OK,True,410000,0.3,0,3.6196737287189683e-19,Standard / Value,False,54.70000000000001
12938,UK,Personal Care,5.25,3,Value,15,6.0375,14.999999999999991,OK,False,520000,0.32,0,8.248669927223737e-16,Standard / Value,True,14.67999999999999
12939,UK,Home Care,3.54,4,Standard,25,4.425,25.0,OK,False,520000,0.32,0,8.248669927223737e-16,Standard / Value,True,24.68
12940,UK,Food & Refreshment,7.63,5,Standard,28,9.7664,28.000000000000004,OK,True,520000,0.32,0,8.248669927223737e-16,Standard / Value,False,27.680000000000003
12941,UK,Food & Refreshment,0.78,1,Value,12,0.8736000000000002,12.00000000000001,OK,True,520000,0.32,0,8.248669927223737e-16,Standard / Value,False,11.68000000000001
12942,Germany,Home Care,10.23,6,Standard,25,12.7875,25.0,OK,False,460000,0.31,1,0.999990952514284,Strong Premium,True,24.69
12943,UK,Personal Care,8.09,10,Premium,60,12.944,60.00000000000001,OK,True,520000,0.32,0,8.248669927223737e-16,Standard / Value,False,59.68000000000001
12944,Germany,Home Care,13.53,6,Standard,25,16.912499999999998,25.0,OK,False,460000,0.31,1,0.999990952514284,Strong Premium,True,24.69
12945,Spain,Personal Care,2.88,2,Value,15,3.312,14.999999999999991,OK,False,410000,0.3,0,3.6196737287189683e-19,Standard / Value,True,14.69999999999999
12946,France,Personal Care,12.16,10,Premium,60,19.456000000000003,60.00000000000003,OK,True,430000,0.29,0,8.024217092590475e-16,Standard / Value,False,59.71000000000003
12947,UK,Personal Care,11.98,6,Standard,30,15.574000000000002,30.000000000000004,OK,True,520000,0.32,0,8.248669927223737e-16,Standard / Value,False,29.680000000000003
12948,France,Personal Care,2.34,8,Premium,60,3.744,60.00000000000001,OK,True,430000,0.29,0,8.024217092590475e-16,Standard / Value,False,59.71000000000001
12949,France,Home Care,6.28,6,Standard,25,7.85,25.0,OK,False,430000,0.29,0,8.024217092590475e-16,Standard / Value,True,24.71
12950,Spain,Food & Refreshment,2.97,4,Standard,28,3.801600000000001,28.000000000000004,OK,True,410000,0.3,0,3.6196737287189683e-19,Standard / Value,False,27.700000000000003
12951,France,Food & Refreshment,4.19,4,Standard,28,5.363200000000001,28.000000000000004,OK,True,430000,0.29,0,8.024217092590475e-16,Standard / Value,False,27.710000000000004
12952,Germany,Food & Refreshment,4.32,9,Premium,55,6.696000000000001,55.00000000000001,OK,True,460000,0.31,1,0.999990952514284,Strong Premium,False,54.690000000000005
12953,France,Food & Refreshment,8.57,6,Standard,28,10.9696,28.000000000000004,OK,True,430000,0.29,0,8.024217092590475e-16,Standard / Value,False,27.710000000000004
12954,France,Food & Refreshment,6.47,8,Premium,55,10.0285,55.00000000000001,OK,True,430000,0.29,0,8.024217092590475e-16,Standard / Value,False,54.71000000000001
12955,France,Food & Refreshment,14.24,8,Premium,55,22.072000000000003,55.00000000000003,OK,True,430000,0.29,0,8.024217092590475e-16,Standard / Value,False,54.71000000000003
12956,UK,Home Care,2.33,7,Standard,25,2.9125,25.0,OK,False,520000,0.32,0,8.248669927223737e-16,Standard / Value,True,24.68
12957,UK,Personal Care,14.62,3,Value,15,16.813,14.999999999999991,OK,False,520000,0.32,0,8.248669927223737e-16,Standard / Value,True,14.67999999999999
12958,Germany,Food & Refreshment,3.84,10,Premium,55,5.952,55.00000000000001,OK,True,460000,0.31,1,0.999990952514284,Strong Premium,False,54.690000000000005
12959,Germany,Home Care,11.71,1,Value,10,12.881000000000002,10.000000000000009,OK,True,460000,0.31,1,0.999990952514284,Strong Premium,False,9.690000000000008
12960,UK,Food & Refreshment,5.42,5,Standard,28,6.9376,28.000000000000004,OK,True,520000,0.32,0,8.248669927223737e-16,Standard / Value,False,27.680000000000003
12961,Germany,Food & Refreshment,2.57,10,Premium,55,3.9835,55.00000000000001,OK,True,460000,0.31,1,0.999990952514284,Strong Premium,False,54.690000000000005
12962,UK,Personal Care,12.94,10,Premium,60,20.704,60.00000000000001,OK,True,520000,0.32,0,8.248669927223737e-16,Standard / Value,False,59.68000000000001
12963,Spain,Personal Care,4.98,2,Value,15,5.727,14.999999999999991,OK,False,410000,0.3,0,3.6196737287189683e-19,Standard / Value,True,14.69999999999999
12964,France,Personal Care,10.05,10,Premium,60,16.080000000000002,60.00000000000001,OK,True,430000,0.29,0,8.024217092590475e-16,Standard / Value,False,59.71000000000001
12965,France,Food & Refreshment,8.71,2,Value,12,9.755200000000002,12.00000000000001,OK,True,430000,0.29,0,8.024217092590475e-16,Standard / Value,False,11.710000000000012
12966,Germany,Food & Refreshment,7.34,7,Standard,28,9.3952,28.000000000000025,OK,True,460000,0.31,1,0.999990952514284,Strong Premium,False,27.690000000000026
12967,UK,Food & Refreshment,7.69,3,Value,12,8.612800000000002,12.00000000000001,OK,True,520000,0.32,0,8.248669927223737e-16,Standard / Value,False,11.68000000000001
12968,UK,Personal Care,11.12,8,Premium,60,17.791999999999998,59.999999999999986,OK,False,520000,0.32,0,8.248669927223737e-16,Standard / Value,True,59.679999999999986
12969,Germany,Home Care,1.77,9,Premium,50,2.655,50.00000000000002,OK,True,460000,0.31,1,0.999990952514284,Strong Premium,False,49.69000000000002
12970,UK,Food & Refreshment,10.19,8,Premium,55,15.7945,55.00000000000001,OK,True,520000,0.32,0,8.248669927223737e-16,Standard / Value,False,54.68000000000001
12971,Spain,Food & Refreshment,13.49,6,Standard,28,17.2672,27.99999999999998,OK,False,410000,0.3,0,3.6196737287189683e-19,Standard / Value,True,27.699999999999978
12972,France,Food & Refreshment,1.34,5,Standard,28,1.7152,28.000000000000004,OK,True,430000,0.29,0,8.024217092590475e-16,Standard / Value,False,27.710000000000004
12973,Germany,Home Care,2.54,3,Value,10,2.7940000000000005,10.000000000000009,OK,True,460000,0.31,1,0.999990952514284,Strong Premium,False,9.690000000000008
12974,Germany,Food & Refreshment,10.89,3,Value,12,12.1968,12.00000000000001,OK,True,460000,0.31,1,0.999990952514284,Strong Premium,False,11.69000000000001
12975,UK,Home Care,6.84,7,Standard,25,8.55,25.00000000000002,OK,True,520000,0.32,0,8.248669927223737e-16,Standard / Value,False,24.68000000000002
12976,Germany,Food & Refreshment,6.35,5,Standard,28,8.128,28.000000000000004,OK,True,460000,0.31,1,0.999990952514284,Strong Premium,False,27.690000000000005
12977,Spain,Home Care,2.49,6,Standard,25,3.1125000000000003,25.0,OK,False,410000,0.3,0,3.6196737287189683e-19,Standard / Value,True,24.7
12978,UK,Food & Refreshment,7.85,6,Standard,28,10.048,28.000000000000004,OK,True,520000,0.32,0,8.248669927223737e-16,Standard / Value,False,27.680000000000003
12979,UK,Personal Care,2.33,9,Premium,60,3.728,60.00000000000001,OK,True,520000,0.32,0,8.248669927223737e-16,Standard / Value,False,59.68000000000001
12980,UK,Personal Care,7.41,1,Value,15,8.5215,14.999999999999991,OK,False,520000,0.32,0,8.248669927223737e-16,Standard / Value,True,14.67999999999999
12981,UK,Personal Care,11.57,8,Premium,60,18.512,60.00000000000001,OK,True,520000,0.32,0,8.248669927223737e-16,Standard / Value,False,59.68000000000001
12982,Spain,Personal Care,4.24,10,Premium,60,6.784000000000001,60.00000000000001,OK,True,410000,0.3,0,3.6196737287189683e-19,Standard / Value,False,59.70000000000001
12983,UK,Food & Refreshment,7.47,5,Standard,28,9.5616,28.000000000000004,OK,True,520000,0.32,0,8.248669927223737e-16,Standard / Value,False,27.680000000000003
12984,Germany,Personal Care,14.88,6,Standard,30,19.344,30.000000000000004,OK,True,460000,0.31,1,0.999990952514284,Strong Premium,False,29.690000000000005
12985,Spain,Home Care,10.46,6,Standard,25,13.075,25.0,OK,False,410000,0.3,0,3.6196737287189683e-19,Standard / Value,True,24.7
12986,France,Personal Care,12.7,1,Value,15,14.605,14.999999999999991,OK,False,430000,0.29,0,8.024217092590475e-16,Standard / Value,True,14.709999999999992
12987,France,Personal Care,6.52,3,Value,15,7.497999999999999,14.999999999999991,OK,False,430000,0.29,0,8.024217092590475e-16,Standard / Value,True,14.709999999999992
12988,Germany,Personal Care,11.63,6,Standard,30,15.119000000000002,30.000000000000004,OK,True,460000,0.31,1,0.999990952514284,Strong Premium,False,29.690000000000005
12989,Germany,Food & Refreshment,1.09,9,Premium,55,1.6895000000000002,55.00000000000001,OK,True,460000,0.31,1,0.999990952514284,Strong Premium,False,54.690000000000005
12990,Spain,Personal Care,2.28,6,Standard,30,2.964,30.000000000000004,OK,True,410000,0.3,0,3.6196737287189683e-19,Standard / Value,False,29.700000000000003
12991,France,Home Care,3.44,6,Standard,25,4.3,25.0,OK,False,430000,0.29,0,8.024217092590475e-16,Standard / Value,True,24.71
12992,France,Personal Care,6.33,1,Value,15,7.2795,14.999999999999991,OK,False,430000,0.29,0,8.024217092590475e-16,Standard / Value,True,14.709999999999992
12993,France,Personal Care,12.76,9,Premium,60,20.416,60.00000000000001,OK,True,430000,0.29,0,8.024217092590475e-16,Standard / Value,False,59.71000000000001
12994,France,Personal Care,5.52,4,Standard,30,7.175999999999999,30.000000000000004,OK,True,430000,0.29,0,8.024217092590475e-16,Standard / Value,False,29.710000000000004
12995,France,Home Care,9.99,2,Value,10,10.989,10.000000000000009,OK,True,430000,0.29,0,8.024217092590475e-16,Standard / Value,False,9.71000000000001
12996,UK,Personal Care,10.79,1,Value,15,12.408499999999998,14.999999999999991,OK,False,520000,0.32,0,8.248669927223737e-16,Standard / Value,True,14.67999999999999
12997,Germany,Home Care,9.0,3,Value,10,9.9,10.000000000000009,OK,True,460000,0.31,1,0.999990952514284,Strong Premium,False,9.690000000000008
12998,UK,Home Care,5.68,3,Value,10,6.248,10.000000000000009,OK,True,520000,0.32,0,8.248669927223737e-16,Standard / Value,False,9.680000000000009
12999,France,Personal Care,8.87,5,Standard,30,11.531,30.000000000000004,OK,True,430000,0.29,0,8.024217092590475e-16,Standard / Value,False,29.710000000000004
13000,Spain,Home Care,5.46,1,Value,10,6.006,10.000000000000009,OK,True,410000,0.3,0,3.6196737287189683e-19,Standard / Value,False,9.700000000000008
13001,Spain,Food & Refreshment,1.72,7,Standard,28,2.2016,28.000000000000004,OK,True,410000,0.3,0,3.6196737287189683e-19,Standard / Value,False,27.700000000000003
13002,France,Personal Care,14.9,1,Value,15,17.134999999999998,14.999999999999991,OK,False,430000,0.29,0,8.024217092590475e-16,Standard / Value,True,14.709999999999992
13003,France,Personal Care,2.34,4,Standard,30,3.042,30.000000000000004,OK,True,430000,0.29,0,8.024217092590475e-16,Standard / Value,False,29.710000000000004
13004,Spain,Home Care,1.55,6,Standard,25,1.9375,25.0,OK,False,410000,0.3,0,3.6196737287189683e-19,Standard / Value,True,24.7
13005,UK,Home Care,13.24,1,Value,10,14.564000000000002,10.000000000000009,OK,True,520000,0.32,0,8.248669927223737e-16,Standard / Value,False,9.680000000000009
13006,UK,Personal Care,4.88,7,Standard,30,6.344,30.000000000000004,OK,True,520000,0.32,0,8.248669927223737e-16,Standard / Value,False,29.680000000000003
13007,France,Food & Refreshment,9.93,10,Premium,55,15.3915,55.00000000000001,OK,True,430000,0.29,0,8.024217092590475e-16,Standard / Value,False,54.71000000000001
13008,UK,Home Care,5.27,7,Standard,25,6.5874999999999995,25.0,OK,False,520000,0.32,0,8.248669927223737e-16,Standard / Value,True,24.68
13009,Spain,Home Care,6.18,3,Value,10,6.798,10.000000000000009,OK,True,410000,0.3,0,3.6196737287189683e-19,Standard / Value,False,9.700000000000008
13010,UK,Food & Refreshment,4.3,4,Standard,28,5.504,28.000000000000004,OK,True,520000,0.32,0,8.248669927223737e-16,Standard / Value,False,27.680000000000003
13011,France,Food & Refreshment,5.47,6,Standard,28,7.0016,28.000000000000004,OK,True,430000,0.29,0,8.024217092590475e-16,Standard / Value,False,27.710000000000004
13012,Spain,Personal Care,6.46,7,Standard,30,8.398,30.000000000000004,OK,True,410000,0.3,0,3.6196737287189683e-19,Standard / Value,False,29.700000000000003
13013,UK,Food & Refreshment,10.95,4,Standard,28,14.016,28.000000000000004,OK,True,520000,0.32,0,8.248669927223737e-16,Standard / Value,False,27.680000000000003
13014,Germany,Personal Care,7.92,10,Premium,60,12.672,60.00000000000001,OK,True,460000,0.31,1,0.999990952514284,Strong Premium,False,59.690000000000005
13015,Spain,Food & Refreshment,14.18,9,Premium,55,21.979,55.00000000000001,OK,True,410000,0.3,0,3.6196737287189683e-19,Standard / Value,False,54.70000000000001
13016,Spain,Home Care,1.11,9,Premium,50,1.665,50.0,OK,False,410000,0.3,0,3.6196737287189683e-19,Standard / Value,True,49.7
13017,Germany,Personal Care,7.79,9,Premium,60,12.464,60.00000000000001,OK,True,460000,0.31,1,0.999990952514284,Strong Premium,False,59.690000000000005
13018,Germany,Personal Care,8.97,10,Premium,60,14.352000000000002,60.00000000000001,OK,True,460000,0.31,1,0.999990952514284,Strong Premium,False,59.690000000000005
13019,Spain,Personal Care,13.84,6,Standard,30,17.992,30.000000000000004,OK,True,410000,0.3,0,3.6196737287189683e-19,Standard / Value,False,29.700000000000003
13020,Germany,Food & Refreshment,1.21,2,Value,12,1.3552000000000002,12.00000000000001,OK,True,460000,0.31,1,0.999990952514284,Strong Premium,False,11.69000000000001
13021,France,Home Care,8.82,2,Value,10,9.702000000000002,10.000000000000009,OK,True,430000,0.29,0,8.024217092590475e-16,Standard / Value,False,9.71000000000001
13022,France,Personal Care,12.88,4,Standard,30,16.744000000000003,30.00000000000003,OK,True,430000,0.29,0,8.024217092590475e-16,Standard / Value,False,29.71000000000003
13023,France,Personal Care,4.01,9,Premium,60,6.416,60.00000000000001,OK,True,430000,0.29,0,8.024217092590475e-16,Standard / Value,False,59.71000000000001
13024,Spain,Personal Care,13.21,3,Value,15,15.1915,14.999999999999991,OK,False,410000,0.3,0,3.6196737287189683e-19,Standard / Value,True,14.69999999999999
13025,Germany,Personal Care,0.78,6,Standard,30,1.014,30.000000000000004,OK,True,460000,0.31,1,0.999990952514284,Strong Premium,False,29.690000000000005
13026,Germany,Home Care,11.12,2,Value,10,12.232,10.000000000000009,OK,True,460000,0.31,1,0.999990952514284,Strong Premium,False,9.690000000000008
13027,UK,Food & Refreshment,14.03,1,Value,12,15.7136,12.00000000000001,OK,True,520000,0.32,0,8.248669927223737e-16,Standard / Value,False,11.68000000000001
13028,UK,Home Care,10.03,5,Standard,25,12.5375,25.0,OK,False,520000,0.32,0,8.248669927223737e-16,Standard / Value,True,24.68
13029,Germany,Personal Care,6.87,8,Premium,60,10.992,60.00000000000001,OK,True,460000,0.31,1,0.999990952514284,Strong Premium,False,59.690000000000005
13030,Germany,Home Care,1.15,10,Premium,50,1.725,50.0,OK,False,460000,0.31,1,0.999990952514284,Strong Premium,True,49.69
13031,Germany,Personal Care,13.84,10,Premium,60,22.144,60.00000000000001,OK,True,460000,0.31,1,0.999990952514284,Strong Premium,False,59.690000000000005
13032,Spain,Food & Refreshment,7.32,2,Value,12,8.198400000000001,12.00000000000001,OK,True,410000,0.3,0,3.6196737287189683e-19,Standard / Value,False,11.70000000000001
13033,Germany,Food & Refreshment,0.92,10,Premium,55,1.4260000000000002,55.00000000000001,OK,True,460000,0.31,1,0.999990952514284,Strong Premium,False,54.690000000000005
13034,UK,Food & Refreshment,10.5,9,Premium,55,16.275000000000002,55.00000000000003,OK,True,520000,0.32,0,8.248669927223737e-16,Standard / Value,False,54.68000000000003
13035,Spain,Personal Care,7.49,8,Premium,60,11.984000000000002,60.00000000000001,OK,True,410000,0.3,0,3.6196737287189683e-19,Standard / Value,False,59.70000000000001
13036,Germany,Home Care,2.3,3,Value,10,2.53,10.000000000000009,OK,True,460000,0.31,1,0.999990952514284,Strong Premium,False,9.690000000000008
13037,UK,Food & Refreshment,3.61,1,Value,12,4.043200000000001,12.00000000000001,OK,True,520000,0.32,0,8.248669927223737e-16,Standard / Value,False,11.68000000000001
13038,Spain,Personal Care,1.44,4,Standard,30,1.872,30.000000000000004,OK,True,410000,0.3,0,3.6196737287189683e-19,Standard / Value,False,29.700000000000003
13039,Germany,Personal Care,8.83,8,Premium,60,14.128,60.00000000000001,OK,True,460000,0.31,1,0.999990952514284,Strong Premium,False,59.690000000000005
13040,Germany,Home Care,9.52,3,Value,10,10.472,10.000000000000009,OK,True,460000,0.31,1,0.999990952514284,Strong Premium,False,9.690000000000008
13041,Germany,Food & Refreshment,7.83,10,Premium,55,12.1365,55.00000000000001,OK,True,460000,0.31,1,0.999990952514284,Strong Premium,False,54.690000000000005
13042,Spain,Personal Care,12.35,2,Value,15,14.2025,14.999999999999991,OK,False,410000,0.3,0,3.6196737287189683e-19,Standard / Value,True,14.69999999999999
13043,UK,Home Care,12.98,7,Standard,25,16.225,25.0,OK,False,520000,0.32,0,8.248669927223737e-16,Standard / Value,True,24.68
13044,UK,Food & Refreshment,9.43,4,Standard,28,12.0704,28.000000000000004,OK,True,520000,0.32,0,8.248669927223737e-16,Standard / Value,False,27.680000000000003
13045,France,Home Care,0.68,6,Standard,25,0.8500000000000001,25.0,OK,False,430000,0.29,0,8.024217092590475e-16,Standard / Value,True,24.71
13046,Germany,Home Care,10.58,5,Standard,25,13.225,25.0,OK,False,460000,0.31,1,0.999990952514284,Strong Premium,True,24.69
13047,France,Personal Care,6.56,2,Value,15,7.543999999999999,14.999999999999991,OK,False,430000,0.29,0,8.024217092590475e-16,Standard / Value,True,14.709999999999992
13048,France,Personal Care,8.7,10,Premium,60,13.92,60.00000000000001,OK,True,430000,0.29,0,8.024217092590475e-16,Standard / Value,False,59.71000000000001
13049,UK,Personal Care,9.91,2,Value,15,11.3965,14.999999999999991,OK,False,520000,0.32,0,8.248669927223737e-16,Standard / Value,True,14.67999999999999
13050,Spain,Home Care,5.58,9,Premium,50,8.370000000000001,50.00000000000002,OK,True,410000,0.3,0,3.6196737287189683e-19,Standard / Value,False,49.700000000000024
13051,Spain,Personal Care,13.8,10,Premium,60,22.08,60.00000000000001,OK,True,410000,0.3,0,3.6196737287189683e-19,Standard / Value,False,59.70000000000001
13052,UK,Home Care,2.44,2,Value,10,2.684,10.000000000000009,OK,True,520000,0.32,0,8.248669927223737e-16,Standard / Value,False,9.680000000000009
13053,Spain,Home Care,10.24,8,Premium,50,15.36,50.0,OK,False,410000,0.3,0,3.6196737287189683e-19,Standard / Value,True,49.7
13054,France,Personal Care,0.56,8,Premium,60,0.8960000000000001,60.00000000000001,OK,True,430000,0.29,0,8.024217092590475e-16,Standard / Value,False,59.71000000000001
13055,Germany,Food & Refreshment,13.91,1,Value,12,15.579200000000002,12.00000000000001,OK,True,460000,0.31,1,0.999990952514284,Strong Premium,False,11.69000000000001
13056,UK,Food & Refreshment,2.13,1,Value,12,2.3856,12.00000000000001,OK,True,520000,0.32,0,8.248669927223737e-16,Standard / Value,False,11.68000000000001
13057,Germany,Food & Refreshment,1.88,4,Standard,28,2.4064,28.000000000000004,OK,True,460000,0.31,1,0.999990952514284,Strong Premium,False,27.690000000000005
13058,Spain,Home Care,5.33,2,Value,10,5.863,10.000000000000009,OK,True,410000,0.3,0,3.6196737287189683e-19,Standard / Value,False,9.700000000000008
13059,Germany,Home Care,5.92,1,Value,10,6.5120000000000005,10.000000000000009,OK,True,460000,0.31,1,0.999990952514284,Strong Premium,False,9.690000000000008
13060,Spain,Home Care,3.61,9,Premium,50,5.415,50.0,OK,False,410000,0.3,0,3.6196737287189683e-19,Standard / Value,True,49.7
13061,Spain,Personal Care,8.98,3,Value,15,10.327,14.999999999999991,OK,False,410000,0.3,0,3.6196737287189683e-19,Standard / Value,True,14.69999999999999
13062,France,Home Care,6.92,1,Value,10,7.612,10.000000000000009,OK,True,430000,0.29,0,8.024217092590475e-16,Standard / Value,False,9.71000000000001
13063,Spain,Personal Care,1.0,2,Value,15,1.15,14.999999999999991,OK,False,410000,0.3,0,3.6196737287189683e-19,Standard / Value,True,14.69999999999999
13064,France,Personal Care,5.13,8,Premium,60,8.208,60.00000000000001,OK,True,430000,0.29,0,8.024217092590475e-16,Standard / Value,False,59.71000000000001
13065,France,Food & Refreshment,12.25,5,Standard,28,15.68,28.000000000000004,OK,True,430000,0.29,0,8.024217092590475e-16,Standard / Value,False,27.710000000000004
13066,France,Food & Refreshment,10.5,7,Standard,28,13.44,28.000000000000004,OK,True,430000,0.29,0,8.024217092590475e-16,Standard / Value,False,27.710000000000004
13067,UK,Food & Refreshment,11.01,6,Standard,28,14.0928,28.000000000000004,OK,True,520000,0.32,0,8.248669927223737e-16,Standard / Value,False,27.680000000000003
13068,UK,Personal Care,10.62,1,Value,15,12.212999999999996,14.999999999999991,OK,False,520000,0.32,0,8.248669927223737e-16,Standard / Value,True,14.67999999999999
13069,Spain,Personal Care,5.01,6,Standard,30,6.513,30.000000000000004,OK,True,410000,0.3,0,3.6196737287189683e-19,Standard / Value,False,29.700000000000003
13070,France,Personal Care,1.95,7,Standard,30,2.535,30.000000000000004,OK,True,430000,0.29,0,8.024217092590475e-16,Standard / Value,False,29.710000000000004
13071,UK,Home Care,4.45,4,Standard,25,5.5625,25.0,OK,False,520000,0.32,0,8.248669927223737e-16,Standard / Value,True,24.68
13072,France,Personal Care,12.56,8,Premium,60,20.096000000000004,60.00000000000003,OK,True,430000,0.29,0,8.024217092590475e-16,Standard / Value,False,59.71000000000003
13073,Germany,Food & Refreshment,14.72,8,Premium,55,22.816000000000003,55.00000000000001,OK,True,460000,0.31,1,0.999990952514284,Strong Premium,False,54.690000000000005
13074,Germany,Food & Refreshment,7.66,7,Standard,28,9.8048,28.000000000000004,OK,True,460000,0.31,1,0.999990952514284,Strong Premium,False,27.690000000000005
13075,Germany,Personal Care,0.64,2,Value,15,0.736,14.999999999999991,OK,False,460000,0.31,1,0.999990952514284,Strong Premium,True,14.68999999999999
13076,Spain,Personal Care,2.53,6,Standard,30,3.2889999999999997,30.000000000000004,OK,True,410000,0.3,0,3.6196737287189683e-19,Standard / Value,False,29.700000000000003
13077,France,Food & Refreshment,5.17,6,Standard,28,6.6176,28.000000000000004,OK,True,430000,0.29,0,8.024217092590475e-16,Standard / Value,False,27.710000000000004
13078,Germany,Personal Care,8.89,7,Standard,30,11.557,30.000000000000004,OK,True,460000,0.31,1,0.999990952514284,Strong Premium,False,29.690000000000005
13079,UK,Food & Refreshment,1.59,6,Standard,28,2.0352,28.000000000000004,OK,True,520000,0.32,0,8.248669927223737e-16,Standard / Value,False,27.680000000000003
13080,Germany,Home Care,14.18,2,Value,10,15.598,10.000000000000009,OK,True,460000,0.31,1,0.999990952514284,Strong Premium,False,9.690000000000008
13081,Germany,Food & Refreshment,5.79,8,Premium,55,8.9745,55.00000000000001,OK,True,460000,0.31,1,0.999990952514284,Strong Premium,False,54.690000000000005
13082,Germany,Home Care,13.73,4,Standard,25,17.1625,25.0,OK,False,460000,0.31,1,0.999990952514284,Strong Premium,True,24.69
13083,Spain,Personal Care,11.82,9,Premium,60,18.912000000000003,60.00000000000001,OK,True,410000,0.3,0,3.6196737287189683e-19,Standard / Value,False,59.70000000000001
13084,UK,Personal Care,11.45,8,Premium,60,18.32,60.00000000000001,OK,True,520000,0.32,0,8.248669927223737e-16,Standard / Value,False,59.68000000000001
13085,France,Home Care,9.3,3,Value,10,10.230000000000002,10.000000000000009,OK,True,430000,0.29,0,8.024217092590475e-16,Standard / Value,False,9.71000000000001
13086,UK,Personal Care,9.59,3,Value,15,11.0285,14.999999999999991,OK,False,520000,0.32,0,8.248669927223737e-16,Standard / Value,True,14.67999999999999
13087,France,Home Care,9.75,8,Premium,50,14.625,50.0,OK,False,430000,0.29,0,8.024217092590475e-16,Standard / Value,True,49.71
13088,Spain,Personal Care,9.62,2,Value,15,11.063,14.999999999999991,OK,False,410000,0.3,0,3.6196737287189683e-19,Standard / Value,True,14.69999999999999
13089,Spain,Food & Refreshment,8.53,9,Premium,55,13.2215,55.00000000000001,OK,True,410000,0.3,0,3.6196737287189683e-19,Standard / Value,False,54.70000000000001
13090,Spain,Personal Care,14.8,4,Standard,30,19.24,30.000000000000004,OK,True,410000,0.3,0,3.6196737287189683e-19,Standard / Value,False,29.700000000000003
13091,Spain,Food & Refreshment,11.12,6,Standard,28,14.2336,28.000000000000004,OK,True,410000,0.3,0,3.6196737287189683e-19,Standard / Value,False,27.700000000000003
13092,France,Food & Refreshment,11.77,3,Value,12,13.1824,12.00000000000001,OK,True,430000,0.29,0,8.024217092590475e-16,Standard / Value,False,11.710000000000012
13093,Germany,Home Care,13.15,3,Value,10,14.465000000000002,10.000000000000009,OK,True,460000,0.31,1,0.999990952514284,Strong Premium,False,9.690000000000008
13094,France,Personal Care,3.63,3,Value,15,4.174499999999999,14.999999999999991,OK,False,430000,0.29,0,8.024217092590475e-16,Standard / Value,True,14.709999999999992
13095,UK,Home Care,1.72,10,Premium,50,2.58,50.0,OK,False,520000,0.32,0,8.248669927223737e-16,Standard / Value,True,49.68
13096,Spain,Personal Care,7.5,2,Value,15,8.625,14.999999999999991,OK,False,410000,0.3,0,3.6196737287189683e-19,Standard / Value,True,14.69999999999999
13097,Spain,Food & Refreshment,7.95,8,Premium,55,12.3225,55.00000000000001,OK,True,410000,0.3,0,3.6196737287189683e-19,Standard / Value,False,54.70000000000001
13098,UK,Food & Refreshment,12.52,9,Premium,55,19.406,55.00000000000001,OK,True,520000,0.32,0,8.248669927223737e-16,Standard / Value,False,54.68000000000001
13099,France,Personal Care,6.93,8,Premium,60,11.088,60.00000000000003,OK,True,430000,0.29,0,8.024217092590475e-16,Standard / Value,False,59.71000000000003
13100,Germany,Personal Care,8.78,10,Premium,60,14.048,60.00000000000001,OK,True,460000,0.31,1,0.999990952514284,Strong Premium,False,59.690000000000005
13101,Germany,Home Care,8.14,3,Value,10,8.954,10.000000000000009,OK,True,460000,0.31,1,0.999990952514284,Strong Premium,False,9.690000000000008
13102,UK,Personal Care,1.05,7,Standard,30,1.3650000000000002,30.000000000000004,OK,True,520000,0.32,0,8.248669927223737e-16,Standard / Value,False,29.680000000000003
13103,Germany,Personal Care,9.42,10,Premium,60,15.072,60.00000000000001,OK,True,460000,0.31,1,0.999990952514284,Strong Premium,False,59.690000000000005
13104,France,Personal Care,12.51,2,Value,15,14.386499999999998,14.999999999999991,OK,False,430000,0.29,0,8.024217092590475e-16,Standard / Value,True,14.709999999999992
13105,France,Home Care,2.78,4,Standard,25,3.4749999999999996,25.0,OK,False,430000,0.29,0,8.024217092590475e-16,Standard / Value,True,24.71
13106,UK,Personal Care,9.12,6,Standard,30,11.856,30.000000000000004,OK,True,520000,0.32,0,8.248669927223737e-16,Standard / Value,False,29.680000000000003
13107,France,Food & Refreshment,9.11,5,Standard,28,11.6608,28.000000000000004,OK,True,430000,0.29,0,8.024217092590475e-16,Standard / Value,False,27.710000000000004
13108,Spain,Home Care,2.88,9,Premium,50,4.32,50.00000000000002,OK,True,410000,0.3,0,3.6196737287189683e-19,Standard / Value,False,49.700000000000024
13109,UK,Home Care,2.29,10,Premium,50,3.435,50.0,OK,False,520000,0.32,0,8.248669927223737e-16,Standard / Value,True,49.68
13110,France,Food & Refreshment,14.71,4,Standard,28,18.8288,28.000000000000004,OK,True,430000,0.29,0,8.024217092590475e-16,Standard / Value,False,27.710000000000004
13111,UK,Food & Refreshment,6.21,5,Standard,28,7.9488,28.000000000000004,OK,True,520000,0.32,0,8.248669927223737e-16,Standard / Value,False,27.680000000000003
13112,Germany,Food & Refreshment,3.8,4,Standard,28,4.864,28.000000000000004,OK,True,460000,0.31,1,0.999990952514284,Strong Premium,False,27.690000000000005
13113,France,Personal Care,2.98,8,Premium,60,4.768,59.999999999999986,OK,False,430000,0.29,0,8.024217092590475e-16,Standard / Value,True,59.70999999999999
13114,Spain,Food & Refreshment,10.18,8,Premium,55,15.779,55.00000000000001,OK,True,410000,0.3,0,3.6196737287189683e-19,Standard / Value,False,54.70000000000001
13115,France,Personal Care,9.34,3,Value,15,10.741,14.999999999999991,OK,False,430000,0.29,0,8.024217092590475e-16,Standard / Value,True,14.709999999999992
13116,UK,Home Care,9.83,1,Value,10,10.813,10.000000000000009,OK,True,520000,0.32,0,8.248669927223737e-16,Standard / Value,False,9.680000000000009
13117,UK,Home Care,1.78,6,Standard,25,2.225,25.0,OK,False,520000,0.32,0,8.248669927223737e-16,Standard / Value,True,24.68
13118,France,Food & Refreshment,13.46,2,Value,12,15.075200000000002,12.00000000000001,OK,True,430000,0.29,0,8.024217092590475e-16,Standard / Value,False,11.710000000000012
13119,Spain,Personal Care,6.14,2,Value,15,7.060999999999999,14.999999999999991,OK,False,410000,0.3,0,3.6196737287189683e-19,Standard / Value,True,14.69999999999999
13120,Spain,Food & Refreshment,5.04,3,Value,12,5.644800000000001,12.00000000000001,OK,True,410000,0.3,0,3.6196737287189683e-19,Standard / Value,False,11.70000000000001
13121,Spain,Food & Refreshment,7.2,8,Premium,55,11.16,55.00000000000001,OK,True,410000,0.3,0,3.6196737287189683e-19,Standard / Value,False,54.70000000000001
13122,UK,Personal Care,6.16,3,Value,15,7.084,14.999999999999991,OK,False,520000,0.32,0,8.248669927223737e-16,Standard / Value,True,14.67999999999999
13123,France,Food & Refreshment,13.02,7,Standard,28,16.6656,28.000000000000025,OK,True,430000,0.29,0,8.024217092590475e-16,Standard / Value,False,27.710000000000026
13124,Germany,Home Care,13.97,10,Premium,50,20.955,50.0,OK,False,460000,0.31,1,0.999990952514284,Strong Premium,True,49.69
13125,UK,Food & Refreshment,4.9,10,Premium,55,7.595000000000001,55.00000000000001,OK,True,520000,0.32,0,8.248669927223737e-16,Standard / Value,False,54.68000000000001
13126,Spain,Personal Care,13.03,9,Premium,60,20.848,60.00000000000001,OK,True,410000,0.3,0,3.6196737287189683e-19,Standard / Value,False,59.70000000000001
13127,France,Personal Care,11.83,8,Premium,60,18.928,60.00000000000001,OK,True,430000,0.29,0,8.024217092590475e-16,Standard / Value,False,59.71000000000001
13128,Spain,Home Care,14.0,1,Value,10,15.400000000000002,10.000000000000009,OK,True,410000,0.3,0,3.6196737287189683e-19,Standard / Value,False,9.700000000000008
13129,Germany,Personal Care,4.06,7,Standard,30,5.278,30.000000000000004,OK,True,460000,0.31,1,0.999990952514284,Strong Premium,False,29.690000000000005
13130,Spain,Personal Care,8.87,7,Standard,30,11.531,30.000000000000004,OK,True,410000,0.3,0,3.6196737287189683e-19,Standard / Value,False,29.700000000000003
13131,Spain,Home Care,4.48,8,Premium,50,6.720000000000001,50.0,OK,False,410000,0.3,0,3.6196737287189683e-19,Standard / Value,True,49.7
13132,Germany,Food & Refreshment,12.45,10,Premium,55,19.2975,55.00000000000001,OK,True,460000,0.31,1,0.999990952514284,Strong Premium,False,54.690000000000005
13133,France,Home Care,0.58,5,Standard,25,0.725,25.0,OK,False,430000,0.29,0,8.024217092590475e-16,Standard / Value,True,24.71
13134,UK,Food & Refreshment,8.69,10,Premium,55,13.4695,55.00000000000001,OK,True,520000,0.32,0,8.248669927223737e-16,Standard / Value,False,54.68000000000001
13135,France,Home Care,5.42,9,Premium,50,8.129999999999999,49.99999999999998,OK,False,430000,0.29,0,8.024217092590475e-16,Standard / Value,True,49.70999999999998
13136,Germany,Food & Refreshment,5.18,9,Premium,55,8.029,55.00000000000001,OK,True,460000,0.31,1,0.999990952514284,Strong Premium,False,54.690000000000005
13137,Spain,Home Care,9.85,8,Premium,50,14.775,50.0,OK,False,410000,0.3,0,3.6196737287189683e-19,Standard / Value,True,49.7
13138,France,Food & Refreshment,12.85,6,Standard,28,16.448,28.000000000000004,OK,True,430000,0.29,0,8.024217092590475e-16,Standard / Value,False,27.710000000000004
13139,UK,Home Care,9.33,6,Standard,25,11.6625,25.0,OK,False,520000,0.32,0,8.248669927223737e-16,Standard / Value,True,24.68
13140,Germany,Food & Refreshment,12.87,1,Value,12,14.4144,12.00000000000001,OK,True,460000,0.31,1,0.999990952514284,Strong Premium,False,11.69000000000001
13141,France,Home Care,4.34,6,Standard,25,5.425,25.0,OK,False,430000,0.29,0,8.024217092590475e-16,Standard / Value,True,24.71
13142,UK,Personal Care,8.03,4,Standard,30,10.439,30.000000000000004,OK,True,520000,0.32,0,8.248669927223737e-16,Standard / Value,False,29.680000000000003
13143,Germany,Food & Refreshment,7.03,4,Standard,28,8.9984,28.000000000000004,OK,True,460000,0.31,1,0.999990952514284,Strong Premium,False,27.690000000000005
13144,UK,Home Care,0.67,2,Value,10,0.7370000000000001,10.000000000000009,OK,True,520000,0.32,0,8.248669927223737e-16,Standard / Value,False,9.680000000000009
13145,Germany,Food & Refreshment,8.57,4,Standard,28,10.9696,28.000000000000004,OK,True,460000,0.31,1,0.999990952514284,Strong Premium,False,27.690000000000005
13146,Spain,Food & Refreshment,10.09,5,Standard,28,12.9152,28.000000000000004,OK,True,410000,0.3,0,3.6196737287189683e-19,Standard / Value,False,27.700000000000003
13147,France,Home Care,9.08,5,Standard,25,11.35,25.0,OK,False,430000,0.29,0,8.024217092590475e-16,Standard / Value,True,24.71
13148,UK,Food & Refreshment,11.18,5,Standard,28,14.3104,28.000000000000004,OK,True,520000,0.32,0,8.248669927223737e-16,Standard / Value,False,27.680000000000003
13149,Germany,Home Care,8.78,4,Standard,25,10.975,25.0,OK,False,460000,0.31,1,0.999990952514284,Strong Premium,True,24.69
13150,UK,Personal Care,1.47,1,Value,15,1.6905,14.999999999999991,OK,False,520000,0.32,0,8.248669927223737e-16,Standard / Value,True,14.67999999999999
13151,UK,Food & Refreshment,2.19,10,Premium,55,3.3945,55.00000000000001,OK,True,520000,0.32,0,8.248669927223737e-16,Standard / Value,False,54.68000000000001
13152,France,Personal Care,9.15,8,Premium,60,14.64,60.00000000000001,OK,True,430000,0.29,0,8.024217092590475e-16,Standard / Value,False,59.71000000000001
13153,Spain,Food & Refreshment,4.49,3,Value,12,5.0288,12.00000000000001,OK,True,410000,0.3,0,3.6196737287189683e-19,Standard / Value,False,11.70000000000001
13154,UK,Food & Refreshment,1.65,2,Value,12,1.848,12.00000000000001,OK,True,520000,0.32,0,8.248669927223737e-16,Standard / Value,False,11.68000000000001
13155,Germany,Food & Refreshment,6.73,9,Premium,55,10.431500000000002,55.00000000000001,OK,True,460000,0.31,1,0.999990952514284,Strong Premium,False,54.690000000000005
13156,Germany,Home Care,8.54,7,Standard,25,10.675,25.0,OK,False,460000,0.31,1,0.999990952514284,Strong Premium,True,24.69
13157,Spain,Personal Care,5.27,9,Premium,60,8.432,60.00000000000003,OK,True,410000,0.3,0,3.6196737287189683e-19,Standard / Value,False,59.70000000000003
13158,Germany,Food & Refreshment,10.95,2,Value,12,12.264,12.00000000000001,OK,True,460000,0.31,1,0.999990952514284,Strong Premium,False,11.69000000000001
13159,Spain,Home Care,9.83,9,Premium,50,14.745,50.0,OK,False,410000,0.3,0,3.6196737287189683e-19,Standard / Value,True,49.7
13160,Germany,Food & Refreshment,5.33,10,Premium,55,8.2615,55.00000000000001,OK,True,460000,0.31,1,0.999990952514284,Strong Premium,False,54.690000000000005
13161,France,Home Care,11.45,9,Premium,50,17.174999999999997,49.99999999999998,OK,False,430000,0.29,0,8.024217092590475e-16,Standard / Value,True,49.70999999999998
13162,UK,Food & Refreshment,9.91,9,Premium,55,15.3605,55.00000000000001,OK,True,520000,0.32,0,8.248669927223737e-16,Standard / Value,False,54.68000000000001
13163,France,Personal Care,9.74,10,Premium,60,15.584,60.00000000000001,OK,True,430000,0.29,0,8.024217092590475e-16,Standard / Value,False,59.71000000000001
13164,UK,Personal Care,8.52,10,Premium,60,13.632,60.00000000000001,OK,True,520000,0.32,0,8.248669927223737e-16,Standard / Value,False,59.68000000000001
13165,UK,Food & Refreshment,0.67,4,Standard,28,0.8576,28.000000000000004,OK,True,520000,0.32,0,8.248669927223737e-16,Standard / Value,False,27.680000000000003
13166,UK,Home Care,10.6,10,Premium,50,15.9,50.0,OK,False,520000,0.32,0,8.248669927223737e-16,Standard / Value,True,49.68
13167,France,Food & Refreshment,5.95,3,Value,12,6.664000000000001,12.00000000000001,OK,True,430000,0.29,0,8.024217092590475e-16,Standard / Value,False,11.710000000000012
13168,UK,Home Care,14.17,6,Standard,25,17.7125,25.0,OK,False,520000,0.32,0,8.248669927223737e-16,Standard / Value,True,24.68
13169,France,Food & Refreshment,12.36,3,Value,12,13.8432,12.00000000000001,OK,True,430000,0.29,0,8.024217092590475e-16,Standard / Value,False,11.710000000000012
13170,Spain,Home Care,9.02,9,Premium,50,13.53,50.0,OK,False,410000,0.3,0,3.6196737287189683e-19,Standard / Value,True,49.7
13171,Germany,Personal Care,4.16,3,Value,15,4.784,14.999999999999991,OK,False,460000,0.31,1,0.999990952514284,Strong Premium,True,14.68999999999999
13172,Germany,Food & Refreshment,3.45,2,Value,12,3.8640000000000008,12.00000000000001,OK,True,460000,0.31,1,0.999990952514284,Strong Premium,False,11.69000000000001
13173,UK,Personal Care,5.44,8,Premium,60,8.704,60.00000000000001,OK,True,520000,0.32,0,8.248669927223737e-16,Standard / Value,False,59.68000000000001
13174,France,Personal Care,7.41,6,Standard,30,9.633,30.000000000000004,OK,True,430000,0.29,0,8.024217092590475e-16,Standard / Value,False,29.710000000000004
13175,Germany,Food & Refreshment,4.79,8,Premium,55,7.4245,55.00000000000001,OK,True,460000,0.31,1,0.999990952514284,Strong Premium,False,54.690000000000005
13176,France,Food & Refreshment,7.97,7,Standard,28,10.2016,28.000000000000004,OK,True,430000,0.29,0,8.024217092590475e-16,Standard / Value,False,27.710000000000004
13177,France,Home Care,2.9,3,Value,10,3.19,10.000000000000009,OK,True,430000,0.29,0,8.024217092590475e-16,Standard / Value,False,9.71000000000001
13178,UK,Home Care,14.68,8,Premium,50,22.02,50.0,OK,False,520000,0.32,0,8.248669927223737e-16,Standard / Value,True,49.68
13179,Germany,Personal Care,2.06,10,Premium,60,3.2960000000000003,60.00000000000001,OK,True,460000,0.31,1,0.999990952514284,Strong Premium,False,59.690000000000005
13180,UK,Home Care,14.01,1,Value,10,15.411,10.000000000000009,OK,True,520000,0.32,0,8.248669927223737e-16,Standard / Value,False,9.680000000000009
13181,UK,Home Care,13.75,1,Value,10,15.125000000000002,10.000000000000009,OK,True,520000,0.32,0,8.248669927223737e-16,Standard / Value,False,9.680000000000009
13182,Germany,Food & Refreshment,8.12,10,Premium,55,12.586,55.00000000000001,OK,True,460000,0.31,1,0.999990952514284,Strong Premium,False,54.690000000000005
13183,Germany,Home Care,11.01,8,Premium,50,16.515,50.0,OK,False,460000,0.31,1,0.999990952514284,Strong Premium,True,49.69
13184,Spain,Personal Care,6.82,9,Premium,60,10.912,60.00000000000001,OK,True,410000,0.3,0,3.6196737287189683e-19,Standard / Value,False,59.70000000000001
13185,Spain,Home Care,9.64,10,Premium,50,14.46,50.0,OK,False,410000,0.3,0,3.6196737287189683e-19,Standard / Value,True,49.7
13186,France,Personal Care,5.44,6,Standard,30,7.072000000000001,30.000000000000004,OK,True,430000,0.29,0,8.024217092590475e-16,Standard / Value,False,29.710000000000004
13187,Germany,Food & Refreshment,4.87,5,Standard,28,6.2336,28.000000000000004,OK,True,460000,0.31,1,0.999990952514284,Strong Premium,False,27.690000000000005
13188,Spain,Personal Care,8.88,2,Value,15,10.212,14.999999999999991,OK,False,410000,0.3,0,3.6196737287189683e-19,Standard / Value,True,14.69999999999999
13189,France,Home Care,7.72,9,Premium,50,11.58,50.0,OK,False,430000,0.29,0,8.024217092590475e-16,Standard / Value,True,49.71
13190,France,Food & Refreshment,8.9,6,Standard,28,11.392,28.000000000000004,OK,True,430000,0.29,0,8.024217092590475e-16,Standard / Value,False,27.710000000000004
13191,France,Home Care,4.66,8,Premium,50,6.99,50.0,OK,False,430000,0.29,0,8.024217092590475e-16,Standard / Value,True,49.71
13192,Spain,Food & Refreshment,5.82,9,Premium,55,9.021,55.00000000000001,OK,True,410000,0.3,0,3.6196737287189683e-19,Standard / Value,False,54.70000000000001
13193,Germany,Food & Refreshment,1.72,9,Premium,55,2.666,55.00000000000001,OK,True,460000,0.31,1,0.999990952514284,Strong Premium,False,54.690000000000005
13194,UK,Home Care,1.26,8,Premium,50,1.89,50.0,OK,False,520000,0.32,0,8.248669927223737e-16,Standard / Value,True,49.68
13195,France,Home Care,4.18,10,Premium,50,6.27,50.0,OK,False,430000,0.29,0,8.024217092590475e-16,Standard / Value,True,49.71
13196,Spain,Food & Refreshment,1.58,8,Premium,55,2.4490000000000003,55.00000000000001,OK,True,410000,0.3,0,3.6196737287189683e-19,Standard / Value,False,54.70000000000001
13197,Spain,Food & Refreshment,2.0,3,Value,12,2.24,12.00000000000001,OK,True,410000,0.3,0,3.6196737287189683e-19,Standard / Value,False,11.70000000000001
13198,UK,Home Care,12.29,3,Value,10,13.519,10.000000000000009,OK,True,520000,0.32,0,8.248669927223737e-16,Standard / Value,False,9.680000000000009
13199,UK,Personal Care,1.06,2,Value,15,1.219,14.999999999999991,OK,False,520000,0.32,0,8.248669927223737e-16,Standard / Value,True,14.67999999999999
13200,Spain,Home Care,10.05,1,Value,10,11.055,10.000000000000009,OK,True,410000,0.3,0,3.6196737287189683e-19,Standard / Value,False,9.700000000000008
13201,Germany,Food & Refreshment,4.45,4,Standard,28,5.696000000000001,28.000000000000004,OK,True,460000,0.31,1,0.999990952514284,Strong Premium,False,27.690000000000005
13202,UK,Home Care,13.14,2,Value,10,14.454000000000002,10.000000000000009,OK,True,520000,0.32,0,8.248669927223737e-16,Standard / Value,False,9.680000000000009
13203,Spain,Personal Care,7.53,2,Value,15,8.6595,14.999999999999991,OK,False,410000,0.3,0,3.6196737287189683e-19,Standard / Value,True,14.69999999999999
13204,UK,Home Care,4.93,5,Standard,25,6.1625,25.0,OK,False,520000,0.32,0,8.248669927223737e-16,Standard / Value,True,24.68
13205,Germany,Food & Refreshment,8.01,4,Standard,28,10.2528,28.000000000000004,OK,True,460000,0.31,1,0.999990952514284,Strong Premium,False,27.690000000000005
13206,France,Home Care,6.04,1,Value,10,6.644000000000001,10.000000000000009,OK,True,430000,0.29,0,8.024217092590475e-16,Standard / Value,False,9.71000000000001
13207,UK,Food & Refreshment,8.68,9,Premium,55,13.454,55.00000000000001,OK,True,520000,0.32,0,8.248669927223737e-16,Standard / Value,False,54.68000000000001
13208,Germany,Food & Refreshment,2.16,4,Standard,28,2.7648,28.000000000000004,OK,True,460000,0.31,1,0.999990952514284,Strong Premium,False,27.690000000000005
13209,Spain,Home Care,14.96,5,Standard,25,18.700000000000003,25.00000000000002,OK,True,410000,0.3,0,3.6196737287189683e-19,Standard / Value,False,24.70000000000002
13210,UK,Food & Refreshment,6.67,7,Standard,28,8.5376,28.000000000000004,OK,True,520000,0.32,0,8.248669927223737e-16,Standard / Value,False,27.680000000000003
13211,UK,Food & Refreshment,5.55,2,Value,12,6.216,12.00000000000001,OK,True,520000,0.32,0,8.248669927223737e-16,Standard / Value,False,11.68000000000001
13212,Spain,Personal Care,10.8,8,Premium,60,17.28,60.00000000000001,OK,True,410000,0.3,0,3.6196737287189683e-19,Standard / Value,False,59.70000000000001
13213,France,Personal Care,5.78,2,Value,15,6.646999999999999,14.999999999999991,OK,False,430000,0.29,0,8.024217092590475e-16,Standard / Value,True,14.709999999999992
13214,Spain,Personal Care,12.58,10,Premium,60,20.128,60.00000000000001,OK,True,410000,0.3,0,3.6196737287189683e-19,Standard / Value,False,59.70000000000001
13215,UK,Personal Care,7.09,5,Standard,30,9.217,30.000000000000004,OK,True,520000,0.32,0,8.248669927223737e-16,Standard / Value,False,29.680000000000003
13216,Spain,Food & Refreshment,10.93,2,Value,12,12.2416,12.00000000000001,OK,True,410000,0.3,0,3.6196737287189683e-19,Standard / Value,False,11.70000000000001
13217,Germany,Home Care,2.06,2,Value,10,2.2660000000000005,10.000000000000009,OK,True,460000,0.31,1,0.999990952514284,Strong Premium,False,9.690000000000008
13218,Spain,Food & Refreshment,12.77,4,Standard,28,16.3456,28.000000000000004,OK,True,410000,0.3,0,3.6196737287189683e-19,Standard / Value,False,27.700000000000003
13219,UK,Food & Refreshment,11.17,4,Standard,28,14.2976,28.000000000000004,OK,True,520000,0.32,0,8.248669927223737e-16,Standard / Value,False,27.680000000000003
13220,Spain,Food & Refreshment,3.57,8,Premium,55,5.5335,55.00000000000001,OK,True,410000,0.3,0,3.6196737287189683e-19,Standard / Value,False,54.70000000000001
13221,France,Home Care,2.61,6,Standard,25,3.2624999999999997,25.0,OK,False,430000,0.29,0,8.024217092590475e-16,Standard / Value,True,24.71
13222,Spain,Personal Care,5.09,10,Premium,60,8.144,60.00000000000001,OK,True,410000,0.3,0,3.6196737287189683e-19,Standard / Value,False,59.70000000000001
13223,France,Food & Refreshment,14.65,8,Premium,55,22.7075,54.999999999999986,OK,False,430000,0.29,0,8.024217092590475e-16,Standard / Value,True,54.70999999999999
13224,Germany,Food & Refreshment,4.22,7,Standard,28,5.4016,28.000000000000004,OK,True,460000,0.31,1,0.999990952514284,Strong Premium,False,27.690000000000005
13225,France,Personal Care,7.11,10,Premium,60,11.376,60.00000000000001,OK,True,430000,0.29,0,8.024217092590475e-16,Standard / Value,False,59.71000000000001
13226,Spain,Food & Refreshment,0.94,4,Standard,28,1.2032,28.000000000000004,OK,True,410000,0.3,0,3.6196737287189683e-19,Standard / Value,False,27.700000000000003
13227,UK,Home Care,6.26,2,Value,10,6.886,10.000000000000009,OK,True,520000,0.32,0,8.248669927223737e-16,Standard / Value,False,9.680000000000009
13228,France,Food & Refreshment,8.78,9,Premium,55,13.609,55.00000000000001,OK,True,430000,0.29,0,8.024217092590475e-16,Standard / Value,False,54.71000000000001
13229,Germany,Food & Refreshment,14.32,2,Value,12,16.038400000000003,12.00000000000001,OK,True,460000,0.31,1,0.999990952514284,Strong Premium,False,11.69000000000001
13230,France,Personal Care,7.99,1,Value,15,9.1885,14.999999999999991,OK,False,430000,0.29,0,8.024217092590475e-16,Standard / Value,True,14.709999999999992
13231,France,Food & Refreshment,12.38,8,Premium,55,19.189,54.999999999999986,OK,False,430000,0.29,0,8.024217092590475e-16,Standard / Value,True,54.70999999999999
13232,France,Food & Refreshment,8.43,10,Premium,55,13.0665,55.00000000000001,OK,True,430000,0.29,0,8.024217092590475e-16,Standard / Value,False,54.71000000000001
13233,Germany,Home Care,1.09,9,Premium,50,1.6350000000000002,50.0,OK,False,460000,0.31,1,0.999990952514284,Strong Premium,True,49.69
13234,Spain,Personal Care,5.07,1,Value,15,5.8305,14.999999999999991,OK,False,410000,0.3,0,3.6196737287189683e-19,Standard / Value,True,14.69999999999999
13235,France,Personal Care,8.85,7,Standard,30,11.505,30.000000000000004,OK,True,430000,0.29,0,8.024217092590475e-16,Standard / Value,False,29.710000000000004
13236,France,Home Care,14.28,2,Value,10,15.708,10.000000000000009,OK,True,430000,0.29,0,8.024217092590475e-16,Standard / Value,False,9.71000000000001
13237,UK,Food & Refreshment,12.96,6,Standard,28,16.588800000000003,28.000000000000004,OK,True,520000,0.32,0,8.248669927223737e-16,Standard / Value,False,27.680000000000003
13238,Germany,Personal Care,3.81,5,Standard,30,4.953,30.000000000000004,OK,True,460000,0.31,1,0.999990952514284,Strong Premium,False,29.690000000000005
13239,France,Personal Care,3.69,1,Value,15,4.2435,15.000000000000014,OK,True,430000,0.29,0,8.024217092590475e-16,Standard / Value,False,14.710000000000015
13240,Germany,Food & Refreshment,3.42,2,Value,12,3.830400000000001,12.00000000000001,OK,True,460000,0.31,1,0.999990952514284,Strong Premium,False,11.69000000000001
13241,France,Food & Refreshment,13.88,2,Value,12,15.545600000000002,12.00000000000001,OK,True,430000,0.29,0,8.024217092590475e-16,Standard / Value,False,11.710000000000012
13242,Spain,Personal Care,12.86,10,Premium,60,20.576,60.00000000000001,OK,True,410000,0.3,0,3.6196737287189683e-19,Standard / Value,False,59.70000000000001
13243,Spain,Food & Refreshment,11.74,10,Premium,55,18.197,54.999999999999986,OK,False,410000,0.3,0,3.6196737287189683e-19,Standard / Value,True,54.69999999999999
13244,France,Personal Care,6.19,6,Standard,30,8.047,30.000000000000004,OK,True,430000,0.29,0,8.024217092590475e-16,Standard / Value,False,29.710000000000004
13245,Spain,Food & Refreshment,7.81,1,Value,12,8.747200000000001,12.00000000000001,OK,True,410000,0.3,0,3.6196737287189683e-19,Standard / Value,False,11.70000000000001
13246,France,Food & Refreshment,7.23,4,Standard,28,9.2544,28.000000000000004,OK,True,430000,0.29,0,8.024217092590475e-16,Standard / Value,False,27.710000000000004
13247,Spain,Home Care,4.17,10,Premium,50,6.255,50.0,OK,False,410000,0.3,0,3.6196737287189683e-19,Standard / Value,True,49.7
13248,UK,Food & Refreshment,7.82,5,Standard,28,10.0096,28.000000000000004,OK,True,520000,0.32,0,8.248669927223737e-16,Standard / Value,False,27.680000000000003
13249,UK,Home Care,0.94,2,Value,10,1.034,10.000000000000009,OK,True,520000,0.32,0,8.248669927223737e-16,Standard / Value,False,9.680000000000009
13250,UK,Food & Refreshment,2.41,2,Value,12,2.6992000000000003,12.00000000000001,OK,True,520000,0.32,0,8.248669927223737e-16,Standard / Value,False,11.68000000000001
13251,Germany,Personal Care,13.36,7,Standard,30,17.368,30.000000000000004,OK,True,460000,0.31,1,0.999990952514284,Strong Premium,False,29.690000000000005
13252,Germany,Personal Care,11.4,7,Standard,30,14.82,30.000000000000004,OK,True,460000,0.31,1,0.999990952514284,Strong Premium,False,29.690000000000005
13253,UK,Food & Refreshment,6.63,6,Standard,28,8.4864,28.000000000000004,OK,True,520000,0.32,0,8.248669927223737e-16,Standard / Value,False,27.680000000000003
13254,Germany,Food & Refreshment,8.0,1,Value,12,8.96,12.00000000000001,OK,True,460000,0.31,1,0.999990952514284,Strong Premium,False,11.69000000000001
13255,Spain,Personal Care,5.86,3,Value,15,6.739,14.999999999999991,OK,False,410000,0.3,0,3.6196737287189683e-19,Standard / Value,True,14.69999999999999
13256,France,Food & Refreshment,11.24,9,Premium,55,17.422,55.00000000000001,OK,True,430000,0.29,0,8.024217092590475e-16,Standard / Value,False,54.71000000000001
13257,France,Home Care,11.87,10,Premium,50,17.805,50.0,OK,False,430000,0.29,0,8.024217092590475e-16,Standard / Value,True,49.71
13258,France,Home Care,11.57,1,Value,10,12.727000000000002,10.000000000000009,OK,True,430000,0.29,0,8.024217092590475e-16,Standard / Value,False,9.71000000000001
13259,UK,Home Care,10.98,2,Value,10,12.078,10.000000000000009,OK,True,520000,0.32,0,8.248669927223737e-16,Standard / Value,False,9.680000000000009
13260,Germany,Home Care,3.47,8,Premium,50,5.205,50.0,OK,False,460000,0.31,1,0.999990952514284,Strong Premium,True,49.69
13261,Spain,Home Care,5.4,7,Standard,25,6.75,25.0,OK,False,410000,0.3,0,3.6196737287189683e-19,Standard / Value,True,24.7
13262,Spain,Food & Refreshment,7.31,9,Premium,55,11.3305,54.999999999999986,OK,False,410000,0.3,0,3.6196737287189683e-19,Standard / Value,True,54.69999999999999
13263,UK,Food & Refreshment,5.3,10,Premium,55,8.215,55.00000000000001,OK,True,520000,0.32,0,8.248669927223737e-16,Standard / Value,False,54.68000000000001
13264,Spain,Home Care,11.45,4,Standard,25,14.3125,25.0,OK,False,410000,0.3,0,3.6196737287189683e-19,Standard / Value,True,24.7
13265,Spain,Food & Refreshment,5.28,4,Standard,28,6.758400000000001,28.000000000000004,OK,True,410000,0.3,0,3.6196737287189683e-19,Standard / Value,False,27.700000000000003
13266,Spain,Food & Refreshment,2.5,7,Standard,28,3.2,28.000000000000004,OK,True,410000,0.3,0,3.6196737287189683e-19,Standard / Value,False,27.700000000000003
13267,Spain,Home Care,6.29,1,Value,10,6.9190000000000005,10.000000000000009,OK,True,410000,0.3,0,3.6196737287189683e-19,Standard / Value,False,9.700000000000008
13268,Germany,Food & Refreshment,14.71,10,Premium,55,22.800500000000003,55.00000000000001,OK,True,460000,0.31,1,0.999990952514284,Strong Premium,False,54.690000000000005
13269,Spain,Food & Refreshment,3.78,9,Premium,55,5.859,55.00000000000001,OK,True,410000,0.3,0,3.6196737287189683e-19,Standard / Value,False,54.70000000000001
13270,France,Food & Refreshment,9.38,2,Value,12,10.5056,12.00000000000001,OK,True,430000,0.29,0,8.024217092590475e-16,Standard / Value,False,11.710000000000012
13271,UK,Home Care,6.78,1,Value,10,7.458000000000001,10.000000000000009,OK,True,520000,0.32,0,8.248669927223737e-16,Standard / Value,False,9.680000000000009
13272,Germany,Food & Refreshment,1.53,7,Standard,28,1.9584,28.000000000000004,OK,True,460000,0.31,1,0.999990952514284,Strong Premium,False,27.690000000000005
13273,Spain,Personal Care,7.57,6,Standard,30,9.841,30.000000000000004,OK,True,410000,0.3,0,3.6196737287189683e-19,Standard / Value,False,29.700000000000003
13274,Germany,Personal Care,10.68,3,Value,15,12.281999999999998,14.999999999999991,OK,False,460000,0.31,1,0.999990952514284,Strong Premium,True,14.68999999999999
13275,Spain,Home Care,7.94,1,Value,10,8.734000000000002,10.000000000000009,OK,True,410000,0.3,0,3.6196737287189683e-19,Standard / Value,False,9.700000000000008
13276,France,Personal Care,13.15,5,Standard,30,17.095000000000002,30.000000000000004,OK,True,430000,0.29,0,8.024217092590475e-16,Standard / Value,False,29.710000000000004
13277,UK,Home Care,4.69,10,Premium,50,7.035,50.0,OK,False,520000,0.32,0,8.248669927223737e-16,Standard / Value,True,49.68
13278,Spain,Personal Care,1.75,4,Standard,30,2.275,30.000000000000004,OK,True,410000,0.3,0,3.6196737287189683e-19,Standard / Value,False,29.700000000000003
13279,Spain,Personal Care,14.08,5,Standard,30,18.304,30.000000000000004,OK,True,410000,0.3,0,3.6196737287189683e-19,Standard / Value,False,29.700000000000003
13280,Spain,Personal Care,5.98,1,Value,15,6.877,14.999999999999991,OK,False,410000,0.3,0,3.6196737287189683e-19,Standard / Value,True,14.69999999999999
13281,Spain,Home Care,8.86,1,Value,10,9.746,10.000000000000009,OK,True,410000,0.3,0,3.6196737287189683e-19,Standard / Value,False,9.700000000000008
13282,UK,Home Care,11.98,5,Standard,25,14.975,25.0,OK,False,520000,0.32,0,8.248669927223737e-16,Standard / Value,True,24.68
13283,UK,Food & Refreshment,5.2,6,Standard,28,6.656000000000001,28.000000000000004,OK,True,520000,0.32,0,8.248669927223737e-16,Standard / Value,False,27.680000000000003
13284,France,Home Care,10.88,5,Standard,25,13.6,25.0,OK,False,430000,0.29,0,8.024217092590475e-16,Standard / Value,True,24.71
13285,UK,Personal Care,2.46,2,Value,15,2.8289999999999997,14.999999999999991,OK,False,520000,0.32,0,8.248669927223737e-16,Standard / Value,True,14.67999999999999
13286,Spain,Personal Care,4.72,9,Premium,60,7.552,60.00000000000001,OK,True,410000,0.3,0,3.6196737287189683e-19,Standard / Value,False,59.70000000000001
13287,France,Home Care,2.6,5,Standard,25,3.25,25.0,OK,False,430000,0.29,0,8.024217092590475e-16,Standard / Value,True,24.71
13288,France,Home Care,12.26,5,Standard,25,15.325,25.0,OK,False,430000,0.29,0,8.024217092590475e-16,Standard / Value,True,24.71
13289,France,Home Care,3.73,10,Premium,50,5.595,50.0,OK,False,430000,0.29,0,8.024217092590475e-16,Standard / Value,True,49.71
13290,Spain,Food & Refreshment,10.9,9,Premium,55,16.895,54.999999999999986,OK,False,410000,0.3,0,3.6196737287189683e-19,Standard / Value,True,54.69999999999999
13291,Germany,Personal Care,14.18,3,Value,15,16.307,14.999999999999991,OK,False,460000,0.31,1,0.999990952514284,Strong Premium,True,14.68999999999999
13292,Spain,Food & Refreshment,8.15,5,Standard,28,10.432,28.000000000000004,OK,True,410000,0.3,0,3.6196737287189683e-19,Standard / Value,False,27.700000000000003
13293,UK,Food & Refreshment,8.33,5,Standard,28,10.6624,28.000000000000004,OK,True,520000,0.32,0,8.248669927223737e-16,Standard / Value,False,27.680000000000003
13294,UK,Personal Care,7.18,2,Value,15,8.257,14.999999999999991,OK,False,520000,0.32,0,8.248669927223737e-16,Standard / Value,True,14.67999999999999
13295,Spain,Personal Care,5.23,4,Standard,30,6.799,30.000000000000004,OK,True,410000,0.3,0,3.6196737287189683e-19,Standard / Value,False,29.700000000000003
13296,Spain,Home Care,7.4,2,Value,10,8.14,10.000000000000009,OK,True,410000,0.3,0,3.6196737287189683e-19,Standard / Value,False,9.700000000000008
13297,France,Home Care,9.24,5,Standard,25,11.55,25.0,OK,False,430000,0.29,0,8.024217092590475e-16,Standard / Value,True,24.71
13298,Spain,Food & Refreshment,14.8,10,Premium,55,22.94,55.00000000000001,OK,True,410000,0.3,0,3.6196737287189683e-19,Standard / Value,False,54.70000000000001
13299,France,Home Care,14.1,2,Value,10,15.510000000000002,10.000000000000009,OK,True,430000,0.29,0,8.024217092590475e-16,Standard / Value,False,9.71000000000001
13300,UK,Home Care,13.0,10,Premium,50,19.5,50.0,OK,False,520000,0.32,0,8.248669927223737e-16,Standard / Value,True,49.68
13301,France,Personal Care,13.39,9,Premium,60,21.424000000000003,60.00000000000001,OK,True,430000,0.29,0,8.024217092590475e-16,Standard / Value,False,59.71000000000001
13302,Spain,Personal Care,7.28,10,Premium,60,11.648,60.00000000000001,OK,True,410000,0.3,0,3.6196737287189683e-19,Standard / Value,False,59.70000000000001
13303,UK,Home Care,10.03,6,Standard,25,12.5375,25.0,OK,False,520000,0.32,0,8.248669927223737e-16,Standard / Value,True,24.68
13304,Germany,Personal Care,13.48,8,Premium,60,21.568,60.00000000000001,OK,True,460000,0.31,1,0.999990952514284,Strong Premium,False,59.690000000000005
13305,France,Home Care,6.2,9,Premium,50,9.3,50.0,OK,False,430000,0.29,0,8.024217092590475e-16,Standard / Value,True,49.71
13306,UK,Personal Care,14.45,8,Premium,60,23.12,60.00000000000001,OK,True,520000,0.32,0,8.248669927223737e-16,Standard / Value,False,59.68000000000001
13307,France,Personal Care,6.53,5,Standard,30,8.489,30.000000000000004,OK,True,430000,0.29,0,8.024217092590475e-16,Standard / Value,False,29.710000000000004
13308,UK,Personal Care,9.22,5,Standard,30,11.986,30.000000000000004,OK,True,520000,0.32,0,8.248669927223737e-16,Standard / Value,False,29.680000000000003
13309,UK,Personal Care,10.79,6,Standard,30,14.027,30.000000000000004,OK,True,520000,0.32,0,8.248669927223737e-16,Standard / Value,False,29.680000000000003
13310,France,Home Care,14.28,1,Value,10,15.708,10.000000000000009,OK,True,430000,0.29,0,8.024217092590475e-16,Standard / Value,False,9.71000000000001
13311,Germany,Food & Refreshment,4.05,8,Premium,55,6.2775,55.00000000000001,OK,True,460000,0.31,1,0.999990952514284,Strong Premium,False,54.690000000000005
13312,UK,Personal Care,11.32,2,Value,15,13.018,14.999999999999991,OK,False,520000,0.32,0,8.248669927223737e-16,Standard / Value,True,14.67999999999999
13313,UK,Home Care,8.05,6,Standard,25,10.0625,25.0,OK,False,520000,0.32,0,8.248669927223737e-16,Standard / Value,True,24.68
13314,UK,Home Care,4.39,9,Premium,50,6.584999999999999,50.0,OK,False,520000,0.32,0,8.248669927223737e-16,Standard / Value,True,49.68
13315,Germany,Personal Care,11.76,3,Value,15,13.524,14.999999999999991,OK,False,460000,0.31,1,0.999990952514284,Strong Premium,True,14.68999999999999
13316,Germany,Food & Refreshment,8.51,2,Value,12,9.5312,12.00000000000001,OK,True,460000,0.31,1,0.999990952514284,Strong Premium,False,11.69000000000001
13317,Spain,Personal Care,10.08,10,Premium,60,16.128,60.00000000000001,OK,True,410000,0.3,0,3.6196737287189683e-19,Standard / Value,False,59.70000000000001
13318,France,Home Care,5.18,5,Standard,25,6.475,25.0,OK,False,430000,0.29,0,8.024217092590475e-16,Standard / Value,True,24.71
13319,Germany,Food & Refreshment,7.48,9,Premium,55,11.594,55.00000000000001,OK,True,460000,0.31,1,0.999990952514284,Strong Premium,False,54.690000000000005
13320,France,Home Care,9.45,6,Standard,25,11.8125,25.0,OK,False,430000,0.29,0,8.024217092590475e-16,Standard / Value,True,24.71
13321,Spain,Personal Care,6.37,8,Premium,60,10.192,60.00000000000001,OK,True,410000,0.3,0,3.6196737287189683e-19,Standard / Value,False,59.70000000000001
13322,France,Food & Refreshment,3.38,8,Premium,55,5.239,55.00000000000001,OK,True,430000,0.29,0,8.024217092590475e-16,Standard / Value,False,54.71000000000001
13323,Germany,Home Care,14.44,7,Standard,25,18.05,25.0,OK,False,460000,0.31,1,0.999990952514284,Strong Premium,True,24.69
13324,France,Home Care,7.92,5,Standard,25,9.9,25.0,OK,False,430000,0.29,0,8.024217092590475e-16,Standard / Value,True,24.71
13325,Germany,Home Care,11.14,2,Value,10,12.254,10.000000000000009,OK,True,460000,0.31,1,0.999990952514284,Strong Premium,False,9.690000000000008
13326,France,Personal Care,6.46,10,Premium,60,10.336,60.00000000000001,OK,True,430000,0.29,0,8.024217092590475e-16,Standard / Value,False,59.71000000000001
13327,Germany,Food & Refreshment,5.65,10,Premium,55,8.7575,55.00000000000001,OK,True,460000,0.31,1,0.999990952514284,Strong Premium,False,54.690000000000005
13328,Germany,Personal Care,6.4,5,Standard,30,8.32,30.000000000000004,OK,True,460000,0.31,1,0.999990952514284,Strong Premium,False,29.690000000000005
13329,France,Personal Care,6.43,7,Standard,30,8.359,30.000000000000004,OK,True,430000,0.29,0,8.024217092590475e-16,Standard / Value,False,29.710000000000004
13330,Spain,Personal Care,8.39,7,Standard,30,10.907000000000002,30.000000000000004,OK,True,410000,0.3,0,3.6196737287189683e-19,Standard / Value,False,29.700000000000003
13331,UK,Food & Refreshment,8.38,2,Value,12,9.385600000000002,12.00000000000001,OK,True,520000,0.32,0,8.248669927223737e-16,Standard / Value,False,11.68000000000001
13332,Spain,Personal Care,7.71,7,Standard,30,10.023,30.000000000000004,OK,True,410000,0.3,0,3.6196737287189683e-19,Standard / Value,False,29.700000000000003
13333,France,Personal Care,2.45,6,Standard,30,3.1850000000000005,30.000000000000004,OK,True,430000,0.29,0,8.024217092590475e-16,Standard / Value,False,29.710000000000004
13334,Spain,Personal Care,7.69,7,Standard,30,9.997000000000002,30.000000000000004,OK,True,410000,0.3,0,3.6196737287189683e-19,Standard / Value,False,29.700000000000003
13335,Germany,Personal Care,2.95,8,Premium,60,4.720000000000001,60.00000000000001,OK,True,460000,0.31,1,0.999990952514284,Strong Premium,False,59.690000000000005
13336,UK,Home Care,2.33,4,Standard,25,2.9125,25.0,OK,False,520000,0.32,0,8.248669927223737e-16,Standard / Value,True,24.68
13337,France,Personal Care,14.02,1,Value,15,16.122999999999998,14.999999999999991,OK,False,430000,0.29,0,8.024217092590475e-16,Standard / Value,True,14.709999999999992
13338,France,Home Care,9.27,8,Premium,50,13.905,50.0,OK,False,430000,0.29,0,8.024217092590475e-16,Standard / Value,True,49.71
13339,France,Personal Care,10.06,8,Premium,60,16.096,59.999999999999986,OK,False,430000,0.29,0,8.024217092590475e-16,Standard / Value,True,59.70999999999999
13340,UK,Food & Refreshment,6.33,3,Value,12,7.089600000000001,12.00000000000001,OK,True,520000,0.32,0,8.248669927223737e-16,Standard / Value,False,11.68000000000001
13341,Germany,Home Care,13.68,3,Value,10,15.048,10.000000000000009,OK,True,460000,0.31,1,0.999990952514284,Strong Premium,False,9.690000000000008
13342,France,Home Care,9.75,5,Standard,25,12.1875,25.0,OK,False,430000,0.29,0,8.024217092590475e-16,Standard / Value,True,24.71
13343,Spain,Home Care,11.65,3,Value,10,12.815,10.000000000000009,OK,True,410000,0.3,0,3.6196737287189683e-19,Standard / Value,False,9.700000000000008
13344,France,Home Care,5.84,5,Standard,25,7.3,25.0,OK,False,430000,0.29,0,8.024217092590475e-16,Standard / Value,True,24.71
13345,France,Food & Refreshment,14.42,8,Premium,55,22.351,55.00000000000001,OK,True,430000,0.29,0,8.024217092590475e-16,Standard / Value,False,54.71000000000001
13346,France,Personal Care,12.4,1,Value,15,14.26,14.999999999999991,OK,False,430000,0.29,0,8.024217092590475e-16,Standard / Value,True,14.709999999999992
13347,France,Home Care,12.88,2,Value,10,14.168000000000005,10.000000000000009,OK,True,430000,0.29,0,8.024217092590475e-16,Standard / Value,False,9.71000000000001
13348,Germany,Food & Refreshment,3.0,2,Value,12,3.3600000000000003,12.00000000000001,OK,True,460000,0.31,1,0.999990952514284,Strong Premium,False,11.69000000000001
13349,Spain,Home Care,4.43,4,Standard,25,5.5375,25.0,OK,False,410000,0.3,0,3.6196737287189683e-19,Standard / Value,True,24.7
13350,Germany,Personal Care,4.64,9,Premium,60,7.424,60.00000000000001,OK,True,460000,0.31,1,0.999990952514284,Strong Premium,False,59.690000000000005
13351,Spain,Home Care,4.43,2,Value,10,4.873,10.000000000000009,OK,True,410000,0.3,0,3.6196737287189683e-19,Standard / Value,False,9.700000000000008
13352,France,Food & Refreshment,12.9,9,Premium,55,19.995,55.00000000000001,OK,True,430000,0.29,0,8.024217092590475e-16,Standard / Value,False,54.71000000000001
13353,UK,Personal Care,0.96,7,Standard,30,1.248,30.000000000000004,OK,True,520000,0.32,0,8.248669927223737e-16,Standard / Value,False,29.680000000000003
13354,Germany,Food & Refreshment,1.6,10,Premium,55,2.4800000000000004,55.00000000000003,OK,True,460000,0.31,1,0.999990952514284,Strong Premium,False,54.690000000000026
13355,UK,Personal Care,4.47,8,Premium,60,7.152,60.00000000000001,OK,True,520000,0.32,0,8.248669927223737e-16,Standard / Value,False,59.68000000000001
13356,Germany,Personal Care,3.4,1,Value,15,3.91,14.999999999999991,OK,False,460000,0.31,1,0.999990952514284,Strong Premium,True,14.68999999999999
13357,France,Personal Care,3.86,5,Standard,30,5.018,30.000000000000004,OK,True,430000,0.29,0,8.024217092590475e-16,Standard / Value,False,29.710000000000004
13358,Germany,Home Care,12.07,9,Premium,50,18.105,50.0,OK,False,460000,0.31,1,0.999990952514284,Strong Premium,True,49.69
13359,France,Food & Refreshment,8.67,4,Standard,28,11.0976,28.000000000000004,OK,True,430000,0.29,0,8.024217092590475e-16,Standard / Value,False,27.710000000000004
13360,Germany,Food & Refreshment,0.58,2,Value,12,0.6496000000000001,12.00000000000001,OK,True,460000,0.31,1,0.999990952514284,Strong Premium,False,11.69000000000001
13361,France,Food & Refreshment,6.73,6,Standard,28,8.614400000000002,28.000000000000025,OK,True,430000,0.29,0,8.024217092590475e-16,Standard / Value,False,27.710000000000026
13362,France,Personal Care,6.41,2,Value,15,7.371499999999999,14.999999999999991,OK,False,430000,0.29,0,8.024217092590475e-16,Standard / Value,True,14.709999999999992
13363,Spain,Home Care,2.15,3,Value,10,2.365,10.000000000000009,OK,True,410000,0.3,0,3.6196737287189683e-19,Standard / Value,False,9.700000000000008
13364,France,Personal Care,10.3,8,Premium,60,16.48,59.999999999999986,OK,False,430000,0.29,0,8.024217092590475e-16,Standard / Value,True,59.70999999999999
13365,Spain,Food & Refreshment,10.68,3,Value,12,11.9616,12.00000000000001,OK,True,410000,0.3,0,3.6196737287189683e-19,Standard / Value,False,11.70000000000001
13366,France,Home Care,10.95,2,Value,10,12.045,10.000000000000009,OK,True,430000,0.29,0,8.024217092590475e-16,Standard / Value,False,9.71000000000001
13367,UK,Home Care,11.06,6,Standard,25,13.825,25.0,OK,False,520000,0.32,0,8.248669927223737e-16,Standard / Value,True,24.68
13368,France,Home Care,0.5,3,Value,10,0.55,10.000000000000009,OK,True,430000,0.29,0,8.024217092590475e-16,Standard / Value,False,9.71000000000001
13369,UK,Food & Refreshment,14.33,1,Value,12,16.0496,12.00000000000001,OK,True,520000,0.32,0,8.248669927223737e-16,Standard / Value,False,11.68000000000001
13370,UK,Home Care,12.31,3,Value,10,13.541000000000002,10.000000000000009,OK,True,520000,0.32,0,8.248669927223737e-16,Standard / Value,False,9.680000000000009
13371,France,Home Care,13.61,6,Standard,25,17.0125,25.0,OK,False,430000,0.29,0,8.024217092590475e-16,Standard / Value,True,24.71
13372,UK,Personal Care,0.73,3,Value,15,0.8394999999999999,14.999999999999991,OK,False,520000,0.32,0,8.248669927223737e-16,Standard / Value,True,14.67999999999999
13373,Spain,Personal Care,14.04,9,Premium,60,22.464,60.00000000000001,OK,True,410000,0.3,0,3.6196737287189683e-19,Standard / Value,False,59.70000000000001
13374,Germany,Home Care,12.24,7,Standard,25,15.3,25.0,OK,False,460000,0.31,1,0.999990952514284,Strong Premium,True,24.69
13375,France,Home Care,12.64,5,Standard,25,15.8,25.0,OK,False,430000,0.29,0,8.024217092590475e-16,Standard / Value,True,24.71
13376,UK,Personal Care,1.85,2,Value,15,2.1275,14.999999999999991,OK,False,520000,0.32,0,8.248669927223737e-16,Standard / Value,True,14.67999999999999
13377,France,Personal Care,11.21,9,Premium,60,17.936000000000003,60.00000000000001,OK,True,430000,0.29,0,8.024217092590475e-16,Standard / Value,False,59.71000000000001
13378,Spain,Personal Care,14.42,5,Standard,30,18.746,30.00000000000003,OK,True,410000,0.3,0,3.6196737287189683e-19,Standard / Value,False,29.700000000000028
13379,France,Food & Refreshment,10.34,7,Standard,28,13.2352,28.000000000000004,OK,True,430000,0.29,0,8.024217092590475e-16,Standard / Value,False,27.710000000000004
13380,France,Food & Refreshment,8.77,9,Premium,55,13.5935,55.00000000000001,OK,True,430000,0.29,0,8.024217092590475e-16,Standard / Value,False,54.71000000000001
13381,UK,Personal Care,14.21,4,Standard,30,18.473000000000003,30.000000000000004,OK,True,520000,0.32,0,8.248669927223737e-16,Standard / Value,False,29.680000000000003
13382,Spain,Home Care,6.92,9,Premium,50,10.38,49.99999999999998,OK,False,410000,0.3,0,3.6196737287189683e-19,Standard / Value,True,49.69999999999998
13383,Germany,Personal Care,9.19,1,Value,15,10.568499999999998,14.999999999999991,OK,False,460000,0.31,1,0.999990952514284,Strong Premium,True,14.68999999999999
13384,Germany,Food & Refreshment,7.41,6,Standard,28,9.4848,28.000000000000004,OK,True,460000,0.31,1,0.999990952514284,Strong Premium,False,27.690000000000005
13385,UK,Home Care,14.03,2,Value,10,15.433,10.000000000000009,OK,True,520000,0.32,0,8.248669927223737e-16,Standard / Value,False,9.680000000000009
13386,France,Food & Refreshment,1.6,8,Premium,55,2.4800000000000004,55.00000000000003,OK,True,430000,0.29,0,8.024217092590475e-16,Standard / Value,False,54.71000000000003
13387,UK,Home Care,7.77,5,Standard,25,9.7125,24.99999999999998,OK,False,520000,0.32,0,8.248669927223737e-16,Standard / Value,True,24.67999999999998
13388,UK,Food & Refreshment,10.46,3,Value,12,11.715200000000005,12.00000000000001,OK,True,520000,0.32,0,8.248669927223737e-16,Standard / Value,False,11.68000000000001
13389,UK,Home Care,11.98,2,Value,10,13.178,10.000000000000009,OK,True,520000,0.32,0,8.248669927223737e-16,Standard / Value,False,9.680000000000009
13390,France,Home Care,8.95,8,Premium,50,13.425,50.0,OK,False,430000,0.29,0,8.024217092590475e-16,Standard / Value,True,49.71
13391,Spain,Home Care,13.68,7,Standard,25,17.1,25.00000000000002,OK,True,410000,0.3,0,3.6196737287189683e-19,Standard / Value,False,24.70000000000002
13392,UK,Home Care,14.16,9,Premium,50,21.24,50.00000000000002,OK,True,520000,0.32,0,8.248669927223737e-16,Standard / Value,False,49.68000000000002
13393,France,Food & Refreshment,1.43,8,Premium,55,2.2165,55.00000000000001,OK,True,430000,0.29,0,8.024217092590475e-16,Standard / Value,False,54.71000000000001
13394,Spain,Food & Refreshment,6.33,4,Standard,28,8.1024,27.99999999999998,OK,False,410000,0.3,0,3.6196737287189683e-19,Standard / Value,True,27.699999999999978
13395,UK,Home Care,0.84,2,Value,10,0.924,10.000000000000009,OK,True,520000,0.32,0,8.248669927223737e-16,Standard / Value,False,9.680000000000009
13396,Germany,Home Care,5.28,2,Value,10,5.808000000000001,10.000000000000009,OK,True,460000,0.31,1,0.999990952514284,Strong Premium,False,9.690000000000008
13397,Spain,Food & Refreshment,8.28,2,Value,12,9.2736,12.00000000000001,OK,True,410000,0.3,0,3.6196737287189683e-19,Standard / Value,False,11.70000000000001
13398,UK,Home Care,13.71,6,Standard,25,17.137500000000003,25.00000000000002,OK,True,520000,0.32,0,8.248669927223737e-16,Standard / Value,False,24.68000000000002
13399,Spain,Home Care,12.78,7,Standard,25,15.975,25.0,OK,False,410000,0.3,0,3.6196737287189683e-19,Standard / Value,True,24.7
13400,Spain,Home Care,2.35,6,Standard,25,2.9375,25.0,OK,False,410000,0.3,0,3.6196737287189683e-19,Standard / Value,True,24.7
13401,Spain,Personal Care,1.85,2,Value,15,2.1275,14.999999999999991,OK,False,410000,0.3,0,3.6196737287189683e-19,Standard / Value,True,14.69999999999999
13402,Spain,Home Care,9.04,4,Standard,25,11.3,25.0,OK,False,410000,0.3,0,3.6196737287189683e-19,Standard / Value,True,24.7
13403,Spain,Personal Care,8.22,3,Value,15,9.453,14.999999999999991,OK,False,410000,0.3,0,3.6196737287189683e-19,Standard / Value,True,14.69999999999999
13404,Spain,Home Care,4.36,4,Standard,25,5.45,25.0,OK,False,410000,0.3,0,3.6196737287189683e-19,Standard / Value,True,24.7
13405,UK,Food & Refreshment,13.54,5,Standard,28,17.3312,28.000000000000004,OK,True,520000,0.32,0,8.248669927223737e-16,Standard / Value,False,27.680000000000003
13406,Germany,Personal Care,13.95,7,Standard,30,18.135,29.999999999999982,OK,False,460000,0.31,1,0.999990952514284,Strong Premium,True,29.689999999999984
13407,France,Personal Care,6.34,9,Premium,60,10.144,60.00000000000001,OK,True,430000,0.29,0,8.024217092590475e-16,Standard / Value,False,59.71000000000001
13408,Spain,Home Care,13.41,2,Value,10,14.751,10.000000000000009,OK,True,410000,0.3,0,3.6196737287189683e-19,Standard / Value,False,9.700000000000008
13409,France,Home Care,6.07,8,Premium,50,9.105,50.0,OK,False,430000,0.29,0,8.024217092590475e-16,Standard / Value,True,49.71
13410,UK,Personal Care,11.18,3,Value,15,12.857,14.999999999999991,OK,False,520000,0.32,0,8.248669927223737e-16,Standard / Value,True,14.67999999999999
13411,Spain,Food & Refreshment,7.4,9,Premium,55,11.47,55.00000000000001,OK,True,410000,0.3,0,3.6196737287189683e-19,Standard / Value,False,54.70000000000001
13412,Germany,Food & Refreshment,2.28,10,Premium,55,3.534,55.00000000000001,OK,True,460000,0.31,1,0.999990952514284,Strong Premium,False,54.690000000000005
13413,France,Home Care,13.96,4,Standard,25,17.450000000000003,25.00000000000002,OK,True,430000,0.29,0,8.024217092590475e-16,Standard / Value,False,24.710000000000022
13414,Spain,Food & Refreshment,7.08,3,Value,12,7.929600000000001,12.00000000000001,OK,True,410000,0.3,0,3.6196737287189683e-19,Standard / Value,False,11.70000000000001
13415,UK,Food & Refreshment,11.15,10,Premium,55,17.282500000000002,55.00000000000003,OK,True,520000,0.32,0,8.248669927223737e-16,Standard / Value,False,54.68000000000003
13416,Germany,Home Care,5.82,6,Standard,25,7.275,25.0,OK,False,460000,0.31,1,0.999990952514284,Strong Premium,True,24.69
13417,France,Food & Refreshment,0.77,10,Premium,55,1.1935,55.00000000000001,OK,True,430000,0.29,0,8.024217092590475e-16,Standard / Value,False,54.71000000000001
13418,France,Home Care,1.96,9,Premium,50,2.94,50.0,OK,False,430000,0.29,0,8.024217092590475e-16,Standard / Value,True,49.71
13419,Spain,Personal Care,7.7,7,Standard,30,10.01,30.000000000000004,OK,True,410000,0.3,0,3.6196737287189683e-19,Standard / Value,False,29.700000000000003
13420,Germany,Home Care,10.5,4,Standard,25,13.125,25.0,OK,False,460000,0.31,1,0.999990952514284,Strong Premium,True,24.69
13421,Germany,Personal Care,5.35,3,Value,15,6.152499999999999,14.999999999999991,OK,False,460000,0.31,1,0.999990952514284,Strong Premium,True,14.68999999999999
13422,Germany,Personal Care,10.58,10,Premium,60,16.928,60.00000000000001,OK,True,460000,0.31,1,0.999990952514284,Strong Premium,False,59.690000000000005
13423,Germany,Food & Refreshment,10.63,4,Standard,28,13.6064,28.000000000000004,OK,True,460000,0.31,1,0.999990952514284,Strong Premium,False,27.690000000000005
13424,UK,Food & Refreshment,10.71,3,Value,12,11.995200000000002,12.00000000000001,OK,True,520000,0.32,0,8.248669927223737e-16,Standard / Value,False,11.68000000000001
13425,Germany,Food & Refreshment,7.64,3,Value,12,8.5568,12.00000000000001,OK,True,460000,0.31,1,0.999990952514284,Strong Premium,False,11.69000000000001
13426,France,Home Care,13.77,9,Premium,50,20.655,50.00000000000002,OK,True,430000,0.29,0,8.024217092590475e-16,Standard / Value,False,49.71000000000002
13427,France,Food & Refreshment,7.59,4,Standard,28,9.7152,28.000000000000004,OK,True,430000,0.29,0,8.024217092590475e-16,Standard / Value,False,27.710000000000004
13428,UK,Personal Care,7.03,9,Premium,60,11.248,60.00000000000001,OK,True,520000,0.32,0,8.248669927223737e-16,Standard / Value,False,59.68000000000001
13429,France,Food & Refreshment,3.39,10,Premium,55,5.2545,55.00000000000001,OK,True,430000,0.29,0,8.024217092590475e-16,Standard / Value,False,54.71000000000001
13430,France,Food & Refreshment,4.96,5,Standard,28,6.3488,28.000000000000004,OK,True,430000,0.29,0,8.024217092590475e-16,Standard / Value,False,27.710000000000004
13431,Germany,Home Care,1.11,7,Standard,25,1.3875000000000002,25.0,OK,False,460000,0.31,1,0.999990952514284,Strong Premium,True,24.69
13432,France,Home Care,9.69,5,Standard,25,12.1125,25.0,OK,False,430000,0.29,0,8.024217092590475e-16,Standard / Value,True,24.71
13433,UK,Personal Care,4.1,1,Value,15,4.714999999999999,14.999999999999991,OK,False,520000,0.32,0,8.248669927223737e-16,Standard / Value,True,14.67999999999999
13434,Germany,Home Care,4.91,2,Value,10,5.401000000000001,10.000000000000009,OK,True,460000,0.31,1,0.999990952514284,Strong Premium,False,9.690000000000008
13435,Spain,Food & Refreshment,11.68,5,Standard,28,14.9504,28.000000000000004,OK,True,410000,0.3,0,3.6196737287189683e-19,Standard / Value,False,27.700000000000003
13436,Germany,Home Care,5.24,6,Standard,25,6.550000000000001,25.0,OK,False,460000,0.31,1,0.999990952514284,Strong Premium,True,24.69
13437,UK,Personal Care,4.01,7,Standard,30,5.213,30.000000000000004,OK,True,520000,0.32,0,8.248669927223737e-16,Standard / Value,False,29.680000000000003
13438,Germany,Food & Refreshment,2.95,2,Value,12,3.3040000000000007,12.00000000000001,OK,True,460000,0.31,1,0.999990952514284,Strong Premium,False,11.69000000000001
13439,Germany,Personal Care,11.74,10,Premium,60,18.784,60.00000000000001,OK,True,460000,0.31,1,0.999990952514284,Strong Premium,False,59.690000000000005
13440,UK,Home Care,2.38,9,Premium,50,3.57,50.0,OK,False,520000,0.32,0,8.248669927223737e-16,Standard / Value,True,49.68
13441,Germany,Home Care,7.08,6,Standard,25,8.85,25.0,OK,False,460000,0.31,1,0.999990952514284,Strong Premium,True,24.69
13442,UK,Personal Care,7.85,2,Value,15,9.027499999999998,14.999999999999991,OK,False,520000,0.32,0,8.248669927223737e-16,Standard / Value,True,14.67999999999999
13443,UK,Food & Refreshment,10.47,2,Value,12,11.726400000000002,12.00000000000001,OK,True,520000,0.32,0,8.248669927223737e-16,Standard / Value,False,11.68000000000001
13444,Spain,Home Care,9.68,3,Value,10,10.648,10.000000000000009,OK,True,410000,0.3,0,3.6196737287189683e-19,Standard / Value,False,9.700000000000008
13445,France,Home Care,12.26,1,Value,10,13.486,10.000000000000009,OK,True,430000,0.29,0,8.024217092590475e-16,Standard / Value,False,9.71000000000001
13446,France,Food & Refreshment,1.15,9,Premium,55,1.7825,55.00000000000001,OK,True,430000,0.29,0,8.024217092590475e-16,Standard / Value,False,54.71000000000001
13447,Germany,Home Care,4.8,10,Premium,50,7.199999999999999,50.0,OK,False,460000,0.31,1,0.999990952514284,Strong Premium,True,49.69
13448,Germany,Personal Care,4.56,4,Standard,30,5.928,30.000000000000004,OK,True,460000,0.31,1,0.999990952514284,Strong Premium,False,29.690000000000005
13449,Spain,Home Care,2.62,5,Standard,25,3.2750000000000004,25.0,OK,False,410000,0.3,0,3.6196737287189683e-19,Standard / Value,True,24.7
13450,Spain,Home Care,4.69,7,Standard,25,5.862500000000001,25.0,OK,False,410000,0.3,0,3.6196737287189683e-19,Standard / Value,True,24.7
13451,Spain,Food & Refreshment,4.99,1,Value,12,5.588800000000001,12.00000000000001,OK,True,410000,0.3,0,3.6196737287189683e-19,Standard / Value,False,11.70000000000001
13452,UK,Personal Care,8.07,3,Value,15,9.2805,14.999999999999991,OK,False,520000,0.32,0,8.248669927223737e-16,Standard / Value,True,14.67999999999999
13453,Spain,Food & Refreshment,10.12,3,Value,12,11.3344,12.00000000000001,OK,True,410000,0.3,0,3.6196737287189683e-19,Standard / Value,False,11.70000000000001
13454,Spain,Home Care,6.03,2,Value,10,6.633000000000001,10.000000000000009,OK,True,410000,0.3,0,3.6196737287189683e-19,Standard / Value,False,9.700000000000008
13455,Germany,Home Care,10.93,8,Premium,50,16.395,50.0,OK,False,460000,0.31,1,0.999990952514284,Strong Premium,True,49.69
13456,Spain,Food & Refreshment,5.37,5,Standard,28,6.873600000000001,28.000000000000004,OK,True,410000,0.3,0,3.6196737287189683e-19,Standard / Value,False,27.700000000000003
13457,UK,Food & Refreshment,4.71,1,Value,12,5.275200000000001,12.00000000000001,OK,True,520000,0.32,0,8.248669927223737e-16,Standard / Value,False,11.68000000000001
13458,UK,Food & Refreshment,8.35,2,Value,12,9.352,12.00000000000001,OK,True,520000,0.32,0,8.248669927223737e-16,Standard / Value,False,11.68000000000001
13459,Germany,Personal Care,0.84,1,Value,15,0.966,14.999999999999991,OK,False,460000,0.31,1,0.999990952514284,Strong Premium,True,14.68999999999999
13460,Spain,Home Care,1.66,6,Standard,25,2.0749999999999997,25.0,OK,False,410000,0.3,0,3.6196737287189683e-19,Standard / Value,True,24.7
13461,Spain,Food & Refreshment,6.56,9,Premium,55,10.168,55.00000000000001,OK,True,410000,0.3,0,3.6196737287189683e-19,Standard / Value,False,54.70000000000001
13462,UK,Home Care,14.17,7,Standard,25,17.7125,25.0,OK,False,520000,0.32,0,8.248669927223737e-16,Standard / Value,True,24.68
13463,Spain,Personal Care,10.96,5,Standard,30,14.248,30.000000000000004,OK,True,410000,0.3,0,3.6196737287189683e-19,Standard / Value,False,29.700000000000003
13464,Spain,Personal Care,1.78,3,Value,15,2.0469999999999997,14.999999999999991,OK,False,410000,0.3,0,3.6196737287189683e-19,Standard / Value,True,14.69999999999999
13465,Spain,Personal Care,12.77,8,Premium,60,20.432,60.00000000000003,OK,True,410000,0.3,0,3.6196737287189683e-19,Standard / Value,False,59.70000000000003
13466,France,Personal Care,11.12,10,Premium,60,17.791999999999998,59.999999999999986,OK,False,430000,0.29,0,8.024217092590475e-16,Standard / Value,True,59.70999999999999
13467,Germany,Home Care,9.36,4,Standard,25,11.7,25.0,OK,False,460000,0.31,1,0.999990952514284,Strong Premium,True,24.69
13468,France,Personal Care,12.39,9,Premium,60,19.824,60.00000000000001,OK,True,430000,0.29,0,8.024217092590475e-16,Standard / Value,False,59.71000000000001
13469,Germany,Personal Care,6.36,5,Standard,30,8.268,30.000000000000004,OK,True,460000,0.31,1,0.999990952514284,Strong Premium,False,29.690000000000005
13470,UK,Food & Refreshment,3.71,6,Standard,28,4.7488,28.000000000000004,OK,True,520000,0.32,0,8.248669927223737e-16,Standard / Value,False,27.680000000000003
13471,Spain,Personal Care,7.92,5,Standard,30,10.296,29.999999999999982,OK,False,410000,0.3,0,3.6196737287189683e-19,Standard / Value,True,29.69999999999998
13472,Germany,Food & Refreshment,8.46,10,Premium,55,13.113,55.00000000000001,OK,True,460000,0.31,1,0.999990952514284,Strong Premium,False,54.690000000000005
13473,France,Personal Care,8.31,7,Standard,30,10.803,30.000000000000004,OK,True,430000,0.29,0,8.024217092590475e-16,Standard / Value,False,29.710000000000004
13474,Spain,Personal Care,8.69,7,Standard,30,11.297,30.000000000000004,OK,True,410000,0.3,0,3.6196737287189683e-19,Standard / Value,False,29.700000000000003
13475,UK,Food & Refreshment,14.26,1,Value,12,15.9712,12.00000000000001,OK,True,520000,0.32,0,8.248669927223737e-16,Standard / Value,False,11.68000000000001
13476,Germany,Personal Care,13.58,2,Value,15,15.617,14.999999999999991,OK,False,460000,0.31,1,0.999990952514284,Strong Premium,True,14.68999999999999
13477,Germany,Home Care,13.2,7,Standard,25,16.5,25.0,OK,False,460000,0.31,1,0.999990952514284,Strong Premium,True,24.69
13478,Germany,Home Care,12.12,8,Premium,50,18.18,50.0,OK,False,460000,0.31,1,0.999990952514284,Strong Premium,True,49.69
13479,Spain,Personal Care,14.18,4,Standard,30,18.434,30.000000000000004,OK,True,410000,0.3,0,3.6196737287189683e-19,Standard / Value,False,29.700000000000003
13480,France,Home Care,1.93,6,Standard,25,2.4125,25.0,OK,False,430000,0.29,0,8.024217092590475e-16,Standard / Value,True,24.71
13481,France,Food & Refreshment,4.34,10,Premium,55,6.727,55.00000000000001,OK,True,430000,0.29,0,8.024217092590475e-16,Standard / Value,False,54.71000000000001
13482,Germany,Personal Care,7.68,3,Value,15,8.831999999999999,14.999999999999991,OK,False,460000,0.31,1,0.999990952514284,Strong Premium,True,14.68999999999999
13483,UK,Personal Care,12.77,7,Standard,30,16.601,30.000000000000004,OK,True,520000,0.32,0,8.248669927223737e-16,Standard / Value,False,29.680000000000003
13484,UK,Food & Refreshment,7.82,3,Value,12,8.758400000000002,12.00000000000001,OK,True,520000,0.32,0,8.248669927223737e-16,Standard / Value,False,11.68000000000001
13485,France,Food & Refreshment,11.35,7,Standard,28,14.528,28.000000000000004,OK,True,430000,0.29,0,8.024217092590475e-16,Standard / Value,False,27.710000000000004
13486,UK,Food & Refreshment,2.51,8,Premium,55,3.8905,55.00000000000001,OK,True,520000,0.32,0,8.248669927223737e-16,Standard / Value,False,54.68000000000001
13487,France,Personal Care,4.16,3,Value,15,4.784,14.999999999999991,OK,False,430000,0.29,0,8.024217092590475e-16,Standard / Value,True,14.709999999999992
13488,Germany,Food & Refreshment,11.11,2,Value,12,12.4432,12.00000000000001,OK,True,460000,0.31,1,0.999990952514284,Strong Premium,False,11.69000000000001
13489,France,Food & Refreshment,2.89,6,Standard,28,3.6992,28.000000000000004,OK,True,430000,0.29,0,8.024217092590475e-16,Standard / Value,False,27.710000000000004
13490,France,Home Care,5.59,4,Standard,25,6.9875,25.0,OK,False,430000,0.29,0,8.024217092590475e-16,Standard / Value,True,24.71
13491,Germany,Home Care,4.34,8,Premium,50,6.51,50.0,OK,False,460000,0.31,1,0.999990952514284,Strong Premium,True,49.69
13492,UK,Personal Care,5.57,2,Value,15,6.4055,14.999999999999991,OK,False,520000,0.32,0,8.248669927223737e-16,Standard / Value,True,14.67999999999999
13493,France,Home Care,10.77,4,Standard,25,13.4625,25.0,OK,False,430000,0.29,0,8.024217092590475e-16,Standard / Value,True,24.71
13494,France,Home Care,5.83,2,Value,10,6.413,10.000000000000009,OK,True,430000,0.29,0,8.024217092590475e-16,Standard / Value,False,9.71000000000001
13495,Germany,Food & Refreshment,8.55,2,Value,12,9.576000000000002,12.00000000000001,OK,True,460000,0.31,1,0.999990952514284,Strong Premium,False,11.69000000000001
13496,UK,Food & Refreshment,1.95,2,Value,12,2.184,12.00000000000001,OK,True,520000,0.32,0,8.248669927223737e-16,Standard / Value,False,11.68000000000001
13497,France,Home Care,12.17,1,Value,10,13.387,10.000000000000009,OK,True,430000,0.29,0,8.024217092590475e-16,Standard / Value,False,9.71000000000001
13498,Germany,Home Care,5.86,4,Standard,25,7.325,25.0,OK,False,460000,0.31,1,0.999990952514284,Strong Premium,True,24.69
13499,France,Home Care,9.9,2,Value,10,10.89,10.000000000000009,OK,True,430000,0.29,0,8.024217092590475e-16,Standard / Value,False,9.71000000000001
13500,Spain,Personal Care,11.02,9,Premium,60,17.632,60.00000000000001,OK,True,410000,0.3,0,3.6196737287189683e-19,Standard / Value,False,59.70000000000001
13501,Germany,Personal Care,3.54,9,Premium,60,5.664000000000001,60.00000000000001,OK,True,460000,0.31,1,0.999990952514284,Strong Premium,False,59.690000000000005
13502,UK,Personal Care,13.33,7,Standard,30,17.329,30.000000000000004,OK,True,520000,0.32,0,8.248669927223737e-16,Standard / Value,False,29.680000000000003
13503,UK,Home Care,9.44,6,Standard,25,11.8,25.0,OK,False,520000,0.32,0,8.248669927223737e-16,Standard / Value,True,24.68
13504,UK,Home Care,6.72,3,Value,10,7.392,10.000000000000009,OK,True,520000,0.32,0,8.248669927223737e-16,Standard / Value,False,9.680000000000009
13505,UK,Personal Care,3.14,7,Standard,30,4.082000000000001,30.00000000000003,OK,True,520000,0.32,0,8.248669927223737e-16,Standard / Value,False,29.680000000000028
13506,France,Personal Care,14.16,1,Value,15,16.284,14.999999999999991,OK,False,430000,0.29,0,8.024217092590475e-16,Standard / Value,True,14.709999999999992
13507,France,Home Care,11.45,9,Premium,50,17.174999999999997,49.99999999999998,OK,False,430000,0.29,0,8.024217092590475e-16,Standard / Value,True,49.70999999999998
13508,UK,Food & Refreshment,3.52,4,Standard,28,4.5056,28.000000000000004,OK,True,520000,0.32,0,8.248669927223737e-16,Standard / Value,False,27.680000000000003
13509,UK,Personal Care,5.4,6,Standard,30,7.0200000000000005,30.000000000000004,OK,True,520000,0.32,0,8.248669927223737e-16,Standard / Value,False,29.680000000000003
13510,UK,Home Care,12.24,6,Standard,25,15.3,25.0,OK,False,520000,0.32,0,8.248669927223737e-16,Standard / Value,True,24.68
13511,France,Home Care,10.59,3,Value,10,11.649,10.000000000000009,OK,True,430000,0.29,0,8.024217092590475e-16,Standard / Value,False,9.71000000000001
13512,UK,Food & Refreshment,11.6,4,Standard,28,14.848,28.000000000000004,OK,True,520000,0.32,0,8.248669927223737e-16,Standard / Value,False,27.680000000000003
13513,UK,Home Care,6.9,10,Premium,50,10.35,50.00000000000002,OK,True,520000,0.32,0,8.248669927223737e-16,Standard / Value,False,49.68000000000002
13514,Spain,Home Care,10.89,3,Value,10,11.979,10.000000000000009,OK,True,410000,0.3,0,3.6196737287189683e-19,Standard / Value,False,9.700000000000008
13515,Spain,Personal Care,6.1,6,Standard,30,7.93,30.000000000000004,OK,True,410000,0.3,0,3.6196737287189683e-19,Standard / Value,False,29.700000000000003
13516,UK,Personal Care,3.56,1,Value,15,4.093999999999999,14.999999999999991,OK,False,520000,0.32,0,8.248669927223737e-16,Standard / Value,True,14.67999999999999
13517,Germany,Food & Refreshment,9.67,8,Premium,55,14.9885,55.00000000000001,OK,True,460000,0.31,1,0.999990952514284,Strong Premium,False,54.690000000000005
13518,UK,Food & Refreshment,14.65,8,Premium,55,22.7075,54.999999999999986,OK,False,520000,0.32,0,8.248669927223737e-16,Standard / Value,True,54.679999999999986
13519,Spain,Home Care,5.0,9,Premium,50,7.5,50.0,OK,False,410000,0.3,0,3.6196737287189683e-19,Standard / Value,True,49.7
13520,Germany,Personal Care,7.18,6,Standard,30,9.334,30.000000000000004,OK,True,460000,0.31,1,0.999990952514284,Strong Premium,False,29.690000000000005
13521,Germany,Food & Refreshment,10.27,1,Value,12,11.5024,12.00000000000001,OK,True,460000,0.31,1,0.999990952514284,Strong Premium,False,11.69000000000001
13522,UK,Food & Refreshment,8.35,3,Value,12,9.352,12.00000000000001,OK,True,520000,0.32,0,8.248669927223737e-16,Standard / Value,False,11.68000000000001
13523,Spain,Food & Refreshment,12.73,1,Value,12,14.257600000000002,12.00000000000001,OK,True,410000,0.3,0,3.6196737287189683e-19,Standard / Value,False,11.70000000000001
13524,Spain,Home Care,11.55,5,Standard,25,14.4375,25.0,OK,False,410000,0.3,0,3.6196737287189683e-19,Standard / Value,True,24.7
13525,Germany,Personal Care,1.35,3,Value,15,1.5525,14.999999999999991,OK,False,460000,0.31,1,0.999990952514284,Strong Premium,True,14.68999999999999
13526,UK,Food & Refreshment,14.98,2,Value,12,16.777600000000003,12.00000000000001,OK,True,520000,0.32,0,8.248669927223737e-16,Standard / Value,False,11.68000000000001
13527,France,Personal Care,11.41,3,Value,15,13.1215,14.999999999999991,OK,False,430000,0.29,0,8.024217092590475e-16,Standard / Value,True,14.709999999999992
13528,France,Food & Refreshment,13.03,9,Premium,55,20.1965,55.00000000000001,OK,True,430000,0.29,0,8.024217092590475e-16,Standard / Value,False,54.71000000000001
13529,Spain,Food & Refreshment,9.94,8,Premium,55,15.407,55.00000000000001,OK,True,410000,0.3,0,3.6196737287189683e-19,Standard / Value,False,54.70000000000001
13530,France,Personal Care,12.92,3,Value,15,14.858,14.999999999999991,OK,False,430000,0.29,0,8.024217092590475e-16,Standard / Value,True,14.709999999999992
13531,Spain,Personal Care,2.13,2,Value,15,2.4494999999999996,14.999999999999991,OK,False,410000,0.3,0,3.6196737287189683e-19,Standard / Value,True,14.69999999999999
13532,Spain,Personal Care,5.54,5,Standard,30,7.202,30.000000000000004,OK,True,410000,0.3,0,3.6196737287189683e-19,Standard / Value,False,29.700000000000003
13533,Spain,Home Care,13.21,1,Value,10,14.531000000000002,10.000000000000009,OK,True,410000,0.3,0,3.6196737287189683e-19,Standard / Value,False,9.700000000000008
13534,France,Food & Refreshment,3.42,4,Standard,28,4.3776,28.000000000000004,OK,True,430000,0.29,0,8.024217092590475e-16,Standard / Value,False,27.710000000000004
13535,Spain,Home Care,1.63,8,Premium,50,2.445,50.0,OK,False,410000,0.3,0,3.6196737287189683e-19,Standard / Value,True,49.7
13536,Germany,Personal Care,11.93,1,Value,15,13.719499999999998,14.999999999999991,OK,False,460000,0.31,1,0.999990952514284,Strong Premium,True,14.68999999999999
13537,UK,Food & Refreshment,12.61,5,Standard,28,16.1408,28.000000000000004,OK,True,520000,0.32,0,8.248669927223737e-16,Standard / Value,False,27.680000000000003
13538,UK,Home Care,2.86,4,Standard,25,3.5749999999999997,25.0,OK,False,520000,0.32,0,8.248669927223737e-16,Standard / Value,True,24.68
13539,Spain,Food & Refreshment,12.89,6,Standard,28,16.499200000000002,28.000000000000004,OK,True,410000,0.3,0,3.6196737287189683e-19,Standard / Value,False,27.700000000000003
13540,UK,Home Care,10.46,7,Standard,25,13.075,25.0,OK,False,520000,0.32,0,8.248669927223737e-16,Standard / Value,True,24.68
13541,France,Personal Care,8.04,9,Premium,60,12.864,60.00000000000001,OK,True,430000,0.29,0,8.024217092590475e-16,Standard / Value,False,59.71000000000001
13542,France,Home Care,12.54,1,Value,10,13.794,10.000000000000009,OK,True,430000,0.29,0,8.024217092590475e-16,Standard / Value,False,9.71000000000001
13543,UK,Food & Refreshment,6.58,10,Premium,55,10.199,55.00000000000001,OK,True,520000,0.32,0,8.248669927223737e-16,Standard / Value,False,54.68000000000001
13544,France,Food & Refreshment,3.31,4,Standard,28,4.236800000000001,28.000000000000025,OK,True,430000,0.29,0,8.024217092590475e-16,Standard / Value,False,27.710000000000026
13545,UK,Food & Refreshment,4.63,6,Standard,28,5.9264,28.000000000000004,OK,True,520000,0.32,0,8.248669927223737e-16,Standard / Value,False,27.680000000000003
13546,UK,Food & Refreshment,7.82,10,Premium,55,12.121,55.00000000000001,OK,True,520000,0.32,0,8.248669927223737e-16,Standard / Value,False,54.68000000000001
13547,UK,Personal Care,8.2,7,Standard,30,10.66,30.000000000000004,OK,True,520000,0.32,0,8.248669927223737e-16,Standard / Value,False,29.680000000000003
13548,Spain,Home Care,12.18,7,Standard,25,15.225,25.0,OK,False,410000,0.3,0,3.6196737287189683e-19,Standard / Value,True,24.7
13549,UK,Personal Care,11.97,8,Premium,60,19.152,60.00000000000001,OK,True,520000,0.32,0,8.248669927223737e-16,Standard / Value,False,59.68000000000001
13550,Spain,Personal Care,8.93,10,Premium,60,14.288,60.00000000000001,OK,True,410000,0.3,0,3.6196737287189683e-19,Standard / Value,False,59.70000000000001
13551,UK,Personal Care,11.82,8,Premium,60,18.912000000000003,60.00000000000001,OK,True,520000,0.32,0,8.248669927223737e-16,Standard / Value,False,59.68000000000001
13552,UK,Food & Refreshment,3.28,8,Premium,55,5.084,55.00000000000001,OK,True,520000,0.32,0,8.248669927223737e-16,Standard / Value,False,54.68000000000001
13553,UK,Food & Refreshment,1.23,8,Premium,55,1.9065,55.00000000000001,OK,True,520000,0.32,0,8.248669927223737e-16,Standard / Value,False,54.68000000000001
13554,France,Food & Refreshment,13.17,8,Premium,55,20.4135,55.00000000000001,OK,True,430000,0.29,0,8.024217092590475e-16,Standard / Value,False,54.71000000000001
13555,Spain,Home Care,1.6,6,Standard,25,2.0,25.0,OK,False,410000,0.3,0,3.6196737287189683e-19,Standard / Value,True,24.7
13556,Spain,Food & Refreshment,4.08,9,Premium,55,6.324000000000001,55.00000000000001,OK,True,410000,0.3,0,3.6196737287189683e-19,Standard / Value,False,54.70000000000001
13557,UK,Home Care,10.58,3,Value,10,11.638000000000002,10.000000000000009,OK,True,520000,0.32,0,8.248669927223737e-16,Standard / Value,False,9.680000000000009
13558,UK,Food & Refreshment,6.44,6,Standard,28,8.2432,27.99999999999998,OK,False,520000,0.32,0,8.248669927223737e-16,Standard / Value,True,27.67999999999998
13559,France,Food & Refreshment,13.21,5,Standard,28,16.908800000000003,28.000000000000025,OK,True,430000,0.29,0,8.024217092590475e-16,Standard / Value,False,27.710000000000026
13560,France,Personal Care,4.82,8,Premium,60,7.712000000000001,60.00000000000001,OK,True,430000,0.29,0,8.024217092590475e-16,Standard / Value,False,59.71000000000001
13561,France,Personal Care,0.67,4,Standard,30,0.8710000000000001,30.000000000000004,OK,True,430000,0.29,0,8.024217092590475e-16,Standard / Value,False,29.710000000000004
13562,Spain,Personal Care,4.86,4,Standard,30,6.3180000000000005,30.000000000000004,OK,True,410000,0.3,0,3.6196737287189683e-19,Standard / Value,False,29.700000000000003
13563,Spain,Home Care,8.88,10,Premium,50,13.32,50.0,OK,False,410000,0.3,0,3.6196737287189683e-19,Standard / Value,True,49.7
13564,Spain,Home Care,5.95,10,Premium,50,8.925,50.0,OK,False,410000,0.3,0,3.6196737287189683e-19,Standard / Value,True,49.7
13565,UK,Food & Refreshment,8.26,5,Standard,28,10.5728,28.000000000000004,OK,True,520000,0.32,0,8.248669927223737e-16,Standard / Value,False,27.680000000000003
13566,Spain,Home Care,13.21,6,Standard,25,16.512500000000003,25.00000000000002,OK,True,410000,0.3,0,3.6196737287189683e-19,Standard / Value,False,24.70000000000002
13567,Germany,Food & Refreshment,13.73,4,Standard,28,17.5744,28.000000000000004,OK,True,460000,0.31,1,0.999990952514284,Strong Premium,False,27.690000000000005
13568,Germany,Home Care,4.36,2,Value,10,4.796000000000001,10.000000000000009,OK,True,460000,0.31,1,0.999990952514284,Strong Premium,False,9.690000000000008
13569,France,Home Care,7.2,2,Value,10,7.920000000000001,10.000000000000009,OK,True,430000,0.29,0,8.024217092590475e-16,Standard / Value,False,9.71000000000001
13570,Spain,Home Care,8.46,3,Value,10,9.306,10.000000000000009,OK,True,410000,0.3,0,3.6196737287189683e-19,Standard / Value,False,9.700000000000008
13571,Germany,Personal Care,14.26,2,Value,15,16.398999999999997,14.999999999999991,OK,False,460000,0.31,1,0.999990952514284,Strong Premium,True,14.68999999999999
13572,France,Home Care,14.98,1,Value,10,16.478,10.000000000000009,OK,True,430000,0.29,0,8.024217092590475e-16,Standard / Value,False,9.71000000000001
13573,Spain,Personal Care,3.91,8,Premium,60,6.256,60.00000000000001,OK,True,410000,0.3,0,3.6196737287189683e-19,Standard / Value,False,59.70000000000001
13574,UK,Personal Care,11.04,5,Standard,30,14.352,30.000000000000004,OK,True,520000,0.32,0,8.248669927223737e-16,Standard / Value,False,29.680000000000003
13575,Germany,Home Care,5.98,10,Premium,50,8.97,50.0,OK,False,460000,0.31,1,0.999990952514284,Strong Premium,True,49.69
13576,UK,Food & Refreshment,0.62,1,Value,12,0.6944,12.00000000000001,OK,True,520000,0.32,0,8.248669927223737e-16,Standard / Value,False,11.68000000000001
13577,Spain,Food & Refreshment,0.63,9,Premium,55,0.9765,55.00000000000001,OK,True,410000,0.3,0,3.6196737287189683e-19,Standard / Value,False,54.70000000000001
13578,Germany,Food & Refreshment,7.18,8,Premium,55,11.129,55.00000000000001,OK,True,460000,0.31,1,0.999990952514284,Strong Premium,False,54.690000000000005
13579,Spain,Home Care,7.58,4,Standard,25,9.475,25.0,OK,False,410000,0.3,0,3.6196737287189683e-19,Standard / Value,True,24.7
13580,UK,Food & Refreshment,0.83,8,Premium,55,1.2865,55.00000000000001,OK,True,520000,0.32,0,8.248669927223737e-16,Standard / Value,False,54.68000000000001
13581,Germany,Personal Care,10.46,10,Premium,60,16.736,59.999999999999986,OK,False,460000,0.31,1,0.999990952514284,Strong Premium,True,59.68999999999998
13582,UK,Food & Refreshment,4.76,7,Standard,28,6.0927999999999995,28.000000000000004,OK,True,520000,0.32,0,8.248669927223737e-16,Standard / Value,False,27.680000000000003
13583,Spain,Home Care,8.62,7,Standard,25,10.775,25.0,OK,False,410000,0.3,0,3.6196737287189683e-19,Standard / Value,True,24.7
13584,Spain,Food & Refreshment,4.86,1,Value,12,5.443200000000001,12.00000000000001,OK,True,410000,0.3,0,3.6196737287189683e-19,Standard / Value,False,11.70000000000001
13585,UK,Personal Care,2.92,6,Standard,30,3.796,30.000000000000004,OK,True,520000,0.32,0,8.248669927223737e-16,Standard / Value,False,29.680000000000003
13586,Germany,Home Care,6.4,4,Standard,25,8.0,25.0,OK,False,460000,0.31,1,0.999990952514284,Strong Premium,True,24.69
13587,UK,Food & Refreshment,3.87,10,Premium,55,5.9985,55.00000000000001,OK,True,520000,0.32,0,8.248669927223737e-16,Standard / Value,False,54.68000000000001
13588,Spain,Home Care,8.25,10,Premium,50,12.375,50.0,OK,False,410000,0.3,0,3.6196737287189683e-19,Standard / Value,True,49.7
13589,UK,Home Care,3.38,10,Premium,50,5.07,50.00000000000002,OK,True,520000,0.32,0,8.248669927223737e-16,Standard / Value,False,49.68000000000002
13590,Spain,Home Care,7.87,2,Value,10,8.657,10.000000000000009,OK,True,410000,0.3,0,3.6196737287189683e-19,Standard / Value,False,9.700000000000008
13591,UK,Food & Refreshment,2.78,10,Premium,55,4.309,55.00000000000003,OK,True,520000,0.32,0,8.248669927223737e-16,Standard / Value,False,54.68000000000003
13592,Germany,Home Care,10.23,7,Standard,25,12.7875,25.0,OK,False,460000,0.31,1,0.999990952514284,Strong Premium,True,24.69
13593,Germany,Food & Refreshment,11.43,9,Premium,55,17.7165,55.00000000000001,OK,True,460000,0.31,1,0.999990952514284,Strong Premium,False,54.690000000000005
13594,UK,Personal Care,2.1,5,Standard,30,2.7300000000000004,30.000000000000004,OK,True,520000,0.32,0,8.248669927223737e-16,Standard / Value,False,29.680000000000003
13595,UK,Food & Refreshment,7.28,8,Premium,55,11.284,55.00000000000001,OK,True,520000,0.32,0,8.248669927223737e-16,Standard / Value,False,54.68000000000001
13596,Germany,Personal Care,1.53,5,Standard,30,1.989,30.000000000000004,OK,True,460000,0.31,1,0.999990952514284,Strong Premium,False,29.690000000000005
13597,Spain,Food & Refreshment,9.17,7,Standard,28,11.7376,28.000000000000004,OK,True,410000,0.3,0,3.6196737287189683e-19,Standard / Value,False,27.700000000000003
13598,Germany,Home Care,4.33,7,Standard,25,5.4125,25.0,OK,False,460000,0.31,1,0.999990952514284,Strong Premium,True,24.69
13599,Spain,Food & Refreshment,8.15,9,Premium,55,12.6325,55.00000000000001,OK,True,410000,0.3,0,3.6196737287189683e-19,Standard / Value,False,54.70000000000001
13600,UK,Home Care,8.0,3,Value,10,8.8,10.000000000000009,OK,True,520000,0.32,0,8.248669927223737e-16,Standard / Value,False,9.680000000000009
13601,UK,Personal Care,13.9,1,Value,15,15.985,14.999999999999991,OK,False,520000,0.32,0,8.248669927223737e-16,Standard / Value,True,14.67999999999999
13602,Spain,Food & Refreshment,8.46,2,Value,12,9.475200000000005,12.00000000000001,OK,True,410000,0.3,0,3.6196737287189683e-19,Standard / Value,False,11.70000000000001
13603,UK,Home Care,8.95,6,Standard,25,11.1875,25.0,OK,False,520000,0.32,0,8.248669927223737e-16,Standard / Value,True,24.68
13604,Spain,Personal Care,6.32,10,Premium,60,10.112000000000002,60.00000000000003,OK,True,410000,0.3,0,3.6196737287189683e-19,Standard / Value,False,59.70000000000003
13605,France,Personal Care,14.26,10,Premium,60,22.816000000000003,60.00000000000001,OK,True,430000,0.29,0,8.024217092590475e-16,Standard / Value,False,59.71000000000001
13606,Germany,Food & Refreshment,11.77,9,Premium,55,18.2435,55.00000000000001,OK,True,460000,0.31,1,0.999990952514284,Strong Premium,False,54.690000000000005
13607,France,Personal Care,4.64,3,Value,15,5.335999999999999,14.999999999999991,OK,False,430000,0.29,0,8.024217092590475e-16,Standard / Value,True,14.709999999999992
13608,Spain,Home Care,12.74,10,Premium,50,19.11,50.0,OK,False,410000,0.3,0,3.6196737287189683e-19,Standard / Value,True,49.7
13609,Germany,Personal Care,6.77,2,Value,15,7.785499999999999,14.999999999999991,OK,False,460000,0.31,1,0.999990952514284,Strong Premium,True,14.68999999999999
13610,Spain,Personal Care,12.52,1,Value,15,14.397999999999998,14.999999999999991,OK,False,410000,0.3,0,3.6196737287189683e-19,Standard / Value,True,14.69999999999999
13611,Germany,Home Care,12.43,2,Value,10,13.673,10.000000000000009,OK,True,460000,0.31,1,0.999990952514284,Strong Premium,False,9.690000000000008
13612,Germany,Personal Care,3.24,3,Value,15,3.726,14.999999999999991,OK,False,460000,0.31,1,0.999990952514284,Strong Premium,True,14.68999999999999
13613,Germany,Personal Care,10.67,7,Standard,30,13.871,30.000000000000004,OK,True,460000,0.31,1,0.999990952514284,Strong Premium,False,29.690000000000005
13614,Germany,Personal Care,4.71,2,Value,15,5.416499999999999,14.999999999999991,OK,False,460000,0.31,1,0.999990952514284,Strong Premium,True,14.68999999999999
13615,Spain,Personal Care,4.81,5,Standard,30,6.253,30.000000000000004,OK,True,410000,0.3,0,3.6196737287189683e-19,Standard / Value,False,29.700000000000003
13616,Germany,Home Care,4.8,2,Value,10,5.28,10.000000000000009,OK,True,460000,0.31,1,0.999990952514284,Strong Premium,False,9.690000000000008
13617,Germany,Personal Care,11.02,7,Standard,30,14.326,30.000000000000004,OK,True,460000,0.31,1,0.999990952514284,Strong Premium,False,29.690000000000005
13618,France,Home Care,3.83,10,Premium,50,5.745,50.0,OK,False,430000,0.29,0,8.024217092590475e-16,Standard / Value,True,49.71
13619,UK,Personal Care,0.51,8,Premium,60,0.8160000000000001,60.00000000000001,OK,True,520000,0.32,0,8.248669927223737e-16,Standard / Value,False,59.68000000000001
13620,UK,Personal Care,10.87,8,Premium,60,17.392,60.00000000000001,OK,True,520000,0.32,0,8.248669927223737e-16,Standard / Value,False,59.68000000000001
13621,France,Personal Care,2.98,8,Premium,60,4.768,59.999999999999986,OK,False,430000,0.29,0,8.024217092590475e-16,Standard / Value,True,59.70999999999999
13622,France,Personal Care,2.01,10,Premium,60,3.2159999999999997,60.00000000000001,OK,True,430000,0.29,0,8.024217092590475e-16,Standard / Value,False,59.71000000000001
13623,Spain,Home Care,3.94,9,Premium,50,5.91,50.0,OK,False,410000,0.3,0,3.6196737287189683e-19,Standard / Value,True,49.7
13624,Spain,Home Care,6.01,1,Value,10,6.611000000000001,10.000000000000009,OK,True,410000,0.3,0,3.6196737287189683e-19,Standard / Value,False,9.700000000000008
13625,Spain,Home Care,7.4,1,Value,10,8.14,10.000000000000009,OK,True,410000,0.3,0,3.6196737287189683e-19,Standard / Value,False,9.700000000000008
13626,France,Food & Refreshment,1.15,10,Premium,55,1.7825,55.00000000000001,OK,True,430000,0.29,0,8.024217092590475e-16,Standard / Value,False,54.71000000000001
13627,France,Personal Care,14.57,2,Value,15,16.755499999999998,14.999999999999991,OK,False,430000,0.29,0,8.024217092590475e-16,Standard / Value,True,14.709999999999992
13628,Germany,Personal Care,10.88,6,Standard,30,14.144000000000002,30.000000000000004,OK,True,460000,0.31,1,0.999990952514284,Strong Premium,False,29.690000000000005
13629,Spain,Home Care,5.19,1,Value,10,5.7090000000000005,10.000000000000009,OK,True,410000,0.3,0,3.6196737287189683e-19,Standard / Value,False,9.700000000000008
13630,Spain,Food & Refreshment,5.12,5,Standard,28,6.5536,28.000000000000004,OK,True,410000,0.3,0,3.6196737287189683e-19,Standard / Value,False,27.700000000000003
13631,Spain,Personal Care,7.0,5,Standard,30,9.1,30.000000000000004,OK,True,410000,0.3,0,3.6196737287189683e-19,Standard / Value,False,29.700000000000003
13632,UK,Home Care,9.58,4,Standard,25,11.975,25.0,OK,False,520000,0.32,0,8.248669927223737e-16,Standard / Value,True,24.68
13633,Germany,Personal Care,2.62,5,Standard,30,3.406,30.000000000000004,OK,True,460000,0.31,1,0.999990952514284,Strong Premium,False,29.690000000000005
13634,Spain,Personal Care,3.24,1,Value,15,3.726,14.999999999999991,OK,False,410000,0.3,0,3.6196737287189683e-19,Standard / Value,True,14.69999999999999
13635,Spain,Home Care,12.96,6,Standard,25,16.200000000000003,25.00000000000002,OK,True,410000,0.3,0,3.6196737287189683e-19,Standard / Value,False,24.70000000000002
13636,Spain,Home Care,4.22,7,Standard,25,5.2749999999999995,25.0,OK,False,410000,0.3,0,3.6196737287189683e-19,Standard / Value,True,24.7
13637,UK,Personal Care,6.01,8,Premium,60,9.616,60.00000000000001,OK,True,520000,0.32,0,8.248669927223737e-16,Standard / Value,False,59.68000000000001
13638,UK,Personal Care,13.13,2,Value,15,15.0995,14.999999999999991,OK,False,520000,0.32,0,8.248669927223737e-16,Standard / Value,True,14.67999999999999
13639,France,Home Care,10.12,7,Standard,25,12.65,25.0,OK,False,430000,0.29,0,8.024217092590475e-16,Standard / Value,True,24.71
13640,Germany,Personal Care,5.45,6,Standard,30,7.085000000000001,30.000000000000004,OK,True,460000,0.31,1,0.999990952514284,Strong Premium,False,29.690000000000005
13641,France,Personal Care,10.41,9,Premium,60,16.656000000000002,60.00000000000003,OK,True,430000,0.29,0,8.024217092590475e-16,Standard / Value,False,59.71000000000003
13642,Germany,Home Care,0.79,8,Premium,50,1.185,50.0,OK,False,460000,0.31,1,0.999990952514284,Strong Premium,True,49.69
13643,UK,Personal Care,11.17,4,Standard,30,14.521,30.000000000000004,OK,True,520000,0.32,0,8.248669927223737e-16,Standard / Value,False,29.680000000000003
13644,Spain,Personal Care,7.56,9,Premium,60,12.096,60.00000000000001,OK,True,410000,0.3,0,3.6196737287189683e-19,Standard / Value,False,59.70000000000001
13645,France,Food & Refreshment,12.29,1,Value,12,13.7648,12.00000000000001,OK,True,430000,0.29,0,8.024217092590475e-16,Standard / Value,False,11.710000000000012
13646,Spain,Home Care,14.34,6,Standard,25,17.925,25.0,OK,False,410000,0.3,0,3.6196737287189683e-19,Standard / Value,True,24.7
13647,France,Food & Refreshment,13.92,8,Premium,55,21.576,55.00000000000001,OK,True,430000,0.29,0,8.024217092590475e-16,Standard / Value,False,54.71000000000001
13648,UK,Food & Refreshment,13.68,4,Standard,28,17.5104,28.000000000000004,OK,True,520000,0.32,0,8.248669927223737e-16,Standard / Value,False,27.680000000000003
13649,UK,Food & Refreshment,7.93,2,Value,12,8.8816,12.00000000000001,OK,True,520000,0.32,0,8.248669927223737e-16,Standard / Value,False,11.68000000000001
13650,UK,Personal Care,5.72,2,Value,15,6.577999999999999,14.999999999999991,OK,False,520000,0.32,0,8.248669927223737e-16,Standard / Value,True,14.67999999999999
13651,France,Personal Care,7.24,10,Premium,60,11.584,60.00000000000001,OK,True,430000,0.29,0,8.024217092590475e-16,Standard / Value,False,59.71000000000001
13652,Germany,Food & Refreshment,10.5,1,Value,12,11.760000000000002,12.00000000000001,OK,True,460000,0.31,1,0.999990952514284,Strong Premium,False,11.69000000000001
13653,France,Food & Refreshment,13.32,5,Standard,28,17.0496,28.000000000000004,OK,True,430000,0.29,0,8.024217092590475e-16,Standard / Value,False,27.710000000000004
13654,Germany,Food & Refreshment,3.5,6,Standard,28,4.48,28.000000000000004,OK,True,460000,0.31,1,0.999990952514284,Strong Premium,False,27.690000000000005
13655,France,Personal Care,13.81,4,Standard,30,17.953000000000003,30.00000000000003,OK,True,430000,0.29,0,8.024217092590475e-16,Standard / Value,False,29.71000000000003
13656,France,Food & Refreshment,12.32,4,Standard,28,15.7696,28.000000000000004,OK,True,430000,0.29,0,8.024217092590475e-16,Standard / Value,False,27.710000000000004
13657,UK,Food & Refreshment,14.69,5,Standard,28,18.8032,28.000000000000004,OK,True,520000,0.32,0,8.248669927223737e-16,Standard / Value,False,27.680000000000003
13658,Spain,Home Care,13.26,5,Standard,25,16.575,25.0,OK,False,410000,0.3,0,3.6196737287189683e-19,Standard / Value,True,24.7
13659,Spain,Home Care,4.56,9,Premium,50,6.84,50.0,OK,False,410000,0.3,0,3.6196737287189683e-19,Standard / Value,True,49.7
13660,Germany,Personal Care,2.04,8,Premium,60,3.264,60.00000000000001,OK,True,460000,0.31,1,0.999990952514284,Strong Premium,False,59.690000000000005
13661,Spain,Home Care,2.13,9,Premium,50,3.195,50.0,OK,False,410000,0.3,0,3.6196737287189683e-19,Standard / Value,True,49.7
13662,France,Home Care,4.72,3,Value,10,5.192,10.000000000000009,OK,True,430000,0.29,0,8.024217092590475e-16,Standard / Value,False,9.71000000000001
13663,France,Home Care,9.41,3,Value,10,10.351,10.000000000000009,OK,True,430000,0.29,0,8.024217092590475e-16,Standard / Value,False,9.71000000000001
13664,UK,Personal Care,12.16,1,Value,15,13.983999999999998,14.999999999999991,OK,False,520000,0.32,0,8.248669927223737e-16,Standard / Value,True,14.67999999999999
13665,UK,Home Care,13.54,10,Premium,50,20.31,50.0,OK,False,520000,0.32,0,8.248669927223737e-16,Standard / Value,True,49.68
13666,Spain,Personal Care,9.54,6,Standard,30,12.402,30.000000000000004,OK,True,410000,0.3,0,3.6196737287189683e-19,Standard / Value,False,29.700000000000003
13667,Germany,Food & Refreshment,0.58,4,Standard,28,0.7424,28.000000000000004,OK,True,460000,0.31,1,0.999990952514284,Strong Premium,False,27.690000000000005
13668,Spain,Home Care,3.2,8,Premium,50,4.800000000000001,50.00000000000002,OK,True,410000,0.3,0,3.6196737287189683e-19,Standard / Value,False,49.700000000000024
13669,Spain,Personal Care,1.95,2,Value,15,2.2424999999999997,14.999999999999991,OK,False,410000,0.3,0,3.6196737287189683e-19,Standard / Value,True,14.69999999999999
13670,Spain,Home Care,5.77,2,Value,10,6.347,10.000000000000009,OK,True,410000,0.3,0,3.6196737287189683e-19,Standard / Value,False,9.700000000000008
13671,Spain,Food & Refreshment,7.77,7,Standard,28,9.9456,28.000000000000004,OK,True,410000,0.3,0,3.6196737287189683e-19,Standard / Value,False,27.700000000000003
13672,France,Personal Care,1.13,5,Standard,30,1.469,30.000000000000004,OK,True,430000,0.29,0,8.024217092590475e-16,Standard / Value,False,29.710000000000004
13673,Germany,Personal Care,5.55,1,Value,15,6.382499999999999,14.999999999999991,OK,False,460000,0.31,1,0.999990952514284,Strong Premium,True,14.68999999999999
13674,France,Personal Care,3.1,7,Standard,30,4.03,30.000000000000004,OK,True,430000,0.29,0,8.024217092590475e-16,Standard / Value,False,29.710000000000004
13675,Germany,Food & Refreshment,9.88,7,Standard,28,12.646400000000002,28.000000000000004,OK,True,460000,0.31,1,0.999990952514284,Strong Premium,False,27.690000000000005
13676,UK,Food & Refreshment,7.23,10,Premium,55,11.2065,54.999999999999986,OK,False,520000,0.32,0,8.248669927223737e-16,Standard / Value,True,54.679999999999986
13677,Spain,Food & Refreshment,7.68,6,Standard,28,9.8304,28.000000000000004,OK,True,410000,0.3,0,3.6196737287189683e-19,Standard / Value,False,27.700000000000003
13678,France,Personal Care,6.7,4,Standard,30,8.71,30.000000000000004,OK,True,430000,0.29,0,8.024217092590475e-16,Standard / Value,False,29.710000000000004
13679,Germany,Food & Refreshment,14.36,8,Premium,55,22.258,55.00000000000001,OK,True,460000,0.31,1,0.999990952514284,Strong Premium,False,54.690000000000005
13680,UK,Home Care,3.61,2,Value,10,3.971,10.000000000000009,OK,True,520000,0.32,0,8.248669927223737e-16,Standard / Value,False,9.680000000000009
13681,UK,Food & Refreshment,7.99,2,Value,12,8.9488,12.00000000000001,OK,True,520000,0.32,0,8.248669927223737e-16,Standard / Value,False,11.68000000000001
13682,Spain,Personal Care,11.17,2,Value,15,12.8455,14.999999999999991,OK,False,410000,0.3,0,3.6196737287189683e-19,Standard / Value,True,14.69999999999999
13683,Germany,Home Care,8.57,3,Value,10,9.427,10.000000000000009,OK,True,460000,0.31,1,0.999990952514284,Strong Premium,False,9.690000000000008
13684,France,Food & Refreshment,13.97,6,Standard,28,17.881600000000002,28.000000000000004,OK,True,430000,0.29,0,8.024217092590475e-16,Standard / Value,False,27.710000000000004
13685,Spain,Home Care,5.98,1,Value,10,6.578000000000001,10.000000000000009,OK,True,410000,0.3,0,3.6196737287189683e-19,Standard / Value,False,9.700000000000008
13686,France,Home Care,7.22,2,Value,10,7.942,10.000000000000009,OK,True,430000,0.29,0,8.024217092590475e-16,Standard / Value,False,9.71000000000001
13687,UK,Personal Care,1.78,10,Premium,60,2.8480000000000003,60.00000000000001,OK,True,520000,0.32,0,8.248669927223737e-16,Standard / Value,False,59.68000000000001
13688,France,Home Care,9.33,2,Value,10,10.263000000000002,10.000000000000009,OK,True,430000,0.29,0,8.024217092590475e-16,Standard / Value,False,9.71000000000001
13689,France,Home Care,4.68,1,Value,10,5.148,10.000000000000009,OK,True,430000,0.29,0,8.024217092590475e-16,Standard / Value,False,9.71000000000001
13690,Spain,Personal Care,2.82,3,Value,15,3.242999999999999,14.999999999999991,OK,False,410000,0.3,0,3.6196737287189683e-19,Standard / Value,True,14.69999999999999
13691,France,Personal Care,8.4,10,Premium,60,13.44,60.00000000000001,OK,True,430000,0.29,0,8.024217092590475e-16,Standard / Value,False,59.71000000000001
13692,Spain,Personal Care,8.22,7,Standard,30,10.686000000000002,30.000000000000004,OK,True,410000,0.3,0,3.6196737287189683e-19,Standard / Value,False,29.700000000000003
13693,UK,Home Care,1.6,1,Value,10,1.7600000000000002,10.000000000000009,OK,True,520000,0.32,0,8.248669927223737e-16,Standard / Value,False,9.680000000000009
13694,Spain,Home Care,10.62,7,Standard,25,13.275,25.0,OK,False,410000,0.3,0,3.6196737287189683e-19,Standard / Value,True,24.7
13695,Spain,Home Care,9.54,5,Standard,25,11.925,25.0,OK,False,410000,0.3,0,3.6196737287189683e-19,Standard / Value,True,24.7
13696,Germany,Personal Care,3.24,9,Premium,60,5.184000000000001,60.00000000000003,OK,True,460000,0.31,1,0.999990952514284,Strong Premium,False,59.690000000000026
13697,France,Food & Refreshment,7.31,2,Value,12,8.1872,12.00000000000001,OK,True,430000,0.29,0,8.024217092590475e-16,Standard / Value,False,11.710000000000012
13698,UK,Home Care,10.94,1,Value,10,12.034,10.000000000000009,OK,True,520000,0.32,0,8.248669927223737e-16,Standard / Value,False,9.680000000000009
13699,Spain,Food & Refreshment,8.18,9,Premium,55,12.679,55.00000000000001,OK,True,410000,0.3,0,3.6196737287189683e-19,Standard / Value,False,54.70000000000001
13700,UK,Personal Care,6.23,8,Premium,60,9.968000000000002,60.00000000000001,OK,True,520000,0.32,0,8.248669927223737e-16,Standard / Value,False,59.68000000000001
13701,Germany,Home Care,5.17,10,Premium,50,7.755,50.0,OK,False,460000,0.31,1,0.999990952514284,Strong Premium,True,49.69
13702,France,Food & Refreshment,9.35,6,Standard,28,11.968,28.000000000000004,OK,True,430000,0.29,0,8.024217092590475e-16,Standard / Value,False,27.710000000000004
13703,Spain,Home Care,14.12,5,Standard,25,17.65,25.0,OK,False,410000,0.3,0,3.6196737287189683e-19,Standard / Value,True,24.7
13704,France,Home Care,10.24,8,Premium,50,15.36,50.0,OK,False,430000,0.29,0,8.024217092590475e-16,Standard / Value,True,49.71
13705,Germany,Home Care,1.58,8,Premium,50,2.37,50.0,OK,False,460000,0.31,1,0.999990952514284,Strong Premium,True,49.69
13706,Germany,Food & Refreshment,7.18,5,Standard,28,9.1904,28.000000000000004,OK,True,460000,0.31,1,0.999990952514284,Strong Premium,False,27.690000000000005
13707,UK,Personal Care,13.42,7,Standard,30,17.446,30.000000000000004,OK,True,520000,0.32,0,8.248669927223737e-16,Standard / Value,False,29.680000000000003
13708,Spain,Home Care,1.87,1,Value,10,2.0570000000000004,10.000000000000009,OK,True,410000,0.3,0,3.6196737287189683e-19,Standard / Value,False,9.700000000000008
13709,UK,Personal Care,14.84,4,Standard,30,19.292,30.000000000000004,OK,True,520000,0.32,0,8.248669927223737e-16,Standard / Value,False,29.680000000000003
13710,Germany,Personal Care,14.26,2,Value,15,16.398999999999997,14.999999999999991,OK,False,460000,0.31,1,0.999990952514284,Strong Premium,True,14.68999999999999
13711,France,Food & Refreshment,1.63,10,Premium,55,2.5265,55.00000000000001,OK,True,430000,0.29,0,8.024217092590475e-16,Standard / Value,False,54.71000000000001
13712,UK,Food & Refreshment,14.03,3,Value,12,15.7136,12.00000000000001,OK,True,520000,0.32,0,8.248669927223737e-16,Standard / Value,False,11.68000000000001
13713,UK,Personal Care,5.77,1,Value,15,6.635499999999999,14.999999999999991,OK,False,520000,0.32,0,8.248669927223737e-16,Standard / Value,True,14.67999999999999
13714,France,Home Care,12.75,2,Value,10,14.025,10.000000000000009,OK,True,430000,0.29,0,8.024217092590475e-16,Standard / Value,False,9.71000000000001
13715,UK,Food & Refreshment,6.57,1,Value,12,7.358400000000001,12.00000000000001,OK,True,520000,0.32,0,8.248669927223737e-16,Standard / Value,False,11.68000000000001
13716,France,Home Care,6.89,8,Premium,50,10.335,50.0,OK,False,430000,0.29,0,8.024217092590475e-16,Standard / Value,True,49.71
13717,Spain,Home Care,9.7,4,Standard,25,12.125,25.0,OK,False,410000,0.3,0,3.6196737287189683e-19,Standard / Value,True,24.7
13718,France,Home Care,11.73,3,Value,10,12.903000000000002,10.000000000000009,OK,True,430000,0.29,0,8.024217092590475e-16,Standard / Value,False,9.71000000000001
13719,Spain,Personal Care,0.99,1,Value,15,1.1384999999999998,14.999999999999991,OK,False,410000,0.3,0,3.6196737287189683e-19,Standard / Value,True,14.69999999999999
13720,France,Home Care,9.1,2,Value,10,10.01,10.000000000000009,OK,True,430000,0.29,0,8.024217092590475e-16,Standard / Value,False,9.71000000000001
13721,Germany,Personal Care,3.21,3,Value,15,3.6915,14.999999999999991,OK,False,460000,0.31,1,0.999990952514284,Strong Premium,True,14.68999999999999
13722,Germany,Personal Care,5.52,3,Value,15,6.347999999999999,14.999999999999991,OK,False,460000,0.31,1,0.999990952514284,Strong Premium,True,14.68999999999999
13723,Spain,Home Care,5.55,6,Standard,25,6.9375,25.0,OK,False,410000,0.3,0,3.6196737287189683e-19,Standard / Value,True,24.7
13724,Spain,Home Care,7.3,10,Premium,50,10.95,50.0,OK,False,410000,0.3,0,3.6196737287189683e-19,Standard / Value,True,49.7
13725,Germany,Home Care,5.34,8,Premium,50,8.01,50.0,OK,False,460000,0.31,1,0.999990952514284,Strong Premium,True,49.69
13726,Spain,Home Care,2.06,6,Standard,25,2.575,25.0,OK,False,410000,0.3,0,3.6196737287189683e-19,Standard / Value,True,24.7
13727,France,Personal Care,2.61,2,Value,15,3.0014999999999996,14.999999999999991,OK,False,430000,0.29,0,8.024217092590475e-16,Standard / Value,True,14.709999999999992
13728,France,Home Care,0.98,2,Value,10,1.078,10.000000000000009,OK,True,430000,0.29,0,8.024217092590475e-16,Standard / Value,False,9.71000000000001
13729,Germany,Home Care,7.32,7,Standard,25,9.15,25.0,OK,False,460000,0.31,1,0.999990952514284,Strong Premium,True,24.69
13730,UK,Personal Care,14.34,1,Value,15,16.491,14.999999999999991,OK,False,520000,0.32,0,8.248669927223737e-16,Standard / Value,True,14.67999999999999
13731,France,Food & Refreshment,2.18,1,Value,12,2.4416,12.00000000000001,OK,True,430000,0.29,0,8.024217092590475e-16,Standard / Value,False,11.710000000000012
13732,Spain,Food & Refreshment,14.22,7,Standard,28,18.201600000000003,28.000000000000004,OK,True,410000,0.3,0,3.6196737287189683e-19,Standard / Value,False,27.700000000000003
13733,UK,Personal Care,11.13,9,Premium,60,17.808000000000003,60.00000000000001,OK,True,520000,0.32,0,8.248669927223737e-16,Standard / Value,False,59.68000000000001
13734,UK,Food & Refreshment,9.74,5,Standard,28,12.4672,28.000000000000004,OK,True,520000,0.32,0,8.248669927223737e-16,Standard / Value,False,27.680000000000003
13735,France,Personal Care,9.86,1,Value,15,11.339,14.999999999999991,OK,False,430000,0.29,0,8.024217092590475e-16,Standard / Value,True,14.709999999999992
13736,France,Home Care,12.49,5,Standard,25,15.6125,25.0,OK,False,430000,0.29,0,8.024217092590475e-16,Standard / Value,True,24.71
13737,UK,Home Care,2.05,1,Value,10,2.255,10.000000000000009,OK,True,520000,0.32,0,8.248669927223737e-16,Standard / Value,False,9.680000000000009
13738,UK,Food & Refreshment,7.82,10,Premium,55,12.121,55.00000000000001,OK,True,520000,0.32,0,8.248669927223737e-16,Standard / Value,False,54.68000000000001
13739,Germany,Home Care,10.61,9,Premium,50,15.915,50.0,OK,False,460000,0.31,1,0.999990952514284,Strong Premium,True,49.69
13740,Spain,Food & Refreshment,9.01,4,Standard,28,11.5328,28.000000000000004,OK,True,410000,0.3,0,3.6196737287189683e-19,Standard / Value,False,27.700000000000003
13741,Germany,Food & Refreshment,12.58,9,Premium,55,19.499,55.00000000000003,OK,True,460000,0.31,1,0.999990952514284,Strong Premium,False,54.690000000000026
13742,France,Home Care,1.55,2,Value,10,1.7050000000000003,10.000000000000009,OK,True,430000,0.29,0,8.024217092590475e-16,Standard / Value,False,9.71000000000001
13743,Germany,Home Care,10.52,7,Standard,25,13.15,25.0,OK,False,460000,0.31,1,0.999990952514284,Strong Premium,True,24.69
13744,Germany,Food & Refreshment,8.24,2,Value,12,9.2288,12.00000000000001,OK,True,460000,0.31,1,0.999990952514284,Strong Premium,False,11.69000000000001
13745,Germany,Home Care,6.0,4,Standard,25,7.5,25.0,OK,False,460000,0.31,1,0.999990952514284,Strong Premium,True,24.69
13746,Germany,Personal Care,5.43,6,Standard,30,7.059,30.000000000000004,OK,True,460000,0.31,1,0.999990952514284,Strong Premium,False,29.690000000000005
13747,Spain,Home Care,9.5,2,Value,10,10.45,10.000000000000009,OK,True,410000,0.3,0,3.6196737287189683e-19,Standard / Value,False,9.700000000000008
13748,Spain,Home Care,13.42,2,Value,10,14.762,10.000000000000009,OK,True,410000,0.3,0,3.6196737287189683e-19,Standard / Value,False,9.700000000000008
13749,UK,Personal Care,7.69,2,Value,15,8.8435,14.999999999999991,OK,False,520000,0.32,0,8.248669927223737e-16,Standard / Value,True,14.67999999999999
13750,France,Home Care,12.46,3,Value,10,13.706,10.000000000000009,OK,True,430000,0.29,0,8.024217092590475e-16,Standard / Value,False,9.71000000000001
13751,Germany,Home Care,6.33,5,Standard,25,7.9125,25.0,OK,False,460000,0.31,1,0.999990952514284,Strong Premium,True,24.69
13752,UK,Food & Refreshment,1.98,9,Premium,55,3.069,55.00000000000001,OK,True,520000,0.32,0,8.248669927223737e-16,Standard / Value,False,54.68000000000001
13753,UK,Home Care,1.39,6,Standard,25,1.7374999999999998,25.0,OK,False,520000,0.32,0,8.248669927223737e-16,Standard / Value,True,24.68
13754,UK,Home Care,1.24,9,Premium,50,1.86,50.0,OK,False,520000,0.32,0,8.248669927223737e-16,Standard / Value,True,49.68
13755,Spain,Personal Care,6.01,10,Premium,60,9.616,60.00000000000001,OK,True,410000,0.3,0,3.6196737287189683e-19,Standard / Value,False,59.70000000000001
13756,Germany,Food & Refreshment,5.39,5,Standard,28,6.8992,28.000000000000004,OK,True,460000,0.31,1,0.999990952514284,Strong Premium,False,27.690000000000005
13757,Germany,Food & Refreshment,10.91,6,Standard,28,13.9648,28.000000000000004,OK,True,460000,0.31,1,0.999990952514284,Strong Premium,False,27.690000000000005
13758,France,Food & Refreshment,11.27,10,Premium,55,17.4685,55.00000000000001,OK,True,430000,0.29,0,8.024217092590475e-16,Standard / Value,False,54.71000000000001
13759,Germany,Home Care,1.24,8,Premium,50,1.86,50.0,OK,False,460000,0.31,1,0.999990952514284,Strong Premium,True,49.69
13760,Germany,Food & Refreshment,3.71,3,Value,12,4.155200000000001,12.00000000000001,OK,True,460000,0.31,1,0.999990952514284,Strong Premium,False,11.69000000000001
13761,UK,Personal Care,4.48,2,Value,15,5.152,14.999999999999991,OK,False,520000,0.32,0,8.248669927223737e-16,Standard / Value,True,14.67999999999999
13762,France,Food & Refreshment,8.44,3,Value,12,9.4528,12.00000000000001,OK,True,430000,0.29,0,8.024217092590475e-16,Standard / Value,False,11.710000000000012
13763,Germany,Personal Care,2.6,9,Premium,60,4.16,60.00000000000001,OK,True,460000,0.31,1,0.999990952514284,Strong Premium,False,59.690000000000005
13764,Spain,Food & Refreshment,2.44,6,Standard,28,3.1232,28.000000000000004,OK,True,410000,0.3,0,3.6196737287189683e-19,Standard / Value,False,27.700000000000003
13765,Germany,Food & Refreshment,14.18,10,Premium,55,21.979,55.00000000000001,OK,True,460000,0.31,1,0.999990952514284,Strong Premium,False,54.690000000000005
13766,UK,Personal Care,12.16,4,Standard,30,15.808000000000002,30.000000000000004,OK,True,520000,0.32,0,8.248669927223737e-16,Standard / Value,False,29.680000000000003
13767,Spain,Food & Refreshment,3.12,10,Premium,55,4.836,55.00000000000001,OK,True,410000,0.3,0,3.6196737287189683e-19,Standard / Value,False,54.70000000000001
13768,UK,Food & Refreshment,6.4,3,Value,12,7.168000000000001,12.00000000000001,OK,True,520000,0.32,0,8.248669927223737e-16,Standard / Value,False,11.68000000000001
13769,Germany,Food & Refreshment,5.66,2,Value,12,6.339200000000001,12.00000000000001,OK,True,460000,0.31,1,0.999990952514284,Strong Premium,False,11.69000000000001
13770,Spain,Home Care,11.97,4,Standard,25,14.9625,25.0,OK,False,410000,0.3,0,3.6196737287189683e-19,Standard / Value,True,24.7
13771,France,Personal Care,7.9,9,Premium,60,12.64,60.00000000000001,OK,True,430000,0.29,0,8.024217092590475e-16,Standard / Value,False,59.71000000000001
13772,France,Food & Refreshment,2.35,4,Standard,28,3.008,28.000000000000004,OK,True,430000,0.29,0,8.024217092590475e-16,Standard / Value,False,27.710000000000004
13773,Spain,Personal Care,11.22,5,Standard,30,14.586000000000002,30.000000000000004,OK,True,410000,0.3,0,3.6196737287189683e-19,Standard / Value,False,29.700000000000003
13774,Spain,Personal Care,6.25,8,Premium,60,10.0,60.00000000000001,OK,True,410000,0.3,0,3.6196737287189683e-19,Standard / Value,False,59.70000000000001
13775,UK,Personal Care,4.31,2,Value,15,4.956499999999999,14.999999999999991,OK,False,520000,0.32,0,8.248669927223737e-16,Standard / Value,True,14.67999999999999
13776,Spain,Food & Refreshment,5.94,3,Value,12,6.652800000000001,12.00000000000001,OK,True,410000,0.3,0,3.6196737287189683e-19,Standard / Value,False,11.70000000000001
13777,UK,Food & Refreshment,7.72,6,Standard,28,9.8816,28.000000000000004,OK,True,520000,0.32,0,8.248669927223737e-16,Standard / Value,False,27.680000000000003
13778,Germany,Personal Care,5.48,7,Standard,30,7.1240000000000006,30.000000000000004,OK,True,460000,0.31,1,0.999990952514284,Strong Premium,False,29.690000000000005
13779,UK,Home Care,4.01,4,Standard,25,5.012499999999999,25.0,OK,False,520000,0.32,0,8.248669927223737e-16,Standard / Value,True,24.68
13780,Spain,Personal Care,6.28,1,Value,15,7.222,14.999999999999991,OK,False,410000,0.3,0,3.6196737287189683e-19,Standard / Value,True,14.69999999999999
13781,Spain,Home Care,0.78,7,Standard,25,0.975,25.0,OK,False,410000,0.3,0,3.6196737287189683e-19,Standard / Value,True,24.7
13782,Germany,Personal Care,11.7,9,Premium,60,18.72,60.00000000000001,OK,True,460000,0.31,1,0.999990952514284,Strong Premium,False,59.690000000000005
13783,Spain,Personal Care,2.98,1,Value,15,3.4269999999999996,14.999999999999991,OK,False,410000,0.3,0,3.6196737287189683e-19,Standard / Value,True,14.69999999999999
13784,Spain,Personal Care,1.14,1,Value,15,1.3109999999999995,14.999999999999991,OK,False,410000,0.3,0,3.6196737287189683e-19,Standard / Value,True,14.69999999999999
13785,France,Food & Refreshment,9.98,1,Value,12,11.177600000000002,12.00000000000001,OK,True,430000,0.29,0,8.024217092590475e-16,Standard / Value,False,11.710000000000012
13786,France,Home Care,11.72,10,Premium,50,17.580000000000002,50.0,OK,False,430000,0.29,0,8.024217092590475e-16,Standard / Value,True,49.71
13787,Germany,Home Care,12.3,7,Standard,25,15.375,25.0,OK,False,460000,0.31,1,0.999990952514284,Strong Premium,True,24.69
13788,UK,Personal Care,7.66,9,Premium,60,12.256,60.00000000000001,OK,True,520000,0.32,0,8.248669927223737e-16,Standard / Value,False,59.68000000000001
13789,France,Food & Refreshment,3.48,3,Value,12,3.8976,12.00000000000001,OK,True,430000,0.29,0,8.024217092590475e-16,Standard / Value,False,11.710000000000012
13790,UK,Food & Refreshment,11.19,8,Premium,55,17.3445,55.00000000000001,OK,True,520000,0.32,0,8.248669927223737e-16,Standard / Value,False,54.68000000000001
13791,Spain,Home Care,10.65,9,Premium,50,15.975,50.0,OK,False,410000,0.3,0,3.6196737287189683e-19,Standard / Value,True,49.7
13792,France,Food & Refreshment,4.07,3,Value,12,4.558400000000001,12.00000000000001,OK,True,430000,0.29,0,8.024217092590475e-16,Standard / Value,False,11.710000000000012
13793,Germany,Home Care,13.6,3,Value,10,14.96,10.000000000000009,OK,True,460000,0.31,1,0.999990952514284,Strong Premium,False,9.690000000000008
13794,Germany,Home Care,2.01,1,Value,10,2.211,10.000000000000009,OK,True,460000,0.31,1,0.999990952514284,Strong Premium,False,9.690000000000008
13795,Germany,Home Care,14.75,2,Value,10,16.225,10.000000000000009,OK,True,460000,0.31,1,0.999990952514284,Strong Premium,False,9.690000000000008
13796,France,Food & Refreshment,12.97,7,Standard,28,16.6016,28.000000000000004,OK,True,430000,0.29,0,8.024217092590475e-16,Standard / Value,False,27.710000000000004
13797,UK,Home Care,10.47,3,Value,10,11.517,10.000000000000009,OK,True,520000,0.32,0,8.248669927223737e-16,Standard / Value,False,9.680000000000009
13798,Spain,Home Care,14.11,7,Standard,25,17.6375,25.0,OK,False,410000,0.3,0,3.6196737287189683e-19,Standard / Value,True,24.7
13799,UK,Personal Care,10.97,5,Standard,30,14.261,30.000000000000004,OK,True,520000,0.32,0,8.248669927223737e-16,Standard / Value,False,29.680000000000003
13800,UK,Home Care,3.26,10,Premium,50,4.89,50.0,OK,False,520000,0.32,0,8.248669927223737e-16,Standard / Value,True,49.68
13801,Spain,Home Care,6.91,8,Premium,50,10.365,50.0,OK,False,410000,0.3,0,3.6196737287189683e-19,Standard / Value,True,49.7
13802,Spain,Personal Care,1.54,5,Standard,30,2.002,30.000000000000004,OK,True,410000,0.3,0,3.6196737287189683e-19,Standard / Value,False,29.700000000000003
13803,France,Personal Care,6.15,3,Value,15,7.0725,14.999999999999991,OK,False,430000,0.29,0,8.024217092590475e-16,Standard / Value,True,14.709999999999992
13804,France,Food & Refreshment,11.25,9,Premium,55,17.4375,55.00000000000001,OK,True,430000,0.29,0,8.024217092590475e-16,Standard / Value,False,54.71000000000001
13805,France,Home Care,6.1,7,Standard,25,7.625,25.0,OK,False,430000,0.29,0,8.024217092590475e-16,Standard / Value,True,24.71
13806,France,Food & Refreshment,5.29,5,Standard,28,6.7712,28.000000000000004,OK,True,430000,0.29,0,8.024217092590475e-16,Standard / Value,False,27.710000000000004
13807,France,Food & Refreshment,9.13,7,Standard,28,11.6864,28.000000000000004,OK,True,430000,0.29,0,8.024217092590475e-16,Standard / Value,False,27.710000000000004
13808,Spain,Personal Care,13.15,10,Premium,60,21.040000000000003,60.00000000000001,OK,True,410000,0.3,0,3.6196737287189683e-19,Standard / Value,False,59.70000000000001
13809,UK,Food & Refreshment,1.19,9,Premium,55,1.8445,55.00000000000001,OK,True,520000,0.32,0,8.248669927223737e-16,Standard / Value,False,54.68000000000001
13810,France,Home Care,6.09,5,Standard,25,7.6125,25.0,OK,False,430000,0.29,0,8.024217092590475e-16,Standard / Value,True,24.71
13811,France,Personal Care,2.79,7,Standard,30,3.627,30.000000000000004,OK,True,430000,0.29,0,8.024217092590475e-16,Standard / Value,False,29.710000000000004
13812,UK,Home Care,10.58,9,Premium,50,15.87,50.0,OK,False,520000,0.32,0,8.248669927223737e-16,Standard / Value,True,49.68
13813,France,Home Care,2.03,1,Value,10,2.233,10.000000000000009,OK,True,430000,0.29,0,8.024217092590475e-16,Standard / Value,False,9.71000000000001
13814,UK,Personal Care,10.14,4,Standard,30,13.182,30.000000000000004,OK,True,520000,0.32,0,8.248669927223737e-16,Standard / Value,False,29.680000000000003
13815,UK,Home Care,4.65,1,Value,10,5.115000000000001,10.000000000000009,OK,True,520000,0.32,0,8.248669927223737e-16,Standard / Value,False,9.680000000000009
13816,Spain,Personal Care,3.38,8,Premium,60,5.408,60.00000000000001,OK,True,410000,0.3,0,3.6196737287189683e-19,Standard / Value,False,59.70000000000001
13817,Germany,Home Care,14.08,3,Value,10,15.488,10.000000000000009,OK,True,460000,0.31,1,0.999990952514284,Strong Premium,False,9.690000000000008
13818,Spain,Personal Care,0.77,2,Value,15,0.8855,14.999999999999991,OK,False,410000,0.3,0,3.6196737287189683e-19,Standard / Value,True,14.69999999999999
13819,Germany,Food & Refreshment,6.85,4,Standard,28,8.767999999999999,27.99999999999998,OK,False,460000,0.31,1,0.999990952514284,Strong Premium,True,27.68999999999998
13820,Germany,Home Care,0.81,3,Value,10,0.8910000000000001,10.000000000000009,OK,True,460000,0.31,1,0.999990952514284,Strong Premium,False,9.690000000000008
13821,Germany,Personal Care,7.51,5,Standard,30,9.763,30.000000000000004,OK,True,460000,0.31,1,0.999990952514284,Strong Premium,False,29.690000000000005
13822,France,Home Care,7.77,8,Premium,50,11.655,50.0,OK,False,430000,0.29,0,8.024217092590475e-16,Standard / Value,True,49.71
13823,Spain,Home Care,5.16,10,Premium,50,7.74,50.0,OK,False,410000,0.3,0,3.6196737287189683e-19,Standard / Value,True,49.7
13824,Germany,Home Care,2.42,8,Premium,50,3.63,50.0,OK,False,460000,0.31,1,0.999990952514284,Strong Premium,True,49.69
13825,UK,Personal Care,5.96,7,Standard,30,7.748,30.000000000000004,OK,True,520000,0.32,0,8.248669927223737e-16,Standard / Value,False,29.680000000000003
13826,France,Food & Refreshment,10.25,8,Premium,55,15.8875,55.00000000000001,OK,True,430000,0.29,0,8.024217092590475e-16,Standard / Value,False,54.71000000000001
13827,Spain,Food & Refreshment,11.84,5,Standard,28,15.1552,28.000000000000004,OK,True,410000,0.3,0,3.6196737287189683e-19,Standard / Value,False,27.700000000000003
13828,Germany,Food & Refreshment,8.2,10,Premium,55,12.71,55.00000000000001,OK,True,460000,0.31,1,0.999990952514284,Strong Premium,False,54.690000000000005
13829,UK,Personal Care,9.05,10,Premium,60,14.480000000000002,60.00000000000001,OK,True,520000,0.32,0,8.248669927223737e-16,Standard / Value,False,59.68000000000001
13830,Spain,Food & Refreshment,3.41,6,Standard,28,4.364800000000001,28.000000000000025,OK,True,410000,0.3,0,3.6196737287189683e-19,Standard / Value,False,27.700000000000024
13831,Spain,Personal Care,4.67,8,Premium,60,7.472,60.00000000000001,OK,True,410000,0.3,0,3.6196737287189683e-19,Standard / Value,False,59.70000000000001
13832,France,Home Care,2.85,1,Value,10,3.135,10.000000000000009,OK,True,430000,0.29,0,8.024217092590475e-16,Standard / Value,False,9.71000000000001
13833,Spain,Home Care,4.11,6,Standard,25,5.1375,25.0,OK,False,410000,0.3,0,3.6196737287189683e-19,Standard / Value,True,24.7
13834,France,Food & Refreshment,3.76,6,Standard,28,4.8128,28.000000000000004,OK,True,430000,0.29,0,8.024217092590475e-16,Standard / Value,False,27.710000000000004
13835,Germany,Personal Care,8.03,5,Standard,30,10.439,30.000000000000004,OK,True,460000,0.31,1,0.999990952514284,Strong Premium,False,29.690000000000005
13836,France,Home Care,8.66,4,Standard,25,10.825,25.0,OK,False,430000,0.29,0,8.024217092590475e-16,Standard / Value,True,24.71
13837,UK,Personal Care,14.2,1,Value,15,16.33,14.999999999999991,OK,False,520000,0.32,0,8.248669927223737e-16,Standard / Value,True,14.67999999999999
13838,France,Personal Care,3.34,10,Premium,60,5.344,60.00000000000001,OK,True,430000,0.29,0,8.024217092590475e-16,Standard / Value,False,59.71000000000001
13839,UK,Home Care,9.8,8,Premium,50,14.7,50.0,OK,False,520000,0.32,0,8.248669927223737e-16,Standard / Value,True,49.68
13840,France,Personal Care,12.35,6,Standard,30,16.055,30.000000000000004,OK,True,430000,0.29,0,8.024217092590475e-16,Standard / Value,False,29.710000000000004
13841,Spain,Home Care,8.62,3,Value,10,9.482,10.000000000000009,OK,True,410000,0.3,0,3.6196737287189683e-19,Standard / Value,False,9.700000000000008
13842,Germany,Home Care,4.2,3,Value,10,4.620000000000001,10.000000000000009,OK,True,460000,0.31,1,0.999990952514284,Strong Premium,False,9.690000000000008
13843,UK,Home Care,4.31,6,Standard,25,5.387499999999999,25.0,OK,False,520000,0.32,0,8.248669927223737e-16,Standard / Value,True,24.68
13844,France,Personal Care,1.07,7,Standard,30,1.3910000000000002,30.000000000000004,OK,True,430000,0.29,0,8.024217092590475e-16,Standard / Value,False,29.710000000000004
13845,France,Home Care,4.93,8,Premium,50,7.395,50.0,OK,False,430000,0.29,0,8.024217092590475e-16,Standard / Value,True,49.71
13846,France,Personal Care,11.3,5,Standard,30,14.69,30.000000000000004,OK,True,430000,0.29,0,8.024217092590475e-16,Standard / Value,False,29.710000000000004
13847,Spain,Home Care,1.19,10,Premium,50,1.785,50.0,OK,False,410000,0.3,0,3.6196737287189683e-19,Standard / Value,True,49.7
13848,Spain,Home Care,3.68,6,Standard,25,4.6000000000000005,25.0,OK,False,410000,0.3,0,3.6196737287189683e-19,Standard / Value,True,24.7
13849,UK,Food & Refreshment,10.74,1,Value,12,12.028800000000002,12.00000000000001,OK,True,520000,0.32,0,8.248669927223737e-16,Standard / Value,False,11.68000000000001
13850,UK,Food & Refreshment,11.85,6,Standard,28,15.168,28.000000000000004,OK,True,520000,0.32,0,8.248669927223737e-16,Standard / Value,False,27.680000000000003
13851,Spain,Food & Refreshment,7.1,9,Premium,55,11.005,55.00000000000001,OK,True,410000,0.3,0,3.6196737287189683e-19,Standard / Value,False,54.70000000000001
13852,UK,Personal Care,10.62,10,Premium,60,16.992,60.00000000000003,OK,True,520000,0.32,0,8.248669927223737e-16,Standard / Value,False,59.68000000000003
13853,Germany,Personal Care,6.13,4,Standard,30,7.969,30.000000000000004,OK,True,460000,0.31,1,0.999990952514284,Strong Premium,False,29.690000000000005
13854,Germany,Home Care,2.82,10,Premium,50,4.2299999999999995,50.0,OK,False,460000,0.31,1,0.999990952514284,Strong Premium,True,49.69
13855,Spain,Home Care,6.27,1,Value,10,6.897,10.000000000000009,OK,True,410000,0.3,0,3.6196737287189683e-19,Standard / Value,False,9.700000000000008
13856,UK,Home Care,8.91,9,Premium,50,13.365,50.0,OK,False,520000,0.32,0,8.248669927223737e-16,Standard / Value,True,49.68
13857,France,Home Care,14.25,4,Standard,25,17.8125,25.0,OK,False,430000,0.29,0,8.024217092590475e-16,Standard / Value,True,24.71
13858,Germany,Personal Care,1.5,2,Value,15,1.725,14.999999999999991,OK,False,460000,0.31,1,0.999990952514284,Strong Premium,True,14.68999999999999
13859,Spain,Home Care,7.86,1,Value,10,8.646,10.000000000000009,OK,True,410000,0.3,0,3.6196737287189683e-19,Standard / Value,False,9.700000000000008
13860,UK,Home Care,5.27,3,Value,10,5.797,10.000000000000009,OK,True,520000,0.32,0,8.248669927223737e-16,Standard / Value,False,9.680000000000009
13861,Spain,Food & Refreshment,7.87,7,Standard,28,10.0736,28.000000000000004,OK,True,410000,0.3,0,3.6196737287189683e-19,Standard / Value,False,27.700000000000003
13862,France,Home Care,0.85,10,Premium,50,1.275,50.0,OK,False,430000,0.29,0,8.024217092590475e-16,Standard / Value,True,49.71
13863,Germany,Home Care,5.04,2,Value,10,5.5440000000000005,10.000000000000009,OK,True,460000,0.31,1,0.999990952514284,Strong Premium,False,9.690000000000008
13864,Spain,Home Care,12.39,9,Premium,50,18.585,50.0,OK,False,410000,0.3,0,3.6196737287189683e-19,Standard / Value,True,49.7
13865,Spain,Personal Care,8.53,2,Value,15,9.809499999999998,14.999999999999991,OK,False,410000,0.3,0,3.6196737287189683e-19,Standard / Value,True,14.69999999999999
13866,Spain,Food & Refreshment,7.03,5,Standard,28,8.9984,28.000000000000004,OK,True,410000,0.3,0,3.6196737287189683e-19,Standard / Value,False,27.700000000000003
13867,France,Home Care,4.64,8,Premium,50,6.959999999999999,50.0,OK,False,430000,0.29,0,8.024217092590475e-16,Standard / Value,True,49.71
13868,Spain,Home Care,4.82,10,Premium,50,7.23,50.0,OK,False,410000,0.3,0,3.6196737287189683e-19,Standard / Value,True,49.7
13869,France,Food & Refreshment,6.05,8,Premium,55,9.3775,55.00000000000001,OK,True,430000,0.29,0,8.024217092590475e-16,Standard / Value,False,54.71000000000001
13870,France,Home Care,12.62,3,Value,10,13.882,10.000000000000009,OK,True,430000,0.29,0,8.024217092590475e-16,Standard / Value,False,9.71000000000001
13871,France,Personal Care,14.52,2,Value,15,16.697999999999997,14.999999999999991,OK,False,430000,0.29,0,8.024217092590475e-16,Standard / Value,True,14.709999999999992
13872,Germany,Home Care,6.86,9,Premium,50,10.29,50.0,OK,False,460000,0.31,1,0.999990952514284,Strong Premium,True,49.69
13873,Germany,Personal Care,6.2,3,Value,15,7.13,14.999999999999991,OK,False,460000,0.31,1,0.999990952514284,Strong Premium,True,14.68999999999999
13874,Spain,Personal Care,12.77,8,Premium,60,20.432,60.00000000000003,OK,True,410000,0.3,0,3.6196737287189683e-19,Standard / Value,False,59.70000000000003
13875,Spain,Home Care,6.69,2,Value,10,7.359000000000001,10.000000000000009,OK,True,410000,0.3,0,3.6196737287189683e-19,Standard / Value,False,9.700000000000008
13876,Germany,Food & Refreshment,8.5,3,Value,12,9.52,12.00000000000001,OK,True,460000,0.31,1,0.999990952514284,Strong Premium,False,11.69000000000001
13877,UK,Personal Care,3.85,1,Value,15,4.427499999999999,14.999999999999968,OK,False,520000,0.32,0,8.248669927223737e-16,Standard / Value,True,14.679999999999968
13878,Germany,Food & Refreshment,11.28,6,Standard,28,14.4384,28.000000000000004,OK,True,460000,0.31,1,0.999990952514284,Strong Premium,False,27.690000000000005
13879,France,Home Care,8.21,7,Standard,25,10.2625,25.0,OK,False,430000,0.29,0,8.024217092590475e-16,Standard / Value,True,24.71
13880,Germany,Personal Care,12.23,4,Standard,30,15.899,30.000000000000004,OK,True,460000,0.31,1,0.999990952514284,Strong Premium,False,29.690000000000005
13881,France,Home Care,11.82,1,Value,10,13.002,10.000000000000009,OK,True,430000,0.29,0,8.024217092590475e-16,Standard / Value,False,9.71000000000001
13882,Spain,Food & Refreshment,3.62,3,Value,12,4.0544,12.00000000000001,OK,True,410000,0.3,0,3.6196737287189683e-19,Standard / Value,False,11.70000000000001
13883,UK,Home Care,10.88,9,Premium,50,16.32,50.0,OK,False,520000,0.32,0,8.248669927223737e-16,Standard / Value,True,49.68
13884,Spain,Home Care,12.1,5,Standard,25,15.125,25.0,OK,False,410000,0.3,0,3.6196737287189683e-19,Standard / Value,True,24.7
13885,France,Personal Care,5.52,6,Standard,30,7.175999999999999,30.000000000000004,OK,True,430000,0.29,0,8.024217092590475e-16,Standard / Value,False,29.710000000000004
13886,France,Home Care,3.0,4,Standard,25,3.75,25.0,OK,False,430000,0.29,0,8.024217092590475e-16,Standard / Value,True,24.71
13887,France,Home Care,0.54,1,Value,10,0.5940000000000001,10.000000000000009,OK,True,430000,0.29,0,8.024217092590475e-16,Standard / Value,False,9.71000000000001
13888,UK,Home Care,7.04,5,Standard,25,8.8,25.0,OK,False,520000,0.32,0,8.248669927223737e-16,Standard / Value,True,24.68
13889,Germany,Personal Care,5.61,5,Standard,30,7.293000000000001,30.000000000000004,OK,True,460000,0.31,1,0.999990952514284,Strong Premium,False,29.690000000000005
13890,Spain,Food & Refreshment,8.55,5,Standard,28,10.944,28.000000000000004,OK,True,410000,0.3,0,3.6196737287189683e-19,Standard / Value,False,27.700000000000003
13891,Spain,Food & Refreshment,3.23,6,Standard,28,4.1344,28.000000000000004,OK,True,410000,0.3,0,3.6196737287189683e-19,Standard / Value,False,27.700000000000003
13892,Germany,Home Care,12.97,2,Value,10,14.267,10.000000000000009,OK,True,460000,0.31,1,0.999990952514284,Strong Premium,False,9.690000000000008
13893,Spain,Personal Care,4.24,1,Value,15,4.8759999999999994,14.999999999999991,OK,False,410000,0.3,0,3.6196737287189683e-19,Standard / Value,True,14.69999999999999
13894,UK,Home Care,3.78,2,Value,10,4.158,10.000000000000009,OK,True,520000,0.32,0,8.248669927223737e-16,Standard / Value,False,9.680000000000009
13895,Spain,Food & Refreshment,7.47,10,Premium,55,11.5785,55.00000000000001,OK,True,410000,0.3,0,3.6196737287189683e-19,Standard / Value,False,54.70000000000001
13896,France,Personal Care,7.73,6,Standard,30,10.049,30.000000000000004,OK,True,430000,0.29,0,8.024217092590475e-16,Standard / Value,False,29.710000000000004
13897,Germany,Food & Refreshment,3.62,5,Standard,28,4.6336,28.000000000000004,OK,True,460000,0.31,1,0.999990952514284,Strong Premium,False,27.690000000000005
13898,UK,Food & Refreshment,4.44,5,Standard,28,5.6832,28.000000000000004,OK,True,520000,0.32,0,8.248669927223737e-16,Standard / Value,False,27.680000000000003
13899,Germany,Personal Care,2.96,6,Standard,30,3.848,30.000000000000004,OK,True,460000,0.31,1,0.999990952514284,Strong Premium,False,29.690000000000005
13900,UK,Personal Care,10.92,10,Premium,60,17.472,60.00000000000001,OK,True,520000,0.32,0,8.248669927223737e-16,Standard / Value,False,59.68000000000001
13901,France,Home Care,11.67,7,Standard,25,14.5875,25.0,OK,False,430000,0.29,0,8.024217092590475e-16,Standard / Value,True,24.71
13902,Germany,Home Care,7.2,9,Premium,50,10.8,50.0,OK,False,460000,0.31,1,0.999990952514284,Strong Premium,True,49.69
13903,Spain,Food & Refreshment,10.85,7,Standard,28,13.888,28.000000000000004,OK,True,410000,0.3,0,3.6196737287189683e-19,Standard / Value,False,27.700000000000003
13904,UK,Personal Care,11.17,2,Value,15,12.8455,14.999999999999991,OK,False,520000,0.32,0,8.248669927223737e-16,Standard / Value,True,14.67999999999999
13905,Germany,Personal Care,2.5,6,Standard,30,3.25,30.000000000000004,OK,True,460000,0.31,1,0.999990952514284,Strong Premium,False,29.690000000000005
13906,Spain,Home Care,14.51,9,Premium,50,21.765,50.0,OK,False,410000,0.3,0,3.6196737287189683e-19,Standard / Value,True,49.7
13907,Germany,Food & Refreshment,12.4,7,Standard,28,15.872000000000002,28.000000000000004,OK,True,460000,0.31,1,0.999990952514284,Strong Premium,False,27.690000000000005
13908,Germany,Food & Refreshment,3.47,2,Value,12,3.886400000000001,12.00000000000001,OK,True,460000,0.31,1,0.999990952514284,Strong Premium,False,11.69000000000001
13909,Germany,Home Care,3.2,3,Value,10,3.5200000000000005,10.000000000000009,OK,True,460000,0.31,1,0.999990952514284,Strong Premium,False,9.690000000000008
13910,UK,Personal Care,2.32,8,Premium,60,3.712,60.00000000000001,OK,True,520000,0.32,0,8.248669927223737e-16,Standard / Value,False,59.68000000000001
13911,Spain,Home Care,2.51,9,Premium,50,3.765,50.0,OK,False,410000,0.3,0,3.6196737287189683e-19,Standard / Value,True,49.7
13912,France,Home Care,11.35,4,Standard,25,14.1875,25.0,OK,False,430000,0.29,0,8.024217092590475e-16,Standard / Value,True,24.71
13913,UK,Home Care,7.31,9,Premium,50,10.965,50.0,OK,False,520000,0.32,0,8.248669927223737e-16,Standard / Value,True,49.68
13914,UK,Home Care,11.85,2,Value,10,13.035,10.000000000000009,OK,True,520000,0.32,0,8.248669927223737e-16,Standard / Value,False,9.680000000000009
13915,UK,Personal Care,11.32,5,Standard,30,14.716,30.000000000000004,OK,True,520000,0.32,0,8.248669927223737e-16,Standard / Value,False,29.680000000000003
13916,France,Home Care,9.27,2,Value,10,10.197,10.000000000000009,OK,True,430000,0.29,0,8.024217092590475e-16,Standard / Value,False,9.71000000000001
13917,Spain,Personal Care,10.45,1,Value,15,12.017499999999998,14.999999999999991,OK,False,410000,0.3,0,3.6196737287189683e-19,Standard / Value,True,14.69999999999999
13918,Spain,Home Care,0.77,5,Standard,25,0.9625,25.0,OK,False,410000,0.3,0,3.6196737287189683e-19,Standard / Value,True,24.7
13919,Spain,Food & Refreshment,5.02,2,Value,12,5.6224,12.00000000000001,OK,True,410000,0.3,0,3.6196737287189683e-19,Standard / Value,False,11.70000000000001
13920,Germany,Personal Care,9.75,7,Standard,30,12.675,30.000000000000004,OK,True,460000,0.31,1,0.999990952514284,Strong Premium,False,29.690000000000005
13921,Germany,Food & Refreshment,0.64,8,Premium,55,0.992,55.00000000000001,OK,True,460000,0.31,1,0.999990952514284,Strong Premium,False,54.690000000000005
13922,Germany,Home Care,0.98,2,Value,10,1.078,10.000000000000009,OK,True,460000,0.31,1,0.999990952514284,Strong Premium,False,9.690000000000008
13923,France,Home Care,12.85,7,Standard,25,16.0625,25.0,OK,False,430000,0.29,0,8.024217092590475e-16,Standard / Value,True,24.71
13924,Germany,Home Care,10.42,4,Standard,25,13.025,25.0,OK,False,460000,0.31,1,0.999990952514284,Strong Premium,True,24.69
13925,France,Personal Care,4.35,1,Value,15,5.0024999999999995,14.999999999999991,OK,False,430000,0.29,0,8.024217092590475e-16,Standard / Value,True,14.709999999999992
13926,Spain,Food & Refreshment,10.48,3,Value,12,11.737600000000002,12.00000000000001,OK,True,410000,0.3,0,3.6196737287189683e-19,Standard / Value,False,11.70000000000001
13927,Germany,Personal Care,11.99,1,Value,15,13.7885,14.999999999999991,OK,False,460000,0.31,1,0.999990952514284,Strong Premium,True,14.68999999999999
13928,Germany,Personal Care,4.95,5,Standard,30,6.4350000000000005,30.000000000000004,OK,True,460000,0.31,1,0.999990952514284,Strong Premium,False,29.690000000000005
13929,UK,Home Care,1.02,8,Premium,50,1.53,50.0,OK,False,520000,0.32,0,8.248669927223737e-16,Standard / Value,True,49.68
13930,France,Food & Refreshment,14.03,1,Value,12,15.7136,12.00000000000001,OK,True,430000,0.29,0,8.024217092590475e-16,Standard / Value,False,11.710000000000012
13931,Spain,Home Care,5.51,9,Premium,50,8.265,50.00000000000002,OK,True,410000,0.3,0,3.6196737287189683e-19,Standard / Value,False,49.700000000000024
13932,UK,Personal Care,2.04,3,Value,15,2.3459999999999996,14.999999999999991,OK,False,520000,0.32,0,8.248669927223737e-16,Standard / Value,True,14.67999999999999
13933,UK,Home Care,7.63,5,Standard,25,9.5375,25.0,OK,False,520000,0.32,0,8.248669927223737e-16,Standard / Value,True,24.68
13934,Spain,Food & Refreshment,11.64,9,Premium,55,18.042,55.00000000000001,OK,True,410000,0.3,0,3.6196737287189683e-19,Standard / Value,False,54.70000000000001
13935,UK,Home Care,3.71,5,Standard,25,4.6375,25.0,OK,False,520000,0.32,0,8.248669927223737e-16,Standard / Value,True,24.68
13936,France,Food & Refreshment,4.41,9,Premium,55,6.835500000000001,55.00000000000001,OK,True,430000,0.29,0,8.024217092590475e-16,Standard / Value,False,54.71000000000001
13937,France,Food & Refreshment,4.02,10,Premium,55,6.231,55.00000000000001,OK,True,430000,0.29,0,8.024217092590475e-16,Standard / Value,False,54.71000000000001
13938,Germany,Home Care,14.88,8,Premium,50,22.32,50.0,OK,False,460000,0.31,1,0.999990952514284,Strong Premium,True,49.69
13939,UK,Personal Care,3.36,7,Standard,30,4.368,30.000000000000004,OK,True,520000,0.32,0,8.248669927223737e-16,Standard / Value,False,29.680000000000003
13940,Germany,Home Care,8.85,1,Value,10,9.735,10.000000000000009,OK,True,460000,0.31,1,0.999990952514284,Strong Premium,False,9.690000000000008
13941,UK,Personal Care,13.92,4,Standard,30,18.096,30.000000000000004,OK,True,520000,0.32,0,8.248669927223737e-16,Standard / Value,False,29.680000000000003
13942,France,Personal Care,2.63,9,Premium,60,4.208,60.00000000000001,OK,True,430000,0.29,0,8.024217092590475e-16,Standard / Value,False,59.71000000000001
13943,France,Home Care,14.58,10,Premium,50,21.87,50.0,OK,False,430000,0.29,0,8.024217092590475e-16,Standard / Value,True,49.71
13944,France,Personal Care,14.24,8,Premium,60,22.784,60.00000000000001,OK,True,430000,0.29,0,8.024217092590475e-16,Standard / Value,False,59.71000000000001
13945,UK,Personal Care,13.33,4,Standard,30,17.329,30.000000000000004,OK,True,520000,0.32,0,8.248669927223737e-16,Standard / Value,False,29.680000000000003
13946,France,Home Care,3.61,1,Value,10,3.971,10.000000000000009,OK,True,430000,0.29,0,8.024217092590475e-16,Standard / Value,False,9.71000000000001
13947,UK,Home Care,9.69,10,Premium,50,14.535,50.0,OK,False,520000,0.32,0,8.248669927223737e-16,Standard / Value,True,49.68
13948,Germany,Home Care,11.53,4,Standard,25,14.4125,25.0,OK,False,460000,0.31,1,0.999990952514284,Strong Premium,True,24.69
13949,UK,Personal Care,14.8,3,Value,15,17.02,14.999999999999991,OK,False,520000,0.32,0,8.248669927223737e-16,Standard / Value,True,14.67999999999999
13950,Germany,Food & Refreshment,3.12,6,Standard,28,3.9936,28.000000000000004,OK,True,460000,0.31,1,0.999990952514284,Strong Premium,False,27.690000000000005
13951,UK,Personal Care,11.61,5,Standard,30,15.093,30.000000000000004,OK,True,520000,0.32,0,8.248669927223737e-16,Standard / Value,False,29.680000000000003
13952,Germany,Food & Refreshment,5.41,5,Standard,28,6.9248,28.000000000000004,OK,True,460000,0.31,1,0.999990952514284,Strong Premium,False,27.690000000000005
13953,France,Home Care,3.05,2,Value,10,3.355,10.000000000000009,OK,True,430000,0.29,0,8.024217092590475e-16,Standard / Value,False,9.71000000000001
13954,Germany,Food & Refreshment,6.61,3,Value,12,7.403200000000001,12.00000000000001,OK,True,460000,0.31,1,0.999990952514284,Strong Premium,False,11.69000000000001
13955,France,Home Care,12.01,6,Standard,25,15.0125,25.0,OK,False,430000,0.29,0,8.024217092590475e-16,Standard / Value,True,24.71
13956,France,Home Care,7.24,2,Value,10,7.964000000000001,10.000000000000009,OK,True,430000,0.29,0,8.024217092590475e-16,Standard / Value,False,9.71000000000001
13957,Germany,Food & Refreshment,8.29,4,Standard,28,10.611199999999998,28.000000000000004,OK,True,460000,0.31,1,0.999990952514284,Strong Premium,False,27.690000000000005
13958,UK,Home Care,14.93,2,Value,10,16.423000000000002,10.000000000000009,OK,True,520000,0.32,0,8.248669927223737e-16,Standard / Value,False,9.680000000000009
13959,UK,Food & Refreshment,6.29,9,Premium,55,9.7495,55.00000000000003,OK,True,520000,0.32,0,8.248669927223737e-16,Standard / Value,False,54.68000000000003
13960,Spain,Home Care,9.42,3,Value,10,10.362,10.000000000000009,OK,True,410000,0.3,0,3.6196737287189683e-19,Standard / Value,False,9.700000000000008
13961,UK,Personal Care,5.8,10,Premium,60,9.28,59.999999999999986,OK,False,520000,0.32,0,8.248669927223737e-16,Standard / Value,True,59.679999999999986
13962,Spain,Personal Care,6.2,10,Premium,60,9.920000000000002,60.00000000000003,OK,True,410000,0.3,0,3.6196737287189683e-19,Standard / Value,False,59.70000000000003
13963,UK,Home Care,10.59,6,Standard,25,13.2375,25.0,OK,False,520000,0.32,0,8.248669927223737e-16,Standard / Value,True,24.68
13964,UK,Home Care,14.1,1,Value,10,15.510000000000002,10.000000000000009,OK,True,520000,0.32,0,8.248669927223737e-16,Standard / Value,False,9.680000000000009
13965,France,Food & Refreshment,8.36,10,Premium,55,12.958,55.00000000000001,OK,True,430000,0.29,0,8.024217092590475e-16,Standard / Value,False,54.71000000000001
13966,Spain,Personal Care,11.64,3,Value,15,13.386,14.999999999999991,OK,False,410000,0.3,0,3.6196737287189683e-19,Standard / Value,True,14.69999999999999
13967,UK,Food & Refreshment,1.79,8,Premium,55,2.7745,55.00000000000001,OK,True,520000,0.32,0,8.248669927223737e-16,Standard / Value,False,54.68000000000001
13968,Spain,Home Care,3.56,5,Standard,25,4.45,25.0,OK,False,410000,0.3,0,3.6196737287189683e-19,Standard / Value,True,24.7
13969,France,Home Care,7.78,8,Premium,50,11.67,50.0,OK,False,430000,0.29,0,8.024217092590475e-16,Standard / Value,True,49.71
13970,France,Food & Refreshment,0.79,2,Value,12,0.8848000000000001,12.00000000000001,OK,True,430000,0.29,0,8.024217092590475e-16,Standard / Value,False,11.710000000000012
13971,Spain,Home Care,4.17,7,Standard,25,5.2125,25.0,OK,False,410000,0.3,0,3.6196737287189683e-19,Standard / Value,True,24.7
13972,France,Personal Care,8.0,9,Premium,60,12.8,60.00000000000001,OK,True,430000,0.29,0,8.024217092590475e-16,Standard / Value,False,59.71000000000001
13973,Germany,Food & Refreshment,0.72,7,Standard,28,0.9216,28.000000000000004,OK,True,460000,0.31,1,0.999990952514284,Strong Premium,False,27.690000000000005
13974,Germany,Personal Care,4.34,3,Value,15,4.991,14.999999999999991,OK,False,460000,0.31,1,0.999990952514284,Strong Premium,True,14.68999999999999
13975,France,Personal Care,7.95,7,Standard,30,10.335,30.000000000000004,OK,True,430000,0.29,0,8.024217092590475e-16,Standard / Value,False,29.710000000000004
13976,Germany,Personal Care,8.81,8,Premium,60,14.096000000000002,60.00000000000001,OK,True,460000,0.31,1,0.999990952514284,Strong Premium,False,59.690000000000005
13977,UK,Food & Refreshment,13.92,1,Value,12,15.5904,12.00000000000001,OK,True,520000,0.32,0,8.248669927223737e-16,Standard / Value,False,11.68000000000001
13978,Spain,Home Care,9.86,3,Value,10,10.846,10.000000000000009,OK,True,410000,0.3,0,3.6196737287189683e-19,Standard / Value,False,9.700000000000008
13979,UK,Personal Care,6.51,5,Standard,30,8.463,29.999999999999982,OK,False,520000,0.32,0,8.248669927223737e-16,Standard / Value,True,29.679999999999982
13980,Spain,Personal Care,13.99,6,Standard,30,18.187,30.000000000000004,OK,True,410000,0.3,0,3.6196737287189683e-19,Standard / Value,False,29.700000000000003
13981,France,Personal Care,11.88,3,Value,15,13.662,14.999999999999991,OK,False,430000,0.29,0,8.024217092590475e-16,Standard / Value,True,14.709999999999992
13982,UK,Home Care,3.4,4,Standard,25,4.25,25.0,OK,False,520000,0.32,0,8.248669927223737e-16,Standard / Value,True,24.68
13983,France,Home Care,2.4,5,Standard,25,3.0,25.0,OK,False,430000,0.29,0,8.024217092590475e-16,Standard / Value,True,24.71
13984,France,Food & Refreshment,10.3,3,Value,12,11.536,12.00000000000001,OK,True,430000,0.29,0,8.024217092590475e-16,Standard / Value,False,11.710000000000012
13985,Spain,Home Care,8.62,4,Standard,25,10.775,25.0,OK,False,410000,0.3,0,3.6196737287189683e-19,Standard / Value,True,24.7
13986,Spain,Food & Refreshment,11.95,5,Standard,28,15.296,28.000000000000004,OK,True,410000,0.3,0,3.6196737287189683e-19,Standard / Value,False,27.700000000000003
13987,Spain,Food & Refreshment,11.21,2,Value,12,12.555200000000005,12.00000000000001,OK,True,410000,0.3,0,3.6196737287189683e-19,Standard / Value,False,11.70000000000001
13988,UK,Food & Refreshment,9.57,10,Premium,55,14.8335,55.00000000000001,OK,True,520000,0.32,0,8.248669927223737e-16,Standard / Value,False,54.68000000000001
13989,Germany,Food & Refreshment,14.8,9,Premium,55,22.94,55.00000000000001,OK,True,460000,0.31,1,0.999990952514284,Strong Premium,False,54.690000000000005
13990,Spain,Food & Refreshment,8.24,10,Premium,55,12.772,55.00000000000001,OK,True,410000,0.3,0,3.6196737287189683e-19,Standard / Value,False,54.70000000000001
13991,Spain,Personal Care,2.14,8,Premium,60,3.4240000000000004,60.00000000000001,OK,True,410000,0.3,0,3.6196737287189683e-19,Standard / Value,False,59.70000000000001
13992,UK,Home Care,12.51,6,Standard,25,15.6375,25.0,OK,False,520000,0.32,0,8.248669927223737e-16,Standard / Value,True,24.68
13993,Spain,Personal Care,4.15,10,Premium,60,6.640000000000001,60.00000000000001,OK,True,410000,0.3,0,3.6196737287189683e-19,Standard / Value,False,59.70000000000001
13994,UK,Food & Refreshment,11.77,3,Value,12,13.1824,12.00000000000001,OK,True,520000,0.32,0,8.248669927223737e-16,Standard / Value,False,11.68000000000001
13995,France,Home Care,14.38,2,Value,10,15.818,10.000000000000009,OK,True,430000,0.29,0,8.024217092590475e-16,Standard / Value,False,9.71000000000001
13996,Spain,Personal Care,10.6,7,Standard,30,13.78,30.000000000000004,OK,True,410000,0.3,0,3.6196737287189683e-19,Standard / Value,False,29.700000000000003
13997,Spain,Personal Care,9.14,8,Premium,60,14.624000000000002,60.00000000000001,OK,True,410000,0.3,0,3.6196737287189683e-19,Standard / Value,False,59.70000000000001
13998,France,Food & Refreshment,7.18,10,Premium,55,11.129,55.00000000000001,OK,True,430000,0.29,0,8.024217092590475e-16,Standard / Value,False,54.71000000000001
13999,France,Personal Care,5.78,1,Value,15,6.646999999999999,14.999999999999991,OK,False,430000,0.29,0,8.024217092590475e-16,Standard / Value,True,14.709999999999992
14000,France,Personal Care,5.62,6,Standard,30,7.306,30.000000000000004,OK,True,430000,0.29,0,8.024217092590475e-16,Standard / Value,False,29.710000000000004
14001,Spain,Personal Care,9.73,7,Standard,30,12.649,30.000000000000004,OK,True,410000,0.3,0,3.6196737287189683e-19,Standard / Value,False,29.700000000000003
14002,Germany,Personal Care,11.39,9,Premium,60,18.224,59.999999999999986,OK,False,460000,0.31,1,0.999990952514284,Strong Premium,True,59.68999999999998
14003,Germany,Personal Care,10.34,3,Value,15,11.890999999999998,14.999999999999991,OK,False,460000,0.31,1,0.999990952514284,Strong Premium,True,14.68999999999999
14004,Germany,Food & Refreshment,3.38,2,Value,12,3.7856,12.00000000000001,OK,True,460000,0.31,1,0.999990952514284,Strong Premium,False,11.69000000000001
14005,Spain,Food & Refreshment,7.66,5,Standard,28,9.8048,28.000000000000004,OK,True,410000,0.3,0,3.6196737287189683e-19,Standard / Value,False,27.700000000000003
14006,France,Personal Care,11.98,10,Premium,60,19.168000000000003,60.00000000000001,OK,True,430000,0.29,0,8.024217092590475e-16,Standard / Value,False,59.71000000000001
14007,Spain,Food & Refreshment,7.4,1,Value,12,8.288000000000002,12.000000000000032,OK,True,410000,0.3,0,3.6196737287189683e-19,Standard / Value,False,11.700000000000031
14008,France,Food & Refreshment,8.28,6,Standard,28,10.5984,28.000000000000004,OK,True,430000,0.29,0,8.024217092590475e-16,Standard / Value,False,27.710000000000004
14009,Spain,Home Care,11.68,9,Premium,50,17.52,50.0,OK,False,410000,0.3,0,3.6196737287189683e-19,Standard / Value,True,49.7
14010,Spain,Personal Care,10.09,10,Premium,60,16.144000000000002,60.00000000000003,OK,True,410000,0.3,0,3.6196737287189683e-19,Standard / Value,False,59.70000000000003
14011,France,Food & Refreshment,6.44,9,Premium,55,9.982,55.00000000000001,OK,True,430000,0.29,0,8.024217092590475e-16,Standard / Value,False,54.71000000000001
14012,Germany,Food & Refreshment,13.48,7,Standard,28,17.2544,28.000000000000004,OK,True,460000,0.31,1,0.999990952514284,Strong Premium,False,27.690000000000005
14013,France,Personal Care,2.86,7,Standard,30,3.718,30.000000000000004,OK,True,430000,0.29,0,8.024217092590475e-16,Standard / Value,False,29.710000000000004
14014,UK,Home Care,14.93,8,Premium,50,22.395,50.0,OK,False,520000,0.32,0,8.248669927223737e-16,Standard / Value,True,49.68
14015,UK,Personal Care,2.22,10,Premium,60,3.5520000000000005,60.00000000000001,OK,True,520000,0.32,0,8.248669927223737e-16,Standard / Value,False,59.68000000000001
14016,France,Home Care,0.72,2,Value,10,0.792,10.000000000000009,OK,True,430000,0.29,0,8.024217092590475e-16,Standard / Value,False,9.71000000000001
14017,Spain,Personal Care,13.41,6,Standard,30,17.433,30.000000000000004,OK,True,410000,0.3,0,3.6196737287189683e-19,Standard / Value,False,29.700000000000003
14018,UK,Personal Care,4.05,5,Standard,30,5.265,30.000000000000004,OK,True,520000,0.32,0,8.248669927223737e-16,Standard / Value,False,29.680000000000003
14019,UK,Personal Care,11.08,5,Standard,30,14.404,30.000000000000004,OK,True,520000,0.32,0,8.248669927223737e-16,Standard / Value,False,29.680000000000003
14020,Spain,Personal Care,12.26,3,Value,15,14.098999999999998,14.999999999999991,OK,False,410000,0.3,0,3.6196737287189683e-19,Standard / Value,True,14.69999999999999
14021,Spain,Home Care,12.96,3,Value,10,14.256000000000002,10.000000000000009,OK,True,410000,0.3,0,3.6196737287189683e-19,Standard / Value,False,9.700000000000008
14022,Germany,Home Care,14.88,6,Standard,25,18.6,25.0,OK,False,460000,0.31,1,0.999990952514284,Strong Premium,True,24.69
14023,Spain,Food & Refreshment,4.76,10,Premium,55,7.378,55.00000000000001,OK,True,410000,0.3,0,3.6196737287189683e-19,Standard / Value,False,54.70000000000001
14024,France,Personal Care,10.8,10,Premium,60,17.28,60.00000000000001,OK,True,430000,0.29,0,8.024217092590475e-16,Standard / Value,False,59.71000000000001
14025,France,Home Care,2.17,7,Standard,25,2.7125,25.0,OK,False,430000,0.29,0,8.024217092590475e-16,Standard / Value,True,24.71
14026,Germany,Home Care,6.4,1,Value,10,7.040000000000001,10.000000000000009,OK,True,460000,0.31,1,0.999990952514284,Strong Premium,False,9.690000000000008
14027,UK,Home Care,12.8,3,Value,10,14.080000000000002,10.000000000000009,OK,True,520000,0.32,0,8.248669927223737e-16,Standard / Value,False,9.680000000000009
14028,UK,Personal Care,5.83,1,Value,15,6.7044999999999995,14.999999999999991,OK,False,520000,0.32,0,8.248669927223737e-16,Standard / Value,True,14.67999999999999
14029,Spain,Food & Refreshment,9.07,10,Premium,55,14.0585,55.00000000000001,OK,True,410000,0.3,0,3.6196737287189683e-19,Standard / Value,False,54.70000000000001
14030,France,Home Care,7.8,3,Value,10,8.58,10.000000000000009,OK,True,430000,0.29,0,8.024217092590475e-16,Standard / Value,False,9.71000000000001
14031,UK,Personal Care,9.87,5,Standard,30,12.831,30.000000000000004,OK,True,520000,0.32,0,8.248669927223737e-16,Standard / Value,False,29.680000000000003
14032,Germany,Home Care,14.61,9,Premium,50,21.915,50.0,OK,False,460000,0.31,1,0.999990952514284,Strong Premium,True,49.69
14033,Germany,Home Care,1.31,3,Value,10,1.4410000000000005,10.000000000000009,OK,True,460000,0.31,1,0.999990952514284,Strong Premium,False,9.690000000000008
14034,France,Food & Refreshment,8.82,10,Premium,55,13.671,55.00000000000001,OK,True,430000,0.29,0,8.024217092590475e-16,Standard / Value,False,54.71000000000001
14035,Germany,Home Care,13.01,10,Premium,50,19.515,50.0,OK,False,460000,0.31,1,0.999990952514284,Strong Premium,True,49.69
14036,Germany,Home Care,7.48,9,Premium,50,11.22,50.0,OK,False,460000,0.31,1,0.999990952514284,Strong Premium,True,49.69
14037,France,Personal Care,1.64,1,Value,15,1.8859999999999997,14.999999999999991,OK,False,430000,0.29,0,8.024217092590475e-16,Standard / Value,True,14.709999999999992
14038,Spain,Personal Care,8.63,6,Standard,30,11.219,30.000000000000004,OK,True,410000,0.3,0,3.6196737287189683e-19,Standard / Value,False,29.700000000000003
14039,Spain,Food & Refreshment,5.32,9,Premium,55,8.246,55.00000000000001,OK,True,410000,0.3,0,3.6196737287189683e-19,Standard / Value,False,54.70000000000001
14040,Germany,Personal Care,2.75,5,Standard,30,3.575,30.000000000000004,OK,True,460000,0.31,1,0.999990952514284,Strong Premium,False,29.690000000000005
14041,Spain,Personal Care,12.81,10,Premium,60,20.496,60.00000000000001,OK,True,410000,0.3,0,3.6196737287189683e-19,Standard / Value,False,59.70000000000001
14042,Spain,Food & Refreshment,8.06,2,Value,12,9.0272,12.00000000000001,OK,True,410000,0.3,0,3.6196737287189683e-19,Standard / Value,False,11.70000000000001
14043,Germany,Home Care,14.03,5,Standard,25,17.537499999999998,25.0,OK,False,460000,0.31,1,0.999990952514284,Strong Premium,True,24.69
14044,Spain,Food & Refreshment,12.19,1,Value,12,13.6528,12.00000000000001,OK,True,410000,0.3,0,3.6196737287189683e-19,Standard / Value,False,11.70000000000001
14045,Germany,Personal Care,10.55,9,Premium,60,16.880000000000003,60.00000000000001,OK,True,460000,0.31,1,0.999990952514284,Strong Premium,False,59.690000000000005
14046,UK,Food & Refreshment,0.57,10,Premium,55,0.8835,55.00000000000001,OK,True,520000,0.32,0,8.248669927223737e-16,Standard / Value,False,54.68000000000001
14047,France,Home Care,6.7,10,Premium,50,10.05,50.0,OK,False,430000,0.29,0,8.024217092590475e-16,Standard / Value,True,49.71
14048,France,Food & Refreshment,3.36,9,Premium,55,5.208,55.00000000000001,OK,True,430000,0.29,0,8.024217092590475e-16,Standard / Value,False,54.71000000000001
14049,Spain,Personal Care,13.71,6,Standard,30,17.823,30.000000000000004,OK,True,410000,0.3,0,3.6196737287189683e-19,Standard / Value,False,29.700000000000003
14050,Spain,Personal Care,3.03,9,Premium,60,4.848,60.00000000000001,OK,True,410000,0.3,0,3.6196737287189683e-19,Standard / Value,False,59.70000000000001
14051,Spain,Food & Refreshment,4.65,3,Value,12,5.208000000000001,12.00000000000001,OK,True,410000,0.3,0,3.6196737287189683e-19,Standard / Value,False,11.70000000000001
14052,France,Home Care,7.99,4,Standard,25,9.9875,25.0,OK,False,430000,0.29,0,8.024217092590475e-16,Standard / Value,True,24.71
14053,UK,Food & Refreshment,4.32,6,Standard,28,5.5296,28.000000000000004,OK,True,520000,0.32,0,8.248669927223737e-16,Standard / Value,False,27.680000000000003
14054,UK,Home Care,3.54,4,Standard,25,4.425,25.0,OK,False,520000,0.32,0,8.248669927223737e-16,Standard / Value,True,24.68
14055,France,Home Care,9.19,1,Value,10,10.109,10.000000000000009,OK,True,430000,0.29,0,8.024217092590475e-16,Standard / Value,False,9.71000000000001
14056,UK,Food & Refreshment,1.79,7,Standard,28,2.2912,28.000000000000004,OK,True,520000,0.32,0,8.248669927223737e-16,Standard / Value,False,27.680000000000003
14057,France,Home Care,1.34,5,Standard,25,1.675,25.0,OK,False,430000,0.29,0,8.024217092590475e-16,Standard / Value,True,24.71
14058,UK,Personal Care,5.9,8,Premium,60,9.44,60.00000000000001,OK,True,520000,0.32,0,8.248669927223737e-16,Standard / Value,False,59.68000000000001
14059,Germany,Food & Refreshment,10.95,9,Premium,55,16.9725,55.00000000000001,OK,True,460000,0.31,1,0.999990952514284,Strong Premium,False,54.690000000000005
14060,Germany,Home Care,8.54,5,Standard,25,10.675,25.0,OK,False,460000,0.31,1,0.999990952514284,Strong Premium,True,24.69
14061,France,Personal Care,6.63,8,Premium,60,10.608,60.00000000000001,OK,True,430000,0.29,0,8.024217092590475e-16,Standard / Value,False,59.71000000000001
14062,UK,Food & Refreshment,8.7,1,Value,12,9.744,12.00000000000001,OK,True,520000,0.32,0,8.248669927223737e-16,Standard / Value,False,11.68000000000001
14063,Spain,Personal Care,5.8,1,Value,15,6.669999999999999,14.999999999999991,OK,False,410000,0.3,0,3.6196737287189683e-19,Standard / Value,True,14.69999999999999
14064,UK,Personal Care,14.07,7,Standard,30,18.291,30.000000000000004,OK,True,520000,0.32,0,8.248669927223737e-16,Standard / Value,False,29.680000000000003
14065,Germany,Personal Care,1.3,6,Standard,30,1.6900000000000002,30.000000000000004,OK,True,460000,0.31,1,0.999990952514284,Strong Premium,False,29.690000000000005
14066,Germany,Home Care,10.26,5,Standard,25,12.825,25.0,OK,False,460000,0.31,1,0.999990952514284,Strong Premium,True,24.69
14067,UK,Food & Refreshment,13.42,5,Standard,28,17.1776,28.000000000000004,OK,True,520000,0.32,0,8.248669927223737e-16,Standard / Value,False,27.680000000000003
14068,UK,Food & Refreshment,12.16,9,Premium,55,18.848000000000003,55.00000000000003,OK,True,520000,0.32,0,8.248669927223737e-16,Standard / Value,False,54.68000000000003
14069,Spain,Home Care,3.17,1,Value,10,3.487,10.000000000000009,OK,True,410000,0.3,0,3.6196737287189683e-19,Standard / Value,False,9.700000000000008
14070,Spain,Food & Refreshment,4.79,8,Premium,55,7.4245,55.00000000000001,OK,True,410000,0.3,0,3.6196737287189683e-19,Standard / Value,False,54.70000000000001
14071,UK,Personal Care,10.9,2,Value,15,12.535,14.999999999999991,OK,False,520000,0.32,0,8.248669927223737e-16,Standard / Value,True,14.67999999999999
14072,UK,Food & Refreshment,1.72,7,Standard,28,2.2016,28.000000000000004,OK,True,520000,0.32,0,8.248669927223737e-16,Standard / Value,False,27.680000000000003
14073,UK,Home Care,12.27,6,Standard,25,15.3375,25.0,OK,False,520000,0.32,0,8.248669927223737e-16,Standard / Value,True,24.68
14074,UK,Personal Care,10.92,10,Premium,60,17.472,60.00000000000001,OK,True,520000,0.32,0,8.248669927223737e-16,Standard / Value,False,59.68000000000001
14075,France,Home Care,11.08,2,Value,10,12.188,10.000000000000009,OK,True,430000,0.29,0,8.024217092590475e-16,Standard / Value,False,9.71000000000001
14076,UK,Personal Care,1.95,3,Value,15,2.2424999999999997,14.999999999999991,OK,False,520000,0.32,0,8.248669927223737e-16,Standard / Value,True,14.67999999999999
14077,Spain,Personal Care,10.91,4,Standard,30,14.183,30.000000000000004,OK,True,410000,0.3,0,3.6196737287189683e-19,Standard / Value,False,29.700000000000003
14078,Germany,Food & Refreshment,10.36,7,Standard,28,13.2608,28.000000000000004,OK,True,460000,0.31,1,0.999990952514284,Strong Premium,False,27.690000000000005
14079,France,Personal Care,12.55,8,Premium,60,20.08,60.00000000000001,OK,True,430000,0.29,0,8.024217092590475e-16,Standard / Value,False,59.71000000000001
14080,UK,Home Care,1.1,2,Value,10,1.2100000000000002,10.000000000000009,OK,True,520000,0.32,0,8.248669927223737e-16,Standard / Value,False,9.680000000000009
14081,Germany,Food & Refreshment,0.84,8,Premium,55,1.302,55.00000000000001,OK,True,460000,0.31,1,0.999990952514284,Strong Premium,False,54.690000000000005
14082,France,Home Care,5.91,9,Premium,50,8.865,50.0,OK,False,430000,0.29,0,8.024217092590475e-16,Standard / Value,True,49.71
14083,Germany,Personal Care,2.66,7,Standard,30,3.458,30.000000000000004,OK,True,460000,0.31,1,0.999990952514284,Strong Premium,False,29.690000000000005
14084,UK,Home Care,8.6,1,Value,10,9.46,10.000000000000009,OK,True,520000,0.32,0,8.248669927223737e-16,Standard / Value,False,9.680000000000009
14085,UK,Home Care,13.8,6,Standard,25,17.25,25.0,OK,False,520000,0.32,0,8.248669927223737e-16,Standard / Value,True,24.68
14086,Spain,Personal Care,6.18,8,Premium,60,9.888,60.00000000000001,OK,True,410000,0.3,0,3.6196737287189683e-19,Standard / Value,False,59.70000000000001
14087,UK,Food & Refreshment,12.75,5,Standard,28,16.32,28.000000000000004,OK,True,520000,0.32,0,8.248669927223737e-16,Standard / Value,False,27.680000000000003
14088,UK,Home Care,0.5,2,Value,10,0.55,10.000000000000009,OK,True,520000,0.32,0,8.248669927223737e-16,Standard / Value,False,9.680000000000009
14089,France,Personal Care,2.94,5,Standard,30,3.822,30.000000000000004,OK,True,430000,0.29,0,8.024217092590475e-16,Standard / Value,False,29.710000000000004
14090,Spain,Food & Refreshment,0.94,8,Premium,55,1.457,54.999999999999986,OK,False,410000,0.3,0,3.6196737287189683e-19,Standard / Value,True,54.69999999999999
14091,France,Food & Refreshment,5.26,2,Value,12,5.8912,12.00000000000001,OK,True,430000,0.29,0,8.024217092590475e-16,Standard / Value,False,11.710000000000012
14092,Germany,Food & Refreshment,13.67,1,Value,12,15.3104,12.00000000000001,OK,True,460000,0.31,1,0.999990952514284,Strong Premium,False,11.69000000000001
14093,UK,Home Care,1.91,4,Standard,25,2.3874999999999997,25.0,OK,False,520000,0.32,0,8.248669927223737e-16,Standard / Value,True,24.68
14094,Germany,Home Care,9.29,4,Standard,25,11.6125,25.0,OK,False,460000,0.31,1,0.999990952514284,Strong Premium,True,24.69
14095,France,Home Care,7.05,9,Premium,50,10.575,50.0,OK,False,430000,0.29,0,8.024217092590475e-16,Standard / Value,True,49.71
14096,UK,Food & Refreshment,14.11,3,Value,12,15.8032,12.00000000000001,OK,True,520000,0.32,0,8.248669927223737e-16,Standard / Value,False,11.68000000000001
14097,UK,Home Care,2.28,4,Standard,25,2.8499999999999996,25.0,OK,False,520000,0.32,0,8.248669927223737e-16,Standard / Value,True,24.68
14098,France,Personal Care,3.57,3,Value,15,4.105499999999999,14.999999999999991,OK,False,430000,0.29,0,8.024217092590475e-16,Standard / Value,True,14.709999999999992
14099,France,Home Care,0.93,2,Value,10,1.023,10.000000000000009,OK,True,430000,0.29,0,8.024217092590475e-16,Standard / Value,False,9.71000000000001
14100,France,Home Care,6.79,4,Standard,25,8.4875,25.0,OK,False,430000,0.29,0,8.024217092590475e-16,Standard / Value,True,24.71
14101,France,Food & Refreshment,4.53,8,Premium,55,7.0215000000000005,55.00000000000001,OK,True,430000,0.29,0,8.024217092590475e-16,Standard / Value,False,54.71000000000001
14102,France,Home Care,13.11,1,Value,10,14.421,10.000000000000009,OK,True,430000,0.29,0,8.024217092590475e-16,Standard / Value,False,9.71000000000001
14103,UK,Personal Care,9.27,8,Premium,60,14.832,60.00000000000001,OK,True,520000,0.32,0,8.248669927223737e-16,Standard / Value,False,59.68000000000001
14104,France,Food & Refreshment,9.4,8,Premium,55,14.57,55.00000000000001,OK,True,430000,0.29,0,8.024217092590475e-16,Standard / Value,False,54.71000000000001
14105,UK,Personal Care,8.21,3,Value,15,9.4415,14.999999999999991,OK,False,520000,0.32,0,8.248669927223737e-16,Standard / Value,True,14.67999999999999
14106,UK,Food & Refreshment,1.83,10,Premium,55,2.8365,55.00000000000001,OK,True,520000,0.32,0,8.248669927223737e-16,Standard / Value,False,54.68000000000001
14107,France,Food & Refreshment,6.95,10,Premium,55,10.7725,55.00000000000001,OK,True,430000,0.29,0,8.024217092590475e-16,Standard / Value,False,54.71000000000001
14108,France,Home Care,14.99,6,Standard,25,18.7375,25.0,OK,False,430000,0.29,0,8.024217092590475e-16,Standard / Value,True,24.71
14109,Spain,Personal Care,12.61,4,Standard,30,16.393,30.000000000000004,OK,True,410000,0.3,0,3.6196737287189683e-19,Standard / Value,False,29.700000000000003
14110,UK,Food & Refreshment,13.46,1,Value,12,15.075200000000002,12.00000000000001,OK,True,520000,0.32,0,8.248669927223737e-16,Standard / Value,False,11.68000000000001
14111,France,Home Care,12.44,1,Value,10,13.684,10.000000000000009,OK,True,430000,0.29,0,8.024217092590475e-16,Standard / Value,False,9.71000000000001
14112,France,Food & Refreshment,1.99,5,Standard,28,2.5472,28.000000000000004,OK,True,430000,0.29,0,8.024217092590475e-16,Standard / Value,False,27.710000000000004
14113,France,Food & Refreshment,3.8,8,Premium,55,5.89,55.00000000000001,OK,True,430000,0.29,0,8.024217092590475e-16,Standard / Value,False,54.71000000000001
14114,Spain,Food & Refreshment,0.55,1,Value,12,0.6160000000000001,12.00000000000001,OK,True,410000,0.3,0,3.6196737287189683e-19,Standard / Value,False,11.70000000000001
14115,Spain,Food & Refreshment,4.9,2,Value,12,5.488000000000001,12.00000000000001,OK,True,410000,0.3,0,3.6196737287189683e-19,Standard / Value,False,11.70000000000001
14116,Germany,Food & Refreshment,2.07,7,Standard,28,2.6496,28.000000000000004,OK,True,460000,0.31,1,0.999990952514284,Strong Premium,False,27.690000000000005
14117,UK,Food & Refreshment,7.36,8,Premium,55,11.408,55.00000000000001,OK,True,520000,0.32,0,8.248669927223737e-16,Standard / Value,False,54.68000000000001
14118,Germany,Home Care,10.32,3,Value,10,11.352000000000002,10.000000000000009,OK,True,460000,0.31,1,0.999990952514284,Strong Premium,False,9.690000000000008
14119,France,Food & Refreshment,13.18,8,Premium,55,20.429,54.999999999999986,OK,False,430000,0.29,0,8.024217092590475e-16,Standard / Value,True,54.70999999999999
14120,Spain,Personal Care,11.36,1,Value,15,13.063999999999998,14.999999999999991,OK,False,410000,0.3,0,3.6196737287189683e-19,Standard / Value,True,14.69999999999999
14121,Spain,Home Care,14.11,9,Premium,50,21.165,50.0,OK,False,410000,0.3,0,3.6196737287189683e-19,Standard / Value,True,49.7
14122,Germany,Personal Care,1.28,2,Value,15,1.472,14.999999999999991,OK,False,460000,0.31,1,0.999990952514284,Strong Premium,True,14.68999999999999
14123,Spain,Food & Refreshment,0.68,2,Value,12,0.7616000000000002,12.00000000000001,OK,True,410000,0.3,0,3.6196737287189683e-19,Standard / Value,False,11.70000000000001
14124,France,Personal Care,10.09,4,Standard,30,13.117,30.000000000000004,OK,True,430000,0.29,0,8.024217092590475e-16,Standard / Value,False,29.710000000000004
14125,Spain,Food & Refreshment,4.7,10,Premium,55,7.285,55.00000000000001,OK,True,410000,0.3,0,3.6196737287189683e-19,Standard / Value,False,54.70000000000001
14126,Germany,Food & Refreshment,4.18,3,Value,12,4.6816,12.00000000000001,OK,True,460000,0.31,1,0.999990952514284,Strong Premium,False,11.69000000000001
14127,France,Home Care,5.3,4,Standard,25,6.625,25.0,OK,False,430000,0.29,0,8.024217092590475e-16,Standard / Value,True,24.71
14128,Germany,Home Care,4.41,6,Standard,25,5.5125,25.0,OK,False,460000,0.31,1,0.999990952514284,Strong Premium,True,24.69
14129,Spain,Food & Refreshment,7.92,7,Standard,28,10.1376,28.000000000000004,OK,True,410000,0.3,0,3.6196737287189683e-19,Standard / Value,False,27.700000000000003
14130,Germany,Home Care,6.88,5,Standard,25,8.6,25.0,OK,False,460000,0.31,1,0.999990952514284,Strong Premium,True,24.69
14131,Germany,Personal Care,7.93,2,Value,15,9.1195,14.999999999999991,OK,False,460000,0.31,1,0.999990952514284,Strong Premium,True,14.68999999999999
14132,UK,Home Care,10.25,3,Value,10,11.275,10.000000000000009,OK,True,520000,0.32,0,8.248669927223737e-16,Standard / Value,False,9.680000000000009
14133,Spain,Home Care,6.11,10,Premium,50,9.165,50.0,OK,False,410000,0.3,0,3.6196737287189683e-19,Standard / Value,True,49.7
14134,Spain,Personal Care,4.14,3,Value,15,4.760999999999999,14.999999999999991,OK,False,410000,0.3,0,3.6196737287189683e-19,Standard / Value,True,14.69999999999999
14135,Germany,Home Care,2.91,5,Standard,25,3.6375,25.0,OK,False,460000,0.31,1,0.999990952514284,Strong Premium,True,24.69
14136,UK,Food & Refreshment,5.57,5,Standard,28,7.129600000000001,28.000000000000004,OK,True,520000,0.32,0,8.248669927223737e-16,Standard / Value,False,27.680000000000003
14137,Spain,Personal Care,11.26,4,Standard,30,14.638,30.000000000000004,OK,True,410000,0.3,0,3.6196737287189683e-19,Standard / Value,False,29.700000000000003
14138,France,Food & Refreshment,11.47,8,Premium,55,17.7785,55.00000000000001,OK,True,430000,0.29,0,8.024217092590475e-16,Standard / Value,False,54.71000000000001
14139,Germany,Personal Care,10.17,6,Standard,30,13.221,30.000000000000004,OK,True,460000,0.31,1,0.999990952514284,Strong Premium,False,29.690000000000005
14140,Spain,Food & Refreshment,3.89,6,Standard,28,4.9792000000000005,28.000000000000004,OK,True,410000,0.3,0,3.6196737287189683e-19,Standard / Value,False,27.700000000000003
14141,France,Food & Refreshment,9.03,1,Value,12,10.1136,12.00000000000001,OK,True,430000,0.29,0,8.024217092590475e-16,Standard / Value,False,11.710000000000012
14142,Spain,Home Care,8.78,6,Standard,25,10.975,25.0,OK,False,410000,0.3,0,3.6196737287189683e-19,Standard / Value,True,24.7
14143,France,Food & Refreshment,7.52,3,Value,12,8.4224,12.00000000000001,OK,True,430000,0.29,0,8.024217092590475e-16,Standard / Value,False,11.710000000000012
14144,Germany,Home Care,8.47,6,Standard,25,10.5875,25.0,OK,False,460000,0.31,1,0.999990952514284,Strong Premium,True,24.69
14145,Spain,Personal Care,7.63,10,Premium,60,12.208,60.00000000000001,OK,True,410000,0.3,0,3.6196737287189683e-19,Standard / Value,False,59.70000000000001
14146,Spain,Food & Refreshment,8.7,6,Standard,28,11.136,28.000000000000004,OK,True,410000,0.3,0,3.6196737287189683e-19,Standard / Value,False,27.700000000000003
14147,UK,Food & Refreshment,10.87,2,Value,12,12.1744,12.00000000000001,OK,True,520000,0.32,0,8.248669927223737e-16,Standard / Value,False,11.68000000000001
14148,Germany,Personal Care,2.09,1,Value,15,2.4034999999999997,14.999999999999991,OK,False,460000,0.31,1,0.999990952514284,Strong Premium,True,14.68999999999999
14149,France,Personal Care,11.37,3,Value,15,13.075499999999998,14.999999999999991,OK,False,430000,0.29,0,8.024217092590475e-16,Standard / Value,True,14.709999999999992
14150,Spain,Food & Refreshment,2.47,5,Standard,28,3.1616000000000004,28.000000000000004,OK,True,410000,0.3,0,3.6196737287189683e-19,Standard / Value,False,27.700000000000003
14151,Spain,Personal Care,1.47,4,Standard,30,1.911,30.000000000000004,OK,True,410000,0.3,0,3.6196737287189683e-19,Standard / Value,False,29.700000000000003
14152,France,Home Care,14.65,7,Standard,25,18.3125,25.0,OK,False,430000,0.29,0,8.024217092590475e-16,Standard / Value,True,24.71
14153,Germany,Personal Care,14.38,4,Standard,30,18.694000000000003,30.000000000000004,OK,True,460000,0.31,1,0.999990952514284,Strong Premium,False,29.690000000000005
14154,UK,Personal Care,1.38,8,Premium,60,2.2079999999999997,59.999999999999986,OK,False,520000,0.32,0,8.248669927223737e-16,Standard / Value,True,59.679999999999986
14155,UK,Food & Refreshment,6.93,7,Standard,28,8.8704,28.000000000000004,OK,True,520000,0.32,0,8.248669927223737e-16,Standard / Value,False,27.680000000000003
14156,Spain,Home Care,3.2,10,Premium,50,4.800000000000001,50.00000000000002,OK,True,410000,0.3,0,3.6196737287189683e-19,Standard / Value,False,49.700000000000024
14157,France,Personal Care,7.54,9,Premium,60,12.064,60.00000000000001,OK,True,430000,0.29,0,8.024217092590475e-16,Standard / Value,False,59.71000000000001
14158,Spain,Home Care,12.54,1,Value,10,13.794,10.000000000000009,OK,True,410000,0.3,0,3.6196737287189683e-19,Standard / Value,False,9.700000000000008
14159,France,Home Care,14.28,5,Standard,25,17.849999999999998,25.0,OK,False,430000,0.29,0,8.024217092590475e-16,Standard / Value,True,24.71
14160,UK,Home Care,9.7,4,Standard,25,12.125,25.0,OK,False,520000,0.32,0,8.248669927223737e-16,Standard / Value,True,24.68
14161,Germany,Food & Refreshment,5.63,6,Standard,28,7.2064,28.000000000000004,OK,True,460000,0.31,1,0.999990952514284,Strong Premium,False,27.690000000000005
14162,France,Personal Care,9.25,1,Value,15,10.6375,14.999999999999991,OK,False,430000,0.29,0,8.024217092590475e-16,Standard / Value,True,14.709999999999992
14163,UK,Food & Refreshment,5.02,6,Standard,28,6.425599999999999,28.000000000000004,OK,True,520000,0.32,0,8.248669927223737e-16,Standard / Value,False,27.680000000000003
14164,Spain,Personal Care,13.69,1,Value,15,15.743499999999996,14.999999999999991,OK,False,410000,0.3,0,3.6196737287189683e-19,Standard / Value,True,14.69999999999999
14165,France,Personal Care,13.12,1,Value,15,15.087999999999996,14.999999999999991,OK,False,430000,0.29,0,8.024217092590475e-16,Standard / Value,True,14.709999999999992
14166,Germany,Food & Refreshment,8.59,8,Premium,55,13.3145,55.00000000000001,OK,True,460000,0.31,1,0.999990952514284,Strong Premium,False,54.690000000000005
14167,Spain,Home Care,5.21,2,Value,10,5.731000000000001,10.000000000000009,OK,True,410000,0.3,0,3.6196737287189683e-19,Standard / Value,False,9.700000000000008
14168,Spain,Home Care,4.75,10,Premium,50,7.125,50.0,OK,False,410000,0.3,0,3.6196737287189683e-19,Standard / Value,True,49.7
14169,UK,Personal Care,0.98,6,Standard,30,1.274,30.000000000000004,OK,True,520000,0.32,0,8.248669927223737e-16,Standard / Value,False,29.680000000000003
14170,France,Food & Refreshment,12.33,6,Standard,28,15.7824,28.000000000000004,OK,True,430000,0.29,0,8.024217092590475e-16,Standard / Value,False,27.710000000000004
14171,Spain,Home Care,7.03,6,Standard,25,8.7875,25.0,OK,False,410000,0.3,0,3.6196737287189683e-19,Standard / Value,True,24.7
14172,Germany,Home Care,5.21,8,Premium,50,7.815,50.0,OK,False,460000,0.31,1,0.999990952514284,Strong Premium,True,49.69
14173,France,Personal Care,7.33,4,Standard,30,9.529,30.000000000000004,OK,True,430000,0.29,0,8.024217092590475e-16,Standard / Value,False,29.710000000000004
14174,Germany,Personal Care,12.37,3,Value,15,14.225499999999998,14.999999999999991,OK,False,460000,0.31,1,0.999990952514284,Strong Premium,True,14.68999999999999
14175,Spain,Food & Refreshment,2.31,6,Standard,28,2.9568000000000003,28.000000000000004,OK,True,410000,0.3,0,3.6196737287189683e-19,Standard / Value,False,27.700000000000003
14176,Germany,Personal Care,12.94,4,Standard,30,16.822,30.000000000000004,OK,True,460000,0.31,1,0.999990952514284,Strong Premium,False,29.690000000000005
14177,UK,Home Care,13.51,2,Value,10,14.861,10.000000000000009,OK,True,520000,0.32,0,8.248669927223737e-16,Standard / Value,False,9.680000000000009
14178,Germany,Home Care,14.23,6,Standard,25,17.7875,25.0,OK,False,460000,0.31,1,0.999990952514284,Strong Premium,True,24.69
14179,France,Home Care,6.26,10,Premium,50,9.39,50.00000000000002,OK,True,430000,0.29,0,8.024217092590475e-16,Standard / Value,False,49.71000000000002
14180,Germany,Home Care,3.65,5,Standard,25,4.5625,25.0,OK,False,460000,0.31,1,0.999990952514284,Strong Premium,True,24.69
14181,Germany,Food & Refreshment,5.92,9,Premium,55,9.176,55.00000000000001,OK,True,460000,0.31,1,0.999990952514284,Strong Premium,False,54.690000000000005
14182,UK,Food & Refreshment,5.33,6,Standard,28,6.8224,28.000000000000004,OK,True,520000,0.32,0,8.248669927223737e-16,Standard / Value,False,27.680000000000003
14183,Germany,Personal Care,3.05,3,Value,15,3.5074999999999994,14.999999999999991,OK,False,460000,0.31,1,0.999990952514284,Strong Premium,True,14.68999999999999
14184,Germany,Personal Care,9.31,5,Standard,30,12.103000000000002,30.000000000000004,OK,True,460000,0.31,1,0.999990952514284,Strong Premium,False,29.690000000000005
14185,Spain,Personal Care,7.41,10,Premium,60,11.856000000000002,60.00000000000001,OK,True,410000,0.3,0,3.6196737287189683e-19,Standard / Value,False,59.70000000000001
14186,Spain,Food & Refreshment,13.05,8,Premium,55,20.227500000000003,55.00000000000001,OK,True,410000,0.3,0,3.6196737287189683e-19,Standard / Value,False,54.70000000000001
14187,France,Home Care,0.97,9,Premium,50,1.455,50.00000000000002,OK,True,430000,0.29,0,8.024217092590475e-16,Standard / Value,False,49.71000000000002
14188,Spain,Personal Care,9.84,8,Premium,60,15.744,60.00000000000001,OK,True,410000,0.3,0,3.6196737287189683e-19,Standard / Value,False,59.70000000000001
14189,Spain,Home Care,11.56,3,Value,10,12.716,10.000000000000009,OK,True,410000,0.3,0,3.6196737287189683e-19,Standard / Value,False,9.700000000000008
14190,Spain,Personal Care,11.51,9,Premium,60,18.416,60.00000000000001,OK,True,410000,0.3,0,3.6196737287189683e-19,Standard / Value,False,59.70000000000001
14191,Spain,Personal Care,13.35,3,Value,15,15.3525,14.999999999999991,OK,False,410000,0.3,0,3.6196737287189683e-19,Standard / Value,True,14.69999999999999
14192,UK,Personal Care,11.07,8,Premium,60,17.712,59.999999999999986,OK,False,520000,0.32,0,8.248669927223737e-16,Standard / Value,True,59.679999999999986
14193,Spain,Personal Care,13.95,10,Premium,60,22.32,60.00000000000001,OK,True,410000,0.3,0,3.6196737287189683e-19,Standard / Value,False,59.70000000000001
14194,UK,Personal Care,5.32,9,Premium,60,8.512,60.00000000000001,OK,True,520000,0.32,0,8.248669927223737e-16,Standard / Value,False,59.68000000000001
14195,UK,Home Care,7.8,7,Standard,25,9.75,25.0,OK,False,520000,0.32,0,8.248669927223737e-16,Standard / Value,True,24.68
14196,Spain,Personal Care,0.7,4,Standard,30,0.91,30.000000000000004,OK,True,410000,0.3,0,3.6196737287189683e-19,Standard / Value,False,29.700000000000003
14197,Germany,Home Care,0.6,10,Premium,50,0.8999999999999999,50.0,OK,False,460000,0.31,1,0.999990952514284,Strong Premium,True,49.69
14198,UK,Food & Refreshment,3.98,9,Premium,55,6.1690000000000005,55.00000000000001,OK,True,520000,0.32,0,8.248669927223737e-16,Standard / Value,False,54.68000000000001
14199,Germany,Personal Care,1.96,3,Value,15,2.254,15.000000000000014,OK,True,460000,0.31,1,0.999990952514284,Strong Premium,False,14.690000000000014
14200,Germany,Home Care,4.27,3,Value,10,4.697,10.000000000000009,OK,True,460000,0.31,1,0.999990952514284,Strong Premium,False,9.690000000000008
14201,Spain,Food & Refreshment,3.07,2,Value,12,3.4384,12.00000000000001,OK,True,410000,0.3,0,3.6196737287189683e-19,Standard / Value,False,11.70000000000001
14202,France,Food & Refreshment,0.91,10,Premium,55,1.4105,55.00000000000001,OK,True,430000,0.29,0,8.024217092590475e-16,Standard / Value,False,54.71000000000001
14203,Spain,Food & Refreshment,13.68,3,Value,12,15.321600000000002,12.00000000000001,OK,True,410000,0.3,0,3.6196737287189683e-19,Standard / Value,False,11.70000000000001
14204,France,Home Care,0.62,1,Value,10,0.682,10.000000000000009,OK,True,430000,0.29,0,8.024217092590475e-16,Standard / Value,False,9.71000000000001
14205,France,Personal Care,11.17,4,Standard,30,14.521,30.000000000000004,OK,True,430000,0.29,0,8.024217092590475e-16,Standard / Value,False,29.710000000000004
14206,Spain,Personal Care,2.71,8,Premium,60,4.336,60.00000000000001,OK,True,410000,0.3,0,3.6196737287189683e-19,Standard / Value,False,59.70000000000001
14207,Spain,Home Care,13.73,5,Standard,25,17.1625,25.0,OK,False,410000,0.3,0,3.6196737287189683e-19,Standard / Value,True,24.7
14208,France,Personal Care,13.45,2,Value,15,15.467499999999998,14.999999999999991,OK,False,430000,0.29,0,8.024217092590475e-16,Standard / Value,True,14.709999999999992
14209,Spain,Home Care,9.98,3,Value,10,10.978000000000002,10.000000000000009,OK,True,410000,0.3,0,3.6196737287189683e-19,Standard / Value,False,9.700000000000008
14210,France,Personal Care,10.25,1,Value,15,11.7875,14.999999999999991,OK,False,430000,0.29,0,8.024217092590475e-16,Standard / Value,True,14.709999999999992
14211,Germany,Food & Refreshment,0.58,2,Value,12,0.6496000000000001,12.00000000000001,OK,True,460000,0.31,1,0.999990952514284,Strong Premium,False,11.69000000000001
14212,Spain,Personal Care,14.78,1,Value,15,16.996999999999996,14.999999999999991,OK,False,410000,0.3,0,3.6196737287189683e-19,Standard / Value,True,14.69999999999999
14213,Germany,Home Care,13.23,2,Value,10,14.553,10.000000000000009,OK,True,460000,0.31,1,0.999990952514284,Strong Premium,False,9.690000000000008
14214,UK,Home Care,13.48,3,Value,10,14.828,10.000000000000009,OK,True,520000,0.32,0,8.248669927223737e-16,Standard / Value,False,9.680000000000009
14215,Germany,Food & Refreshment,10.06,1,Value,12,11.2672,12.00000000000001,OK,True,460000,0.31,1,0.999990952514284,Strong Premium,False,11.69000000000001
14216,Germany,Home Care,5.5,9,Premium,50,8.25,50.0,OK,False,460000,0.31,1,0.999990952514284,Strong Premium,True,49.69
14217,France,Personal Care,13.46,10,Premium,60,21.536,60.00000000000001,OK,True,430000,0.29,0,8.024217092590475e-16,Standard / Value,False,59.71000000000001
14218,Germany,Personal Care,4.73,5,Standard,30,6.149000000000001,30.000000000000004,OK,True,460000,0.31,1,0.999990952514284,Strong Premium,False,29.690000000000005
14219,Spain,Food & Refreshment,8.66,8,Premium,55,13.423,55.00000000000001,OK,True,410000,0.3,0,3.6196737287189683e-19,Standard / Value,False,54.70000000000001
14220,France,Home Care,1.95,5,Standard,25,2.4375,25.0,OK,False,430000,0.29,0,8.024217092590475e-16,Standard / Value,True,24.71
14221,UK,Food & Refreshment,13.87,8,Premium,55,21.4985,55.00000000000001,OK,True,520000,0.32,0,8.248669927223737e-16,Standard / Value,False,54.68000000000001
14222,Spain,Personal Care,2.54,7,Standard,30,3.302,30.000000000000004,OK,True,410000,0.3,0,3.6196737287189683e-19,Standard / Value,False,29.700000000000003
14223,UK,Food & Refreshment,3.76,4,Standard,28,4.8128,28.000000000000004,OK,True,520000,0.32,0,8.248669927223737e-16,Standard / Value,False,27.680000000000003
14224,Germany,Home Care,8.59,7,Standard,25,10.7375,25.0,OK,False,460000,0.31,1,0.999990952514284,Strong Premium,True,24.69
14225,Spain,Food & Refreshment,11.58,6,Standard,28,14.8224,28.000000000000004,OK,True,410000,0.3,0,3.6196737287189683e-19,Standard / Value,False,27.700000000000003
14226,Spain,Home Care,9.48,3,Value,10,10.428,10.000000000000009,OK,True,410000,0.3,0,3.6196737287189683e-19,Standard / Value,False,9.700000000000008
14227,UK,Home Care,3.87,9,Premium,50,5.805,49.99999999999998,OK,False,520000,0.32,0,8.248669927223737e-16,Standard / Value,True,49.67999999999998
14228,Spain,Personal Care,0.51,10,Premium,60,0.8160000000000001,60.00000000000001,OK,True,410000,0.3,0,3.6196737287189683e-19,Standard / Value,False,59.70000000000001
14229,Spain,Personal Care,11.48,9,Premium,60,18.368,60.00000000000001,OK,True,410000,0.3,0,3.6196737287189683e-19,Standard / Value,False,59.70000000000001
14230,Spain,Personal Care,14.79,5,Standard,30,19.227,30.000000000000004,OK,True,410000,0.3,0,3.6196737287189683e-19,Standard / Value,False,29.700000000000003
14231,Germany,Home Care,12.24,8,Premium,50,18.36,50.0,OK,False,460000,0.31,1,0.999990952514284,Strong Premium,True,49.69
14232,UK,Food & Refreshment,7.17,7,Standard,28,9.1776,28.000000000000004,OK,True,520000,0.32,0,8.248669927223737e-16,Standard / Value,False,27.680000000000003
14233,Spain,Home Care,13.6,9,Premium,50,20.4,50.0,OK,False,410000,0.3,0,3.6196737287189683e-19,Standard / Value,True,49.7
14234,France,Personal Care,6.44,7,Standard,30,8.372000000000002,30.00000000000003,OK,True,430000,0.29,0,8.024217092590475e-16,Standard / Value,False,29.71000000000003
14235,France,Personal Care,8.11,4,Standard,30,10.543,30.000000000000004,OK,True,430000,0.29,0,8.024217092590475e-16,Standard / Value,False,29.710000000000004
14236,France,Food & Refreshment,7.42,4,Standard,28,9.4976,28.000000000000004,OK,True,430000,0.29,0,8.024217092590475e-16,Standard / Value,False,27.710000000000004
14237,France,Personal Care,6.99,8,Premium,60,11.184,60.00000000000001,OK,True,430000,0.29,0,8.024217092590475e-16,Standard / Value,False,59.71000000000001
14238,Germany,Personal Care,11.74,6,Standard,30,15.262,30.000000000000004,OK,True,460000,0.31,1,0.999990952514284,Strong Premium,False,29.690000000000005
14239,Spain,Personal Care,8.14,9,Premium,60,13.024,60.00000000000001,OK,True,410000,0.3,0,3.6196737287189683e-19,Standard / Value,False,59.70000000000001
14240,UK,Food & Refreshment,5.09,10,Premium,55,7.8895,55.00000000000001,OK,True,520000,0.32,0,8.248669927223737e-16,Standard / Value,False,54.68000000000001
14241,Spain,Home Care,4.24,7,Standard,25,5.300000000000001,25.0,OK,False,410000,0.3,0,3.6196737287189683e-19,Standard / Value,True,24.7
14242,Germany,Personal Care,1.05,7,Standard,30,1.3650000000000002,30.000000000000004,OK,True,460000,0.31,1,0.999990952514284,Strong Premium,False,29.690000000000005
14243,France,Food & Refreshment,8.96,4,Standard,28,11.468800000000002,28.000000000000004,OK,True,430000,0.29,0,8.024217092590475e-16,Standard / Value,False,27.710000000000004
14244,Germany,Personal Care,3.83,3,Value,15,4.4045,14.999999999999991,OK,False,460000,0.31,1,0.999990952514284,Strong Premium,True,14.68999999999999
14245,Spain,Food & Refreshment,2.65,8,Premium,55,4.1075,55.00000000000001,OK,True,410000,0.3,0,3.6196737287189683e-19,Standard / Value,False,54.70000000000001
14246,UK,Personal Care,9.98,7,Standard,30,12.974,30.000000000000004,OK,True,520000,0.32,0,8.248669927223737e-16,Standard / Value,False,29.680000000000003
14247,Germany,Food & Refreshment,10.38,4,Standard,28,13.2864,28.000000000000004,OK,True,460000,0.31,1,0.999990952514284,Strong Premium,False,27.690000000000005
14248,UK,Personal Care,11.41,4,Standard,30,14.833,30.000000000000004,OK,True,520000,0.32,0,8.248669927223737e-16,Standard / Value,False,29.680000000000003
14249,Germany,Home Care,7.8,1,Value,10,8.58,10.000000000000009,OK,True,460000,0.31,1,0.999990952514284,Strong Premium,False,9.690000000000008
14250,UK,Personal Care,13.46,7,Standard,30,17.498,30.000000000000004,OK,True,520000,0.32,0,8.248669927223737e-16,Standard / Value,False,29.680000000000003
14251,UK,Food & Refreshment,14.08,1,Value,12,15.769600000000002,12.00000000000001,OK,True,520000,0.32,0,8.248669927223737e-16,Standard / Value,False,11.68000000000001
14252,France,Personal Care,12.21,10,Premium,60,19.536,60.00000000000001,OK,True,430000,0.29,0,8.024217092590475e-16,Standard / Value,False,59.71000000000001
14253,UK,Home Care,9.72,10,Premium,50,14.580000000000002,50.0,OK,False,520000,0.32,0,8.248669927223737e-16,Standard / Value,True,49.68
14254,France,Personal Care,4.9,4,Standard,30,6.370000000000001,30.000000000000004,OK,True,430000,0.29,0,8.024217092590475e-16,Standard / Value,False,29.710000000000004
14255,Spain,Food & Refreshment,14.75,3,Value,12,16.520000000000003,12.00000000000001,OK,True,410000,0.3,0,3.6196737287189683e-19,Standard / Value,False,11.70000000000001
14256,Spain,Food & Refreshment,4.47,3,Value,12,5.0064,12.00000000000001,OK,True,410000,0.3,0,3.6196737287189683e-19,Standard / Value,False,11.70000000000001
14257,France,Home Care,3.44,1,Value,10,3.784,10.000000000000009,OK,True,430000,0.29,0,8.024217092590475e-16,Standard / Value,False,9.71000000000001
14258,France,Food & Refreshment,6.91,4,Standard,28,8.844800000000001,28.000000000000004,OK,True,430000,0.29,0,8.024217092590475e-16,Standard / Value,False,27.710000000000004
14259,Germany,Personal Care,1.32,1,Value,15,1.518,14.999999999999991,OK,False,460000,0.31,1,0.999990952514284,Strong Premium,True,14.68999999999999
14260,Germany,Personal Care,14.69,8,Premium,60,23.504,60.00000000000001,OK,True,460000,0.31,1,0.999990952514284,Strong Premium,False,59.690000000000005
14261,Germany,Personal Care,9.03,1,Value,15,10.3845,14.999999999999991,OK,False,460000,0.31,1,0.999990952514284,Strong Premium,True,14.68999999999999
14262,Spain,Food & Refreshment,8.58,6,Standard,28,10.9824,28.000000000000004,OK,True,410000,0.3,0,3.6196737287189683e-19,Standard / Value,False,27.700000000000003
14263,Germany,Personal Care,10.01,7,Standard,30,13.013,30.000000000000004,OK,True,460000,0.31,1,0.999990952514284,Strong Premium,False,29.690000000000005
14264,UK,Personal Care,7.71,10,Premium,60,12.336,60.00000000000001,OK,True,520000,0.32,0,8.248669927223737e-16,Standard / Value,False,59.68000000000001
14265,UK,Personal Care,0.96,2,Value,15,1.104,14.999999999999991,OK,False,520000,0.32,0,8.248669927223737e-16,Standard / Value,True,14.67999999999999
14266,Germany,Home Care,9.38,4,Standard,25,11.725,25.0,OK,False,460000,0.31,1,0.999990952514284,Strong Premium,True,24.69
14267,UK,Food & Refreshment,10.88,3,Value,12,12.185600000000004,12.00000000000001,OK,True,520000,0.32,0,8.248669927223737e-16,Standard / Value,False,11.68000000000001
14268,Spain,Food & Refreshment,6.54,9,Premium,55,10.137,55.00000000000001,OK,True,410000,0.3,0,3.6196737287189683e-19,Standard / Value,False,54.70000000000001
14269,UK,Food & Refreshment,11.48,7,Standard,28,14.694400000000002,28.000000000000004,OK,True,520000,0.32,0,8.248669927223737e-16,Standard / Value,False,27.680000000000003
14270,Spain,Home Care,3.79,2,Value,10,4.1690000000000005,10.000000000000009,OK,True,410000,0.3,0,3.6196737287189683e-19,Standard / Value,False,9.700000000000008
14271,France,Food & Refreshment,3.71,6,Standard,28,4.7488,28.000000000000004,OK,True,430000,0.29,0,8.024217092590475e-16,Standard / Value,False,27.710000000000004
14272,France,Home Care,2.84,9,Premium,50,4.26,50.0,OK,False,430000,0.29,0,8.024217092590475e-16,Standard / Value,True,49.71
14273,France,Home Care,5.89,3,Value,10,6.479,10.000000000000009,OK,True,430000,0.29,0,8.024217092590475e-16,Standard / Value,False,9.71000000000001
14274,France,Food & Refreshment,12.78,6,Standard,28,16.3584,28.000000000000004,OK,True,430000,0.29,0,8.024217092590475e-16,Standard / Value,False,27.710000000000004
14275,UK,Personal Care,12.5,3,Value,15,14.374999999999998,14.999999999999991,OK,False,520000,0.32,0,8.248669927223737e-16,Standard / Value,True,14.67999999999999
14276,Germany,Personal Care,6.05,3,Value,15,6.9575,14.999999999999991,OK,False,460000,0.31,1,0.999990952514284,Strong Premium,True,14.68999999999999
14277,UK,Food & Refreshment,9.04,4,Standard,28,11.5712,28.000000000000004,OK,True,520000,0.32,0,8.248669927223737e-16,Standard / Value,False,27.680000000000003
14278,Spain,Food & Refreshment,10.95,9,Premium,55,16.9725,55.00000000000001,OK,True,410000,0.3,0,3.6196737287189683e-19,Standard / Value,False,54.70000000000001
14279,UK,Home Care,4.0,8,Premium,50,6.0,50.0,OK,False,520000,0.32,0,8.248669927223737e-16,Standard / Value,True,49.68
14280,UK,Food & Refreshment,2.94,1,Value,12,3.2928,12.00000000000001,OK,True,520000,0.32,0,8.248669927223737e-16,Standard / Value,False,11.68000000000001
14281,Spain,Home Care,14.6,1,Value,10,16.060000000000002,10.000000000000009,OK,True,410000,0.3,0,3.6196737287189683e-19,Standard / Value,False,9.700000000000008
14282,France,Food & Refreshment,9.45,7,Standard,28,12.096,28.000000000000004,OK,True,430000,0.29,0,8.024217092590475e-16,Standard / Value,False,27.710000000000004
14283,France,Personal Care,14.73,3,Value,15,16.9395,14.999999999999991,OK,False,430000,0.29,0,8.024217092590475e-16,Standard / Value,True,14.709999999999992
14284,France,Personal Care,5.4,7,Standard,30,7.0200000000000005,30.000000000000004,OK,True,430000,0.29,0,8.024217092590475e-16,Standard / Value,False,29.710000000000004
14285,Germany,Food & Refreshment,10.69,9,Premium,55,16.5695,55.00000000000003,OK,True,460000,0.31,1,0.999990952514284,Strong Premium,False,54.690000000000026
14286,Spain,Home Care,3.73,3,Value,10,4.103000000000001,10.000000000000009,OK,True,410000,0.3,0,3.6196737287189683e-19,Standard / Value,False,9.700000000000008
14287,Spain,Personal Care,4.29,3,Value,15,4.9335,14.999999999999991,OK,False,410000,0.3,0,3.6196737287189683e-19,Standard / Value,True,14.69999999999999
14288,UK,Home Care,7.92,2,Value,10,8.712,9.999999999999986,OK,False,520000,0.32,0,8.248669927223737e-16,Standard / Value,True,9.679999999999986
14289,Germany,Food & Refreshment,5.13,10,Premium,55,7.9515,55.00000000000001,OK,True,460000,0.31,1,0.999990952514284,Strong Premium,False,54.690000000000005
14290,France,Food & Refreshment,2.93,1,Value,12,3.2816000000000005,12.00000000000001,OK,True,430000,0.29,0,8.024217092590475e-16,Standard / Value,False,11.710000000000012
14291,Germany,Personal Care,4.31,9,Premium,60,6.896,60.00000000000001,OK,True,460000,0.31,1,0.999990952514284,Strong Premium,False,59.690000000000005
14292,Spain,Food & Refreshment,1.02,6,Standard,28,1.3056,28.000000000000004,OK,True,410000,0.3,0,3.6196737287189683e-19,Standard / Value,False,27.700000000000003
14293,Spain,Personal Care,10.71,6,Standard,30,13.923000000000002,30.000000000000004,OK,True,410000,0.3,0,3.6196737287189683e-19,Standard / Value,False,29.700000000000003
14294,UK,Home Care,7.64,8,Premium,50,11.46,50.0,OK,False,520000,0.32,0,8.248669927223737e-16,Standard / Value,True,49.68
14295,UK,Personal Care,1.87,5,Standard,30,2.431,30.000000000000004,OK,True,520000,0.32,0,8.248669927223737e-16,Standard / Value,False,29.680000000000003
14296,Spain,Personal Care,2.99,9,Premium,60,4.784000000000001,60.00000000000001,OK,True,410000,0.3,0,3.6196737287189683e-19,Standard / Value,False,59.70000000000001
14297,France,Home Care,1.99,5,Standard,25,2.4875,25.0,OK,False,430000,0.29,0,8.024217092590475e-16,Standard / Value,True,24.71
14298,France,Personal Care,9.38,2,Value,15,10.787,14.999999999999991,OK,False,430000,0.29,0,8.024217092590475e-16,Standard / Value,True,14.709999999999992
14299,Germany,Personal Care,1.87,6,Standard,30,2.431,30.000000000000004,OK,True,460000,0.31,1,0.999990952514284,Strong Premium,False,29.690000000000005
14300,Spain,Food & Refreshment,11.44,9,Premium,55,17.732,55.00000000000001,OK,True,410000,0.3,0,3.6196737287189683e-19,Standard / Value,False,54.70000000000001
14301,Spain,Home Care,0.8,3,Value,10,0.8800000000000001,10.000000000000009,OK,True,410000,0.3,0,3.6196737287189683e-19,Standard / Value,False,9.700000000000008
14302,France,Personal Care,4.12,10,Premium,60,6.5920000000000005,60.00000000000001,OK,True,430000,0.29,0,8.024217092590475e-16,Standard / Value,False,59.71000000000001
14303,France,Home Care,13.41,4,Standard,25,16.7625,25.0,OK,False,430000,0.29,0,8.024217092590475e-16,Standard / Value,True,24.71
14304,Spain,Home Care,10.92,10,Premium,50,16.38,50.0,OK,False,410000,0.3,0,3.6196737287189683e-19,Standard / Value,True,49.7
14305,UK,Personal Care,1.56,8,Premium,60,2.4960000000000004,60.00000000000003,OK,True,520000,0.32,0,8.248669927223737e-16,Standard / Value,False,59.68000000000003
14306,Spain,Food & Refreshment,12.41,6,Standard,28,15.8848,28.000000000000004,OK,True,410000,0.3,0,3.6196737287189683e-19,Standard / Value,False,27.700000000000003
14307,Spain,Home Care,7.65,7,Standard,25,9.5625,25.0,OK,False,410000,0.3,0,3.6196737287189683e-19,Standard / Value,True,24.7
14308,France,Personal Care,12.78,7,Standard,30,16.614,30.000000000000004,OK,True,430000,0.29,0,8.024217092590475e-16,Standard / Value,False,29.710000000000004
14309,France,Home Care,9.21,4,Standard,25,11.5125,25.0,OK,False,430000,0.29,0,8.024217092590475e-16,Standard / Value,True,24.71
14310,UK,Food & Refreshment,10.39,6,Standard,28,13.2992,28.000000000000004,OK,True,520000,0.32,0,8.248669927223737e-16,Standard / Value,False,27.680000000000003
14311,UK,Food & Refreshment,14.91,9,Premium,55,23.1105,55.00000000000001,OK,True,520000,0.32,0,8.248669927223737e-16,Standard / Value,False,54.68000000000001
14312,Germany,Food & Refreshment,3.87,3,Value,12,4.3344000000000005,12.00000000000001,OK,True,460000,0.31,1,0.999990952514284,Strong Premium,False,11.69000000000001
14313,Spain,Personal Care,9.55,8,Premium,60,15.28,60.00000000000001,OK,True,410000,0.3,0,3.6196737287189683e-19,Standard / Value,False,59.70000000000001
14314,France,Personal Care,7.17,7,Standard,30,9.321,30.000000000000004,OK,True,430000,0.29,0,8.024217092590475e-16,Standard / Value,False,29.710000000000004
14315,UK,Food & Refreshment,1.07,4,Standard,28,1.3696000000000002,28.000000000000004,OK,True,520000,0.32,0,8.248669927223737e-16,Standard / Value,False,27.680000000000003
14316,Germany,Personal Care,0.71,10,Premium,60,1.136,59.999999999999986,OK,False,460000,0.31,1,0.999990952514284,Strong Premium,True,59.68999999999998
14317,Germany,Food & Refreshment,2.23,3,Value,12,2.4976000000000003,12.00000000000001,OK,True,460000,0.31,1,0.999990952514284,Strong Premium,False,11.69000000000001
14318,France,Personal Care,9.91,7,Standard,30,12.883,30.000000000000004,OK,True,430000,0.29,0,8.024217092590475e-16,Standard / Value,False,29.710000000000004
14319,France,Food & Refreshment,8.72,10,Premium,55,13.516000000000002,55.00000000000001,OK,True,430000,0.29,0,8.024217092590475e-16,Standard / Value,False,54.71000000000001
14320,Germany,Home Care,8.52,9,Premium,50,12.78,50.0,OK,False,460000,0.31,1,0.999990952514284,Strong Premium,True,49.69
14321,UK,Food & Refreshment,0.96,10,Premium,55,1.488,55.00000000000001,OK,True,520000,0.32,0,8.248669927223737e-16,Standard / Value,False,54.68000000000001
14322,Germany,Food & Refreshment,7.3,3,Value,12,8.176,12.00000000000001,OK,True,460000,0.31,1,0.999990952514284,Strong Premium,False,11.69000000000001
14323,Spain,Personal Care,13.91,10,Premium,60,22.256,60.00000000000001,OK,True,410000,0.3,0,3.6196737287189683e-19,Standard / Value,False,59.70000000000001
14324,Spain,Personal Care,6.27,9,Premium,60,10.032,60.00000000000001,OK,True,410000,0.3,0,3.6196737287189683e-19,Standard / Value,False,59.70000000000001
14325,France,Personal Care,9.56,8,Premium,60,15.296,60.00000000000001,OK,True,430000,0.29,0,8.024217092590475e-16,Standard / Value,False,59.71000000000001
14326,UK,Personal Care,11.81,3,Value,15,13.5815,14.999999999999991,OK,False,520000,0.32,0,8.248669927223737e-16,Standard / Value,True,14.67999999999999
14327,UK,Personal Care,11.87,8,Premium,60,18.992,60.00000000000001,OK,True,520000,0.32,0,8.248669927223737e-16,Standard / Value,False,59.68000000000001
14328,Spain,Personal Care,8.03,4,Standard,30,10.439,30.000000000000004,OK,True,410000,0.3,0,3.6196737287189683e-19,Standard / Value,False,29.700000000000003
14329,Germany,Home Care,12.94,6,Standard,25,16.175,25.0,OK,False,460000,0.31,1,0.999990952514284,Strong Premium,True,24.69
14330,France,Food & Refreshment,6.17,10,Premium,55,9.5635,54.999999999999986,OK,False,430000,0.29,0,8.024217092590475e-16,Standard / Value,True,54.70999999999999
14331,Germany,Food & Refreshment,13.39,2,Value,12,14.996800000000002,12.00000000000001,OK,True,460000,0.31,1,0.999990952514284,Strong Premium,False,11.69000000000001
14332,Germany,Food & Refreshment,3.98,8,Premium,55,6.1690000000000005,55.00000000000001,OK,True,460000,0.31,1,0.999990952514284,Strong Premium,False,54.690000000000005
14333,Germany,Home Care,4.56,9,Premium,50,6.84,50.0,OK,False,460000,0.31,1,0.999990952514284,Strong Premium,True,49.69
14334,UK,Food & Refreshment,1.27,7,Standard,28,1.6256000000000002,28.000000000000004,OK,True,520000,0.32,0,8.248669927223737e-16,Standard / Value,False,27.680000000000003
14335,Spain,Home Care,12.04,8,Premium,50,18.06,50.0,OK,False,410000,0.3,0,3.6196737287189683e-19,Standard / Value,True,49.7
14336,UK,Home Care,6.55,7,Standard,25,8.1875,25.0,OK,False,520000,0.32,0,8.248669927223737e-16,Standard / Value,True,24.68
14337,Spain,Home Care,3.82,10,Premium,50,5.7299999999999995,50.0,OK,False,410000,0.3,0,3.6196737287189683e-19,Standard / Value,True,49.7
14338,France,Food & Refreshment,3.86,4,Standard,28,4.9408,28.000000000000004,OK,True,430000,0.29,0,8.024217092590475e-16,Standard / Value,False,27.710000000000004
14339,France,Home Care,13.57,1,Value,10,14.927,10.000000000000009,OK,True,430000,0.29,0,8.024217092590475e-16,Standard / Value,False,9.71000000000001
14340,Germany,Food & Refreshment,12.59,3,Value,12,14.1008,12.00000000000001,OK,True,460000,0.31,1,0.999990952514284,Strong Premium,False,11.69000000000001
14341,Spain,Food & Refreshment,8.53,7,Standard,28,10.9184,28.000000000000004,OK,True,410000,0.3,0,3.6196737287189683e-19,Standard / Value,False,27.700000000000003
14342,Spain,Personal Care,9.43,7,Standard,30,12.259,30.000000000000004,OK,True,410000,0.3,0,3.6196737287189683e-19,Standard / Value,False,29.700000000000003
14343,Spain,Personal Care,7.38,3,Value,15,8.487,15.000000000000014,OK,True,410000,0.3,0,3.6196737287189683e-19,Standard / Value,False,14.700000000000014
14344,Germany,Home Care,6.18,1,Value,10,6.798,10.000000000000009,OK,True,460000,0.31,1,0.999990952514284,Strong Premium,False,9.690000000000008
14345,Germany,Home Care,13.77,10,Premium,50,20.655,50.00000000000002,OK,True,460000,0.31,1,0.999990952514284,Strong Premium,False,49.69000000000002
14346,France,Food & Refreshment,2.32,9,Premium,55,3.5959999999999996,55.00000000000001,OK,True,430000,0.29,0,8.024217092590475e-16,Standard / Value,False,54.71000000000001
14347,UK,Home Care,6.57,6,Standard,25,8.2125,25.0,OK,False,520000,0.32,0,8.248669927223737e-16,Standard / Value,True,24.68
14348,Spain,Home Care,5.5,7,Standard,25,6.875,25.0,OK,False,410000,0.3,0,3.6196737287189683e-19,Standard / Value,True,24.7
14349,Spain,Food & Refreshment,7.72,1,Value,12,8.6464,12.00000000000001,OK,True,410000,0.3,0,3.6196737287189683e-19,Standard / Value,False,11.70000000000001
14350,UK,Home Care,7.14,1,Value,10,7.854,10.000000000000009,OK,True,520000,0.32,0,8.248669927223737e-16,Standard / Value,False,9.680000000000009
14351,Spain,Home Care,8.02,4,Standard,25,10.025,25.0,OK,False,410000,0.3,0,3.6196737287189683e-19,Standard / Value,True,24.7
14352,Germany,Food & Refreshment,2.53,7,Standard,28,3.2384,28.000000000000004,OK,True,460000,0.31,1,0.999990952514284,Strong Premium,False,27.690000000000005
14353,Germany,Food & Refreshment,7.94,8,Premium,55,12.307,55.00000000000001,OK,True,460000,0.31,1,0.999990952514284,Strong Premium,False,54.690000000000005
14354,Spain,Personal Care,4.02,10,Premium,60,6.4319999999999995,60.00000000000001,OK,True,410000,0.3,0,3.6196737287189683e-19,Standard / Value,False,59.70000000000001
14355,Germany,Food & Refreshment,3.17,9,Premium,55,4.9135,55.00000000000001,OK,True,460000,0.31,1,0.999990952514284,Strong Premium,False,54.690000000000005
14356,Germany,Personal Care,1.44,1,Value,15,1.656,14.999999999999991,OK,False,460000,0.31,1,0.999990952514284,Strong Premium,True,14.68999999999999
14357,Spain,Home Care,11.56,4,Standard,25,14.45,25.0,OK,False,410000,0.3,0,3.6196737287189683e-19,Standard / Value,True,24.7
14358,France,Food & Refreshment,6.7,4,Standard,28,8.576,28.000000000000004,OK,True,430000,0.29,0,8.024217092590475e-16,Standard / Value,False,27.710000000000004
14359,UK,Food & Refreshment,9.59,3,Value,12,10.7408,12.00000000000001,OK,True,520000,0.32,0,8.248669927223737e-16,Standard / Value,False,11.68000000000001
14360,Germany,Food & Refreshment,11.05,7,Standard,28,14.144000000000002,28.000000000000004,OK,True,460000,0.31,1,0.999990952514284,Strong Premium,False,27.690000000000005
14361,France,Home Care,10.35,1,Value,10,11.385,10.000000000000009,OK,True,430000,0.29,0,8.024217092590475e-16,Standard / Value,False,9.71000000000001
14362,Germany,Personal Care,7.32,9,Premium,60,11.712000000000002,60.00000000000001,OK,True,460000,0.31,1,0.999990952514284,Strong Premium,False,59.690000000000005
14363,Germany,Home Care,6.12,8,Premium,50,9.18,50.0,OK,False,460000,0.31,1,0.999990952514284,Strong Premium,True,49.69
14364,UK,Home Care,5.95,2,Value,10,6.545000000000001,10.000000000000009,OK,True,520000,0.32,0,8.248669927223737e-16,Standard / Value,False,9.680000000000009
14365,Germany,Food & Refreshment,9.78,2,Value,12,10.9536,12.00000000000001,OK,True,460000,0.31,1,0.999990952514284,Strong Premium,False,11.69000000000001
14366,UK,Personal Care,7.67,8,Premium,60,12.272,60.00000000000001,OK,True,520000,0.32,0,8.248669927223737e-16,Standard / Value,False,59.68000000000001
14367,UK,Home Care,12.81,1,Value,10,14.091,10.000000000000009,OK,True,520000,0.32,0,8.248669927223737e-16,Standard / Value,False,9.680000000000009
14368,UK,Food & Refreshment,13.18,7,Standard,28,16.8704,28.000000000000004,OK,True,520000,0.32,0,8.248669927223737e-16,Standard / Value,False,27.680000000000003
14369,France,Home Care,2.97,9,Premium,50,4.455,50.0,OK,False,430000,0.29,0,8.024217092590475e-16,Standard / Value,True,49.71
14370,Spain,Home Care,2.48,3,Value,10,2.728,10.000000000000009,OK,True,410000,0.3,0,3.6196737287189683e-19,Standard / Value,False,9.700000000000008
14371,France,Food & Refreshment,9.64,7,Standard,28,12.339200000000002,28.000000000000004,OK,True,430000,0.29,0,8.024217092590475e-16,Standard / Value,False,27.710000000000004
14372,Spain,Food & Refreshment,4.87,6,Standard,28,6.2336,28.000000000000004,OK,True,410000,0.3,0,3.6196737287189683e-19,Standard / Value,False,27.700000000000003
14373,Spain,Personal Care,0.77,7,Standard,30,1.001,30.000000000000004,OK,True,410000,0.3,0,3.6196737287189683e-19,Standard / Value,False,29.700000000000003
14374,UK,Home Care,13.39,7,Standard,25,16.7375,25.0,OK,False,520000,0.32,0,8.248669927223737e-16,Standard / Value,True,24.68
14375,Germany,Food & Refreshment,3.79,10,Premium,55,5.8745,55.00000000000001,OK,True,460000,0.31,1,0.999990952514284,Strong Premium,False,54.690000000000005
14376,UK,Food & Refreshment,13.97,1,Value,12,15.646400000000002,12.00000000000001,OK,True,520000,0.32,0,8.248669927223737e-16,Standard / Value,False,11.68000000000001
14377,Germany,Personal Care,10.9,3,Value,15,12.535,14.999999999999991,OK,False,460000,0.31,1,0.999990952514284,Strong Premium,True,14.68999999999999
14378,Spain,Personal Care,11.56,10,Premium,60,18.496,60.00000000000001,OK,True,410000,0.3,0,3.6196737287189683e-19,Standard / Value,False,59.70000000000001
14379,UK,Food & Refreshment,3.42,1,Value,12,3.830400000000001,12.00000000000001,OK,True,520000,0.32,0,8.248669927223737e-16,Standard / Value,False,11.68000000000001
14380,Germany,Personal Care,3.9,5,Standard,30,5.07,30.000000000000004,OK,True,460000,0.31,1,0.999990952514284,Strong Premium,False,29.690000000000005
14381,France,Food & Refreshment,8.06,3,Value,12,9.0272,12.00000000000001,OK,True,430000,0.29,0,8.024217092590475e-16,Standard / Value,False,11.710000000000012
14382,Germany,Home Care,3.0,1,Value,10,3.3000000000000003,10.000000000000009,OK,True,460000,0.31,1,0.999990952514284,Strong Premium,False,9.690000000000008
14383,UK,Personal Care,4.93,2,Value,15,5.669499999999999,14.999999999999991,OK,False,520000,0.32,0,8.248669927223737e-16,Standard / Value,True,14.67999999999999
14384,France,Home Care,5.16,10,Premium,50,7.74,50.0,OK,False,430000,0.29,0,8.024217092590475e-16,Standard / Value,True,49.71
14385,Germany,Home Care,2.81,5,Standard,25,3.5125,25.0,OK,False,460000,0.31,1,0.999990952514284,Strong Premium,True,24.69
14386,Germany,Home Care,3.48,3,Value,10,3.828,10.000000000000009,OK,True,460000,0.31,1,0.999990952514284,Strong Premium,False,9.690000000000008
14387,Germany,Food & Refreshment,11.93,6,Standard,28,15.2704,28.000000000000004,OK,True,460000,0.31,1,0.999990952514284,Strong Premium,False,27.690000000000005
14388,Germany,Home Care,2.92,9,Premium,50,4.38,50.0,OK,False,460000,0.31,1,0.999990952514284,Strong Premium,True,49.69
14389,Germany,Home Care,0.91,6,Standard,25,1.1375,25.0,OK,False,460000,0.31,1,0.999990952514284,Strong Premium,True,24.69
14390,France,Home Care,9.63,2,Value,10,10.593000000000002,10.000000000000009,OK,True,430000,0.29,0,8.024217092590475e-16,Standard / Value,False,9.71000000000001
14391,Spain,Food & Refreshment,14.65,2,Value,12,16.408,12.00000000000001,OK,True,410000,0.3,0,3.6196737287189683e-19,Standard / Value,False,11.70000000000001
14392,France,Home Care,5.3,8,Premium,50,7.949999999999999,50.0,OK,False,430000,0.29,0,8.024217092590475e-16,Standard / Value,True,49.71
14393,France,Home Care,2.22,8,Premium,50,3.33,50.0,OK,False,430000,0.29,0,8.024217092590475e-16,Standard / Value,True,49.71
14394,France,Personal Care,8.77,6,Standard,30,11.401,30.000000000000004,OK,True,430000,0.29,0,8.024217092590475e-16,Standard / Value,False,29.710000000000004
14395,Spain,Food & Refreshment,13.64,10,Premium,55,21.142000000000003,55.00000000000003,OK,True,410000,0.3,0,3.6196737287189683e-19,Standard / Value,False,54.70000000000003
14396,UK,Home Care,11.87,7,Standard,25,14.8375,25.0,OK,False,520000,0.32,0,8.248669927223737e-16,Standard / Value,True,24.68
14397,Spain,Personal Care,9.53,1,Value,15,10.959499999999998,14.999999999999991,OK,False,410000,0.3,0,3.6196737287189683e-19,Standard / Value,True,14.69999999999999
14398,France,Food & Refreshment,5.07,9,Premium,55,7.8585,55.00000000000001,OK,True,430000,0.29,0,8.024217092590475e-16,Standard / Value,False,54.71000000000001
14399,Germany,Food & Refreshment,8.36,5,Standard,28,10.7008,28.000000000000004,OK,True,460000,0.31,1,0.999990952514284,Strong Premium,False,27.690000000000005
14400,Germany,Food & Refreshment,1.82,9,Premium,55,2.821,55.00000000000001,OK,True,460000,0.31,1,0.999990952514284,Strong Premium,False,54.690000000000005
14401,France,Food & Refreshment,10.34,2,Value,12,11.580800000000002,12.00000000000001,OK,True,430000,0.29,0,8.024217092590475e-16,Standard / Value,False,11.710000000000012
14402,Germany,Food & Refreshment,11.01,8,Premium,55,17.0655,55.00000000000001,OK,True,460000,0.31,1,0.999990952514284,Strong Premium,False,54.690000000000005
14403,France,Food & Refreshment,14.49,7,Standard,28,18.5472,28.000000000000004,OK,True,430000,0.29,0,8.024217092590475e-16,Standard / Value,False,27.710000000000004
14404,Germany,Home Care,4.28,4,Standard,25,5.3500000000000005,25.0,OK,False,460000,0.31,1,0.999990952514284,Strong Premium,True,24.69
14405,Spain,Home Care,0.77,3,Value,10,0.8470000000000001,10.000000000000009,OK,True,410000,0.3,0,3.6196737287189683e-19,Standard / Value,False,9.700000000000008
14406,UK,Home Care,8.41,4,Standard,25,10.5125,25.0,OK,False,520000,0.32,0,8.248669927223737e-16,Standard / Value,True,24.68
14407,UK,Home Care,10.75,4,Standard,25,13.4375,25.0,OK,False,520000,0.32,0,8.248669927223737e-16,Standard / Value,True,24.68
14408,Spain,Personal Care,11.96,10,Premium,60,19.136000000000003,60.00000000000001,OK,True,410000,0.3,0,3.6196737287189683e-19,Standard / Value,False,59.70000000000001
14409,Spain,Home Care,3.31,10,Premium,50,4.965,50.0,OK,False,410000,0.3,0,3.6196737287189683e-19,Standard / Value,True,49.7
14410,France,Food & Refreshment,4.3,8,Premium,55,6.665,55.00000000000001,OK,True,430000,0.29,0,8.024217092590475e-16,Standard / Value,False,54.71000000000001
14411,France,Home Care,7.93,4,Standard,25,9.9125,25.0,OK,False,430000,0.29,0,8.024217092590475e-16,Standard / Value,True,24.71
14412,France,Home Care,5.29,5,Standard,25,6.6125,25.0,OK,False,430000,0.29,0,8.024217092590475e-16,Standard / Value,True,24.71
14413,Germany,Food & Refreshment,12.98,2,Value,12,14.5376,12.00000000000001,OK,True,460000,0.31,1,0.999990952514284,Strong Premium,False,11.69000000000001
14414,France,Home Care,7.37,4,Standard,25,9.2125,25.0,OK,False,430000,0.29,0,8.024217092590475e-16,Standard / Value,True,24.71
14415,Spain,Home Care,12.09,7,Standard,25,15.1125,25.0,OK,False,410000,0.3,0,3.6196737287189683e-19,Standard / Value,True,24.7
14416,UK,Home Care,8.92,3,Value,10,9.812,10.000000000000009,OK,True,520000,0.32,0,8.248669927223737e-16,Standard / Value,False,9.680000000000009
14417,Germany,Personal Care,11.71,1,Value,15,13.4665,14.999999999999991,OK,False,460000,0.31,1,0.999990952514284,Strong Premium,True,14.68999999999999
14418,France,Home Care,5.32,8,Premium,50,7.98,50.0,OK,False,430000,0.29,0,8.024217092590475e-16,Standard / Value,True,49.71
14419,Germany,Food & Refreshment,12.56,8,Premium,55,19.468,55.00000000000001,OK,True,460000,0.31,1,0.999990952514284,Strong Premium,False,54.690000000000005
14420,Germany,Food & Refreshment,4.48,6,Standard,28,5.734400000000001,28.000000000000004,OK,True,460000,0.31,1,0.999990952514284,Strong Premium,False,27.690000000000005
14421,France,Home Care,8.42,7,Standard,25,10.525,25.0,OK,False,430000,0.29,0,8.024217092590475e-16,Standard / Value,True,24.71
14422,Germany,Home Care,3.6,10,Premium,50,5.4,50.0,OK,False,460000,0.31,1,0.999990952514284,Strong Premium,True,49.69
14423,UK,Home Care,7.4,2,Value,10,8.14,10.000000000000009,OK,True,520000,0.32,0,8.248669927223737e-16,Standard / Value,False,9.680000000000009
14424,Spain,Food & Refreshment,5.11,5,Standard,28,6.540800000000001,28.000000000000004,OK,True,410000,0.3,0,3.6196737287189683e-19,Standard / Value,False,27.700000000000003
14425,Spain,Food & Refreshment,4.37,7,Standard,28,5.5936,28.000000000000004,OK,True,410000,0.3,0,3.6196737287189683e-19,Standard / Value,False,27.700000000000003
14426,UK,Personal Care,14.52,9,Premium,60,23.232,60.00000000000001,OK,True,520000,0.32,0,8.248669927223737e-16,Standard / Value,False,59.68000000000001
14427,Germany,Personal Care,2.82,1,Value,15,3.242999999999999,14.999999999999991,OK,False,460000,0.31,1,0.999990952514284,Strong Premium,True,14.68999999999999
14428,France,Personal Care,11.92,3,Value,15,13.707999999999998,14.999999999999991,OK,False,430000,0.29,0,8.024217092590475e-16,Standard / Value,True,14.709999999999992
14429,Germany,Food & Refreshment,14.77,6,Standard,28,18.9056,28.000000000000004,OK,True,460000,0.31,1,0.999990952514284,Strong Premium,False,27.690000000000005
14430,UK,Personal Care,0.79,7,Standard,30,1.027,30.000000000000004,OK,True,520000,0.32,0,8.248669927223737e-16,Standard / Value,False,29.680000000000003
14431,Germany,Home Care,10.64,6,Standard,25,13.3,25.0,OK,False,460000,0.31,1,0.999990952514284,Strong Premium,True,24.69
14432,Spain,Home Care,4.17,1,Value,10,4.587000000000001,10.000000000000009,OK,True,410000,0.3,0,3.6196737287189683e-19,Standard / Value,False,9.700000000000008
14433,Germany,Food & Refreshment,1.09,4,Standard,28,1.3952000000000002,28.000000000000004,OK,True,460000,0.31,1,0.999990952514284,Strong Premium,False,27.690000000000005
14434,UK,Personal Care,6.34,6,Standard,30,8.242,30.00000000000003,OK,True,520000,0.32,0,8.248669927223737e-16,Standard / Value,False,29.680000000000028
14435,Spain,Home Care,14.06,8,Premium,50,21.09,50.0,OK,False,410000,0.3,0,3.6196737287189683e-19,Standard / Value,True,49.7
14436,Germany,Food & Refreshment,0.67,10,Premium,55,1.0385000000000002,55.00000000000003,OK,True,460000,0.31,1,0.999990952514284,Strong Premium,False,54.690000000000026
14437,Germany,Personal Care,9.02,4,Standard,30,11.726,30.000000000000004,OK,True,460000,0.31,1,0.999990952514284,Strong Premium,False,29.690000000000005
14438,Spain,Home Care,7.77,7,Standard,25,9.7125,24.99999999999998,OK,False,410000,0.3,0,3.6196737287189683e-19,Standard / Value,True,24.699999999999978
14439,France,Personal Care,13.16,3,Value,15,15.134,14.999999999999991,OK,False,430000,0.29,0,8.024217092590475e-16,Standard / Value,True,14.709999999999992
14440,Spain,Food & Refreshment,1.72,8,Premium,55,2.666,55.00000000000001,OK,True,410000,0.3,0,3.6196737287189683e-19,Standard / Value,False,54.70000000000001
14441,France,Personal Care,10.38,1,Value,15,11.937,14.999999999999991,OK,False,430000,0.29,0,8.024217092590475e-16,Standard / Value,True,14.709999999999992
14442,UK,Food & Refreshment,10.36,4,Standard,28,13.2608,28.000000000000004,OK,True,520000,0.32,0,8.248669927223737e-16,Standard / Value,False,27.680000000000003
14443,UK,Personal Care,10.2,8,Premium,60,16.32,60.00000000000001,OK,True,520000,0.32,0,8.248669927223737e-16,Standard / Value,False,59.68000000000001
14444,Spain,Home Care,14.16,10,Premium,50,21.24,50.00000000000002,OK,True,410000,0.3,0,3.6196737287189683e-19,Standard / Value,False,49.700000000000024
14445,Spain,Food & Refreshment,12.43,4,Standard,28,15.9104,28.000000000000004,OK,True,410000,0.3,0,3.6196737287189683e-19,Standard / Value,False,27.700000000000003
14446,UK,Food & Refreshment,1.11,2,Value,12,1.2432000000000003,12.00000000000001,OK,True,520000,0.32,0,8.248669927223737e-16,Standard / Value,False,11.68000000000001
14447,France,Food & Refreshment,7.33,2,Value,12,8.2096,11.99999999999999,OK,False,430000,0.29,0,8.024217092590475e-16,Standard / Value,True,11.70999999999999
14448,UK,Personal Care,6.27,4,Standard,30,8.151,30.000000000000004,OK,True,520000,0.32,0,8.248669927223737e-16,Standard / Value,False,29.680000000000003
14449,Spain,Personal Care,5.0,4,Standard,30,6.5,30.000000000000004,OK,True,410000,0.3,0,3.6196737287189683e-19,Standard / Value,False,29.700000000000003
14450,UK,Home Care,7.04,2,Value,10,7.744000000000001,10.000000000000009,OK,True,520000,0.32,0,8.248669927223737e-16,Standard / Value,False,9.680000000000009
14451,Spain,Food & Refreshment,6.07,7,Standard,28,7.7696,28.000000000000004,OK,True,410000,0.3,0,3.6196737287189683e-19,Standard / Value,False,27.700000000000003
14452,Spain,Food & Refreshment,6.77,6,Standard,28,8.6656,28.000000000000004,OK,True,410000,0.3,0,3.6196737287189683e-19,Standard / Value,False,27.700000000000003
14453,UK,Personal Care,14.7,3,Value,15,16.904999999999998,14.999999999999991,OK,False,520000,0.32,0,8.248669927223737e-16,Standard / Value,True,14.67999999999999
14454,France,Personal Care,1.79,8,Premium,60,2.8640000000000003,60.00000000000001,OK,True,430000,0.29,0,8.024217092590475e-16,Standard / Value,False,59.71000000000001
14455,Germany,Home Care,13.87,8,Premium,50,20.805,50.0,OK,False,460000,0.31,1,0.999990952514284,Strong Premium,True,49.69
14456,UK,Home Care,7.46,1,Value,10,8.206000000000001,10.000000000000009,OK,True,520000,0.32,0,8.248669927223737e-16,Standard / Value,False,9.680000000000009
14457,Germany,Personal Care,9.54,3,Value,15,10.970999999999998,14.999999999999991,OK,False,460000,0.31,1,0.999990952514284,Strong Premium,True,14.68999999999999
14458,UK,Food & Refreshment,12.54,5,Standard,28,16.051199999999998,28.000000000000004,OK,True,520000,0.32,0,8.248669927223737e-16,Standard / Value,False,27.680000000000003
14459,Germany,Home Care,5.73,2,Value,10,6.303000000000001,10.000000000000009,OK,True,460000,0.31,1,0.999990952514284,Strong Premium,False,9.690000000000008
14460,France,Personal Care,6.74,5,Standard,30,8.762,30.000000000000004,OK,True,430000,0.29,0,8.024217092590475e-16,Standard / Value,False,29.710000000000004
14461,France,Personal Care,6.44,10,Premium,60,10.304000000000002,60.00000000000003,OK,True,430000,0.29,0,8.024217092590475e-16,Standard / Value,False,59.71000000000003
14462,UK,Food & Refreshment,5.93,3,Value,12,6.6416,12.00000000000001,OK,True,520000,0.32,0,8.248669927223737e-16,Standard / Value,False,11.68000000000001
14463,Spain,Personal Care,13.92,9,Premium,60,22.272,60.00000000000001,OK,True,410000,0.3,0,3.6196737287189683e-19,Standard / Value,False,59.70000000000001
14464,Germany,Personal Care,12.52,1,Value,15,14.397999999999998,14.999999999999991,OK,False,460000,0.31,1,0.999990952514284,Strong Premium,True,14.68999999999999
14465,Spain,Home Care,2.08,4,Standard,25,2.6,25.0,OK,False,410000,0.3,0,3.6196737287189683e-19,Standard / Value,True,24.7
14466,Spain,Personal Care,2.07,10,Premium,60,3.312,60.00000000000001,OK,True,410000,0.3,0,3.6196737287189683e-19,Standard / Value,False,59.70000000000001
14467,Spain,Personal Care,6.7,6,Standard,30,8.71,30.000000000000004,OK,True,410000,0.3,0,3.6196737287189683e-19,Standard / Value,False,29.700000000000003
14468,France,Home Care,1.93,9,Premium,50,2.895,50.0,OK,False,430000,0.29,0,8.024217092590475e-16,Standard / Value,True,49.71
14469,UK,Food & Refreshment,9.48,3,Value,12,10.6176,12.00000000000001,OK,True,520000,0.32,0,8.248669927223737e-16,Standard / Value,False,11.68000000000001
14470,UK,Food & Refreshment,2.58,3,Value,12,2.8896,12.00000000000001,OK,True,520000,0.32,0,8.248669927223737e-16,Standard / Value,False,11.68000000000001
14471,France,Home Care,8.07,5,Standard,25,10.0875,25.0,OK,False,430000,0.29,0,8.024217092590475e-16,Standard / Value,True,24.71
14472,France,Home Care,0.6,7,Standard,25,0.75,25.0,OK,False,430000,0.29,0,8.024217092590475e-16,Standard / Value,True,24.71
14473,UK,Food & Refreshment,5.09,5,Standard,28,6.5152,28.000000000000004,OK,True,520000,0.32,0,8.248669927223737e-16,Standard / Value,False,27.680000000000003
14474,Spain,Food & Refreshment,10.32,8,Premium,55,15.996,55.00000000000001,OK,True,410000,0.3,0,3.6196737287189683e-19,Standard / Value,False,54.70000000000001
14475,Germany,Food & Refreshment,7.52,5,Standard,28,9.6256,28.000000000000004,OK,True,460000,0.31,1,0.999990952514284,Strong Premium,False,27.690000000000005
14476,Germany,Food & Refreshment,14.68,7,Standard,28,18.7904,28.000000000000025,OK,True,460000,0.31,1,0.999990952514284,Strong Premium,False,27.690000000000026
14477,Germany,Food & Refreshment,13.17,6,Standard,28,16.8576,28.000000000000004,OK,True,460000,0.31,1,0.999990952514284,Strong Premium,False,27.690000000000005
14478,Spain,Home Care,5.71,10,Premium,50,8.565,50.0,OK,False,410000,0.3,0,3.6196737287189683e-19,Standard / Value,True,49.7
14479,UK,Personal Care,1.16,2,Value,15,1.334,14.999999999999991,OK,False,520000,0.32,0,8.248669927223737e-16,Standard / Value,True,14.67999999999999
14480,France,Food & Refreshment,12.76,3,Value,12,14.291200000000002,12.00000000000001,OK,True,430000,0.29,0,8.024217092590475e-16,Standard / Value,False,11.710000000000012
14481,UK,Food & Refreshment,13.71,4,Standard,28,17.5488,28.000000000000004,OK,True,520000,0.32,0,8.248669927223737e-16,Standard / Value,False,27.680000000000003
14482,Spain,Personal Care,12.4,5,Standard,30,16.12,30.000000000000004,OK,True,410000,0.3,0,3.6196737287189683e-19,Standard / Value,False,29.700000000000003
14483,France,Personal Care,2.36,9,Premium,60,3.776,60.00000000000001,OK,True,430000,0.29,0,8.024217092590475e-16,Standard / Value,False,59.71000000000001
14484,Spain,Personal Care,14.97,6,Standard,30,19.461,30.000000000000004,OK,True,410000,0.3,0,3.6196737287189683e-19,Standard / Value,False,29.700000000000003
14485,Germany,Personal Care,4.25,1,Value,15,4.887499999999999,14.999999999999991,OK,False,460000,0.31,1,0.999990952514284,Strong Premium,True,14.68999999999999
14486,Germany,Personal Care,11.0,3,Value,15,12.65,14.999999999999991,OK,False,460000,0.31,1,0.999990952514284,Strong Premium,True,14.68999999999999
14487,Spain,Personal Care,13.67,7,Standard,30,17.771,30.000000000000004,OK,True,410000,0.3,0,3.6196737287189683e-19,Standard / Value,False,29.700000000000003
14488,France,Home Care,3.92,8,Premium,50,5.88,50.0,OK,False,430000,0.29,0,8.024217092590475e-16,Standard / Value,True,49.71
14489,France,Personal Care,13.67,7,Standard,30,17.771,30.000000000000004,OK,True,430000,0.29,0,8.024217092590475e-16,Standard / Value,False,29.710000000000004
14490,UK,Personal Care,4.99,5,Standard,30,6.487,30.000000000000004,OK,True,520000,0.32,0,8.248669927223737e-16,Standard / Value,False,29.680000000000003
14491,Germany,Home Care,14.66,10,Premium,50,21.99,50.00000000000002,OK,True,460000,0.31,1,0.999990952514284,Strong Premium,False,49.69000000000002
14492,UK,Personal Care,4.58,8,Premium,60,7.328,60.00000000000001,OK,True,520000,0.32,0,8.248669927223737e-16,Standard / Value,False,59.68000000000001
14493,UK,Food & Refreshment,14.32,9,Premium,55,22.196,55.00000000000001,OK,True,520000,0.32,0,8.248669927223737e-16,Standard / Value,False,54.68000000000001
14494,Spain,Food & Refreshment,1.28,7,Standard,28,1.6384,28.000000000000004,OK,True,410000,0.3,0,3.6196737287189683e-19,Standard / Value,False,27.700000000000003
14495,Spain,Personal Care,10.78,9,Premium,60,17.248,60.00000000000001,OK,True,410000,0.3,0,3.6196737287189683e-19,Standard / Value,False,59.70000000000001
14496,UK,Home Care,8.22,1,Value,10,9.042000000000002,10.000000000000009,OK,True,520000,0.32,0,8.248669927223737e-16,Standard / Value,False,9.680000000000009
14497,Germany,Food & Refreshment,7.43,9,Premium,55,11.5165,55.00000000000001,OK,True,460000,0.31,1,0.999990952514284,Strong Premium,False,54.690000000000005
14498,Spain,Home Care,3.74,3,Value,10,4.114000000000001,10.000000000000009,OK,True,410000,0.3,0,3.6196737287189683e-19,Standard / Value,False,9.700000000000008
14499,UK,Food & Refreshment,10.73,6,Standard,28,13.7344,28.000000000000004,OK,True,520000,0.32,0,8.248669927223737e-16,Standard / Value,False,27.680000000000003
14500,UK,Personal Care,3.27,8,Premium,60,5.232,60.00000000000001,OK,True,520000,0.32,0,8.248669927223737e-16,Standard / Value,False,59.68000000000001
14501,UK,Home Care,8.52,3,Value,10,9.372,10.000000000000009,OK,True,520000,0.32,0,8.248669927223737e-16,Standard / Value,False,9.680000000000009
14502,UK,Home Care,4.17,4,Standard,25,5.2125,25.0,OK,False,520000,0.32,0,8.248669927223737e-16,Standard / Value,True,24.68
14503,UK,Home Care,14.36,7,Standard,25,17.95,25.0,OK,False,520000,0.32,0,8.248669927223737e-16,Standard / Value,True,24.68
14504,UK,Food & Refreshment,0.92,7,Standard,28,1.1776,28.000000000000004,OK,True,520000,0.32,0,8.248669927223737e-16,Standard / Value,False,27.680000000000003
14505,Spain,Food & Refreshment,3.4,4,Standard,28,4.352,28.000000000000004,OK,True,410000,0.3,0,3.6196737287189683e-19,Standard / Value,False,27.700000000000003
14506,Germany,Food & Refreshment,4.01,9,Premium,55,6.2155,55.00000000000001,OK,True,460000,0.31,1,0.999990952514284,Strong Premium,False,54.690000000000005
14507,UK,Personal Care,6.5,3,Value,15,7.475,14.999999999999991,OK,False,520000,0.32,0,8.248669927223737e-16,Standard / Value,True,14.67999999999999
14508,France,Food & Refreshment,3.87,8,Premium,55,5.9985,55.00000000000001,OK,True,430000,0.29,0,8.024217092590475e-16,Standard / Value,False,54.71000000000001
14509,Spain,Personal Care,7.62,8,Premium,60,12.192,60.00000000000001,OK,True,410000,0.3,0,3.6196737287189683e-19,Standard / Value,False,59.70000000000001
14510,Spain,Home Care,13.15,4,Standard,25,16.4375,25.0,OK,False,410000,0.3,0,3.6196737287189683e-19,Standard / Value,True,24.7
14511,UK,Home Care,10.82,7,Standard,25,13.525,25.0,OK,False,520000,0.32,0,8.248669927223737e-16,Standard / Value,True,24.68
14512,Spain,Personal Care,8.91,4,Standard,30,11.583,30.000000000000004,OK,True,410000,0.3,0,3.6196737287189683e-19,Standard / Value,False,29.700000000000003
14513,UK,Food & Refreshment,1.79,1,Value,12,2.0048000000000004,12.00000000000001,OK,True,520000,0.32,0,8.248669927223737e-16,Standard / Value,False,11.68000000000001
14514,Germany,Personal Care,10.56,1,Value,15,12.144,14.999999999999991,OK,False,460000,0.31,1,0.999990952514284,Strong Premium,True,14.68999999999999
14515,Germany,Home Care,2.91,1,Value,10,3.2010000000000005,10.000000000000009,OK,True,460000,0.31,1,0.999990952514284,Strong Premium,False,9.690000000000008
14516,Spain,Home Care,11.9,2,Value,10,13.090000000000002,10.000000000000009,OK,True,410000,0.3,0,3.6196737287189683e-19,Standard / Value,False,9.700000000000008
14517,Spain,Personal Care,4.13,6,Standard,30,5.369,30.000000000000004,OK,True,410000,0.3,0,3.6196737287189683e-19,Standard / Value,False,29.700000000000003
14518,France,Food & Refreshment,6.55,10,Premium,55,10.1525,55.00000000000001,OK,True,430000,0.29,0,8.024217092590475e-16,Standard / Value,False,54.71000000000001
14519,Spain,Food & Refreshment,5.58,5,Standard,28,7.1424,28.000000000000004,OK,True,410000,0.3,0,3.6196737287189683e-19,Standard / Value,False,27.700000000000003
14520,France,Personal Care,12.95,2,Value,15,14.892499999999998,14.999999999999991,OK,False,430000,0.29,0,8.024217092590475e-16,Standard / Value,True,14.709999999999992
14521,Germany,Personal Care,2.33,8,Premium,60,3.728,60.00000000000001,OK,True,460000,0.31,1,0.999990952514284,Strong Premium,False,59.690000000000005
14522,Germany,Food & Refreshment,8.7,9,Premium,55,13.485,55.00000000000001,OK,True,460000,0.31,1,0.999990952514284,Strong Premium,False,54.690000000000005
14523,UK,Home Care,2.56,7,Standard,25,3.2,25.0,OK,False,520000,0.32,0,8.248669927223737e-16,Standard / Value,True,24.68
14524,Germany,Personal Care,10.72,9,Premium,60,17.152,60.00000000000001,OK,True,460000,0.31,1,0.999990952514284,Strong Premium,False,59.690000000000005
14525,France,Food & Refreshment,13.62,4,Standard,28,17.4336,28.000000000000004,OK,True,430000,0.29,0,8.024217092590475e-16,Standard / Value,False,27.710000000000004
14526,Spain,Food & Refreshment,6.8,7,Standard,28,8.704,28.000000000000004,OK,True,410000,0.3,0,3.6196737287189683e-19,Standard / Value,False,27.700000000000003
14527,UK,Home Care,7.58,5,Standard,25,9.475,25.0,OK,False,520000,0.32,0,8.248669927223737e-16,Standard / Value,True,24.68
14528,France,Home Care,13.95,5,Standard,25,17.4375,25.0,OK,False,430000,0.29,0,8.024217092590475e-16,Standard / Value,True,24.71
14529,Spain,Home Care,8.05,3,Value,10,8.855000000000002,10.000000000000009,OK,True,410000,0.3,0,3.6196737287189683e-19,Standard / Value,False,9.700000000000008
14530,UK,Home Care,7.57,9,Premium,50,11.355,50.0,OK,False,520000,0.32,0,8.248669927223737e-16,Standard / Value,True,49.68
14531,Germany,Home Care,8.89,10,Premium,50,13.335,50.0,OK,False,460000,0.31,1,0.999990952514284,Strong Premium,True,49.69
14532,France,Personal Care,10.49,5,Standard,30,13.637,30.000000000000004,OK,True,430000,0.29,0,8.024217092590475e-16,Standard / Value,False,29.710000000000004
14533,Spain,Food & Refreshment,2.05,6,Standard,28,2.6239999999999997,28.000000000000004,OK,True,410000,0.3,0,3.6196737287189683e-19,Standard / Value,False,27.700000000000003
14534,UK,Personal Care,12.41,3,Value,15,14.2715,14.999999999999991,OK,False,520000,0.32,0,8.248669927223737e-16,Standard / Value,True,14.67999999999999
14535,UK,Personal Care,6.81,10,Premium,60,10.896,60.00000000000003,OK,True,520000,0.32,0,8.248669927223737e-16,Standard / Value,False,59.68000000000003
14536,Germany,Personal Care,1.55,7,Standard,30,2.015,30.000000000000004,OK,True,460000,0.31,1,0.999990952514284,Strong Premium,False,29.690000000000005
14537,Spain,Personal Care,11.9,9,Premium,60,19.040000000000003,60.00000000000001,OK,True,410000,0.3,0,3.6196737287189683e-19,Standard / Value,False,59.70000000000001
14538,Germany,Personal Care,5.97,9,Premium,60,9.552,60.00000000000001,OK,True,460000,0.31,1,0.999990952514284,Strong Premium,False,59.690000000000005
14539,Germany,Home Care,1.96,10,Premium,50,2.94,50.0,OK,False,460000,0.31,1,0.999990952514284,Strong Premium,True,49.69
14540,Spain,Home Care,9.69,10,Premium,50,14.535,50.0,OK,False,410000,0.3,0,3.6196737287189683e-19,Standard / Value,True,49.7
14541,Spain,Food & Refreshment,13.26,5,Standard,28,16.9728,28.000000000000004,OK,True,410000,0.3,0,3.6196737287189683e-19,Standard / Value,False,27.700000000000003
14542,Spain,Personal Care,13.37,7,Standard,30,17.381,30.000000000000004,OK,True,410000,0.3,0,3.6196737287189683e-19,Standard / Value,False,29.700000000000003
14543,France,Food & Refreshment,14.39,3,Value,12,16.1168,12.00000000000001,OK,True,430000,0.29,0,8.024217092590475e-16,Standard / Value,False,11.710000000000012
14544,Spain,Home Care,13.08,6,Standard,25,16.35,25.0,OK,False,410000,0.3,0,3.6196737287189683e-19,Standard / Value,True,24.7
14545,UK,Home Care,0.53,8,Premium,50,0.795,50.0,OK,False,520000,0.32,0,8.248669927223737e-16,Standard / Value,True,49.68
14546,Germany,Home Care,6.01,8,Premium,50,9.015,50.00000000000002,OK,True,460000,0.31,1,0.999990952514284,Strong Premium,False,49.69000000000002
14547,France,Personal Care,12.37,2,Value,15,14.225499999999998,14.999999999999991,OK,False,430000,0.29,0,8.024217092590475e-16,Standard / Value,True,14.709999999999992
14548,Spain,Personal Care,5.81,6,Standard,30,7.553,30.000000000000004,OK,True,410000,0.3,0,3.6196737287189683e-19,Standard / Value,False,29.700000000000003
14549,France,Home Care,9.22,7,Standard,25,11.525,25.0,OK,False,430000,0.29,0,8.024217092590475e-16,Standard / Value,True,24.71
14550,Spain,Food & Refreshment,9.29,7,Standard,28,11.8912,28.000000000000004,OK,True,410000,0.3,0,3.6196737287189683e-19,Standard / Value,False,27.700000000000003
14551,France,Food & Refreshment,5.79,3,Value,12,6.484800000000001,12.00000000000001,OK,True,430000,0.29,0,8.024217092590475e-16,Standard / Value,False,11.710000000000012
14552,Germany,Home Care,13.61,9,Premium,50,20.415,50.0,OK,False,460000,0.31,1,0.999990952514284,Strong Premium,True,49.69
14553,Germany,Food & Refreshment,7.8,2,Value,12,8.736,12.00000000000001,OK,True,460000,0.31,1,0.999990952514284,Strong Premium,False,11.69000000000001
14554,UK,Home Care,7.24,3,Value,10,7.964000000000001,10.000000000000009,OK,True,520000,0.32,0,8.248669927223737e-16,Standard / Value,False,9.680000000000009
14555,UK,Food & Refreshment,14.96,2,Value,12,16.755200000000002,12.00000000000001,OK,True,520000,0.32,0,8.248669927223737e-16,Standard / Value,False,11.68000000000001
14556,Spain,Home Care,7.66,9,Premium,50,11.49,50.0,OK,False,410000,0.3,0,3.6196737287189683e-19,Standard / Value,True,49.7
14557,Germany,Food & Refreshment,3.09,4,Standard,28,3.9552,28.000000000000004,OK,True,460000,0.31,1,0.999990952514284,Strong Premium,False,27.690000000000005
14558,France,Personal Care,7.94,2,Value,15,9.131,14.999999999999991,OK,False,430000,0.29,0,8.024217092590475e-16,Standard / Value,True,14.709999999999992
14559,France,Home Care,12.3,3,Value,10,13.53,10.000000000000009,OK,True,430000,0.29,0,8.024217092590475e-16,Standard / Value,False,9.71000000000001
14560,France,Home Care,11.76,4,Standard,25,14.7,25.0,OK,False,430000,0.29,0,8.024217092590475e-16,Standard / Value,True,24.71
14561,UK,Food & Refreshment,11.93,10,Premium,55,18.4915,54.999999999999986,OK,False,520000,0.32,0,8.248669927223737e-16,Standard / Value,True,54.679999999999986
14562,France,Home Care,10.77,6,Standard,25,13.4625,25.0,OK,False,430000,0.29,0,8.024217092590475e-16,Standard / Value,True,24.71
14563,UK,Home Care,4.19,5,Standard,25,5.237500000000001,25.0,OK,False,520000,0.32,0,8.248669927223737e-16,Standard / Value,True,24.68
14564,UK,Home Care,13.0,3,Value,10,14.3,10.000000000000009,OK,True,520000,0.32,0,8.248669927223737e-16,Standard / Value,False,9.680000000000009
14565,Spain,Personal Care,13.45,10,Premium,60,21.52,60.00000000000001,OK,True,410000,0.3,0,3.6196737287189683e-19,Standard / Value,False,59.70000000000001
14566,France,Personal Care,3.32,8,Premium,60,5.312,60.00000000000001,OK,True,430000,0.29,0,8.024217092590475e-16,Standard / Value,False,59.71000000000001
14567,France,Food & Refreshment,2.39,8,Premium,55,3.7045,55.00000000000001,OK,True,430000,0.29,0,8.024217092590475e-16,Standard / Value,False,54.71000000000001
14568,Germany,Personal Care,14.65,7,Standard,30,19.045,30.000000000000004,OK,True,460000,0.31,1,0.999990952514284,Strong Premium,False,29.690000000000005
14569,Spain,Food & Refreshment,13.09,3,Value,12,14.660800000000002,12.00000000000001,OK,True,410000,0.3,0,3.6196737287189683e-19,Standard / Value,False,11.70000000000001
14570,Germany,Personal Care,13.45,1,Value,15,15.467499999999998,14.999999999999991,OK,False,460000,0.31,1,0.999990952514284,Strong Premium,True,14.68999999999999
14571,Spain,Food & Refreshment,13.35,5,Standard,28,17.088,28.000000000000004,OK,True,410000,0.3,0,3.6196737287189683e-19,Standard / Value,False,27.700000000000003
14572,France,Personal Care,8.35,1,Value,15,9.6025,14.999999999999991,OK,False,430000,0.29,0,8.024217092590475e-16,Standard / Value,True,14.709999999999992
14573,UK,Personal Care,9.87,6,Standard,30,12.831,30.000000000000004,OK,True,520000,0.32,0,8.248669927223737e-16,Standard / Value,False,29.680000000000003
14574,UK,Food & Refreshment,8.41,7,Standard,28,10.7648,28.000000000000004,OK,True,520000,0.32,0,8.248669927223737e-16,Standard / Value,False,27.680000000000003
14575,UK,Home Care,1.24,5,Standard,25,1.55,25.0,OK,False,520000,0.32,0,8.248669927223737e-16,Standard / Value,True,24.68
14576,UK,Home Care,11.31,4,Standard,25,14.1375,25.0,OK,False,520000,0.32,0,8.248669927223737e-16,Standard / Value,True,24.68
14577,UK,Personal Care,7.83,2,Value,15,9.0045,14.999999999999991,OK,False,520000,0.32,0,8.248669927223737e-16,Standard / Value,True,14.67999999999999
14578,Germany,Food & Refreshment,9.89,5,Standard,28,12.6592,28.000000000000004,OK,True,460000,0.31,1,0.999990952514284,Strong Premium,False,27.690000000000005
14579,Spain,Home Care,7.79,9,Premium,50,11.685,50.0,OK,False,410000,0.3,0,3.6196737287189683e-19,Standard / Value,True,49.7
14580,France,Food & Refreshment,7.63,4,Standard,28,9.7664,28.000000000000004,OK,True,430000,0.29,0,8.024217092590475e-16,Standard / Value,False,27.710000000000004
14581,Germany,Home Care,2.99,2,Value,10,3.2890000000000006,10.000000000000009,OK,True,460000,0.31,1,0.999990952514284,Strong Premium,False,9.690000000000008
14582,Spain,Food & Refreshment,4.54,6,Standard,28,5.8112,28.000000000000004,OK,True,410000,0.3,0,3.6196737287189683e-19,Standard / Value,False,27.700000000000003
14583,UK,Personal Care,2.8,8,Premium,60,4.4799999999999995,59.999999999999986,OK,False,520000,0.32,0,8.248669927223737e-16,Standard / Value,True,59.679999999999986
14584,Spain,Food & Refreshment,3.34,2,Value,12,3.7408,12.00000000000001,OK,True,410000,0.3,0,3.6196737287189683e-19,Standard / Value,False,11.70000000000001
14585,Spain,Home Care,14.61,9,Premium,50,21.915,50.0,OK,False,410000,0.3,0,3.6196737287189683e-19,Standard / Value,True,49.7
14586,UK,Personal Care,2.72,7,Standard,30,3.5360000000000005,30.000000000000004,OK,True,520000,0.32,0,8.248669927223737e-16,Standard / Value,False,29.680000000000003
14587,UK,Food & Refreshment,4.4,2,Value,12,4.928000000000001,12.00000000000001,OK,True,520000,0.32,0,8.248669927223737e-16,Standard / Value,False,11.68000000000001
14588,UK,Home Care,9.06,5,Standard,25,11.325,25.0,OK,False,520000,0.32,0,8.248669927223737e-16,Standard / Value,True,24.68
14589,France,Personal Care,9.35,5,Standard,30,12.155,30.000000000000004,OK,True,430000,0.29,0,8.024217092590475e-16,Standard / Value,False,29.710000000000004
14590,UK,Food & Refreshment,2.73,7,Standard,28,3.4944,28.000000000000004,OK,True,520000,0.32,0,8.248669927223737e-16,Standard / Value,False,27.680000000000003
14591,France,Home Care,12.01,5,Standard,25,15.0125,25.0,OK,False,430000,0.29,0,8.024217092590475e-16,Standard / Value,True,24.71
14592,UK,Food & Refreshment,11.89,6,Standard,28,15.2192,28.000000000000004,OK,True,520000,0.32,0,8.248669927223737e-16,Standard / Value,False,27.680000000000003
14593,France,Food & Refreshment,3.94,9,Premium,55,6.107,55.00000000000001,OK,True,430000,0.29,0,8.024217092590475e-16,Standard / Value,False,54.71000000000001
14594,Spain,Personal Care,4.69,3,Value,15,5.3935,14.999999999999991,OK,False,410000,0.3,0,3.6196737287189683e-19,Standard / Value,True,14.69999999999999
14595,Germany,Personal Care,14.1,3,Value,15,16.215,14.999999999999991,OK,False,460000,0.31,1,0.999990952514284,Strong Premium,True,14.68999999999999
14596,Spain,Home Care,12.47,8,Premium,50,18.705,50.0,OK,False,410000,0.3,0,3.6196737287189683e-19,Standard / Value,True,49.7
14597,Spain,Personal Care,10.62,10,Premium,60,16.992,60.00000000000003,OK,True,410000,0.3,0,3.6196737287189683e-19,Standard / Value,False,59.70000000000003
14598,UK,Home Care,1.69,6,Standard,25,2.1125,25.0,OK,False,520000,0.32,0,8.248669927223737e-16,Standard / Value,True,24.68
14599,France,Food & Refreshment,6.56,10,Premium,55,10.168,55.00000000000001,OK,True,430000,0.29,0,8.024217092590475e-16,Standard / Value,False,54.71000000000001
14600,Germany,Food & Refreshment,8.61,3,Value,12,9.6432,12.00000000000001,OK,True,460000,0.31,1,0.999990952514284,Strong Premium,False,11.69000000000001
14601,UK,Home Care,3.22,2,Value,10,3.5420000000000007,10.000000000000009,OK,True,520000,0.32,0,8.248669927223737e-16,Standard / Value,False,9.680000000000009
14602,UK,Food & Refreshment,7.0,2,Value,12,7.840000000000001,12.00000000000001,OK,True,520000,0.32,0,8.248669927223737e-16,Standard / Value,False,11.68000000000001
14603,UK,Personal Care,9.21,2,Value,15,10.5915,14.999999999999991,OK,False,520000,0.32,0,8.248669927223737e-16,Standard / Value,True,14.67999999999999
14604,Spain,Food & Refreshment,5.25,5,Standard,28,6.72,28.000000000000004,OK,True,410000,0.3,0,3.6196737287189683e-19,Standard / Value,False,27.700000000000003
14605,France,Personal Care,11.82,5,Standard,30,15.366,30.000000000000004,OK,True,430000,0.29,0,8.024217092590475e-16,Standard / Value,False,29.710000000000004
14606,France,Home Care,12.69,1,Value,10,13.959,10.000000000000009,OK,True,430000,0.29,0,8.024217092590475e-16,Standard / Value,False,9.71000000000001
14607,Germany,Home Care,5.19,2,Value,10,5.7090000000000005,10.000000000000009,OK,True,460000,0.31,1,0.999990952514284,Strong Premium,False,9.690000000000008
14608,France,Food & Refreshment,12.66,2,Value,12,14.179200000000002,12.00000000000001,OK,True,430000,0.29,0,8.024217092590475e-16,Standard / Value,False,11.710000000000012
14609,France,Food & Refreshment,2.0,4,Standard,28,2.56,28.000000000000004,OK,True,430000,0.29,0,8.024217092590475e-16,Standard / Value,False,27.710000000000004
14610,UK,Personal Care,12.65,7,Standard,30,16.445,30.000000000000004,OK,True,520000,0.32,0,8.248669927223737e-16,Standard / Value,False,29.680000000000003
14611,UK,Personal Care,2.71,3,Value,15,3.1165,14.999999999999991,OK,False,520000,0.32,0,8.248669927223737e-16,Standard / Value,True,14.67999999999999
14612,Spain,Food & Refreshment,1.7,5,Standard,28,2.176,28.000000000000004,OK,True,410000,0.3,0,3.6196737287189683e-19,Standard / Value,False,27.700000000000003
14613,UK,Food & Refreshment,9.81,9,Premium,55,15.2055,55.00000000000001,OK,True,520000,0.32,0,8.248669927223737e-16,Standard / Value,False,54.68000000000001
14614,UK,Home Care,7.34,5,Standard,25,9.175,25.00000000000002,OK,True,520000,0.32,0,8.248669927223737e-16,Standard / Value,False,24.68000000000002
14615,UK,Home Care,13.66,9,Premium,50,20.49,50.00000000000002,OK,True,520000,0.32,0,8.248669927223737e-16,Standard / Value,False,49.68000000000002
14616,UK,Home Care,5.77,1,Value,10,6.347,10.000000000000009,OK,True,520000,0.32,0,8.248669927223737e-16,Standard / Value,False,9.680000000000009
14617,Spain,Food & Refreshment,4.66,9,Premium,55,7.223000000000001,55.00000000000001,OK,True,410000,0.3,0,3.6196737287189683e-19,Standard / Value,False,54.70000000000001
14618,UK,Food & Refreshment,7.76,5,Standard,28,9.9328,28.000000000000004,OK,True,520000,0.32,0,8.248669927223737e-16,Standard / Value,False,27.680000000000003
14619,Germany,Food & Refreshment,7.11,8,Premium,55,11.0205,55.00000000000001,OK,True,460000,0.31,1,0.999990952514284,Strong Premium,False,54.690000000000005
14620,Germany,Home Care,5.49,5,Standard,25,6.862500000000001,25.0,OK,False,460000,0.31,1,0.999990952514284,Strong Premium,True,24.69
14621,Germany,Food & Refreshment,10.56,6,Standard,28,13.516800000000002,28.000000000000004,OK,True,460000,0.31,1,0.999990952514284,Strong Premium,False,27.690000000000005
14622,Germany,Personal Care,11.51,8,Premium,60,18.416,60.00000000000001,OK,True,460000,0.31,1,0.999990952514284,Strong Premium,False,59.690000000000005
14623,UK,Food & Refreshment,12.87,2,Value,12,14.4144,12.00000000000001,OK,True,520000,0.32,0,8.248669927223737e-16,Standard / Value,False,11.68000000000001
14624,Germany,Food & Refreshment,14.61,3,Value,12,16.363200000000003,12.000000000000032,OK,True,460000,0.31,1,0.999990952514284,Strong Premium,False,11.690000000000031
14625,UK,Food & Refreshment,4.37,9,Premium,55,6.7735,55.00000000000001,OK,True,520000,0.32,0,8.248669927223737e-16,Standard / Value,False,54.68000000000001
14626,Spain,Food & Refreshment,10.88,5,Standard,28,13.9264,28.000000000000004,OK,True,410000,0.3,0,3.6196737287189683e-19,Standard / Value,False,27.700000000000003
14627,Germany,Food & Refreshment,6.22,5,Standard,28,7.9616,28.000000000000004,OK,True,460000,0.31,1,0.999990952514284,Strong Premium,False,27.690000000000005
14628,France,Personal Care,10.32,9,Premium,60,16.512,60.00000000000001,OK,True,430000,0.29,0,8.024217092590475e-16,Standard / Value,False,59.71000000000001
14629,Germany,Personal Care,7.4,10,Premium,60,11.840000000000002,60.00000000000001,OK,True,460000,0.31,1,0.999990952514284,Strong Premium,False,59.690000000000005
14630,Germany,Food & Refreshment,14.91,3,Value,12,16.6992,12.00000000000001,OK,True,460000,0.31,1,0.999990952514284,Strong Premium,False,11.69000000000001
14631,UK,Home Care,11.07,4,Standard,25,13.8375,25.0,OK,False,520000,0.32,0,8.248669927223737e-16,Standard / Value,True,24.68
14632,Germany,Food & Refreshment,14.31,7,Standard,28,18.3168,28.000000000000004,OK,True,460000,0.31,1,0.999990952514284,Strong Premium,False,27.690000000000005
14633,France,Food & Refreshment,12.61,2,Value,12,14.1232,12.00000000000001,OK,True,430000,0.29,0,8.024217092590475e-16,Standard / Value,False,11.710000000000012
14634,UK,Food & Refreshment,13.59,8,Premium,55,21.0645,55.00000000000001,OK,True,520000,0.32,0,8.248669927223737e-16,Standard / Value,False,54.68000000000001
14635,UK,Home Care,12.31,5,Standard,25,15.3875,25.0,OK,False,520000,0.32,0,8.248669927223737e-16,Standard / Value,True,24.68
14636,Spain,Home Care,7.16,1,Value,10,7.876000000000001,10.000000000000009,OK,True,410000,0.3,0,3.6196737287189683e-19,Standard / Value,False,9.700000000000008
14637,Spain,Home Care,4.15,3,Value,10,4.565,10.000000000000009,OK,True,410000,0.3,0,3.6196737287189683e-19,Standard / Value,False,9.700000000000008
14638,Germany,Personal Care,5.87,9,Premium,60,9.392,60.00000000000001,OK,True,460000,0.31,1,0.999990952514284,Strong Premium,False,59.690000000000005
14639,Spain,Home Care,0.79,5,Standard,25,0.9875,25.0,OK,False,410000,0.3,0,3.6196737287189683e-19,Standard / Value,True,24.7
14640,Spain,Personal Care,8.1,8,Premium,60,12.96,60.00000000000001,OK,True,410000,0.3,0,3.6196737287189683e-19,Standard / Value,False,59.70000000000001
14641,Spain,Personal Care,7.82,1,Value,15,8.993,14.999999999999991,OK,False,410000,0.3,0,3.6196737287189683e-19,Standard / Value,True,14.69999999999999
14642,UK,Home Care,8.12,7,Standard,25,10.15,25.0,OK,False,520000,0.32,0,8.248669927223737e-16,Standard / Value,True,24.68
14643,UK,Home Care,14.62,7,Standard,25,18.275,25.0,OK,False,520000,0.32,0,8.248669927223737e-16,Standard / Value,True,24.68
14644,UK,Home Care,13.72,8,Premium,50,20.58,50.0,OK,False,520000,0.32,0,8.248669927223737e-16,Standard / Value,True,49.68
14645,Spain,Personal Care,2.84,3,Value,15,3.2659999999999996,14.999999999999991,OK,False,410000,0.3,0,3.6196737287189683e-19,Standard / Value,True,14.69999999999999
14646,UK,Food & Refreshment,5.85,1,Value,12,6.5520000000000005,12.00000000000001,OK,True,520000,0.32,0,8.248669927223737e-16,Standard / Value,False,11.68000000000001
14647,Spain,Home Care,6.65,9,Premium,50,9.975,50.00000000000002,OK,True,410000,0.3,0,3.6196737287189683e-19,Standard / Value,False,49.700000000000024
14648,UK,Home Care,5.73,1,Value,10,6.303000000000001,10.000000000000009,OK,True,520000,0.32,0,8.248669927223737e-16,Standard / Value,False,9.680000000000009
14649,UK,Home Care,12.08,6,Standard,25,15.1,25.0,OK,False,520000,0.32,0,8.248669927223737e-16,Standard / Value,True,24.68
14650,France,Personal Care,8.1,9,Premium,60,12.96,60.00000000000001,OK,True,430000,0.29,0,8.024217092590475e-16,Standard / Value,False,59.71000000000001
14651,Germany,Personal Care,8.8,2,Value,15,10.12,14.999999999999991,OK,False,460000,0.31,1,0.999990952514284,Strong Premium,True,14.68999999999999
14652,Spain,Food & Refreshment,12.87,4,Standard,28,16.473599999999998,27.99999999999998,OK,False,410000,0.3,0,3.6196737287189683e-19,Standard / Value,True,27.699999999999978
14653,France,Home Care,12.19,2,Value,10,13.409,10.000000000000009,OK,True,430000,0.29,0,8.024217092590475e-16,Standard / Value,False,9.71000000000001
14654,UK,Personal Care,2.42,4,Standard,30,3.146,30.000000000000004,OK,True,520000,0.32,0,8.248669927223737e-16,Standard / Value,False,29.680000000000003
14655,Spain,Food & Refreshment,10.85,2,Value,12,12.152,12.00000000000001,OK,True,410000,0.3,0,3.6196737287189683e-19,Standard / Value,False,11.70000000000001
14656,UK,Home Care,6.81,1,Value,10,7.491,10.000000000000009,OK,True,520000,0.32,0,8.248669927223737e-16,Standard / Value,False,9.680000000000009
14657,Germany,Personal Care,4.77,3,Value,15,5.485499999999999,14.999999999999991,OK,False,460000,0.31,1,0.999990952514284,Strong Premium,True,14.68999999999999
14658,France,Home Care,1.23,8,Premium,50,1.845,50.0,OK,False,430000,0.29,0,8.024217092590475e-16,Standard / Value,True,49.71
14659,Germany,Home Care,7.57,5,Standard,25,9.4625,25.0,OK,False,460000,0.31,1,0.999990952514284,Strong Premium,True,24.69
14660,France,Personal Care,5.65,4,Standard,30,7.345000000000001,30.000000000000004,OK,True,430000,0.29,0,8.024217092590475e-16,Standard / Value,False,29.710000000000004
14661,UK,Personal Care,4.15,5,Standard,30,5.3950000000000005,30.000000000000004,OK,True,520000,0.32,0,8.248669927223737e-16,Standard / Value,False,29.680000000000003
14662,Germany,Personal Care,10.57,6,Standard,30,13.741,30.000000000000004,OK,True,460000,0.31,1,0.999990952514284,Strong Premium,False,29.690000000000005
14663,Germany,Home Care,11.66,6,Standard,25,14.575,25.0,OK,False,460000,0.31,1,0.999990952514284,Strong Premium,True,24.69
14664,UK,Home Care,4.05,5,Standard,25,5.0625,25.0,OK,False,520000,0.32,0,8.248669927223737e-16,Standard / Value,True,24.68
14665,Germany,Food & Refreshment,1.22,6,Standard,28,1.5616,28.000000000000004,OK,True,460000,0.31,1,0.999990952514284,Strong Premium,False,27.690000000000005
14666,Spain,Home Care,12.81,9,Premium,50,19.215,50.0,OK,False,410000,0.3,0,3.6196737287189683e-19,Standard / Value,True,49.7
14667,France,Personal Care,0.64,5,Standard,30,0.8320000000000001,30.000000000000004,OK,True,430000,0.29,0,8.024217092590475e-16,Standard / Value,False,29.710000000000004
14668,France,Home Care,14.09,6,Standard,25,17.6125,25.0,OK,False,430000,0.29,0,8.024217092590475e-16,Standard / Value,True,24.71
14669,France,Food & Refreshment,9.6,4,Standard,28,12.288,28.000000000000004,OK,True,430000,0.29,0,8.024217092590475e-16,Standard / Value,False,27.710000000000004
14670,Spain,Food & Refreshment,5.17,3,Value,12,5.790400000000001,12.00000000000001,OK,True,410000,0.3,0,3.6196737287189683e-19,Standard / Value,False,11.70000000000001
14671,France,Personal Care,4.07,6,Standard,30,5.291,30.000000000000004,OK,True,430000,0.29,0,8.024217092590475e-16,Standard / Value,False,29.710000000000004
14672,UK,Personal Care,0.63,5,Standard,30,0.8190000000000001,30.000000000000004,OK,True,520000,0.32,0,8.248669927223737e-16,Standard / Value,False,29.680000000000003
14673,Germany,Food & Refreshment,3.91,4,Standard,28,5.0048,28.000000000000004,OK,True,460000,0.31,1,0.999990952514284,Strong Premium,False,27.690000000000005
14674,Spain,Food & Refreshment,2.5,5,Standard,28,3.2,28.000000000000004,OK,True,410000,0.3,0,3.6196737287189683e-19,Standard / Value,False,27.700000000000003
14675,France,Food & Refreshment,9.38,7,Standard,28,12.0064,28.000000000000004,OK,True,430000,0.29,0,8.024217092590475e-16,Standard / Value,False,27.710000000000004
14676,UK,Personal Care,2.91,1,Value,15,3.3465,14.999999999999991,OK,False,520000,0.32,0,8.248669927223737e-16,Standard / Value,True,14.67999999999999
14677,Germany,Food & Refreshment,8.17,1,Value,12,9.1504,12.00000000000001,OK,True,460000,0.31,1,0.999990952514284,Strong Premium,False,11.69000000000001
14678,Germany,Food & Refreshment,9.06,1,Value,12,10.147200000000002,12.00000000000001,OK,True,460000,0.31,1,0.999990952514284,Strong Premium,False,11.69000000000001
14679,Spain,Personal Care,4.82,2,Value,15,5.543,14.999999999999991,OK,False,410000,0.3,0,3.6196737287189683e-19,Standard / Value,True,14.69999999999999
14680,Spain,Home Care,1.01,9,Premium,50,1.515,50.0,OK,False,410000,0.3,0,3.6196737287189683e-19,Standard / Value,True,49.7
14681,Spain,Home Care,1.04,5,Standard,25,1.3,25.0,OK,False,410000,0.3,0,3.6196737287189683e-19,Standard / Value,True,24.7
14682,UK,Food & Refreshment,0.88,9,Premium,55,1.364,55.00000000000001,OK,True,520000,0.32,0,8.248669927223737e-16,Standard / Value,False,54.68000000000001
14683,UK,Home Care,11.22,5,Standard,25,14.025,25.0,OK,False,520000,0.32,0,8.248669927223737e-16,Standard / Value,True,24.68
14684,Spain,Home Care,5.11,7,Standard,25,6.3875,25.0,OK,False,410000,0.3,0,3.6196737287189683e-19,Standard / Value,True,24.7
14685,France,Home Care,12.05,6,Standard,25,15.0625,25.0,OK,False,430000,0.29,0,8.024217092590475e-16,Standard / Value,True,24.71
14686,Germany,Home Care,6.76,2,Value,10,7.436,10.000000000000009,OK,True,460000,0.31,1,0.999990952514284,Strong Premium,False,9.690000000000008
14687,Germany,Food & Refreshment,7.07,3,Value,12,7.918400000000001,12.00000000000001,OK,True,460000,0.31,1,0.999990952514284,Strong Premium,False,11.69000000000001
14688,UK,Home Care,7.94,5,Standard,25,9.925,25.0,OK,False,520000,0.32,0,8.248669927223737e-16,Standard / Value,True,24.68
14689,Germany,Home Care,10.84,4,Standard,25,13.55,25.0,OK,False,460000,0.31,1,0.999990952514284,Strong Premium,True,24.69
14690,France,Personal Care,4.47,6,Standard,30,5.811,30.000000000000004,OK,True,430000,0.29,0,8.024217092590475e-16,Standard / Value,False,29.710000000000004
14691,Germany,Food & Refreshment,2.26,8,Premium,55,3.5029999999999997,55.00000000000001,OK,True,460000,0.31,1,0.999990952514284,Strong Premium,False,54.690000000000005
14692,UK,Personal Care,8.56,8,Premium,60,13.696000000000002,60.00000000000001,OK,True,520000,0.32,0,8.248669927223737e-16,Standard / Value,False,59.68000000000001
14693,UK,Personal Care,5.24,3,Value,15,6.026,14.999999999999991,OK,False,520000,0.32,0,8.248669927223737e-16,Standard / Value,True,14.67999999999999
14694,France,Food & Refreshment,6.92,4,Standard,28,8.8576,28.000000000000004,OK,True,430000,0.29,0,8.024217092590475e-16,Standard / Value,False,27.710000000000004
14695,France,Home Care,9.88,1,Value,10,10.868000000000002,10.000000000000009,OK,True,430000,0.29,0,8.024217092590475e-16,Standard / Value,False,9.71000000000001
14696,Germany,Personal Care,7.66,2,Value,15,8.809,14.999999999999991,OK,False,460000,0.31,1,0.999990952514284,Strong Premium,True,14.68999999999999
14697,Germany,Food & Refreshment,9.49,9,Premium,55,14.7095,55.00000000000001,OK,True,460000,0.31,1,0.999990952514284,Strong Premium,False,54.690000000000005
14698,UK,Home Care,8.39,10,Premium,50,12.585,50.0,OK,False,520000,0.32,0,8.248669927223737e-16,Standard / Value,True,49.68
14699,France,Food & Refreshment,11.23,10,Premium,55,17.4065,55.00000000000001,OK,True,430000,0.29,0,8.024217092590475e-16,Standard / Value,False,54.71000000000001
14700,France,Personal Care,10.74,2,Value,15,12.351,14.999999999999991,OK,False,430000,0.29,0,8.024217092590475e-16,Standard / Value,True,14.709999999999992
14701,France,Home Care,8.25,6,Standard,25,10.3125,25.0,OK,False,430000,0.29,0,8.024217092590475e-16,Standard / Value,True,24.71
14702,Germany,Home Care,10.34,7,Standard,25,12.925,25.0,OK,False,460000,0.31,1,0.999990952514284,Strong Premium,True,24.69
14703,France,Food & Refreshment,13.17,6,Standard,28,16.8576,28.000000000000004,OK,True,430000,0.29,0,8.024217092590475e-16,Standard / Value,False,27.710000000000004
14704,UK,Home Care,6.77,8,Premium,50,10.155,50.0,OK,False,520000,0.32,0,8.248669927223737e-16,Standard / Value,True,49.68
14705,UK,Personal Care,6.49,9,Premium,60,10.384,60.00000000000001,OK,True,520000,0.32,0,8.248669927223737e-16,Standard / Value,False,59.68000000000001
14706,Germany,Personal Care,11.58,8,Premium,60,18.528,60.00000000000001,OK,True,460000,0.31,1,0.999990952514284,Strong Premium,False,59.690000000000005
14707,Spain,Personal Care,8.95,5,Standard,30,11.635,30.000000000000004,OK,True,410000,0.3,0,3.6196737287189683e-19,Standard / Value,False,29.700000000000003
14708,Germany,Food & Refreshment,1.53,8,Premium,55,2.3715,55.00000000000001,OK,True,460000,0.31,1,0.999990952514284,Strong Premium,False,54.690000000000005
14709,Spain,Home Care,13.44,10,Premium,50,20.16,50.0,OK,False,410000,0.3,0,3.6196737287189683e-19,Standard / Value,True,49.7
14710,France,Home Care,0.95,10,Premium,50,1.4249999999999998,49.99999999999998,OK,False,430000,0.29,0,8.024217092590475e-16,Standard / Value,True,49.70999999999998
14711,Germany,Home Care,11.35,9,Premium,50,17.025,50.0,OK,False,460000,0.31,1,0.999990952514284,Strong Premium,True,49.69
14712,UK,Personal Care,11.5,8,Premium,60,18.4,60.00000000000001,OK,True,520000,0.32,0,8.248669927223737e-16,Standard / Value,False,59.68000000000001
14713,France,Home Care,14.32,2,Value,10,15.752000000000002,10.000000000000009,OK,True,430000,0.29,0,8.024217092590475e-16,Standard / Value,False,9.71000000000001
14714,UK,Personal Care,1.28,2,Value,15,1.472,14.999999999999991,OK,False,520000,0.32,0,8.248669927223737e-16,Standard / Value,True,14.67999999999999
14715,France,Home Care,9.15,3,Value,10,10.065,10.000000000000009,OK,True,430000,0.29,0,8.024217092590475e-16,Standard / Value,False,9.71000000000001
14716,Germany,Personal Care,6.7,7,Standard,30,8.71,30.000000000000004,OK,True,460000,0.31,1,0.999990952514284,Strong Premium,False,29.690000000000005
14717,Spain,Home Care,5.29,9,Premium,50,7.935,50.0,OK,False,410000,0.3,0,3.6196737287189683e-19,Standard / Value,True,49.7
14718,France,Food & Refreshment,1.81,8,Premium,55,2.8055000000000003,55.00000000000001,OK,True,430000,0.29,0,8.024217092590475e-16,Standard / Value,False,54.71000000000001
14719,Spain,Food & Refreshment,8.66,9,Premium,55,13.423,55.00000000000001,OK,True,410000,0.3,0,3.6196737287189683e-19,Standard / Value,False,54.70000000000001
14720,France,Personal Care,7.45,6,Standard,30,9.685,30.000000000000004,OK,True,430000,0.29,0,8.024217092590475e-16,Standard / Value,False,29.710000000000004
14721,UK,Personal Care,2.02,1,Value,15,2.323,14.999999999999991,OK,False,520000,0.32,0,8.248669927223737e-16,Standard / Value,True,14.67999999999999
14722,UK,Home Care,9.38,4,Standard,25,11.725,25.0,OK,False,520000,0.32,0,8.248669927223737e-16,Standard / Value,True,24.68
14723,France,Home Care,11.2,6,Standard,25,14.0,25.0,OK,False,430000,0.29,0,8.024217092590475e-16,Standard / Value,True,24.71
14724,Spain,Food & Refreshment,11.63,6,Standard,28,14.886400000000002,28.000000000000004,OK,True,410000,0.3,0,3.6196737287189683e-19,Standard / Value,False,27.700000000000003
14725,Germany,Home Care,13.63,8,Premium,50,20.445,50.0,OK,False,460000,0.31,1,0.999990952514284,Strong Premium,True,49.69
14726,Germany,Personal Care,6.44,1,Value,15,7.406,14.999999999999991,OK,False,460000,0.31,1,0.999990952514284,Strong Premium,True,14.68999999999999
14727,UK,Personal Care,14.32,2,Value,15,16.468,14.999999999999991,OK,False,520000,0.32,0,8.248669927223737e-16,Standard / Value,True,14.67999999999999
14728,Germany,Personal Care,13.05,2,Value,15,15.0075,14.999999999999991,OK,False,460000,0.31,1,0.999990952514284,Strong Premium,True,14.68999999999999
14729,UK,Personal Care,4.8,6,Standard,30,6.24,30.000000000000004,OK,True,520000,0.32,0,8.248669927223737e-16,Standard / Value,False,29.680000000000003
14730,Germany,Personal Care,2.81,7,Standard,30,3.653,30.000000000000004,OK,True,460000,0.31,1,0.999990952514284,Strong Premium,False,29.690000000000005
14731,France,Food & Refreshment,6.81,2,Value,12,7.6272,12.00000000000001,OK,True,430000,0.29,0,8.024217092590475e-16,Standard / Value,False,11.710000000000012
14732,UK,Food & Refreshment,6.33,5,Standard,28,8.1024,27.99999999999998,OK,False,520000,0.32,0,8.248669927223737e-16,Standard / Value,True,27.67999999999998
14733,UK,Personal Care,8.85,6,Standard,30,11.505,30.000000000000004,OK,True,520000,0.32,0,8.248669927223737e-16,Standard / Value,False,29.680000000000003
14734,France,Home Care,8.96,4,Standard,25,11.2,25.0,OK,False,430000,0.29,0,8.024217092590475e-16,Standard / Value,True,24.71
14735,UK,Personal Care,11.37,1,Value,15,13.075499999999998,14.999999999999991,OK,False,520000,0.32,0,8.248669927223737e-16,Standard / Value,True,14.67999999999999
14736,Germany,Food & Refreshment,7.89,3,Value,12,8.8368,12.00000000000001,OK,True,460000,0.31,1,0.999990952514284,Strong Premium,False,11.69000000000001
14737,Germany,Personal Care,2.02,10,Premium,60,3.232,60.00000000000001,OK,True,460000,0.31,1,0.999990952514284,Strong Premium,False,59.690000000000005
14738,UK,Food & Refreshment,12.95,9,Premium,55,20.0725,54.999999999999986,OK,False,520000,0.32,0,8.248669927223737e-16,Standard / Value,True,54.679999999999986
14739,Germany,Food & Refreshment,4.99,6,Standard,28,6.3872,28.000000000000004,OK,True,460000,0.31,1,0.999990952514284,Strong Premium,False,27.690000000000005
14740,Spain,Personal Care,14.58,2,Value,15,16.767,14.999999999999991,OK,False,410000,0.3,0,3.6196737287189683e-19,Standard / Value,True,14.69999999999999
14741,UK,Personal Care,2.21,9,Premium,60,3.536,60.00000000000001,OK,True,520000,0.32,0,8.248669927223737e-16,Standard / Value,False,59.68000000000001
14742,France,Home Care,14.39,4,Standard,25,17.9875,25.0,OK,False,430000,0.29,0,8.024217092590475e-16,Standard / Value,True,24.71
14743,Spain,Food & Refreshment,1.82,8,Premium,55,2.821,55.00000000000001,OK,True,410000,0.3,0,3.6196737287189683e-19,Standard / Value,False,54.70000000000001
14744,UK,Home Care,3.85,10,Premium,50,5.775,50.0,OK,False,520000,0.32,0,8.248669927223737e-16,Standard / Value,True,49.68
14745,France,Personal Care,1.18,7,Standard,30,1.534,30.000000000000004,OK,True,430000,0.29,0,8.024217092590475e-16,Standard / Value,False,29.710000000000004
14746,Germany,Food & Refreshment,10.72,3,Value,12,12.0064,12.00000000000001,OK,True,460000,0.31,1,0.999990952514284,Strong Premium,False,11.69000000000001
14747,France,Home Care,12.83,8,Premium,50,19.245,50.0,OK,False,430000,0.29,0,8.024217092590475e-16,Standard / Value,True,49.71
14748,Spain,Home Care,6.79,4,Standard,25,8.4875,25.0,OK,False,410000,0.3,0,3.6196737287189683e-19,Standard / Value,True,24.7
14749,Germany,Home Care,13.96,2,Value,10,15.356000000000002,10.000000000000009,OK,True,460000,0.31,1,0.999990952514284,Strong Premium,False,9.690000000000008
14750,UK,Personal Care,9.06,5,Standard,30,11.778,30.000000000000004,OK,True,520000,0.32,0,8.248669927223737e-16,Standard / Value,False,29.680000000000003
14751,Germany,Personal Care,9.64,1,Value,15,11.086,14.999999999999991,OK,False,460000,0.31,1,0.999990952514284,Strong Premium,True,14.68999999999999
14752,UK,Personal Care,12.76,8,Premium,60,20.416,60.00000000000001,OK,True,520000,0.32,0,8.248669927223737e-16,Standard / Value,False,59.68000000000001
14753,UK,Food & Refreshment,4.8,8,Premium,55,7.44,55.00000000000001,OK,True,520000,0.32,0,8.248669927223737e-16,Standard / Value,False,54.68000000000001
14754,France,Personal Care,5.64,3,Value,15,6.485999999999999,14.999999999999991,OK,False,430000,0.29,0,8.024217092590475e-16,Standard / Value,True,14.709999999999992
14755,France,Food & Refreshment,13.64,1,Value,12,15.2768,12.00000000000001,OK,True,430000,0.29,0,8.024217092590475e-16,Standard / Value,False,11.710000000000012
14756,France,Home Care,13.56,4,Standard,25,16.95,25.0,OK,False,430000,0.29,0,8.024217092590475e-16,Standard / Value,True,24.71
14757,Spain,Home Care,14.66,9,Premium,50,21.99,50.00000000000002,OK,True,410000,0.3,0,3.6196737287189683e-19,Standard / Value,False,49.700000000000024
14758,Spain,Personal Care,13.58,9,Premium,60,21.728,60.00000000000001,OK,True,410000,0.3,0,3.6196737287189683e-19,Standard / Value,False,59.70000000000001
14759,France,Home Care,2.35,1,Value,10,2.5850000000000004,10.000000000000009,OK,True,430000,0.29,0,8.024217092590475e-16,Standard / Value,False,9.71000000000001
14760,Spain,Personal Care,12.44,7,Standard,30,16.172,30.000000000000004,OK,True,410000,0.3,0,3.6196737287189683e-19,Standard / Value,False,29.700000000000003
14761,Germany,Food & Refreshment,6.44,6,Standard,28,8.2432,27.99999999999998,OK,False,460000,0.31,1,0.999990952514284,Strong Premium,True,27.68999999999998
14762,Germany,Home Care,14.87,7,Standard,25,18.5875,25.0,OK,False,460000,0.31,1,0.999990952514284,Strong Premium,True,24.69
14763,Spain,Personal Care,7.35,7,Standard,30,9.555,30.000000000000004,OK,True,410000,0.3,0,3.6196737287189683e-19,Standard / Value,False,29.700000000000003
14764,Spain,Home Care,8.53,8,Premium,50,12.794999999999998,50.0,OK,False,410000,0.3,0,3.6196737287189683e-19,Standard / Value,True,49.7
14765,Germany,Home Care,8.18,8,Premium,50,12.27,50.0,OK,False,460000,0.31,1,0.999990952514284,Strong Premium,True,49.69
14766,UK,Personal Care,5.17,10,Premium,60,8.272,60.00000000000001,OK,True,520000,0.32,0,8.248669927223737e-16,Standard / Value,False,59.68000000000001
14767,Germany,Home Care,1.59,2,Value,10,1.7490000000000003,10.000000000000009,OK,True,460000,0.31,1,0.999990952514284,Strong Premium,False,9.690000000000008
14768,Germany,Home Care,13.49,4,Standard,25,16.8625,25.0,OK,False,460000,0.31,1,0.999990952514284,Strong Premium,True,24.69
14769,Spain,Home Care,12.14,4,Standard,25,15.175,25.0,OK,False,410000,0.3,0,3.6196737287189683e-19,Standard / Value,True,24.7
14770,Germany,Home Care,2.52,10,Premium,50,3.78,50.0,OK,False,460000,0.31,1,0.999990952514284,Strong Premium,True,49.69
14771,Spain,Food & Refreshment,11.76,8,Premium,55,18.228,55.00000000000003,OK,True,410000,0.3,0,3.6196737287189683e-19,Standard / Value,False,54.70000000000003
14772,Spain,Home Care,9.57,3,Value,10,10.527,10.000000000000009,OK,True,410000,0.3,0,3.6196737287189683e-19,Standard / Value,False,9.700000000000008
14773,France,Home Care,6.43,3,Value,10,7.073,10.000000000000009,OK,True,430000,0.29,0,8.024217092590475e-16,Standard / Value,False,9.71000000000001
14774,Germany,Personal Care,4.18,2,Value,15,4.8069999999999995,14.999999999999991,OK,False,460000,0.31,1,0.999990952514284,Strong Premium,True,14.68999999999999
14775,UK,Food & Refreshment,12.97,1,Value,12,14.526400000000002,12.00000000000001,OK,True,520000,0.32,0,8.248669927223737e-16,Standard / Value,False,11.68000000000001
14776,France,Personal Care,10.65,8,Premium,60,17.040000000000003,60.00000000000003,OK,True,430000,0.29,0,8.024217092590475e-16,Standard / Value,False,59.71000000000003
14777,Spain,Personal Care,8.44,9,Premium,60,13.504,60.00000000000001,OK,True,410000,0.3,0,3.6196737287189683e-19,Standard / Value,False,59.70000000000001
14778,Spain,Personal Care,9.34,9,Premium,60,14.944,60.00000000000001,OK,True,410000,0.3,0,3.6196737287189683e-19,Standard / Value,False,59.70000000000001
14779,UK,Food & Refreshment,1.82,8,Premium,55,2.821,55.00000000000001,OK,True,520000,0.32,0,8.248669927223737e-16,Standard / Value,False,54.68000000000001
14780,Spain,Personal Care,7.37,5,Standard,30,9.581,30.00000000000003,OK,True,410000,0.3,0,3.6196737287189683e-19,Standard / Value,False,29.700000000000028
14781,Germany,Personal Care,3.31,1,Value,15,3.8065,14.999999999999991,OK,False,460000,0.31,1,0.999990952514284,Strong Premium,True,14.68999999999999
14782,France,Personal Care,3.52,9,Premium,60,5.632000000000001,60.00000000000001,OK,True,430000,0.29,0,8.024217092590475e-16,Standard / Value,False,59.71000000000001
14783,Spain,Home Care,10.09,6,Standard,25,12.6125,25.0,OK,False,410000,0.3,0,3.6196737287189683e-19,Standard / Value,True,24.7
14784,Spain,Personal Care,13.71,7,Standard,30,17.823,30.000000000000004,OK,True,410000,0.3,0,3.6196737287189683e-19,Standard / Value,False,29.700000000000003
14785,UK,Food & Refreshment,6.35,8,Premium,55,9.8425,55.00000000000001,OK,True,520000,0.32,0,8.248669927223737e-16,Standard / Value,False,54.68000000000001
14786,Germany,Food & Refreshment,3.51,5,Standard,28,4.4928,28.000000000000004,OK,True,460000,0.31,1,0.999990952514284,Strong Premium,False,27.690000000000005
14787,Spain,Home Care,9.91,6,Standard,25,12.3875,25.0,OK,False,410000,0.3,0,3.6196737287189683e-19,Standard / Value,True,24.7
14788,UK,Food & Refreshment,13.13,7,Standard,28,16.8064,28.000000000000004,OK,True,520000,0.32,0,8.248669927223737e-16,Standard / Value,False,27.680000000000003
14789,Spain,Food & Refreshment,11.35,7,Standard,28,14.528,28.000000000000004,OK,True,410000,0.3,0,3.6196737287189683e-19,Standard / Value,False,27.700000000000003
14790,UK,Home Care,13.1,2,Value,10,14.41,10.000000000000009,OK,True,520000,0.32,0,8.248669927223737e-16,Standard / Value,False,9.680000000000009
14791,UK,Personal Care,8.28,1,Value,15,9.521999999999998,14.999999999999991,OK,False,520000,0.32,0,8.248669927223737e-16,Standard / Value,True,14.67999999999999
14792,Germany,Home Care,11.4,8,Premium,50,17.1,50.0,OK,False,460000,0.31,1,0.999990952514284,Strong Premium,True,49.69
14793,Spain,Personal Care,2.53,5,Standard,30,3.2889999999999997,30.000000000000004,OK,True,410000,0.3,0,3.6196737287189683e-19,Standard / Value,False,29.700000000000003
14794,Germany,Personal Care,5.55,10,Premium,60,8.88,60.00000000000001,OK,True,460000,0.31,1,0.999990952514284,Strong Premium,False,59.690000000000005
14795,UK,Food & Refreshment,6.15,2,Value,12,6.888000000000001,12.00000000000001,OK,True,520000,0.32,0,8.248669927223737e-16,Standard / Value,False,11.68000000000001
14796,France,Home Care,7.91,3,Value,10,8.701,10.000000000000009,OK,True,430000,0.29,0,8.024217092590475e-16,Standard / Value,False,9.71000000000001
14797,Spain,Food & Refreshment,13.97,6,Standard,28,17.881600000000002,28.000000000000004,OK,True,410000,0.3,0,3.6196737287189683e-19,Standard / Value,False,27.700000000000003
14798,France,Food & Refreshment,13.18,10,Premium,55,20.429,54.999999999999986,OK,False,430000,0.29,0,8.024217092590475e-16,Standard / Value,True,54.70999999999999
14799,Spain,Personal Care,2.45,6,Standard,30,3.1850000000000005,30.000000000000004,OK,True,410000,0.3,0,3.6196737287189683e-19,Standard / Value,False,29.700000000000003
14800,Germany,Food & Refreshment,3.01,8,Premium,55,4.6655,55.00000000000001,OK,True,460000,0.31,1,0.999990952514284,Strong Premium,False,54.690000000000005
14801,Germany,Home Care,5.69,5,Standard,25,7.112500000000001,25.0,OK,False,460000,0.31,1,0.999990952514284,Strong Premium,True,24.69
14802,Germany,Food & Refreshment,4.72,5,Standard,28,6.0416,28.000000000000004,OK,True,460000,0.31,1,0.999990952514284,Strong Premium,False,27.690000000000005
14803,Germany,Food & Refreshment,9.41,7,Standard,28,12.0448,28.000000000000004,OK,True,460000,0.31,1,0.999990952514284,Strong Premium,False,27.690000000000005
14804,Germany,Personal Care,13.59,10,Premium,60,21.744,60.00000000000001,OK,True,460000,0.31,1,0.999990952514284,Strong Premium,False,59.690000000000005
14805,France,Home Care,14.45,5,Standard,25,18.0625,25.0,OK,False,430000,0.29,0,8.024217092590475e-16,Standard / Value,True,24.71
14806,Germany,Food & Refreshment,9.98,9,Premium,55,15.469,55.00000000000001,OK,True,460000,0.31,1,0.999990952514284,Strong Premium,False,54.690000000000005
14807,UK,Personal Care,12.65,6,Standard,30,16.445,30.000000000000004,OK,True,520000,0.32,0,8.248669927223737e-16,Standard / Value,False,29.680000000000003
14808,UK,Food & Refreshment,8.12,7,Standard,28,10.3936,28.000000000000004,OK,True,520000,0.32,0,8.248669927223737e-16,Standard / Value,False,27.680000000000003
14809,France,Home Care,3.52,8,Premium,50,5.28,50.0,OK,False,430000,0.29,0,8.024217092590475e-16,Standard / Value,True,49.71
14810,Spain,Food & Refreshment,8.11,5,Standard,28,10.3808,28.000000000000004,OK,True,410000,0.3,0,3.6196737287189683e-19,Standard / Value,False,27.700000000000003
14811,UK,Food & Refreshment,8.55,4,Standard,28,10.944,28.000000000000004,OK,True,520000,0.32,0,8.248669927223737e-16,Standard / Value,False,27.680000000000003
14812,Spain,Personal Care,11.27,8,Premium,60,18.032,60.00000000000001,OK,True,410000,0.3,0,3.6196737287189683e-19,Standard / Value,False,59.70000000000001
14813,France,Food & Refreshment,3.69,10,Premium,55,5.7195,55.00000000000001,OK,True,430000,0.29,0,8.024217092590475e-16,Standard / Value,False,54.71000000000001
14814,Spain,Personal Care,5.84,9,Premium,60,9.344,59.999999999999986,OK,False,410000,0.3,0,3.6196737287189683e-19,Standard / Value,True,59.69999999999999
14815,Spain,Home Care,5.78,1,Value,10,6.3580000000000005,10.000000000000009,OK,True,410000,0.3,0,3.6196737287189683e-19,Standard / Value,False,9.700000000000008
14816,Spain,Food & Refreshment,14.41,3,Value,12,16.139200000000002,12.00000000000001,OK,True,410000,0.3,0,3.6196737287189683e-19,Standard / Value,False,11.70000000000001
14817,Spain,Home Care,6.94,4,Standard,25,8.675,25.0,OK,False,410000,0.3,0,3.6196737287189683e-19,Standard / Value,True,24.7
14818,France,Home Care,11.45,7,Standard,25,14.3125,25.0,OK,False,430000,0.29,0,8.024217092590475e-16,Standard / Value,True,24.71
14819,UK,Food & Refreshment,11.39,6,Standard,28,14.5792,28.000000000000004,OK,True,520000,0.32,0,8.248669927223737e-16,Standard / Value,False,27.680000000000003
14820,Germany,Personal Care,4.35,10,Premium,60,6.96,60.00000000000001,OK,True,460000,0.31,1,0.999990952514284,Strong Premium,False,59.690000000000005
14821,Spain,Home Care,8.79,10,Premium,50,13.185,50.0,OK,False,410000,0.3,0,3.6196737287189683e-19,Standard / Value,True,49.7
14822,UK,Home Care,13.47,1,Value,10,14.817000000000002,10.000000000000009,OK,True,520000,0.32,0,8.248669927223737e-16,Standard / Value,False,9.680000000000009
14823,UK,Food & Refreshment,7.39,4,Standard,28,9.4592,28.000000000000004,OK,True,520000,0.32,0,8.248669927223737e-16,Standard / Value,False,27.680000000000003
14824,France,Food & Refreshment,14.2,6,Standard,28,18.176,28.000000000000004,OK,True,430000,0.29,0,8.024217092590475e-16,Standard / Value,False,27.710000000000004
14825,UK,Food & Refreshment,3.61,3,Value,12,4.043200000000001,12.00000000000001,OK,True,520000,0.32,0,8.248669927223737e-16,Standard / Value,False,11.68000000000001
14826,France,Food & Refreshment,1.58,2,Value,12,1.7696000000000005,12.00000000000001,OK,True,430000,0.29,0,8.024217092590475e-16,Standard / Value,False,11.710000000000012
14827,Spain,Food & Refreshment,13.43,2,Value,12,15.0416,12.00000000000001,OK,True,410000,0.3,0,3.6196737287189683e-19,Standard / Value,False,11.70000000000001
14828,Spain,Food & Refreshment,12.79,10,Premium,55,19.8245,55.00000000000001,OK,True,410000,0.3,0,3.6196737287189683e-19,Standard / Value,False,54.70000000000001
14829,Germany,Personal Care,14.89,4,Standard,30,19.357000000000003,30.000000000000004,OK,True,460000,0.31,1,0.999990952514284,Strong Premium,False,29.690000000000005
14830,Germany,Home Care,10.35,1,Value,10,11.385,10.000000000000009,OK,True,460000,0.31,1,0.999990952514284,Strong Premium,False,9.690000000000008
14831,Germany,Personal Care,14.08,10,Premium,60,22.528,60.00000000000001,OK,True,460000,0.31,1,0.999990952514284,Strong Premium,False,59.690000000000005
14832,UK,Personal Care,12.49,2,Value,15,14.363499999999998,14.999999999999991,OK,False,520000,0.32,0,8.248669927223737e-16,Standard / Value,True,14.67999999999999
14833,Spain,Food & Refreshment,12.74,10,Premium,55,19.747,55.00000000000001,OK,True,410000,0.3,0,3.6196737287189683e-19,Standard / Value,False,54.70000000000001
14834,France,Home Care,8.75,2,Value,10,9.625,10.000000000000009,OK,True,430000,0.29,0,8.024217092590475e-16,Standard / Value,False,9.71000000000001
14835,Germany,Personal Care,6.04,4,Standard,30,7.852,30.000000000000004,OK,True,460000,0.31,1,0.999990952514284,Strong Premium,False,29.690000000000005
14836,France,Food & Refreshment,14.05,4,Standard,28,17.984,28.000000000000004,OK,True,430000,0.29,0,8.024217092590475e-16,Standard / Value,False,27.710000000000004
14837,France,Food & Refreshment,6.77,1,Value,12,7.5824,12.00000000000001,OK,True,430000,0.29,0,8.024217092590475e-16,Standard / Value,False,11.710000000000012
14838,Germany,Home Care,8.31,7,Standard,25,10.3875,25.0,OK,False,460000,0.31,1,0.999990952514284,Strong Premium,True,24.69
14839,Spain,Personal Care,6.97,7,Standard,30,9.061,30.000000000000004,OK,True,410000,0.3,0,3.6196737287189683e-19,Standard / Value,False,29.700000000000003
14840,Germany,Personal Care,8.69,10,Premium,60,13.904,60.00000000000001,OK,True,460000,0.31,1,0.999990952514284,Strong Premium,False,59.690000000000005
14841,France,Personal Care,7.32,10,Premium,60,11.712000000000002,60.00000000000001,OK,True,430000,0.29,0,8.024217092590475e-16,Standard / Value,False,59.71000000000001
14842,Germany,Food & Refreshment,1.2,10,Premium,55,1.86,55.00000000000001,OK,True,460000,0.31,1,0.999990952514284,Strong Premium,False,54.690000000000005
14843,France,Home Care,13.29,1,Value,10,14.619,10.000000000000009,OK,True,430000,0.29,0,8.024217092590475e-16,Standard / Value,False,9.71000000000001
14844,France,Home Care,6.94,8,Premium,50,10.41,50.0,OK,False,430000,0.29,0,8.024217092590475e-16,Standard / Value,True,49.71
14845,Germany,Personal Care,9.04,10,Premium,60,14.464,60.00000000000001,OK,True,460000,0.31,1,0.999990952514284,Strong Premium,False,59.690000000000005
14846,UK,Food & Refreshment,2.52,7,Standard,28,3.2256,28.000000000000004,OK,True,520000,0.32,0,8.248669927223737e-16,Standard / Value,False,27.680000000000003
14847,Germany,Personal Care,0.55,7,Standard,30,0.7150000000000001,30.000000000000004,OK,True,460000,0.31,1,0.999990952514284,Strong Premium,False,29.690000000000005
14848,UK,Home Care,4.06,6,Standard,25,5.074999999999999,25.0,OK,False,520000,0.32,0,8.248669927223737e-16,Standard / Value,True,24.68
14849,France,Food & Refreshment,10.72,4,Standard,28,13.7216,28.000000000000004,OK,True,430000,0.29,0,8.024217092590475e-16,Standard / Value,False,27.710000000000004
14850,France,Personal Care,1.94,8,Premium,60,3.104,60.00000000000001,OK,True,430000,0.29,0,8.024217092590475e-16,Standard / Value,False,59.71000000000001
14851,UK,Personal Care,13.68,2,Value,15,15.732,14.999999999999991,OK,False,520000,0.32,0,8.248669927223737e-16,Standard / Value,True,14.67999999999999
14852,France,Food & Refreshment,3.62,7,Standard,28,4.6336,28.000000000000004,OK,True,430000,0.29,0,8.024217092590475e-16,Standard / Value,False,27.710000000000004
14853,UK,Home Care,3.47,3,Value,10,3.8170000000000006,10.000000000000009,OK,True,520000,0.32,0,8.248669927223737e-16,Standard / Value,False,9.680000000000009
14854,UK,Food & Refreshment,3.13,3,Value,12,3.5056000000000003,12.00000000000001,OK,True,520000,0.32,0,8.248669927223737e-16,Standard / Value,False,11.68000000000001
14855,France,Personal Care,0.7,7,Standard,30,0.91,30.000000000000004,OK,True,430000,0.29,0,8.024217092590475e-16,Standard / Value,False,29.710000000000004
14856,Spain,Personal Care,11.69,3,Value,15,13.443499999999998,14.999999999999991,OK,False,410000,0.3,0,3.6196737287189683e-19,Standard / Value,True,14.69999999999999
14857,UK,Personal Care,13.19,5,Standard,30,17.147,29.999999999999982,OK,False,520000,0.32,0,8.248669927223737e-16,Standard / Value,True,29.679999999999982
14858,Germany,Personal Care,9.41,8,Premium,60,15.056,60.00000000000001,OK,True,460000,0.31,1,0.999990952514284,Strong Premium,False,59.690000000000005
14859,Germany,Home Care,3.23,4,Standard,25,4.0375,25.0,OK,False,460000,0.31,1,0.999990952514284,Strong Premium,True,24.69
14860,France,Home Care,4.64,7,Standard,25,5.8,25.0,OK,False,430000,0.29,0,8.024217092590475e-16,Standard / Value,True,24.71
14861,Spain,Personal Care,7.4,7,Standard,30,9.62,30.000000000000004,OK,True,410000,0.3,0,3.6196737287189683e-19,Standard / Value,False,29.700000000000003
14862,France,Home Care,14.34,2,Value,10,15.774,10.000000000000009,OK,True,430000,0.29,0,8.024217092590475e-16,Standard / Value,False,9.71000000000001
14863,Spain,Home Care,4.09,8,Premium,50,6.135,50.0,OK,False,410000,0.3,0,3.6196737287189683e-19,Standard / Value,True,49.7
14864,UK,Home Care,11.11,10,Premium,50,16.665,50.0,OK,False,520000,0.32,0,8.248669927223737e-16,Standard / Value,True,49.68
14865,UK,Personal Care,6.87,10,Premium,60,10.992,60.00000000000001,OK,True,520000,0.32,0,8.248669927223737e-16,Standard / Value,False,59.68000000000001
14866,UK,Food & Refreshment,4.82,9,Premium,55,7.471000000000001,55.00000000000001,OK,True,520000,0.32,0,8.248669927223737e-16,Standard / Value,False,54.68000000000001
14867,UK,Food & Refreshment,7.11,6,Standard,28,9.1008,28.000000000000004,OK,True,520000,0.32,0,8.248669927223737e-16,Standard / Value,False,27.680000000000003
14868,Germany,Food & Refreshment,1.53,5,Standard,28,1.9584,28.000000000000004,OK,True,460000,0.31,1,0.999990952514284,Strong Premium,False,27.690000000000005
14869,Germany,Personal Care,12.08,1,Value,15,13.892,14.999999999999991,OK,False,460000,0.31,1,0.999990952514284,Strong Premium,True,14.68999999999999
14870,France,Home Care,4.03,1,Value,10,4.433000000000001,10.000000000000009,OK,True,430000,0.29,0,8.024217092590475e-16,Standard / Value,False,9.71000000000001
14871,Spain,Home Care,11.02,9,Premium,50,16.53,50.00000000000002,OK,True,410000,0.3,0,3.6196737287189683e-19,Standard / Value,False,49.700000000000024
14872,UK,Personal Care,1.49,4,Standard,30,1.937,30.000000000000004,OK,True,520000,0.32,0,8.248669927223737e-16,Standard / Value,False,29.680000000000003
14873,UK,Personal Care,14.35,1,Value,15,16.502499999999998,14.999999999999991,OK,False,520000,0.32,0,8.248669927223737e-16,Standard / Value,True,14.67999999999999
14874,Spain,Food & Refreshment,3.3,10,Premium,55,5.115,55.00000000000001,OK,True,410000,0.3,0,3.6196737287189683e-19,Standard / Value,False,54.70000000000001
14875,Spain,Food & Refreshment,13.3,3,Value,12,14.896000000000004,12.00000000000001,OK,True,410000,0.3,0,3.6196737287189683e-19,Standard / Value,False,11.70000000000001
14876,France,Personal Care,12.24,6,Standard,30,15.912,30.000000000000004,OK,True,430000,0.29,0,8.024217092590475e-16,Standard / Value,False,29.710000000000004
14877,Spain,Food & Refreshment,14.53,8,Premium,55,22.5215,55.00000000000001,OK,True,410000,0.3,0,3.6196737287189683e-19,Standard / Value,False,54.70000000000001
14878,UK,Home Care,7.43,10,Premium,50,11.145,50.0,OK,False,520000,0.32,0,8.248669927223737e-16,Standard / Value,True,49.68
14879,UK,Personal Care,11.05,2,Value,15,12.7075,14.999999999999991,OK,False,520000,0.32,0,8.248669927223737e-16,Standard / Value,True,14.67999999999999
14880,UK,Personal Care,5.88,8,Premium,60,9.408,59.999999999999986,OK,False,520000,0.32,0,8.248669927223737e-16,Standard / Value,True,59.679999999999986
14881,UK,Home Care,3.17,1,Value,10,3.487,10.000000000000009,OK,True,520000,0.32,0,8.248669927223737e-16,Standard / Value,False,9.680000000000009
14882,UK,Home Care,6.92,2,Value,10,7.612,10.000000000000009,OK,True,520000,0.32,0,8.248669927223737e-16,Standard / Value,False,9.680000000000009
14883,France,Home Care,2.9,8,Premium,50,4.35,50.0,OK,False,430000,0.29,0,8.024217092590475e-16,Standard / Value,True,49.71
14884,UK,Food & Refreshment,14.74,7,Standard,28,18.8672,28.000000000000004,OK,True,520000,0.32,0,8.248669927223737e-16,Standard / Value,False,27.680000000000003
14885,France,Personal Care,1.9,5,Standard,30,2.47,29.999999999999982,OK,False,430000,0.29,0,8.024217092590475e-16,Standard / Value,True,29.709999999999983
14886,UK,Food & Refreshment,9.04,10,Premium,55,14.012,55.00000000000001,OK,True,520000,0.32,0,8.248669927223737e-16,Standard / Value,False,54.68000000000001
14887,Germany,Home Care,9.58,2,Value,10,10.538,10.000000000000009,OK,True,460000,0.31,1,0.999990952514284,Strong Premium,False,9.690000000000008
14888,Germany,Food & Refreshment,8.3,9,Premium,55,12.865000000000002,55.00000000000001,OK,True,460000,0.31,1,0.999990952514284,Strong Premium,False,54.690000000000005
14889,Germany,Home Care,10.1,5,Standard,25,12.625,25.0,OK,False,460000,0.31,1,0.999990952514284,Strong Premium,True,24.69
14890,Germany,Food & Refreshment,2.18,8,Premium,55,3.3790000000000004,55.00000000000001,OK,True,460000,0.31,1,0.999990952514284,Strong Premium,False,54.690000000000005
14891,France,Food & Refreshment,8.55,4,Standard,28,10.944,28.000000000000004,OK,True,430000,0.29,0,8.024217092590475e-16,Standard / Value,False,27.710000000000004
14892,France,Home Care,4.66,9,Premium,50,6.99,50.0,OK,False,430000,0.29,0,8.024217092590475e-16,Standard / Value,True,49.71
14893,Spain,Food & Refreshment,14.13,10,Premium,55,21.9015,55.00000000000001,OK,True,410000,0.3,0,3.6196737287189683e-19,Standard / Value,False,54.70000000000001
14894,UK,Personal Care,11.55,7,Standard,30,15.015,30.000000000000004,OK,True,520000,0.32,0,8.248669927223737e-16,Standard / Value,False,29.680000000000003
14895,Germany,Food & Refreshment,14.6,2,Value,12,16.352,12.00000000000001,OK,True,460000,0.31,1,0.999990952514284,Strong Premium,False,11.69000000000001
14896,France,Food & Refreshment,1.04,3,Value,12,1.1648,12.00000000000001,OK,True,430000,0.29,0,8.024217092590475e-16,Standard / Value,False,11.710000000000012
14897,UK,Personal Care,4.63,2,Value,15,5.3245,14.999999999999991,OK,False,520000,0.32,0,8.248669927223737e-16,Standard / Value,True,14.67999999999999
14898,UK,Home Care,3.33,5,Standard,25,4.1625,24.99999999999998,OK,False,520000,0.32,0,8.248669927223737e-16,Standard / Value,True,24.67999999999998
14899,France,Personal Care,0.66,2,Value,15,0.759,14.999999999999991,OK,False,430000,0.29,0,8.024217092590475e-16,Standard / Value,True,14.709999999999992
14900,Germany,Food & Refreshment,4.01,5,Standard,28,5.1328,28.000000000000004,OK,True,460000,0.31,1,0.999990952514284,Strong Premium,False,27.690000000000005
14901,Spain,Home Care,10.34,9,Premium,50,15.51,50.0,OK,False,410000,0.3,0,3.6196737287189683e-19,Standard / Value,True,49.7
14902,UK,Food & Refreshment,3.85,2,Value,12,4.312,12.00000000000001,OK,True,520000,0.32,0,8.248669927223737e-16,Standard / Value,False,11.68000000000001
14903,Spain,Food & Refreshment,7.88,9,Premium,55,12.214,55.00000000000001,OK,True,410000,0.3,0,3.6196737287189683e-19,Standard / Value,False,54.70000000000001
14904,Germany,Personal Care,13.37,7,Standard,30,17.381,30.000000000000004,OK,True,460000,0.31,1,0.999990952514284,Strong Premium,False,29.690000000000005
14905,Germany,Personal Care,10.56,7,Standard,30,13.728000000000002,30.000000000000004,OK,True,460000,0.31,1,0.999990952514284,Strong Premium,False,29.690000000000005
14906,Spain,Home Care,6.22,5,Standard,25,7.775,25.0,OK,False,410000,0.3,0,3.6196737287189683e-19,Standard / Value,True,24.7
14907,Germany,Home Care,5.9,8,Premium,50,8.850000000000001,50.00000000000002,OK,True,460000,0.31,1,0.999990952514284,Strong Premium,False,49.69000000000002
14908,UK,Home Care,7.11,7,Standard,25,8.887500000000001,25.0,OK,False,520000,0.32,0,8.248669927223737e-16,Standard / Value,True,24.68
14909,Spain,Food & Refreshment,3.07,6,Standard,28,3.9296,28.000000000000004,OK,True,410000,0.3,0,3.6196737287189683e-19,Standard / Value,False,27.700000000000003
14910,Germany,Personal Care,9.69,2,Value,15,11.143499999999998,14.999999999999991,OK,False,460000,0.31,1,0.999990952514284,Strong Premium,True,14.68999999999999
14911,Spain,Personal Care,5.78,6,Standard,30,7.514,30.000000000000004,OK,True,410000,0.3,0,3.6196737287189683e-19,Standard / Value,False,29.700000000000003
14912,UK,Personal Care,12.86,2,Value,15,14.788999999999998,14.999999999999991,OK,False,520000,0.32,0,8.248669927223737e-16,Standard / Value,True,14.67999999999999
14913,Germany,Home Care,11.47,1,Value,10,12.617,10.000000000000009,OK,True,460000,0.31,1,0.999990952514284,Strong Premium,False,9.690000000000008
14914,UK,Personal Care,9.35,9,Premium,60,14.96,60.00000000000001,OK,True,520000,0.32,0,8.248669927223737e-16,Standard / Value,False,59.68000000000001
14915,Germany,Personal Care,5.78,5,Standard,30,7.514,30.000000000000004,OK,True,460000,0.31,1,0.999990952514284,Strong Premium,False,29.690000000000005
14916,France,Personal Care,3.54,10,Premium,60,5.664000000000001,60.00000000000001,OK,True,430000,0.29,0,8.024217092590475e-16,Standard / Value,False,59.71000000000001
14917,Germany,Home Care,11.75,10,Premium,50,17.625,50.0,OK,False,460000,0.31,1,0.999990952514284,Strong Premium,True,49.69
14918,Spain,Personal Care,7.55,4,Standard,30,9.815,30.000000000000004,OK,True,410000,0.3,0,3.6196737287189683e-19,Standard / Value,False,29.700000000000003
14919,Germany,Home Care,3.76,8,Premium,50,5.64,50.0,OK,False,460000,0.31,1,0.999990952514284,Strong Premium,True,49.69
14920,UK,Personal Care,3.33,5,Standard,30,4.329000000000001,30.00000000000003,OK,True,520000,0.32,0,8.248669927223737e-16,Standard / Value,False,29.680000000000028
14921,UK,Personal Care,2.9,7,Standard,30,3.77,30.000000000000004,OK,True,520000,0.32,0,8.248669927223737e-16,Standard / Value,False,29.680000000000003
14922,Germany,Personal Care,11.77,3,Value,15,13.5355,14.999999999999991,OK,False,460000,0.31,1,0.999990952514284,Strong Premium,True,14.68999999999999
14923,Spain,Home Care,3.82,8,Premium,50,5.7299999999999995,50.0,OK,False,410000,0.3,0,3.6196737287189683e-19,Standard / Value,True,49.7
14924,France,Home Care,8.14,8,Premium,50,12.21,50.0,OK,False,430000,0.29,0,8.024217092590475e-16,Standard / Value,True,49.71
14925,Spain,Personal Care,7.05,3,Value,15,8.1075,14.999999999999991,OK,False,410000,0.3,0,3.6196737287189683e-19,Standard / Value,True,14.69999999999999
14926,France,Food & Refreshment,8.9,9,Premium,55,13.795000000000002,55.00000000000001,OK,True,430000,0.29,0,8.024217092590475e-16,Standard / Value,False,54.71000000000001
14927,UK,Home Care,13.22,8,Premium,50,19.83,50.0,OK,False,520000,0.32,0,8.248669927223737e-16,Standard / Value,True,49.68
14928,Spain,Home Care,13.08,1,Value,10,14.388000000000002,10.000000000000009,OK,True,410000,0.3,0,3.6196737287189683e-19,Standard / Value,False,9.700000000000008
14929,France,Personal Care,7.04,8,Premium,60,11.264,60.00000000000001,OK,True,430000,0.29,0,8.024217092590475e-16,Standard / Value,False,59.71000000000001
14930,Germany,Food & Refreshment,0.72,4,Standard,28,0.9216,28.000000000000004,OK,True,460000,0.31,1,0.999990952514284,Strong Premium,False,27.690000000000005
14931,UK,Personal Care,6.68,6,Standard,30,8.684,30.000000000000004,OK,True,520000,0.32,0,8.248669927223737e-16,Standard / Value,False,29.680000000000003
14932,Germany,Home Care,9.29,10,Premium,50,13.935,50.0,OK,False,460000,0.31,1,0.999990952514284,Strong Premium,True,49.69
14933,UK,Home Care,8.59,9,Premium,50,12.885,50.0,OK,False,520000,0.32,0,8.248669927223737e-16,Standard / Value,True,49.68
14934,Spain,Personal Care,9.94,5,Standard,30,12.922,30.000000000000004,OK,True,410000,0.3,0,3.6196737287189683e-19,Standard / Value,False,29.700000000000003
14935,Spain,Personal Care,2.73,7,Standard,30,3.549,30.000000000000004,OK,True,410000,0.3,0,3.6196737287189683e-19,Standard / Value,False,29.700000000000003
14936,UK,Food & Refreshment,9.87,1,Value,12,11.0544,12.00000000000001,OK,True,520000,0.32,0,8.248669927223737e-16,Standard / Value,False,11.68000000000001
14937,UK,Food & Refreshment,3.15,9,Premium,55,4.8825,55.00000000000001,OK,True,520000,0.32,0,8.248669927223737e-16,Standard / Value,False,54.68000000000001
14938,UK,Home Care,11.38,6,Standard,25,14.225,25.0,OK,False,520000,0.32,0,8.248669927223737e-16,Standard / Value,True,24.68
14939,Spain,Food & Refreshment,5.42,4,Standard,28,6.9376,28.000000000000004,OK,True,410000,0.3,0,3.6196737287189683e-19,Standard / Value,False,27.700000000000003
14940,France,Food & Refreshment,10.79,6,Standard,28,13.8112,28.000000000000004,OK,True,430000,0.29,0,8.024217092590475e-16,Standard / Value,False,27.710000000000004
14941,Germany,Home Care,1.19,5,Standard,25,1.4874999999999998,25.0,OK,False,460000,0.31,1,0.999990952514284,Strong Premium,True,24.69
14942,Germany,Home Care,6.41,3,Value,10,7.051000000000001,10.000000000000009,OK,True,460000,0.31,1,0.999990952514284,Strong Premium,False,9.690000000000008
14943,Spain,Home Care,10.72,7,Standard,25,13.4,25.0,OK,False,410000,0.3,0,3.6196737287189683e-19,Standard / Value,True,24.7
14944,Germany,Home Care,3.79,3,Value,10,4.1690000000000005,10.000000000000009,OK,True,460000,0.31,1,0.999990952514284,Strong Premium,False,9.690000000000008
14945,UK,Personal Care,12.03,2,Value,15,13.834499999999998,14.999999999999991,OK,False,520000,0.32,0,8.248669927223737e-16,Standard / Value,True,14.67999999999999
14946,France,Home Care,9.65,4,Standard,25,12.0625,25.0,OK,False,430000,0.29,0,8.024217092590475e-16,Standard / Value,True,24.71
14947,Germany,Home Care,9.02,7,Standard,25,11.275,25.0,OK,False,460000,0.31,1,0.999990952514284,Strong Premium,True,24.69
14948,France,Home Care,5.63,5,Standard,25,7.0375,25.0,OK,False,430000,0.29,0,8.024217092590475e-16,Standard / Value,True,24.71
14949,UK,Food & Refreshment,7.5,9,Premium,55,11.625,55.00000000000001,OK,True,520000,0.32,0,8.248669927223737e-16,Standard / Value,False,54.68000000000001
14950,Germany,Home Care,9.16,10,Premium,50,13.74,50.0,OK,False,460000,0.31,1,0.999990952514284,Strong Premium,True,49.69
14951,Spain,Personal Care,7.35,7,Standard,30,9.555,30.000000000000004,OK,True,410000,0.3,0,3.6196737287189683e-19,Standard / Value,False,29.700000000000003
14952,France,Personal Care,10.63,9,Premium,60,17.008000000000003,60.00000000000001,OK,True,430000,0.29,0,8.024217092590475e-16,Standard / Value,False,59.71000000000001
14953,UK,Home Care,6.79,9,Premium,50,10.185,50.0,OK,False,520000,0.32,0,8.248669927223737e-16,Standard / Value,True,49.68
14954,France,Personal Care,3.43,2,Value,15,3.9445,14.999999999999991,OK,False,430000,0.29,0,8.024217092590475e-16,Standard / Value,True,14.709999999999992
14955,Germany,Food & Refreshment,3.6,1,Value,12,4.032000000000001,12.000000000000032,OK,True,460000,0.31,1,0.999990952514284,Strong Premium,False,11.690000000000031
14956,Germany,Home Care,0.58,4,Standard,25,0.725,25.0,OK,False,460000,0.31,1,0.999990952514284,Strong Premium,True,24.69
14957,Spain,Personal Care,4.86,4,Standard,30,6.3180000000000005,30.000000000000004,OK,True,410000,0.3,0,3.6196737287189683e-19,Standard / Value,False,29.700000000000003
14958,UK,Personal Care,11.36,2,Value,15,13.063999999999998,14.999999999999991,OK,False,520000,0.32,0,8.248669927223737e-16,Standard / Value,True,14.67999999999999
14959,UK,Home Care,12.02,3,Value,10,13.222,10.000000000000009,OK,True,520000,0.32,0,8.248669927223737e-16,Standard / Value,False,9.680000000000009
14960,Spain,Personal Care,3.44,3,Value,15,3.955999999999999,14.999999999999991,OK,False,410000,0.3,0,3.6196737287189683e-19,Standard / Value,True,14.69999999999999
14961,Spain,Home Care,14.41,5,Standard,25,18.0125,25.0,OK,False,410000,0.3,0,3.6196737287189683e-19,Standard / Value,True,24.7
14962,UK,Personal Care,7.78,1,Value,15,8.947,14.999999999999991,OK,False,520000,0.32,0,8.248669927223737e-16,Standard / Value,True,14.67999999999999
14963,France,Food & Refreshment,13.8,9,Premium,55,21.39,55.00000000000001,OK,True,430000,0.29,0,8.024217092590475e-16,Standard / Value,False,54.71000000000001
14964,France,Personal Care,10.75,8,Premium,60,17.2,59.999999999999986,OK,False,430000,0.29,0,8.024217092590475e-16,Standard / Value,True,59.70999999999999
14965,Spain,Personal Care,10.98,8,Premium,60,17.568,60.00000000000001,OK,True,410000,0.3,0,3.6196737287189683e-19,Standard / Value,False,59.70000000000001
14966,France,Home Care,1.73,3,Value,10,1.903,10.000000000000009,OK,True,430000,0.29,0,8.024217092590475e-16,Standard / Value,False,9.71000000000001
14967,UK,Personal Care,3.69,2,Value,15,4.2435,15.000000000000014,OK,True,520000,0.32,0,8.248669927223737e-16,Standard / Value,False,14.680000000000014
14968,Germany,Home Care,0.63,1,Value,10,0.6930000000000001,10.000000000000009,OK,True,460000,0.31,1,0.999990952514284,Strong Premium,False,9.690000000000008
14969,Germany,Food & Refreshment,10.88,6,Standard,28,13.9264,28.000000000000004,OK,True,460000,0.31,1,0.999990952514284,Strong Premium,False,27.690000000000005
14970,France,Home Care,5.49,10,Premium,50,8.235,49.99999999999998,OK,False,430000,0.29,0,8.024217092590475e-16,Standard / Value,True,49.70999999999998
14971,Spain,Home Care,11.91,1,Value,10,13.101,10.000000000000009,OK,True,410000,0.3,0,3.6196737287189683e-19,Standard / Value,False,9.700000000000008
14972,Spain,Personal Care,5.41,5,Standard,30,7.033,30.000000000000004,OK,True,410000,0.3,0,3.6196737287189683e-19,Standard / Value,False,29.700000000000003
14973,Spain,Food & Refreshment,12.38,9,Premium,55,19.189,54.999999999999986,OK,False,410000,0.3,0,3.6196737287189683e-19,Standard / Value,True,54.69999999999999
14974,Spain,Home Care,2.4,9,Premium,50,3.5999999999999996,50.0,OK,False,410000,0.3,0,3.6196737287189683e-19,Standard / Value,True,49.7
14975,Spain,Personal Care,3.01,4,Standard,30,3.913,30.000000000000004,OK,True,410000,0.3,0,3.6196737287189683e-19,Standard / Value,False,29.700000000000003
14976,France,Personal Care,5.44,7,Standard,30,7.072000000000001,30.000000000000004,OK,True,430000,0.29,0,8.024217092590475e-16,Standard / Value,False,29.710000000000004
14977,Germany,Home Care,6.42,7,Standard,25,8.025,25.0,OK,False,460000,0.31,1,0.999990952514284,Strong Premium,True,24.69
14978,Germany,Personal Care,5.56,4,Standard,30,7.228,30.000000000000004,OK,True,460000,0.31,1,0.999990952514284,Strong Premium,False,29.690000000000005
14979,France,Home Care,11.57,5,Standard,25,14.4625,25.0,OK,False,430000,0.29,0,8.024217092590475e-16,Standard / Value,True,24.71
14980,Spain,Home Care,1.91,9,Premium,50,2.865,50.0,OK,False,410000,0.3,0,3.6196737287189683e-19,Standard / Value,True,49.7
14981,France,Home Care,5.59,7,Standard,25,6.9875,25.0,OK,False,430000,0.29,0,8.024217092590475e-16,Standard / Value,True,24.71
14982,Germany,Food & Refreshment,12.64,7,Standard,28,16.1792,28.000000000000004,OK,True,460000,0.31,1,0.999990952514284,Strong Premium,False,27.690000000000005
14983,UK,Home Care,1.47,10,Premium,50,2.205,50.0,OK,False,520000,0.32,0,8.248669927223737e-16,Standard / Value,True,49.68
14984,France,Personal Care,14.16,7,Standard,30,18.408,30.000000000000004,OK,True,430000,0.29,0,8.024217092590475e-16,Standard / Value,False,29.710000000000004
14985,Spain,Food & Refreshment,14.8,9,Premium,55,22.94,55.00000000000001,OK,True,410000,0.3,0,3.6196737287189683e-19,Standard / Value,False,54.70000000000001
14986,Germany,Personal Care,1.78,5,Standard,30,2.314,30.000000000000004,OK,True,460000,0.31,1,0.999990952514284,Strong Premium,False,29.690000000000005
14987,Germany,Food & Refreshment,4.72,6,Standard,28,6.0416,28.000000000000004,OK,True,460000,0.31,1,0.999990952514284,Strong Premium,False,27.690000000000005
14988,Germany,Food & Refreshment,5.9,3,Value,12,6.608000000000001,12.00000000000001,OK,True,460000,0.31,1,0.999990952514284,Strong Premium,False,11.69000000000001
14989,Germany,Food & Refreshment,11.76,1,Value,12,13.1712,12.00000000000001,OK,True,460000,0.31,1,0.999990952514284,Strong Premium,False,11.69000000000001
14990,Spain,Food & Refreshment,9.14,2,Value,12,10.236800000000002,12.00000000000001,OK,True,410000,0.3,0,3.6196737287189683e-19,Standard / Value,False,11.70000000000001
14991,UK,Personal Care,9.84,8,Premium,60,15.744,60.00000000000001,OK,True,520000,0.32,0,8.248669927223737e-16,Standard / Value,False,59.68000000000001
14992,Germany,Home Care,11.48,1,Value,10,12.628000000000002,10.000000000000009,OK,True,460000,0.31,1,0.999990952514284,Strong Premium,False,9.690000000000008
14993,France,Personal Care,2.21,10,Premium,60,3.536,60.00000000000001,OK,True,430000,0.29,0,8.024217092590475e-16,Standard / Value,False,59.71000000000001
14994,UK,Home Care,12.58,7,Standard,25,15.725,25.0,OK,False,520000,0.32,0,8.248669927223737e-16,Standard / Value,True,24.68
14995,Germany,Personal Care,10.73,5,Standard,30,13.949000000000002,30.000000000000004,OK,True,460000,0.31,1,0.999990952514284,Strong Premium,False,29.690000000000005
14996,UK,Food & Refreshment,8.87,6,Standard,28,11.353599999999998,28.000000000000004,OK,True,520000,0.32,0,8.248669927223737e-16,Standard / Value,False,27.680000000000003
14997,France,Food & Refreshment,13.4,8,Premium,55,20.77,54.999999999999986,OK,False,430000,0.29,0,8.024217092590475e-16,Standard / Value,True,54.70999999999999
14998,Germany,Home Care,10.65,4,Standard,25,13.3125,25.0,OK,False,460000,0.31,1,0.999990952514284,Strong Premium,True,24.69
14999,France,Home Care,3.42,6,Standard,25,4.275,25.00000000000002,OK,True,430000,0.29,0,8.024217092590475e-16,Standard / Value,False,24.710000000000022
15000,Spain,Personal Care,6.73,3,Value,15,7.7395,14.999999999999991,OK,False,410000,0.3,0,3.6196737287189683e-19,Standard / Value,True,14.69999999999999
